catalogue_version,misconception_id,home_subtopic_id,home_subtopic_code,question_bank_scope,first_external_id,use_count,subtopic_codes_seen,family,name_fa,statement_fa,diagnostic_interpretation_fa,distractor_authoring_hint_fa,priority,status,empirical_commonness,evidence_examples,source_ref
question-bank-misconception-compatibility-v1.0.0,0657ea3a-7ab6-5ec2-b554-f47fd80b6e73,7f509143-7930-4646-bf90-37ce52cf935d,L10-S01,B042-B081,GMP-FULL-B042-Q001,53,L10-S01,QUESTION_BANK_COMPATIBILITY,شناسهٔ تشخیصی سازگاری بانک سؤال — L10-S01,این شناسه برای حفظ نگاشت تشخیصی distractorهای موجود در بانک سؤال B042–B081 ثبت شده است و جایگزین یا توسعهٔ taxonomy رسمی Stage7 نیست.,انتخاب این distractor باید با توضیح همان گزینه و context سؤال تفسیر شود؛ برای authoring جدید باید از شناسه‌های canonical Stage7 استفاده شود.,فقط برای سازگاری داده‌های موجود است؛ برای تولید سؤال جدید استفاده نشود.,COMPATIBILITY,CANDIDATE_PREDEPLOY_CONTENT_REVIEW,NOT_YET_OBSERVED__STAGE27_CALIBRATION,Incorrect : Le nom de ville « Paris » s’emploie normalement sans article. || Incorrect : Ajouter un article devant ce nom de ville régularise à tort son emploi. || Incorrect : L’élision d’un article n’est pas attendue : le nom de ville reste sans article.,Question Bank B042-B081 static-authoring artifacts; runtime FK compatibility bridge; Stage23 not executed.
question-bank-misconception-compatibility-v1.0.0,481bc2c0-9438-56ce-af53-ab21a1d912b0,e92221b8-33aa-4278-a380-ba4c39503dbc,L10-S02,B042-B081,GMP-FULL-B042-Q002,44,L10-S02,QUESTION_BANK_COMPATIBILITY,شناسهٔ تشخیصی سازگاری بانک سؤال — L10-S02,این شناسه برای حفظ نگاشت تشخیصی distractorهای موجود در بانک سؤال B042–B081 ثبت شده است و جایگزین یا توسعهٔ taxonomy رسمی Stage7 نیست.,انتخاب این distractor باید با توضیح همان گزینه و context سؤال تفسیر شود؛ برای authoring جدید باید از شناسه‌های canonical Stage7 استفاده شود.,فقط برای سازگاری داده‌های موجود است؛ برای تولید سؤال جدید استفاده نشود.,COMPATIBILITY,CANDIDATE_PREDEPLOY_CONTENT_REVIEW,NOT_YET_OBSERVED__STAGE27_CALIBRATION,"Incorrect : « à » est le choix de base pour une ville, alors qu’ici le complément est un pays féminin. || Incorrect : « en » serait attendu pour certains pays, pas pour une ville ordinaire. || Incorrect : « au » correspond à un type de pays, alors que Lyon est une ville.",Question Bank B042-B081 static-authoring artifacts; runtime FK compatibility bridge; Stage23 not executed.
question-bank-misconception-compatibility-v1.0.0,be01ed44-71bb-5318-9a8b-79d2884553ef,e92221b8-33aa-4278-a380-ba4c39503dbc,L10-S02,B042-B081,GMP-FULL-B042-Q002,60,L10-S02,QUESTION_BANK_COMPATIBILITY,شناسهٔ تشخیصی سازگاری بانک سؤال — L10-S02,این شناسه برای حفظ نگاشت تشخیصی distractorهای موجود در بانک سؤال B042–B081 ثبت شده است و جایگزین یا توسعهٔ taxonomy رسمی Stage7 نیست.,انتخاب این distractor باید با توضیح همان گزینه و context سؤال تفسیر شود؛ برای authoring جدید باید از شناسه‌های canonical Stage7 استفاده شود.,فقط برای سازگاری داده‌های موجود است؛ برای تولید سؤال جدید استفاده نشود.,COMPATIBILITY,CANDIDATE_PREDEPLOY_CONTENT_REVIEW,NOT_YET_OBSERVED__STAGE27_CALIBRATION,"Incorrect : « au » s’emploie avec un pays masculin dans le schéma de la leçon, pas avec la France. || Incorrect : « aux » correspond à un pays au pluriel. || Incorrect : « aux » correspond au pluriel.",Question Bank B042-B081 static-authoring artifacts; runtime FK compatibility bridge; Stage23 not executed.
question-bank-misconception-compatibility-v1.0.0,42ef4f6e-88f9-53ba-97d2-4a5a87feb773,5f70451b-f7fb-4f03-85f3-1c5ee59fbc3d,L10-S03,B042-B081,GMP-FULL-B042-Q003,31,L10-S03,QUESTION_BANK_COMPATIBILITY,شناسهٔ تشخیصی سازگاری بانک سؤال — L10-S03,این شناسه برای حفظ نگاشت تشخیصی distractorهای موجود در بانک سؤال B042–B081 ثبت شده است و جایگزین یا توسعهٔ taxonomy رسمی Stage7 نیست.,انتخاب این distractor باید با توضیح همان گزینه و context سؤال تفسیر شود؛ برای authoring جدید باید از شناسه‌های canonical Stage7 استفاده شود.,فقط برای سازگاری داده‌های موجود است؛ برای تولید سؤال جدید استفاده نشود.,COMPATIBILITY,CANDIDATE_PREDEPLOY_CONTENT_REVIEW,NOT_YET_OBSERVED__STAGE27_CALIBRATION,"Incorrect : « sous » exprime une position inférieure et change la relation spatiale. || Incorrect : « sous » exprimerait une position matérielle inférieure, pas la présence d’une annonce dans un journal. || Incorrect : « sous » exprime une relation spatiale inférieure, sans rapport avec le support numérique.",Question Bank B042-B081 static-authoring artifacts; runtime FK compatibility bridge; Stage23 not executed.
question-bank-misconception-compatibility-v1.0.0,467c5322-a2ba-50b8-9c2f-b595ada732ca,5f70451b-f7fb-4f03-85f3-1c5ee59fbc3d,L10-S03,B042-B081,GMP-FULL-B042-Q003,44,L10-S03,QUESTION_BANK_COMPATIBILITY,شناسهٔ تشخیصی سازگاری بانک سؤال — L10-S03,این شناسه برای حفظ نگاشت تشخیصی distractorهای موجود در بانک سؤال B042–B081 ثبت شده است و جایگزین یا توسعهٔ taxonomy رسمی Stage7 نیست.,انتخاب این distractor باید با توضیح همان گزینه و context سؤال تفسیر شود؛ برای authoring جدید باید از شناسه‌های canonical Stage7 استفاده شود.,فقط برای سازگاری داده‌های موجود است؛ برای تولید سؤال جدید استفاده نشود.,COMPATIBILITY,CANDIDATE_PREDEPLOY_CONTENT_REVIEW,NOT_YET_OBSERVED__STAGE27_CALIBRATION,"Incorrect : La combinaison enseignée est « dans un fauteuil », pas « sur un fauteuil ». || Incorrect : Cette combinaison fixe ne se construit pas avec « à ». || Incorrect : La leçon donne « dans le journal » pour ce support.",Question Bank B042-B081 static-authoring artifacts; runtime FK compatibility bridge; Stage23 not executed.
question-bank-misconception-compatibility-v1.0.0,56a45ed8-2e3c-5126-a25c-e98547106849,9a0d317d-69fe-48cb-a587-46d053de2165,L10-S04,B042-B081,GMP-FULL-B042-Q005,33,L10-S04,QUESTION_BANK_COMPATIBILITY,شناسهٔ تشخیصی سازگاری بانک سؤال — L10-S04,این شناسه برای حفظ نگاشت تشخیصی distractorهای موجود در بانک سؤال B042–B081 ثبت شده است و جایگزین یا توسعهٔ taxonomy رسمی Stage7 نیست.,انتخاب این distractor باید با توضیح همان گزینه و context سؤال تفسیر شود؛ برای authoring جدید باید از شناسه‌های canonical Stage7 استفاده شود.,فقط برای سازگاری داده‌های موجود است؛ برای تولید سؤال جدید استفاده نشود.,COMPATIBILITY,CANDIDATE_PREDEPLOY_CONTENT_REVIEW,NOT_YET_OBSERVED__STAGE27_CALIBRATION,"Incorrect : « dessus » est une forme adverbiale et ne peut pas introduire directement le complément « la table » ici. || Incorrect : Avec le complément « la porte », la forme prépositionnelle complète est nécessaire. || Incorrect : « dans » est une préposition qui demanderait ici un complément.",Question Bank B042-B081 static-authoring artifacts; runtime FK compatibility bridge; Stage23 not executed.
question-bank-misconception-compatibility-v1.0.0,6d173468-fd63-538b-8ac5-39ce6e549762,9a0d317d-69fe-48cb-a587-46d053de2165,L10-S04,B042-B081,GMP-FULL-B042-Q005,48,L10-S04,QUESTION_BANK_COMPATIBILITY,شناسهٔ تشخیصی سازگاری بانک سؤال — L10-S04,این شناسه برای حفظ نگاشت تشخیصی distractorهای موجود در بانک سؤال B042–B081 ثبت شده است و جایگزین یا توسعهٔ taxonomy رسمی Stage7 نیست.,انتخاب این distractor باید با توضیح همان گزینه و context سؤال تفسیر شود؛ برای authoring جدید باید از شناسه‌های canonical Stage7 استفاده شود.,فقط برای سازگاری داده‌های موجود است؛ برای تولید سؤال جدید استفاده نشود.,COMPATIBILITY,CANDIDATE_PREDEPLOY_CONTENT_REVIEW,NOT_YET_OBSERVED__STAGE27_CALIBRATION,"Incorrect : « dehors » oppose intérieur/extérieur et ne décrit pas une relation verticale. || Incorrect : Cette forme exprime l’extérieur, pas une relation verticale. || Incorrect : « dessous » décrit une position verticale basse, pas l’intérieur.",Question Bank B042-B081 static-authoring artifacts; runtime FK compatibility bridge; Stage23 not executed.
question-bank-misconception-compatibility-v1.0.0,ce3f76fb-8c2a-5652-9d94-68ed9c9b1570,9a0d317d-69fe-48cb-a587-46d053de2165,L10-S04,B042-B081,GMP-FULL-B042-Q005,41,L10-S04,QUESTION_BANK_COMPATIBILITY,شناسهٔ تشخیصی سازگاری بانک سؤال — L10-S04,این شناسه برای حفظ نگاشت تشخیصی distractorهای موجود در بانک سؤال B042–B081 ثبت شده است و جایگزین یا توسعهٔ taxonomy رسمی Stage7 نیست.,انتخاب این distractor باید با توضیح همان گزینه و context سؤال تفسیر شود؛ برای authoring جدید باید از شناسه‌های canonical Stage7 استفاده شود.,فقط برای سازگاری داده‌های موجود است؛ برای تولید سؤال جدید استفاده نشود.,COMPATIBILITY,CANDIDATE_PREDEPLOY_CONTENT_REVIEW,NOT_YET_OBSERVED__STAGE27_CALIBRATION,Incorrect : Cette option inverse la relation verticale décrite. || Incorrect : Cette option inverse les positions indiquées par les étages. || Incorrect : La première relation verticale contredit l’indication que le cadre est plus haut.,Question Bank B042-B081 static-authoring artifacts; runtime FK compatibility bridge; Stage23 not executed.
question-bank-misconception-compatibility-v1.0.0,12cd4b7c-55e1-5eb0-a0af-5ac52889baf0,7579d8b6-2928-4465-8cbd-6d0b4f7ca84a,L10-S05,B042-B081,GMP-FULL-B042-Q006,56,L10-S04;L10-S05,QUESTION_BANK_COMPATIBILITY,شناسهٔ تشخیصی سازگاری بانک سؤال — L10-S05,این شناسه برای حفظ نگاشت تشخیصی distractorهای موجود در بانک سؤال B042–B081 ثبت شده است و جایگزین یا توسعهٔ taxonomy رسمی Stage7 نیست.,انتخاب این distractor باید با توضیح همان گزینه و context سؤال تفسیر شود؛ برای authoring جدید باید از شناسه‌های canonical Stage7 استفاده شود.,فقط برای سازگاری داده‌های موجود است؛ برای تولید سؤال جدید استفاده نشود.,COMPATIBILITY,CANDIDATE_PREDEPLOY_CONTENT_REVIEW,NOT_YET_OBSERVED__STAGE27_CALIBRATION,"Incorrect : Quatre kilomètres dans ce contexte contredit l’idée de proximité exprimée par « près de ». || Incorrect : La cour commune indique une proximité immédiate, pas une grande distance. || Incorrect : Cinq minutes à pied indiquent une proximité, pas une grande distance.",Question Bank B042-B081 static-authoring artifacts; runtime FK compatibility bridge; Stage23 not executed.
question-bank-misconception-compatibility-v1.0.0,83d38732-3517-5fee-baf6-e39e35e3e10f,7579d8b6-2928-4465-8cbd-6d0b4f7ca84a,L10-S05,B042-B081,GMP-FULL-B042-Q006,40,L10-S05,QUESTION_BANK_COMPATIBILITY,شناسهٔ تشخیصی سازگاری بانک سؤال — L10-S05,این شناسه برای حفظ نگاشت تشخیصی distractorهای موجود در بانک سؤال B042–B081 ثبت شده است و جایگزین یا توسعهٔ taxonomy رسمی Stage7 نیست.,انتخاب این distractor باید با توضیح همان گزینه و context سؤال تفسیر شود؛ برای authoring جدید باید از شناسه‌های canonical Stage7 استفاده شود.,فقط برای سازگاری داده‌های موجود است؛ برای تولید سؤال جدید استفاده نشود.,COMPATIBILITY,CANDIDATE_PREDEPLOY_CONTENT_REVIEW,NOT_YET_OBSERVED__STAGE27_CALIBRATION,"Incorrect : Avec un complément nominal, « loin » doit être suivi de « de ». || Incorrect : Avec le complément « la clinique », « près » doit être suivi de « de ». || Incorrect : La forme est incomplète devant un complément et le sens contredit le contexte.",Question Bank B042-B081 static-authoring artifacts; runtime FK compatibility bridge; Stage23 not executed.
question-bank-misconception-compatibility-v1.0.0,b858ea10-7591-56c2-82da-fff638df3c50,7579d8b6-2928-4465-8cbd-6d0b4f7ca84a,L10-S05,B042-B081,GMP-FULL-B042-Q006,28,L10-S05,QUESTION_BANK_COMPATIBILITY,شناسهٔ تشخیصی سازگاری بانک سؤال — L10-S05,این شناسه برای حفظ نگاشت تشخیصی distractorهای موجود در بانک سؤال B042–B081 ثبت شده است و جایگزین یا توسعهٔ taxonomy رسمی Stage7 نیست.,انتخاب این distractor باید با توضیح همان گزینه و context سؤال تفسیر شود؛ برای authoring جدید باید از شناسه‌های canonical Stage7 استفاده شود.,فقط برای سازگاری داده‌های موجود است؛ برای تولید سؤال جدید استفاده نشود.,COMPATIBILITY,CANDIDATE_PREDEPLOY_CONTENT_REVIEW,NOT_YET_OBSERVED__STAGE27_CALIBRATION,"Incorrect : « à côté de » indique une proximité immédiate, incompatible avec la distance donnée. || Incorrect : Le contexte exclut précisément la proximité immédiate d’un bâtiment voisin. || Incorrect : À 90 mètres, « près de » est cohérent ; à 4,8 kilomètres, « loin de » l’est aussi.",Question Bank B042-B081 static-authoring artifacts; runtime FK compatibility bridge; Stage23 not executed.
question-bank-misconception-compatibility-v1.0.0,0a789afb-97df-5312-a22c-89213fe454c5,7f509143-7930-4646-bf90-37ce52cf935d,L10-S01,B042-B081,GMP-FULL-B042-Q008,51,L10-S01,QUESTION_BANK_COMPATIBILITY,شناسهٔ تشخیصی سازگاری بانک سؤال — L10-S01,این شناسه برای حفظ نگاشت تشخیصی distractorهای موجود در بانک سؤال B042–B081 ثبت شده است و جایگزین یا توسعهٔ taxonomy رسمی Stage7 نیست.,انتخاب این distractor باید با توضیح همان گزینه و context سؤال تفسیر شود؛ برای authoring جدید باید از شناسه‌های canonical Stage7 استفاده شود.,فقط برای سازگاری داده‌های موجود است؛ برای تولید سؤال جدید استفاده نشود.,COMPATIBILITY,CANDIDATE_PREDEPLOY_CONTENT_REVIEW,NOT_YET_OBSERVED__STAGE27_CALIBRATION,"Incorrect : La leçon distingue les villes souvent sans article des pays qui se présentent généralement avec leur article. || Incorrect : L’article ne correspond pas au genre du nom « France ». || Incorrect : Le référent est singulier, pas pluriel.",Question Bank B042-B081 static-authoring artifacts; runtime FK compatibility bridge; Stage23 not executed.
question-bank-misconception-compatibility-v1.0.0,972d52e9-842f-533b-83a9-7cf984d80baf,e92221b8-33aa-4278-a380-ba4c39503dbc,L10-S02,B042-B081,GMP-FULL-B042-Q010,19,L10-S02,QUESTION_BANK_COMPATIBILITY,شناسهٔ تشخیصی سازگاری بانک سؤال — L10-S02,این شناسه برای حفظ نگاشت تشخیصی distractorهای موجود در بانک سؤال B042–B081 ثبت شده است و جایگزین یا توسعهٔ taxonomy رسمی Stage7 نیست.,انتخاب این distractor باید با توضیح همان گزینه و context سؤال تفسیر شود؛ برای authoring جدید باید از شناسه‌های canonical Stage7 استفاده شود.,فقط برای سازگاری داده‌های موجود است؛ برای تولید سؤال جدید استفاده نشود.,COMPATIBILITY,CANDIDATE_PREDEPLOY_CONTENT_REVIEW,NOT_YET_OBSERVED__STAGE27_CALIBRATION,Incorrect : La règle de la leçon fait employer « en » devant un pays singulier commençant par une voyelle. || Incorrect : Le nom propre de personne n’est pas en cause. || Incorrect : Le nom du pays est correct ; c’est la préposition qui doit changer.,Question Bank B042-B081 static-authoring artifacts; runtime FK compatibility bridge; Stage23 not executed.
question-bank-misconception-compatibility-v1.0.0,0538507f-9f74-5108-9a03-d227500544be,5f70451b-f7fb-4f03-85f3-1c5ee59fbc3d,L10-S03,B042-B081,GMP-FULL-B042-Q011,50,L10-S03,QUESTION_BANK_COMPATIBILITY,شناسهٔ تشخیصی سازگاری بانک سؤال — L10-S03,این شناسه برای حفظ نگاشت تشخیصی distractorهای موجود در بانک سؤال B042–B081 ثبت شده است و جایگزین یا توسعهٔ taxonomy رسمی Stage7 نیست.,انتخاب این distractor باید با توضیح همان گزینه و context سؤال تفسیر شود؛ برای authoring جدید باید از شناسه‌های canonical Stage7 استفاده شود.,فقط برای سازگاری داده‌های موجود است؛ برای تولید سؤال جدید استفاده نشود.,COMPATIBILITY,CANDIDATE_PREDEPLOY_CONTENT_REVIEW,NOT_YET_OBSERVED__STAGE27_CALIBRATION,"Incorrect : La leçon donne la combinaison fixe « sur Internet ». || Incorrect : « à Internet » n’est pas la combinaison enseignée. || Incorrect : Pour ce média, la leçon retient « à la radio ».",Question Bank B042-B081 static-authoring artifacts; runtime FK compatibility bridge; Stage23 not executed.
question-bank-misconception-compatibility-v1.0.0,f9ab2a64-6ed7-5f34-a14b-b27502747ea3,7f509143-7930-4646-bf90-37ce52cf935d,L10-S01,B042-B081,GMP-FULL-B042-Q045,23,L10-S01;L10-S03,QUESTION_BANK_COMPATIBILITY,شناسهٔ تشخیصی سازگاری بانک سؤال — L10-S01,این شناسه برای حفظ نگاشت تشخیصی distractorهای موجود در بانک سؤال B042–B081 ثبت شده است و جایگزین یا توسعهٔ taxonomy رسمی Stage7 نیست.,انتخاب این distractor باید با توضیح همان گزینه و context سؤال تفسیر شود؛ برای authoring جدید باید از شناسه‌های canonical Stage7 استفاده شود.,فقط برای سازگاری داده‌های موجود است؛ برای تولید سؤال جدید استفاده نشود.,COMPATIBILITY,CANDIDATE_PREDEPLOY_CONTENT_REVIEW,NOT_YET_OBSERVED__STAGE27_CALIBRATION,Incorrect : La leçon signale au contraire des articles avec les pays et même quelques exceptions parmi les villes. || نادرست: از یک نکتهٔ محدود، قاعدهٔ «همیشه بدون حرف تعریف» ساخته شده است. || Incorrect : la leçon fournit des contre-exemples aux deux généralisations.,Question Bank B042-B081 static-authoring artifacts; runtime FK compatibility bridge; Stage23 not executed.
question-bank-misconception-compatibility-v1.0.0,93cb014a-ad34-53cb-b6cf-8107327fc554,f02cdde5-524e-4d25-ae5c-c1c508cc5499,L11-S01,B042-B081,GMP-FULL-B047-Q001,19,L11-S01,QUESTION_BANK_COMPATIBILITY,شناسهٔ تشخیصی سازگاری بانک سؤال — L11-S01,این شناسه برای حفظ نگاشت تشخیصی distractorهای موجود در بانک سؤال B042–B081 ثبت شده است و جایگزین یا توسعهٔ taxonomy رسمی Stage7 نیست.,انتخاب این distractor باید با توضیح همان گزینه و context سؤال تفسیر شود؛ برای authoring جدید باید از شناسه‌های canonical Stage7 استفاده شود.,فقط برای سازگاری داده‌های موجود است؛ برای تولید سؤال جدید استفاده نشود.,COMPATIBILITY,CANDIDATE_PREDEPLOY_CONTENT_REVIEW,NOT_YET_OBSERVED__STAGE27_CALIBRATION,"« ont » correspond à « ils/elles », pas à « vous ». || « vous avez » est correct. || Le sujet pluriel « ils » est correct.",Question Bank B042-B081 static-authoring artifacts; runtime FK compatibility bridge; Stage23 not executed.
question-bank-misconception-compatibility-v1.0.0,abb68123-fe43-5448-abef-932f96b84efa,f02cdde5-524e-4d25-ae5c-c1c508cc5499,L11-S01,B042-B081,GMP-FULL-B047-Q001,21,L11-S01,QUESTION_BANK_COMPATIBILITY,شناسهٔ تشخیصی سازگاری بانک سؤال — L11-S01,این شناسه برای حفظ نگاشت تشخیصی distractorهای موجود در بانک سؤال B042–B081 ثبت شده است و جایگزین یا توسعهٔ taxonomy رسمی Stage7 نیست.,انتخاب این distractor باید با توضیح همان گزینه و context سؤال تفسیر شود؛ برای authoring جدید باید از شناسه‌های canonical Stage7 استفاده شود.,فقط برای سازگاری داده‌های موجود است؛ برای تولید سؤال جدید استفاده نشود.,COMPATIBILITY,CANDIDATE_PREDEPLOY_CONTENT_REVIEW,NOT_YET_OBSERVED__STAGE27_CALIBRATION,"« avons » correspond à « nous », pas à « vous ». || « as » correspond à « tu », pas à « vous ». || « j’ai » est correct avec « je ».",Question Bank B042-B081 static-authoring artifacts; runtime FK compatibility bridge; Stage23 not executed.
question-bank-misconception-compatibility-v1.0.0,2ccc8b0a-1850-5685-b068-75ef50fa1b1c,ba5c0ee7-791f-4e68-8eae-b280aa06fbd0,L11-S02,B042-B081,GMP-FULL-B047-Q002,19,L11-S02,QUESTION_BANK_COMPATIBILITY,شناسهٔ تشخیصی سازگاری بانک سؤال — L11-S02,این شناسه برای حفظ نگاشت تشخیصی distractorهای موجود در بانک سؤال B042–B081 ثبت شده است و جایگزین یا توسعهٔ taxonomy رسمی Stage7 نیست.,انتخاب این distractor باید با توضیح همان گزینه و context سؤال تفسیر شود؛ برای authoring جدید باید از شناسه‌های canonical Stage7 استفاده شود.,فقط برای سازگاری داده‌های موجود است؛ برای تولید سؤال جدید استفاده نشود.,COMPATIBILITY,CANDIDATE_PREDEPLOY_CONTENT_REVIEW,NOT_YET_OBSERVED__STAGE27_CALIBRATION,"« as » convient avec « tu », pas avec « mon neveu ». || « avoir » est le verbe attendu pour l’âge. || Le groupe d’âge est correct ; c’est le verbe qui doit changer.",Question Bank B042-B081 static-authoring artifacts; runtime FK compatibility bridge; Stage23 not executed.
question-bank-misconception-compatibility-v1.0.0,bf0797a0-9895-50ea-84ec-149e42d29f97,ba5c0ee7-791f-4e68-8eae-b280aa06fbd0,L11-S02,B042-B081,GMP-FULL-B047-Q002,19,L11-S02,QUESTION_BANK_COMPATIBILITY,شناسهٔ تشخیصی سازگاری بانک سؤال — L11-S02,این شناسه برای حفظ نگاشت تشخیصی distractorهای موجود در بانک سؤال B042–B081 ثبت شده است و جایگزین یا توسعهٔ taxonomy رسمی Stage7 نیست.,انتخاب این distractor باید با توضیح همان گزینه و context سؤال تفسیر شود؛ برای authoring جدید باید از شناسه‌های canonical Stage7 استفاده شود.,فقط برای سازگاری داده‌های موجود است؛ برای تولید سؤال جدید استفاده نشود.,COMPATIBILITY,CANDIDATE_PREDEPLOY_CONTENT_REVIEW,NOT_YET_OBSERVED__STAGE27_CALIBRATION,"En français, l’âge se construit avec « avoir », pas avec « être ». || L’âge se construit correctement avec « avoir ». || L’adjectif « jeune » convient avec « être ».",Question Bank B042-B081 static-authoring artifacts; runtime FK compatibility bridge; Stage23 not executed.
question-bank-misconception-compatibility-v1.0.0,c903f03c-3c18-5e77-ab69-7f709b10df72,ba5c0ee7-791f-4e68-8eae-b280aa06fbd0,L11-S02,B042-B081,GMP-FULL-B047-Q002,19,L11-S02,QUESTION_BANK_COMPATIBILITY,شناسهٔ تشخیصی سازگاری بانک سؤال — L11-S02,این شناسه برای حفظ نگاشت تشخیصی distractorهای موجود در بانک سؤال B042–B081 ثبت شده است و جایگزین یا توسعهٔ taxonomy رسمی Stage7 نیست.,انتخاب این distractor باید با توضیح همان گزینه و context سؤال تفسیر شود؛ برای authoring جدید باید از شناسه‌های canonical Stage7 استفاده شود.,فقط برای سازگاری داده‌های موجود است؛ برای تولید سؤال جدید استفاده نشود.,COMPATIBILITY,CANDIDATE_PREDEPLOY_CONTENT_REVIEW,NOT_YET_OBSERVED__STAGE27_CALIBRATION,« ont » convient avec un sujet pluriel. || Le sujet pluriel est correctement suivi de « ont ». || « Il est jeune » est correct : « être » introduit ici un adjectif.,Question Bank B042-B081 static-authoring artifacts; runtime FK compatibility bridge; Stage23 not executed.
question-bank-misconception-compatibility-v1.0.0,1347d3f1-debd-5185-9c62-9ea91964fce9,c0efa701-3565-4361-8c0a-725c466f0635,L11-S03,B042-B081,GMP-FULL-B047-Q003,19,L11-S03,QUESTION_BANK_COMPATIBILITY,شناسهٔ تشخیصی سازگاری بانک سؤال — L11-S03,این شناسه برای حفظ نگاشت تشخیصی distractorهای موجود در بانک سؤال B042–B081 ثبت شده است و جایگزین یا توسعهٔ taxonomy رسمی Stage7 نیست.,انتخاب این distractor باید با توضیح همان گزینه و context سؤال تفسیر شود؛ برای authoring جدید باید از شناسه‌های canonical Stage7 استفاده شود.,فقط برای سازگاری داده‌های موجود است؛ برای تولید سؤال جدید استفاده نشود.,COMPATIBILITY,CANDIDATE_PREDEPLOY_CONTENT_REVIEW,NOT_YET_OBSERVED__STAGE27_CALIBRATION,"« a » est singulier alors que le sujet est « ils ». || Avec « besoin », la leçon donne « vraiment besoin de ». || « ont » correspond à « ils/elles ».",Question Bank B042-B081 static-authoring artifacts; runtime FK compatibility bridge; Stage23 not executed.
question-bank-misconception-compatibility-v1.0.0,ba69b7e5-f23a-5b38-9f7c-cfc94aedebef,c0efa701-3565-4361-8c0a-725c466f0635,L11-S03,B042-B081,GMP-FULL-B047-Q003,19,L11-S03,QUESTION_BANK_COMPATIBILITY,شناسهٔ تشخیصی سازگاری بانک سؤال — L11-S03,این شناسه برای حفظ نگاشت تشخیصی distractorهای موجود در بانک سؤال B042–B081 ثبت شده است و جایگزین یا توسعهٔ taxonomy رسمی Stage7 نیست.,انتخاب این distractor باید با توضیح همان گزینه و context سؤال تفسیر شود؛ برای authoring جدید باید از شناسه‌های canonical Stage7 استفاده شود.,فقط برای سازگاری داده‌های موجود است؛ برای تولید سؤال جدید استفاده نشود.,COMPATIBILITY,CANDIDATE_PREDEPLOY_CONTENT_REVIEW,NOT_YET_OBSERVED__STAGE27_CALIBRATION,« avons » correspond à « nous ». || « avoir mal au dos » est une expression correcte donnée dans la leçon. || « avez » correspond à « vous ».,Question Bank B042-B081 static-authoring artifacts; runtime FK compatibility bridge; Stage23 not executed.
question-bank-misconception-compatibility-v1.0.0,fc8236c0-2494-540f-a668-f91159a74391,c0efa701-3565-4361-8c0a-725c466f0635,L11-S03,B042-B081,GMP-FULL-B047-Q003,19,L11-S03,QUESTION_BANK_COMPATIBILITY,شناسهٔ تشخیصی سازگاری بانک سؤال — L11-S03,این شناسه برای حفظ نگاشت تشخیصی distractorهای موجود در بانک سؤال B042–B081 ثبت شده است و جایگزین یا توسعهٔ taxonomy رسمی Stage7 نیست.,انتخاب این distractor باید با توضیح همان گزینه و context سؤال تفسیر شود؛ برای authoring جدید باید از شناسه‌های canonical Stage7 استفاده شود.,فقط برای سازگاری داده‌های موجود است؛ برای تولید سؤال جدید استفاده نشود.,COMPATIBILITY,CANDIDATE_PREDEPLOY_CONTENT_REVIEW,NOT_YET_OBSERVED__STAGE27_CALIBRATION,"La sensation « faim » se construit avec « avoir », non avec « être ». || La leçon emploie « très » pour intensifier ces sensations. || « sommes » appartient à « être », alors que « faim » se construit ici avec « avoir ».",Question Bank B042-B081 static-authoring artifacts; runtime FK compatibility bridge; Stage23 not executed.
question-bank-misconception-compatibility-v1.0.0,58aede27-3c97-570c-b658-a2e17ac601cb,224a9f05-eed1-4723-9c9b-c985ec49398e,L11-S04,B042-B081,GMP-FULL-B047-Q004,19,L11-S04,QUESTION_BANK_COMPATIBILITY,شناسهٔ تشخیصی سازگاری بانک سؤال — L11-S04,این شناسه برای حفظ نگاشت تشخیصی distractorهای موجود در بانک سؤال B042–B081 ثبت شده است و جایگزین یا توسعهٔ taxonomy رسمی Stage7 نیست.,انتخاب این distractor باید با توضیح همان گزینه و context سؤال تفسیر شود؛ برای authoring جدید باید از شناسه‌های canonical Stage7 استفاده شود.,فقط برای سازگاری داده‌های موجود است؛ برای تولید سؤال جدید استفاده نشود.,COMPATIBILITY,CANDIDATE_PREDEPLOY_CONTENT_REVIEW,NOT_YET_OBSERVED__STAGE27_CALIBRATION,Le modèle de la leçon emploie l’article défini pour une caractéristique physique : « les yeux ». || La caractéristique physique avec nom puis adjectif prend ici l’article défini. || La description de cette caractéristique suit le modèle « avoir + les yeux… ».,Question Bank B042-B081 static-authoring artifacts; runtime FK compatibility bridge; Stage23 not executed.
question-bank-misconception-compatibility-v1.0.0,98bbb9f3-40fa-5ac5-9105-d10a1c1a3a8f,224a9f05-eed1-4723-9c9b-c985ec49398e,L11-S04,B042-B081,GMP-FULL-B047-Q004,19,L11-S04,QUESTION_BANK_COMPATIBILITY,شناسهٔ تشخیصی سازگاری بانک سؤال — L11-S04,این شناسه برای حفظ نگاشت تشخیصی distractorهای موجود در بانک سؤال B042–B081 ثبت شده است و جایگزین یا توسعهٔ taxonomy رسمی Stage7 نیست.,انتخاب این distractor باید با توضیح همان گزینه و context سؤال تفسیر شود؛ برای authoring جدید باید از شناسه‌های canonical Stage7 استفاده شود.,فقط برای سازگاری داده‌های موجود است؛ برای تولید سؤال جدید استفاده نشود.,COMPATIBILITY,CANDIDATE_PREDEPLOY_CONTENT_REVIEW,NOT_YET_OBSERVED__STAGE27_CALIBRATION,"« un » est singulier et ne peut pas introduire « yeux ». || Quand l’adjectif précède le nom, la leçon emploie un article indéfini. || « ont » correspond à « ils/elles ».",Question Bank B042-B081 static-authoring artifacts; runtime FK compatibility bridge; Stage23 not executed.
question-bank-misconception-compatibility-v1.0.0,a2f471de-c694-576a-bdf1-62a9248da772,224a9f05-eed1-4723-9c9b-c985ec49398e,L11-S04,B042-B081,GMP-FULL-B047-Q004,19,L11-S04,QUESTION_BANK_COMPATIBILITY,شناسهٔ تشخیصی سازگاری بانک سؤال — L11-S04,این شناسه برای حفظ نگاشت تشخیصی distractorهای موجود در بانک سؤال B042–B081 ثبت شده است و جایگزین یا توسعهٔ taxonomy رسمی Stage7 نیست.,انتخاب این distractor باید با توضیح همان گزینه و context سؤال تفسیر شود؛ برای authoring جدید باید از شناسه‌های canonical Stage7 استفاده شود.,فقط برای سازگاری داده‌های موجود است؛ برای تولید سؤال جدید استفاده نشود.,COMPATIBILITY,CANDIDATE_PREDEPLOY_CONTENT_REVIEW,NOT_YET_OBSERVED__STAGE27_CALIBRATION,« yeux » est pluriel ; « la » ne convient pas. || C’est le modèle donné dans la leçon. || « avons » correspond à « nous ».,Question Bank B042-B081 static-authoring artifacts; runtime FK compatibility bridge; Stage23 not executed.
question-bank-misconception-compatibility-v1.0.0,94f9acf1-6605-5221-880d-1eac731a773c,b8c73313-81f9-459c-84cd-96f8df05f750,L11-S05,B042-B081,GMP-FULL-B047-Q005,18,L11-S05,QUESTION_BANK_COMPATIBILITY,شناسهٔ تشخیصی سازگاری بانک سؤال — L11-S05,این شناسه برای حفظ نگاشت تشخیصی distractorهای موجود در بانک سؤال B042–B081 ثبت شده است و جایگزین یا توسعهٔ taxonomy رسمی Stage7 نیست.,انتخاب این distractor باید با توضیح همان گزینه و context سؤال تفسیر شود؛ برای authoring جدید باید از شناسه‌های canonical Stage7 استفاده شود.,فقط برای سازگاری داده‌های موجود است؛ برای تولید سؤال جدید استفاده نشود.,COMPATIBILITY,CANDIDATE_PREDEPLOY_CONTENT_REVIEW,NOT_YET_OBSERVED__STAGE27_CALIBRATION,"« en » ne complète pas la locution « avoir du mal ». || La conjugaison « vous avez » est correcte. || Le sujet est pluriel, donc « a » ne convient pas.",Question Bank B042-B081 static-authoring artifacts; runtime FK compatibility bridge; Stage23 not executed.
question-bank-misconception-compatibility-v1.0.0,afbcbd96-9daa-5538-a465-9399e1f92a48,b8c73313-81f9-459c-84cd-96f8df05f750,L11-S05,B042-B081,GMP-FULL-B047-Q005,18,L11-S05,QUESTION_BANK_COMPATIBILITY,شناسهٔ تشخیصی سازگاری بانک سؤال — L11-S05,این شناسه برای حفظ نگاشت تشخیصی distractorهای موجود در بانک سؤال B042–B081 ثبت شده است و جایگزین یا توسعهٔ taxonomy رسمی Stage7 نیست.,انتخاب این distractor باید با توضیح همان گزینه و context سؤال تفسیر شود؛ برای authoring جدید باید از شناسه‌های canonical Stage7 استفاده شود.,فقط برای سازگاری داده‌های موجود است؛ برای تولید سؤال جدید استفاده نشود.,COMPATIBILITY,CANDIDATE_PREDEPLOY_CONTENT_REVIEW,NOT_YET_OBSERVED__STAGE27_CALIBRATION,« pour » ne fait pas partie de cette locution fixe. || Le nom de la locution est correct. || « avons » correspond à « nous ».,Question Bank B042-B081 static-authoring artifacts; runtime FK compatibility bridge; Stage23 not executed.
question-bank-misconception-compatibility-v1.0.0,d4718199-04df-52ba-8f92-0f06b1c1b355,b8c73313-81f9-459c-84cd-96f8df05f750,L11-S05,B042-B081,GMP-FULL-B047-Q005,18,L11-S05,QUESTION_BANK_COMPATIBILITY,شناسهٔ تشخیصی سازگاری بانک سؤال — L11-S05,این شناسه برای حفظ نگاشت تشخیصی distractorهای موجود در بانک سؤال B042–B081 ثبت شده است و جایگزین یا توسعهٔ taxonomy رسمی Stage7 نیست.,انتخاب این distractor باید با توضیح همان گزینه و context سؤال تفسیر شود؛ برای authoring جدید باید از شناسه‌های canonical Stage7 استفاده شود.,فقط برای سازگاری داده‌های موجود است؛ برای تولید سؤال جدید استفاده نشود.,COMPATIBILITY,CANDIDATE_PREDEPLOY_CONTENT_REVIEW,NOT_YET_OBSERVED__STAGE27_CALIBRATION,"La locution enseignée est « avoir du mal à », pas « de ». || L’infinitif et son complément sont corrects. || « avez » correspond à « vous », pas à un groupe nominal à la 3e personne.",Question Bank B042-B081 static-authoring artifacts; runtime FK compatibility bridge; Stage23 not executed.
question-bank-misconception-compatibility-v1.0.0,6f94b587-856a-5a0f-b093-445db57c9f1b,7d3f306f-3e56-4739-9aa5-957d40a0870b,L11-S06,B042-B081,GMP-FULL-B047-Q006,150,L11-S06,QUESTION_BANK_COMPATIBILITY,شناسهٔ تشخیصی سازگاری بانک سؤال — L11-S06,این شناسه برای حفظ نگاشت تشخیصی distractorهای موجود در بانک سؤال B042–B081 ثبت شده است و جایگزین یا توسعهٔ taxonomy رسمی Stage7 نیست.,انتخاب این distractor باید با توضیح همان گزینه و context سؤال تفسیر شود؛ برای authoring جدید باید از شناسه‌های canonical Stage7 استفاده شود.,فقط برای سازگاری داده‌های موجود است؛ برای تولید سؤال جدید استفاده نشود.,COMPATIBILITY,CANDIDATE_PREDEPLOY_CONTENT_REVIEW,NOT_YET_OBSERVED__STAGE27_CALIBRATION,"Devant « imprimante », qui commence par une voyelle, « de » s’élide en « d’ ». || « les » introduirait un article défini, différent du « des » de la question. || L’ordre de la négation est incorrect.",Question Bank B042-B081 static-authoring artifacts; runtime FK compatibility bridge; Stage23 not executed.
question-bank-misconception-compatibility-v1.0.0,75b60a31-3ec9-5b8d-937c-235d476f1d2f,7d3f306f-3e56-4739-9aa5-957d40a0870b,L11-S06,B042-B081,GMP-FULL-B047-Q006,150,L11-S06,QUESTION_BANK_COMPATIBILITY,شناسهٔ تشخیصی سازگاری بانک سؤال — L11-S06,این شناسه برای حفظ نگاشت تشخیصی distractorهای موجود در بانک سؤال B042–B081 ثبت شده است و جایگزین یا توسعهٔ taxonomy رسمی Stage7 نیست.,انتخاب این distractor باید با توضیح همان گزینه و context سؤال تفسیر شود؛ برای authoring جدید باید از شناسه‌های canonical Stage7 استفاده شود.,فقط برای سازگاری داده‌های موجود است؛ برای تولید سؤال جدید استفاده نشود.,COMPATIBILITY,CANDIDATE_PREDEPLOY_CONTENT_REVIEW,NOT_YET_OBSERVED__STAGE27_CALIBRATION,"La négation doit encadrer le verbe ; cet ordre est incorrect. || La place de « pas » est incorrecte dans cette structure. || Le sujet de la réponse est « je » : il faut « ai », pas « as ».",Question Bank B042-B081 static-authoring artifacts; runtime FK compatibility bridge; Stage23 not executed.
question-bank-misconception-compatibility-v1.0.0,7ca5785f-348f-510c-9695-f10372701e42,7d3f306f-3e56-4739-9aa5-957d40a0870b,L11-S06,B042-B081,GMP-FULL-B047-Q006,150,L11-S06,QUESTION_BANK_COMPATIBILITY,شناسهٔ تشخیصی سازگاری بانک سؤال — L11-S06,این شناسه برای حفظ نگاشت تشخیصی distractorهای موجود در بانک سؤال B042–B081 ثبت شده است و جایگزین یا توسعهٔ taxonomy رسمی Stage7 نیست.,انتخاب این distractor باید با توضیح همان گزینه و context سؤال تفسیر شود؛ برای authoring جدید باید از شناسه‌های canonical Stage7 استفاده شود.,فقط برای سازگاری داده‌های موجود است؛ برای تولید سؤال جدید استفاده نشود.,COMPATIBILITY,CANDIDATE_PREDEPLOY_CONTENT_REVIEW,NOT_YET_OBSERVED__STAGE27_CALIBRATION,"Après une négation standard, « une » devient normalement « de/d’ ». || Après la négation standard, « des » devient « de ». || L’article indéfini « un » devient normalement « de » après la négation.",Question Bank B042-B081 static-authoring artifacts; runtime FK compatibility bridge; Stage23 not executed.
question-bank-misconception-compatibility-v1.0.0,422ed223-ab60-5741-bbf2-1347030942a7,f02cdde5-524e-4d25-ae5c-c1c508cc5499,L11-S01,B042-B081,GMP-FULL-B047-Q022,17,L11-S01,QUESTION_BANK_COMPATIBILITY,شناسهٔ تشخیصی سازگاری بانک سؤال — L11-S01,این شناسه برای حفظ نگاشت تشخیصی distractorهای موجود در بانک سؤال B042–B081 ثبت شده است و جایگزین یا توسعهٔ taxonomy رسمی Stage7 نیست.,انتخاب این distractor باید با توضیح همان گزینه و context سؤال تفسیر شود؛ برای authoring جدید باید از شناسه‌های canonical Stage7 استفاده شود.,فقط برای سازگاری داده‌های موجود است؛ برای تولید سؤال جدید استفاده نشود.,COMPATIBILITY,CANDIDATE_PREDEPLOY_CONTENT_REVIEW,NOT_YET_OBSERVED__STAGE27_CALIBRATION,« ils ont » est correct. || « avoir froid » est une expression correcte. || جملهٔ فرانسوی هر دو « un garçon » و « une fille » را به‌صورت مثبت بیان می‌کند.,Question Bank B042-B081 static-authoring artifacts; runtime FK compatibility bridge; Stage23 not executed.
question-bank-misconception-compatibility-v1.0.0,2d60df3a-7ca1-58a4-936d-199b0ba40864,e94a7c1d-5d07-47e8-a918-0bae05db0f16,L12-S01,B042-B081,GMP-FULL-B052-Q001,23,L12-S01,QUESTION_BANK_COMPATIBILITY,شناسهٔ تشخیصی سازگاری بانک سؤال — L12-S01,این شناسه برای حفظ نگاشت تشخیصی distractorهای موجود در بانک سؤال B042–B081 ثبت شده است و جایگزین یا توسعهٔ taxonomy رسمی Stage7 نیست.,انتخاب این distractor باید با توضیح همان گزینه و context سؤال تفسیر شود؛ برای authoring جدید باید از شناسه‌های canonical Stage7 استفاده شود.,فقط برای سازگاری داده‌های موجود است؛ برای تولید سؤال جدید استفاده نشود.,COMPATIBILITY,CANDIDATE_PREDEPLOY_CONTENT_REVIEW,NOT_YET_OBSERVED__STAGE27_CALIBRATION,Incorrect : « chemise » est féminin ; il faut l’article « une ». || Incorrect : L’adjectif doit être masculin singulier : « intéressant ». || Incorrect : Le nom est singulier ; l’adjectif doit rester singulier.,Question Bank B042-B081 static-authoring artifacts; runtime FK compatibility bridge; Stage23 not executed.
question-bank-misconception-compatibility-v1.0.0,3ca45dfa-0975-53ee-8d15-7633cb60d057,e94a7c1d-5d07-47e8-a918-0bae05db0f16,L12-S01,B042-B081,GMP-FULL-B052-Q001,23,L12-S01,QUESTION_BANK_COMPATIBILITY,شناسهٔ تشخیصی سازگاری بانک سؤال — L12-S01,این شناسه برای حفظ نگاشت تشخیصی distractorهای موجود در بانک سؤال B042–B081 ثبت شده است و جایگزین یا توسعهٔ taxonomy رسمی Stage7 نیست.,انتخاب این distractor باید با توضیح همان گزینه و context سؤال تفسیر شود؛ برای authoring جدید باید از شناسه‌های canonical Stage7 استفاده شود.,فقط برای سازگاری داده‌های موجود است؛ برای تولید سؤال جدید استفاده نشود.,COMPATIBILITY,CANDIDATE_PREDEPLOY_CONTENT_REVIEW,NOT_YET_OBSERVED__STAGE27_CALIBRATION,Incorrect : La leçon place normalement cet adjectif descriptif après le nom. || Incorrect : La leçon donne l’ordre neutre « nom + adjectif » pour ce type d’adjectif. || Incorrect : Ce n’est pas l’ordre neutre enseigné pour « difficile ».,Question Bank B042-B081 static-authoring artifacts; runtime FK compatibility bridge; Stage23 not executed.
question-bank-misconception-compatibility-v1.0.0,628c56c3-2b68-554c-ab8d-678d5bb0b0d4,e94a7c1d-5d07-47e8-a918-0bae05db0f16,L12-S01,B042-B081,GMP-FULL-B052-Q001,23,L12-S01,QUESTION_BANK_COMPATIBILITY,شناسهٔ تشخیصی سازگاری بانک سؤال — L12-S01,این شناسه برای حفظ نگاشت تشخیصی distractorهای موجود در بانک سؤال B042–B081 ثبت شده است و جایگزین یا توسعهٔ taxonomy رسمی Stage7 نیست.,انتخاب این distractor باید با توضیح همان گزینه و context سؤال تفسیر شود؛ برای authoring جدید باید از شناسه‌های canonical Stage7 استفاده شود.,فقط برای سازگاری داده‌های موجود است؛ برای تولید سؤال جدید استفاده نشود.,COMPATIBILITY,CANDIDATE_PREDEPLOY_CONTENT_REVIEW,NOT_YET_OBSERVED__STAGE27_CALIBRATION,Incorrect : « chemise » est féminin ; l’adjectif doit être « blanche ». || Incorrect : « livre » est masculin dans ce sens. || Incorrect : « exercice » est masculin.,Question Bank B042-B081 static-authoring artifacts; runtime FK compatibility bridge; Stage23 not executed.
question-bank-misconception-compatibility-v1.0.0,766cae19-d7c6-5f34-8359-726398e39380,def8aafa-2017-4ac8-9eb4-d0d0e271cf9b,L12-S02,B042-B081,GMP-FULL-B052-Q002,23,L12-S02,QUESTION_BANK_COMPATIBILITY,شناسهٔ تشخیصی سازگاری بانک سؤال — L12-S02,این شناسه برای حفظ نگاشت تشخیصی distractorهای موجود در بانک سؤال B042–B081 ثبت شده است و جایگزین یا توسعهٔ taxonomy رسمی Stage7 نیست.,انتخاب این distractor باید با توضیح همان گزینه و context سؤال تفسیر شود؛ برای authoring جدید باید از شناسه‌های canonical Stage7 استفاده شود.,فقط برای سازگاری داده‌های موجود است؛ برای تولید سؤال جدید استفاده نشود.,COMPATIBILITY,CANDIDATE_PREDEPLOY_CONTENT_REVIEW,NOT_YET_OBSERVED__STAGE27_CALIBRATION,Incorrect : L’adjectif doit s’accorder au masculin singulier : « petit ». || Incorrect : L’adjectif doit être au masculin singulier : « bon ». || Incorrect : Le nom est singulier ; l’adjectif doit être « jolie ».,Question Bank B042-B081 static-authoring artifacts; runtime FK compatibility bridge; Stage23 not executed.
question-bank-misconception-compatibility-v1.0.0,c53d6bd1-a698-5e5e-bf11-f9458c5e8baf,def8aafa-2017-4ac8-9eb4-d0d0e271cf9b,L12-S02,B042-B081,GMP-FULL-B052-Q002,23,L12-S02,QUESTION_BANK_COMPATIBILITY,شناسهٔ تشخیصی سازگاری بانک سؤال — L12-S02,این شناسه برای حفظ نگاشت تشخیصی distractorهای موجود در بانک سؤال B042–B081 ثبت شده است و جایگزین یا توسعهٔ taxonomy رسمی Stage7 نیست.,انتخاب این distractor باید با توضیح همان گزینه و context سؤال تفسیر شود؛ برای authoring جدید باید از شناسه‌های canonical Stage7 استفاده شود.,فقط برای سازگاری داده‌های موجود است؛ برای تولید سؤال جدید استفاده نشود.,COMPATIBILITY,CANDIDATE_PREDEPLOY_CONTENT_REVIEW,NOT_YET_OBSERVED__STAGE27_CALIBRATION,Incorrect : « appartement » est masculin ; l’article et l’adjectif doivent être masculins. || Incorrect : « restaurant » est masculin. || Incorrect : Le nom « robe » est féminin ; l’article doit être « une ».,Question Bank B042-B081 static-authoring artifacts; runtime FK compatibility bridge; Stage23 not executed.
question-bank-misconception-compatibility-v1.0.0,f1b4262e-563b-5951-80cc-62ccae17fd15,def8aafa-2017-4ac8-9eb4-d0d0e271cf9b,L12-S02,B042-B081,GMP-FULL-B052-Q002,23,L12-S02,QUESTION_BANK_COMPATIBILITY,شناسهٔ تشخیصی سازگاری بانک سؤال — L12-S02,این شناسه برای حفظ نگاشت تشخیصی distractorهای موجود در بانک سؤال B042–B081 ثبت شده است و جایگزین یا توسعهٔ taxonomy رسمی Stage7 نیست.,انتخاب این distractor باید با توضیح همان گزینه و context سؤال تفسیر شود؛ برای authoring جدید باید از شناسه‌های canonical Stage7 استفاده شود.,فقط برای سازگاری داده‌های موجود است؛ برای تولید سؤال جدید استفاده نشود.,COMPATIBILITY,CANDIDATE_PREDEPLOY_CONTENT_REVIEW,NOT_YET_OBSERVED__STAGE27_CALIBRATION,"Incorrect : Dans le modèle neutre visé, « petit » se place devant le nom. || Incorrect : Dans le modèle neutre de la leçon, « bon » se place devant le nom. || Incorrect : « robe » est féminin ; il faut « jolie ».",Question Bank B042-B081 static-authoring artifacts; runtime FK compatibility bridge; Stage23 not executed.
question-bank-misconception-compatibility-v1.0.0,35b6170d-c83a-5a32-87b5-9294d0e2b159,d15e657e-5845-4e81-8dcd-9b9f7df8cc27,L12-S03,B042-B081,GMP-FULL-B052-Q003,23,L12-S03,QUESTION_BANK_COMPATIBILITY,شناسهٔ تشخیصی سازگاری بانک سؤال — L12-S03,این شناسه برای حفظ نگاشت تشخیصی distractorهای موجود در بانک سؤال B042–B081 ثبت شده است و جایگزین یا توسعهٔ taxonomy رسمی Stage7 نیست.,انتخاب این distractor باید با توضیح همان گزینه و context سؤال تفسیر شود؛ برای authoring جدید باید از شناسه‌های canonical Stage7 استفاده شود.,فقط برای سازگاری داده‌های موجود است؛ برای تولید سؤال جدید استفاده نشود.,COMPATIBILITY,CANDIDATE_PREDEPLOY_CONTENT_REVIEW,NOT_YET_OBSERVED__STAGE27_CALIBRATION,"Incorrect : « mardi » est masculin ; la forme attendue est « dernier ». || Incorrect : « candidat » est masculin ; il faut « prochain ». || Incorrect : Cette phrase est grammaticale mais désigne une date passée, contraire au contexte futur.",Question Bank B042-B081 static-authoring artifacts; runtime FK compatibility bridge; Stage23 not executed.
question-bank-misconception-compatibility-v1.0.0,5945297b-8f7c-5581-ae6b-f0801f889c8b,d15e657e-5845-4e81-8dcd-9b9f7df8cc27,L12-S03,B042-B081,GMP-FULL-B052-Q003,23,L12-S03,QUESTION_BANK_COMPATIBILITY,شناسهٔ تشخیصی سازگاری بانک سؤال — L12-S03,این شناسه برای حفظ نگاشت تشخیصی distractorهای موجود در بانک سؤال B042–B081 ثبت شده است و جایگزین یا توسعهٔ taxonomy رسمی Stage7 نیست.,انتخاب این distractor باید با توضیح همان گزینه و context سؤال تفسیر شود؛ برای authoring جدید باید از شناسه‌های canonical Stage7 استفاده شود.,فقط برای سازگاری داده‌های موجود است؛ برای تولید سؤال جدید استفاده نشود.,COMPATIBILITY,CANDIDATE_PREDEPLOY_CONTENT_REVIEW,NOT_YET_OBSERVED__STAGE27_CALIBRATION,"Incorrect : « mardi » est singulier ; il faut « dernier ». || Incorrect : Cette forme est grammaticale, mais elle désigne le dernier et non le prochain dans l’ordre de passage. || Incorrect : « mardi » est masculin ; il faut « prochain ».",Question Bank B042-B081 static-authoring artifacts; runtime FK compatibility bridge; Stage23 not executed.
question-bank-misconception-compatibility-v1.0.0,f1410e4c-4542-5168-802c-8bb79174276b,d15e657e-5845-4e81-8dcd-9b9f7df8cc27,L12-S03,B042-B081,GMP-FULL-B052-Q003,23,L12-S03,QUESTION_BANK_COMPATIBILITY,شناسهٔ تشخیصی سازگاری بانک سؤال — L12-S03,این شناسه برای حفظ نگاشت تشخیصی distractorهای موجود در بانک سؤال B042–B081 ثبت شده است و جایگزین یا توسعهٔ taxonomy رسمی Stage7 نیست.,انتخاب این distractor باید با توضیح همان گزینه و context سؤال تفسیر شود؛ برای authoring جدید باید از شناسه‌های canonical Stage7 استفاده شود.,فقط برای سازگاری داده‌های موجود است؛ برای تولید سؤال جدید استفاده نشود.,COMPATIBILITY,CANDIDATE_PREDEPLOY_CONTENT_REVIEW,NOT_YET_OBSERVED__STAGE27_CALIBRATION,"Incorrect : Le contexte indique une date passée, pas future. || Incorrect : Pour une série, la leçon place « prochain » devant le nom. || Incorrect : Pour une date, la place enseignée est « mardi prochain ».",Question Bank B042-B081 static-authoring artifacts; runtime FK compatibility bridge; Stage23 not executed.
question-bank-misconception-compatibility-v1.0.0,0df7fc38-5e70-5559-b946-3ced907a26d7,f828a7d6-7b06-4c54-bc7a-f95fd56abd73,L12-S04,B042-B081,GMP-FULL-B052-Q004,22,L12-S04,QUESTION_BANK_COMPATIBILITY,شناسهٔ تشخیصی سازگاری بانک سؤال — L12-S04,این شناسه برای حفظ نگاشت تشخیصی distractorهای موجود در بانک سؤال B042–B081 ثبت شده است و جایگزین یا توسعهٔ taxonomy رسمی Stage7 نیست.,انتخاب این distractor باید با توضیح همان گزینه و context سؤال تفسیر شود؛ برای authoring جدید باید از شناسه‌های canonical Stage7 استفاده شود.,فقط برای سازگاری داده‌های موجود است؛ برای تولید سؤال جدید استفاده نشود.,COMPATIBILITY,CANDIDATE_PREDEPLOY_CONTENT_REVIEW,NOT_YET_OBSERVED__STAGE27_CALIBRATION,Incorrect : La forme féminine « belle » ne convient pas à « acteur ». || Incorrect : La forme féminine « nouvelle » ne s’accorde pas avec « ordinateur ». || Incorrect : « Bel » signifie « beau » et ne conserve pas le sens « vieux ».,Question Bank B042-B081 static-authoring artifacts; runtime FK compatibility bridge; Stage23 not executed.
question-bank-misconception-compatibility-v1.0.0,564fd07b-8cef-530a-b62e-50213d11e6b7,f828a7d6-7b06-4c54-bc7a-f95fd56abd73,L12-S04,B042-B081,GMP-FULL-B052-Q004,22,L12-S04,QUESTION_BANK_COMPATIBILITY,شناسهٔ تشخیصی سازگاری بانک سؤال — L12-S04,این شناسه برای حفظ نگاشت تشخیصی distractorهای موجود در بانک سؤال B042–B081 ثبت شده است و جایگزین یا توسعهٔ taxonomy رسمی Stage7 نیست.,انتخاب این distractor باید با توضیح همان گزینه و context سؤال تفسیر شود؛ برای authoring جدید باید از شناسه‌های canonical Stage7 استفاده شود.,فقط برای سازگاری داده‌های موجود است؛ برای تولید سؤال جدید استفاده نشود.,COMPATIBILITY,CANDIDATE_PREDEPLOY_CONTENT_REVIEW,NOT_YET_OBSERVED__STAGE27_CALIBRATION,"Incorrect : Devant la voyelle de « acteur », la forme attendue est « bel ». || Incorrect : Devant une voyelle, la forme masculine attendue est « nouvel ». || Incorrect : Devant le h muet de « hôtel », la forme attendue est « vieil ».",Question Bank B042-B081 static-authoring artifacts; runtime FK compatibility bridge; Stage23 not executed.
question-bank-misconception-compatibility-v1.0.0,949861c4-29e1-5263-a006-615c1ce9e308,f828a7d6-7b06-4c54-bc7a-f95fd56abd73,L12-S04,B042-B081,GMP-FULL-B052-Q004,22,L12-S04,QUESTION_BANK_COMPATIBILITY,شناسهٔ تشخیصی سازگاری بانک سؤال — L12-S04,این شناسه برای حفظ نگاشت تشخیصی distractorهای موجود در بانک سؤال B042–B081 ثبت شده است و جایگزین یا توسعهٔ taxonomy رسمی Stage7 نیست.,انتخاب این distractor باید با توضیح همان گزینه و context سؤال تفسیر شود؛ برای authoring جدید باید از شناسه‌های canonical Stage7 استفاده شود.,فقط برای سازگاری داده‌های موجود است؛ برای تولید سؤال جدید استفاده نشود.,COMPATIBILITY,CANDIDATE_PREDEPLOY_CONTENT_REVIEW,NOT_YET_OBSERVED__STAGE27_CALIBRATION,Incorrect : « acteur » est masculin dans cette phrase. || Incorrect : « ordinateur » est masculin. || Incorrect : « Nouvel » signifie « nouveau » et ne conserve pas le sens « vieux ».,Question Bank B042-B081 static-authoring artifacts; runtime FK compatibility bridge; Stage23 not executed.
question-bank-misconception-compatibility-v1.0.0,d78f44d6-5a94-5b65-9775-09adaa7d90fb,bfec7ca9-4e46-4446-ada5-4b04e1117b5a,L12-S05,B042-B081,GMP-FULL-B052-Q005,22,L12-S05,QUESTION_BANK_COMPATIBILITY,شناسهٔ تشخیصی سازگاری بانک سؤال — L12-S05,این شناسه برای حفظ نگاشت تشخیصی distractorهای موجود در بانک سؤال B042–B081 ثبت شده است و جایگزین یا توسعهٔ taxonomy رسمی Stage7 نیست.,انتخاب این distractor باید با توضیح همان گزینه و context سؤال تفسیر شود؛ برای authoring جدید باید از شناسه‌های canonical Stage7 استفاده شود.,فقط برای سازگاری داده‌های موجود است؛ برای تولید سؤال جدید استفاده نشود.,COMPATIBILITY,CANDIDATE_PREDEPLOY_CONTENT_REVIEW,NOT_YET_OBSERVED__STAGE27_CALIBRATION,"Incorrect : Devant la voyelle de « anciens », « de » s’élide en « d’ ». || Incorrect : « Les » rendrait les ouvrages définis, contrairement au contexte. || Incorrect : « livres » est masculin pluriel ; il faut « beaux ».",Question Bank B042-B081 static-authoring artifacts; runtime FK compatibility bridge; Stage23 not executed.
question-bank-misconception-compatibility-v1.0.0,ddcd50c0-c49a-5adf-a748-9b0c33682958,bfec7ca9-4e46-4446-ada5-4b04e1117b5a,L12-S05,B042-B081,GMP-FULL-B052-Q005,22,L12-S05,QUESTION_BANK_COMPATIBILITY,شناسهٔ تشخیصی سازگاری بانک سؤال — L12-S05,این شناسه برای حفظ نگاشت تشخیصی distractorهای موجود در بانک سؤال B042–B081 ثبت شده است و جایگزین یا توسعهٔ taxonomy رسمی Stage7 نیست.,انتخاب این distractor باید با توضیح همان گزینه و context سؤال تفسیر شود؛ برای authoring جدید باید از شناسه‌های canonical Stage7 استفاده شود.,فقط برای سازگاری داده‌های موجود است؛ برای تولید سؤال جدید استفاده نشود.,COMPATIBILITY,CANDIDATE_PREDEPLOY_CONTENT_REVIEW,NOT_YET_OBSERVED__STAGE27_CALIBRATION,Incorrect : Le modèle de la leçon demande ici « de » devant l’adjectif antéposé. || Incorrect : « Des beaux ouvrages » ne suit pas la règle standard travaillée dans la leçon. || Incorrect : Le modèle standard transforme « des » en « de » devant l’adjectif antéposé.,Question Bank B042-B081 static-authoring artifacts; runtime FK compatibility bridge; Stage23 not executed.
question-bank-misconception-compatibility-v1.0.0,f083640e-af3a-5a70-b53e-443394812cf2,bfec7ca9-4e46-4446-ada5-4b04e1117b5a,L12-S05,B042-B081,GMP-FULL-B052-Q005,22,L12-S05,QUESTION_BANK_COMPATIBILITY,شناسهٔ تشخیصی سازگاری بانک سؤال — L12-S05,این شناسه برای حفظ نگاشت تشخیصی distractorهای موجود در بانک سؤال B042–B081 ثبت شده است و جایگزین یا توسعهٔ taxonomy رسمی Stage7 نیست.,انتخاب این distractor باید با توضیح همان گزینه و context سؤال تفسیر شود؛ برای authoring جدید باید از شناسه‌های canonical Stage7 استفاده شود.,فقط برای سازگاری داده‌های موجود است؛ برای تولید سؤال جدید استفاده نشود.,COMPATIBILITY,CANDIDATE_PREDEPLOY_CONTENT_REVIEW,NOT_YET_OBSERVED__STAGE27_CALIBRATION,Incorrect : « les » rendrait le groupe défini et changerait la détermination visée. || Incorrect : « Du » est singulier/partitif et ne convient pas à « ouvrages » au pluriel. || Incorrect : « livres » est pluriel ; l’adjectif doit être « beaux ».,Question Bank B042-B081 static-authoring artifacts; runtime FK compatibility bridge; Stage23 not executed.
question-bank-misconception-compatibility-v1.0.0,452991e8-0551-50a5-986f-d76d02d9648c,acc0a8be-8e0b-43f3-9059-d7e5eab9effd,L12-S06,B042-B081,GMP-FULL-B052-Q006,28,L12-S06,QUESTION_BANK_COMPATIBILITY,شناسهٔ تشخیصی سازگاری بانک سؤال — L12-S06,این شناسه برای حفظ نگاشت تشخیصی distractorهای موجود در بانک سؤال B042–B081 ثبت شده است و جایگزین یا توسعهٔ taxonomy رسمی Stage7 نیست.,انتخاب این distractor باید با توضیح همان گزینه و context سؤال تفسیر شود؛ برای authoring جدید باید از شناسه‌های canonical Stage7 استفاده شود.,فقط برای سازگاری داده‌های موجود است؛ برای تولید سؤال جدید استفاده نشود.,COMPATIBILITY,CANDIDATE_PREDEPLOY_CONTENT_REVIEW,NOT_YET_OBSERVED__STAGE27_CALIBRATION,Incorrect : « dame » est singulier ; il faut « grande ». || Incorrect : « Indifférent » ne signifie pas qu’il pose des questions indiscrètes. || Incorrect : « Important » ne reformule pas la grande taille.,Question Bank B042-B081 static-authoring artifacts; runtime FK compatibility bridge; Stage23 not executed.
question-bank-misconception-compatibility-v1.0.0,47ced59b-5160-5de5-937d-9b52eeee60c0,acc0a8be-8e0b-43f3-9059-d7e5eab9effd,L12-S06,B042-B081,GMP-FULL-B052-Q006,28,L12-S06,QUESTION_BANK_COMPATIBILITY,شناسهٔ تشخیصی سازگاری بانک سؤال — L12-S06,این شناسه برای حفظ نگاشت تشخیصی distractorهای موجود در بانک سؤال B042–B081 ثبت شده است و جایگزین یا توسعهٔ taxonomy رسمی Stage7 نیست.,انتخاب این distractor باید با توضیح همان گزینه و context سؤال تفسیر شود؛ برای authoring جدید باید از شناسه‌های canonical Stage7 استفاده شود.,فقط برای سازگاری داده‌های موجود است؛ برای تولید سؤال جدید استفاده نشود.,COMPATIBILITY,CANDIDATE_PREDEPLOY_CONTENT_REVIEW,NOT_YET_OBSERVED__STAGE27_CALIBRATION,"Incorrect : « très grande » renvoie d’abord à la taille ; le sens demandé est « remarquable ». || Incorrect : Avec « curieux » devant le nom, le sens devient plutôt « bizarre ». || Incorrect : Devant le nom, « grand » prend ici le sens subjectif de « remarquable ».",Question Bank B042-B081 static-authoring artifacts; runtime FK compatibility bridge; Stage23 not executed.
question-bank-misconception-compatibility-v1.0.0,b8c9c2cc-3d6f-58e1-8473-be0095d9d780,acc0a8be-8e0b-43f3-9059-d7e5eab9effd,L12-S06,B042-B081,GMP-FULL-B052-Q006,28,L12-S06,QUESTION_BANK_COMPATIBILITY,شناسهٔ تشخیصی سازگاری بانک سؤال — L12-S06,این شناسه برای حفظ نگاشت تشخیصی distractorهای موجود در بانک سؤال B042–B081 ثبت شده است و جایگزین یا توسعهٔ taxonomy رسمی Stage7 نیست.,انتخاب این distractor باید با توضیح همان گزینه و context سؤال تفسیر شود؛ برای authoring جدید باید از شناسه‌های canonical Stage7 استفاده شود.,فقط برای سازگاری داده‌های موجود است؛ برای تولید سؤال جدید استفاده نشود.,COMPATIBILITY,CANDIDATE_PREDEPLOY_CONTENT_REVIEW,NOT_YET_OBSERVED__STAGE27_CALIBRATION,"Incorrect : « dame » est féminin ; il faut « grande ». || Incorrect : « Discret » exprime le contraire du comportement décrit. || Incorrect : Cette phrase parle de valeur personnelle, pas de taille physique.",Question Bank B042-B081 static-authoring artifacts; runtime FK compatibility bridge; Stage23 not executed.
question-bank-misconception-compatibility-v1.0.0,5f27e55c-2d3f-5a91-8815-06b65f9381d1,dc65aed1-990e-41ac-82c1-4d9c88190ab9,L12-S07,B042-B081,GMP-FULL-B052-Q007,26,L12-S07,QUESTION_BANK_COMPATIBILITY,شناسهٔ تشخیصی سازگاری بانک سؤال — L12-S07,این شناسه برای حفظ نگاشت تشخیصی distractorهای موجود در بانک سؤال B042–B081 ثبت شده است و جایگزین یا توسعهٔ taxonomy رسمی Stage7 نیست.,انتخاب این distractor باید با توضیح همان گزینه و context سؤال تفسیر شود؛ برای authoring جدید باید از شناسه‌های canonical Stage7 استفاده شود.,فقط برای سازگاری داده‌های موجود است؛ برای تولید سؤال جدید استفاده نشود.,COMPATIBILITY,CANDIDATE_PREDEPLOY_CONTENT_REVIEW,NOT_YET_OBSERVED__STAGE27_CALIBRATION,"Incorrect : La leçon place « nouveau/nouvelle » avant le nom dans ce sens. || Incorrect : Dans ce sens, la leçon place « nouveau » devant le nom. || Incorrect : Cette place ne correspond pas au modèle « nouveau » avant le nom pour le sens de changement, et n’exprime pas précisément l’état « neuf ».",Question Bank B042-B081 static-authoring artifacts; runtime FK compatibility bridge; Stage23 not executed.
question-bank-misconception-compatibility-v1.0.0,9968e588-5efa-5114-bbff-afd66db0a0b4,dc65aed1-990e-41ac-82c1-4d9c88190ab9,L12-S07,B042-B081,GMP-FULL-B052-Q007,26,L12-S07,QUESTION_BANK_COMPATIBILITY,شناسهٔ تشخیصی سازگاری بانک سؤال — L12-S07,این شناسه برای حفظ نگاشت تشخیصی distractorهای موجود در بانک سؤال B042–B081 ثبت شده است و جایگزین یا توسعهٔ taxonomy رسمی Stage7 نیست.,انتخاب این distractor باید با توضیح همان گزینه و context سؤال تفسیر شود؛ برای authoring جدید باید از شناسه‌های canonical Stage7 استفاده شود.,فقط برای سازگاری داده‌های موجود است؛ برای تولید سؤال جدید استفاده نشود.,COMPATIBILITY,CANDIDATE_PREDEPLOY_CONTENT_REVIEW,NOT_YET_OBSERVED__STAGE27_CALIBRATION,"Incorrect : « Nouvelle » signifie surtout différente de l’ancienne ; le contexte insiste sur la fabrication récente. || Incorrect : « Neuf » s’emploie pour des objets de fabrication récente, pas pour ce changement de personne. || Incorrect : Cette phrase indique surtout un changement par rapport à l’ancienne et ne garantit pas l’état neuf d’usine demandé.",Question Bank B042-B081 static-authoring artifacts; runtime FK compatibility bridge; Stage23 not executed.
question-bank-misconception-compatibility-v1.0.0,efcd4520-ba91-5dec-9635-8dc48adcaa5a,dc65aed1-990e-41ac-82c1-4d9c88190ab9,L12-S07,B042-B081,GMP-FULL-B052-Q007,26,L12-S07,QUESTION_BANK_COMPATIBILITY,شناسهٔ تشخیصی سازگاری بانک سؤال — L12-S07,این شناسه برای حفظ نگاشت تشخیصی distractorهای موجود در بانک سؤال B042–B081 ثبت شده است و جایگزین یا توسعهٔ taxonomy رسمی Stage7 نیست.,انتخاب این distractor باید با توضیح همان گزینه و context سؤال تفسیر شود؛ برای authoring جدید باید از شناسه‌های canonical Stage7 استفاده شود.,فقط برای سازگاری داده‌های موجود است؛ برای تولید سؤال جدید استفاده نشود.,COMPATIBILITY,CANDIDATE_PREDEPLOY_CONTENT_REVIEW,NOT_YET_OBSERVED__STAGE27_CALIBRATION,Incorrect : Le genre et l’accord sont incorrects : « voiture » est féminin. || Incorrect : « mari » est masculin : « son nouveau mari ». || Incorrect : Cette phrase exprime l’état opposé à une voiture de fabrication récente.,Question Bank B042-B081 static-authoring artifacts; runtime FK compatibility bridge; Stage23 not executed.
question-bank-misconception-compatibility-v1.0.0,1a5dfd0c-d13d-5e65-bb3d-2a2dd79526bd,7905c739-017f-4158-b13c-79770fa4b478,L13-S01,B042-B081,GMP-FULL-B056-Q001,34,L13-S01,QUESTION_BANK_COMPATIBILITY,شناسهٔ تشخیصی سازگاری بانک سؤال — L13-S01,این شناسه برای حفظ نگاشت تشخیصی distractorهای موجود در بانک سؤال B042–B081 ثبت شده است و جایگزین یا توسعهٔ taxonomy رسمی Stage7 نیست.,انتخاب این distractor باید با توضیح همان گزینه و context سؤال تفسیر شود؛ برای authoring جدید باید از شناسه‌های canonical Stage7 استفاده شود.,فقط برای سازگاری داده‌های موجود است؛ برای تولید سؤال جدید استفاده نشود.,COMPATIBILITY,CANDIDATE_PREDEPLOY_CONTENT_REVIEW,NOT_YET_OBSERVED__STAGE27_CALIBRATION,Cette option généralise une règle ou une forme au-delà du contexte demandé. || این گزینه قاعده یا الگوی عددی را فراتر از بافتِ مشخص‌شده تعمیم می‌دهد. || این گزینه قاعده یا صورت را بیش از دامنهٔ درست آن تعمیم می‌دهد.,Question Bank B042-B081 static-authoring artifacts; runtime FK compatibility bridge; Stage23 not executed.
question-bank-misconception-compatibility-v1.0.0,8ad303a3-0f50-5f2f-87f5-ffe66a591ec3,7905c739-017f-4158-b13c-79770fa4b478,L13-S01,B042-B081,GMP-FULL-B056-Q001,34,L13-S01,QUESTION_BANK_COMPATIBILITY,شناسهٔ تشخیصی سازگاری بانک سؤال — L13-S01,این شناسه برای حفظ نگاشت تشخیصی distractorهای موجود در بانک سؤال B042–B081 ثبت شده است و جایگزین یا توسعهٔ taxonomy رسمی Stage7 نیست.,انتخاب این distractor باید با توضیح همان گزینه و context سؤال تفسیر شود؛ برای authoring جدید باید از شناسه‌های canonical Stage7 استفاده شود.,فقط برای سازگاری داده‌های موجود است؛ برای تولید سؤال جدید استفاده نشود.,COMPATIBILITY,CANDIDATE_PREDEPLOY_CONTENT_REVIEW,NOT_YET_OBSERVED__STAGE27_CALIBRATION,Cette option confond la forme cible avec une forme numérique ou grammaticale proche. || این گزینه صورت هدف را با یک فرم عددی یا دستوریِ نزدیک اشتباه می‌گیرد. || این گزینه صورت هدف را با یک عدد یا ساخت نزدیک اشتباه می‌گیرد.,Question Bank B042-B081 static-authoring artifacts; runtime FK compatibility bridge; Stage23 not executed.
question-bank-misconception-compatibility-v1.0.0,ef30a913-cd08-5307-adf6-29a786ae42b5,7905c739-017f-4158-b13c-79770fa4b478,L13-S01,B042-B081,GMP-FULL-B056-Q001,34,L13-S01,QUESTION_BANK_COMPATIBILITY,شناسهٔ تشخیصی سازگاری بانک سؤال — L13-S01,این شناسه برای حفظ نگاشت تشخیصی distractorهای موجود در بانک سؤال B042–B081 ثبت شده است و جایگزین یا توسعهٔ taxonomy رسمی Stage7 نیست.,انتخاب این distractor باید با توضیح همان گزینه و context سؤال تفسیر شود؛ برای authoring جدید باید از شناسه‌های canonical Stage7 استفاده شود.,فقط برای سازگاری داده‌های موجود است؛ برای تولید سؤال جدید استفاده نشود.,COMPATIBILITY,CANDIDATE_PREDEPLOY_CONTENT_REVIEW,NOT_YET_OBSERVED__STAGE27_CALIBRATION,Cette option transpose au contexte présent une forme qui relève d’un autre contexte ou d’un autre rôle. || این گزینه فرمی را که به بافت یا نقش دیگری تعلق دارد به بافت فعلی منتقل می‌کند. || این گزینه قاعده‌ای را که در بافت دیگری درست است به این بافت منتقل می‌کند.,Question Bank B042-B081 static-authoring artifacts; runtime FK compatibility bridge; Stage23 not executed.
question-bank-misconception-compatibility-v1.0.0,1abf0945-dd82-5ff9-9e38-96b7ce59e1c7,499c8f23-9206-406e-bfdf-17c037f8cd83,L13-S02,B042-B081,GMP-FULL-B056-Q002,33,L13-S02,QUESTION_BANK_COMPATIBILITY,شناسهٔ تشخیصی سازگاری بانک سؤال — L13-S02,این شناسه برای حفظ نگاشت تشخیصی distractorهای موجود در بانک سؤال B042–B081 ثبت شده است و جایگزین یا توسعهٔ taxonomy رسمی Stage7 نیست.,انتخاب این distractor باید با توضیح همان گزینه و context سؤال تفسیر شود؛ برای authoring جدید باید از شناسه‌های canonical Stage7 استفاده شود.,فقط برای سازگاری داده‌های موجود است؛ برای تولید سؤال جدید استفاده نشود.,COMPATIBILITY,CANDIDATE_PREDEPLOY_CONTENT_REVIEW,NOT_YET_OBSERVED__STAGE27_CALIBRATION,Cette option transpose au contexte présent une forme qui relève d’un autre contexte ou d’un autre rôle.,Question Bank B042-B081 static-authoring artifacts; runtime FK compatibility bridge; Stage23 not executed.
question-bank-misconception-compatibility-v1.0.0,8b4d7307-a2e3-5e14-b438-17df77ee85e1,499c8f23-9206-406e-bfdf-17c037f8cd83,L13-S02,B042-B081,GMP-FULL-B056-Q002,33,L13-S02,QUESTION_BANK_COMPATIBILITY,شناسهٔ تشخیصی سازگاری بانک سؤال — L13-S02,این شناسه برای حفظ نگاشت تشخیصی distractorهای موجود در بانک سؤال B042–B081 ثبت شده است و جایگزین یا توسعهٔ taxonomy رسمی Stage7 نیست.,انتخاب این distractor باید با توضیح همان گزینه و context سؤال تفسیر شود؛ برای authoring جدید باید از شناسه‌های canonical Stage7 استفاده شود.,فقط برای سازگاری داده‌های موجود است؛ برای تولید سؤال جدید استفاده نشود.,COMPATIBILITY,CANDIDATE_PREDEPLOY_CONTENT_REVIEW,NOT_YET_OBSERVED__STAGE27_CALIBRATION,Cette option généralise une règle ou une forme au-delà du contexte demandé.,Question Bank B042-B081 static-authoring artifacts; runtime FK compatibility bridge; Stage23 not executed.
question-bank-misconception-compatibility-v1.0.0,ed8b0daa-5edf-5fe4-9c06-688a3ef6b60f,499c8f23-9206-406e-bfdf-17c037f8cd83,L13-S02,B042-B081,GMP-FULL-B056-Q002,33,L13-S02,QUESTION_BANK_COMPATIBILITY,شناسهٔ تشخیصی سازگاری بانک سؤال — L13-S02,این شناسه برای حفظ نگاشت تشخیصی distractorهای موجود در بانک سؤال B042–B081 ثبت شده است و جایگزین یا توسعهٔ taxonomy رسمی Stage7 نیست.,انتخاب این distractor باید با توضیح همان گزینه و context سؤال تفسیر شود؛ برای authoring جدید باید از شناسه‌های canonical Stage7 استفاده شود.,فقط برای سازگاری داده‌های موجود است؛ برای تولید سؤال جدید استفاده نشود.,COMPATIBILITY,CANDIDATE_PREDEPLOY_CONTENT_REVIEW,NOT_YET_OBSERVED__STAGE27_CALIBRATION,Cette option confond la forme cible avec une forme numérique ou grammaticale proche.,Question Bank B042-B081 static-authoring artifacts; runtime FK compatibility bridge; Stage23 not executed.
question-bank-misconception-compatibility-v1.0.0,83290e9e-b6ce-52dc-8c4b-ed9a41a38f7b,b9fa8bfb-169a-4d08-8225-a40edae8dc5e,L13-S04,B042-B081,GMP-FULL-B056-Q003,34,L13-S04,QUESTION_BANK_COMPATIBILITY,شناسهٔ تشخیصی سازگاری بانک سؤال — L13-S04,این شناسه برای حفظ نگاشت تشخیصی distractorهای موجود در بانک سؤال B042–B081 ثبت شده است و جایگزین یا توسعهٔ taxonomy رسمی Stage7 نیست.,انتخاب این distractor باید با توضیح همان گزینه و context سؤال تفسیر شود؛ برای authoring جدید باید از شناسه‌های canonical Stage7 استفاده شود.,فقط برای سازگاری داده‌های موجود است؛ برای تولید سؤال جدید استفاده نشود.,COMPATIBILITY,CANDIDATE_PREDEPLOY_CONTENT_REVIEW,NOT_YET_OBSERVED__STAGE27_CALIBRATION,Cette option généralise une règle ou une forme au-delà du contexte demandé. || این گزینه قاعده یا الگوی عددی را فراتر از بافتِ مشخص‌شده تعمیم می‌دهد. || این گزینه قاعده یا صورت را بیش از دامنهٔ درست آن تعمیم می‌دهد.,Question Bank B042-B081 static-authoring artifacts; runtime FK compatibility bridge; Stage23 not executed.
question-bank-misconception-compatibility-v1.0.0,967bbd9c-9b02-552a-8d47-337c4451b2ce,b9fa8bfb-169a-4d08-8225-a40edae8dc5e,L13-S04,B042-B081,GMP-FULL-B056-Q003,34,L13-S04,QUESTION_BANK_COMPATIBILITY,شناسهٔ تشخیصی سازگاری بانک سؤال — L13-S04,این شناسه برای حفظ نگاشت تشخیصی distractorهای موجود در بانک سؤال B042–B081 ثبت شده است و جایگزین یا توسعهٔ taxonomy رسمی Stage7 نیست.,انتخاب این distractor باید با توضیح همان گزینه و context سؤال تفسیر شود؛ برای authoring جدید باید از شناسه‌های canonical Stage7 استفاده شود.,فقط برای سازگاری داده‌های موجود است؛ برای تولید سؤال جدید استفاده نشود.,COMPATIBILITY,CANDIDATE_PREDEPLOY_CONTENT_REVIEW,NOT_YET_OBSERVED__STAGE27_CALIBRATION,Cette option transpose au contexte présent une forme qui relève d’un autre contexte ou d’un autre rôle. || این گزینه فرمی را که به بافت یا نقش دیگری تعلق دارد به بافت فعلی منتقل می‌کند. || این گزینه قاعده‌ای را که در بافت دیگری درست است به این بافت منتقل می‌کند.,Question Bank B042-B081 static-authoring artifacts; runtime FK compatibility bridge; Stage23 not executed.
question-bank-misconception-compatibility-v1.0.0,e92498b3-7b8e-5b8c-9024-932a07492386,b9fa8bfb-169a-4d08-8225-a40edae8dc5e,L13-S04,B042-B081,GMP-FULL-B056-Q003,34,L13-S04,QUESTION_BANK_COMPATIBILITY,شناسهٔ تشخیصی سازگاری بانک سؤال — L13-S04,این شناسه برای حفظ نگاشت تشخیصی distractorهای موجود در بانک سؤال B042–B081 ثبت شده است و جایگزین یا توسعهٔ taxonomy رسمی Stage7 نیست.,انتخاب این distractor باید با توضیح همان گزینه و context سؤال تفسیر شود؛ برای authoring جدید باید از شناسه‌های canonical Stage7 استفاده شود.,فقط برای سازگاری داده‌های موجود است؛ برای تولید سؤال جدید استفاده نشود.,COMPATIBILITY,CANDIDATE_PREDEPLOY_CONTENT_REVIEW,NOT_YET_OBSERVED__STAGE27_CALIBRATION,Cette option confond la forme cible avec une forme numérique ou grammaticale proche. || این گزینه صورت هدف را با یک فرم عددی یا دستوریِ نزدیک اشتباه می‌گیرد. || این گزینه صورت هدف را با یک عدد یا ساخت نزدیک اشتباه می‌گیرد.,Question Bank B042-B081 static-authoring artifacts; runtime FK compatibility bridge; Stage23 not executed.
question-bank-misconception-compatibility-v1.0.0,03653965-24ea-5a19-8b4f-ee76ca702234,b8785c0a-41e3-44b8-ba0f-8370b28bfce0,L13-S05,B042-B081,GMP-FULL-B056-Q004,39,L13-S05,QUESTION_BANK_COMPATIBILITY,شناسهٔ تشخیصی سازگاری بانک سؤال — L13-S05,این شناسه برای حفظ نگاشت تشخیصی distractorهای موجود در بانک سؤال B042–B081 ثبت شده است و جایگزین یا توسعهٔ taxonomy رسمی Stage7 نیست.,انتخاب این distractor باید با توضیح همان گزینه و context سؤال تفسیر شود؛ برای authoring جدید باید از شناسه‌های canonical Stage7 استفاده شود.,فقط برای سازگاری داده‌های موجود است؛ برای تولید سؤال جدید استفاده نشود.,COMPATIBILITY,CANDIDATE_PREDEPLOY_CONTENT_REVIEW,NOT_YET_OBSERVED__STAGE27_CALIBRATION,Cette option transpose au contexte présent une forme qui relève d’un autre contexte ou d’un autre rôle. || این گزینه فرمی را که به بافت یا نقش دیگری تعلق دارد به بافت فعلی منتقل می‌کند. || این گزینه قاعده‌ای را که در بافت دیگری درست است به این بافت منتقل می‌کند.,Question Bank B042-B081 static-authoring artifacts; runtime FK compatibility bridge; Stage23 not executed.
question-bank-misconception-compatibility-v1.0.0,58b856c7-b57e-5eb8-a5d6-86bdb8d1e426,b8785c0a-41e3-44b8-ba0f-8370b28bfce0,L13-S05,B042-B081,GMP-FULL-B056-Q004,39,L13-S05,QUESTION_BANK_COMPATIBILITY,شناسهٔ تشخیصی سازگاری بانک سؤال — L13-S05,این شناسه برای حفظ نگاشت تشخیصی distractorهای موجود در بانک سؤال B042–B081 ثبت شده است و جایگزین یا توسعهٔ taxonomy رسمی Stage7 نیست.,انتخاب این distractor باید با توضیح همان گزینه و context سؤال تفسیر شود؛ برای authoring جدید باید از شناسه‌های canonical Stage7 استفاده شود.,فقط برای سازگاری داده‌های موجود است؛ برای تولید سؤال جدید استفاده نشود.,COMPATIBILITY,CANDIDATE_PREDEPLOY_CONTENT_REVIEW,NOT_YET_OBSERVED__STAGE27_CALIBRATION,Cette option généralise une règle ou une forme au-delà du contexte demandé. || این گزینه قاعده یا الگوی عددی را فراتر از بافتِ مشخص‌شده تعمیم می‌دهد. || این گزینه قاعده یا صورت را بیش از دامنهٔ درست آن تعمیم می‌دهد.,Question Bank B042-B081 static-authoring artifacts; runtime FK compatibility bridge; Stage23 not executed.
question-bank-misconception-compatibility-v1.0.0,bbb83202-d2c7-58d6-9392-825012c4ef9f,b8785c0a-41e3-44b8-ba0f-8370b28bfce0,L13-S05,B042-B081,GMP-FULL-B056-Q004,39,L13-S05,QUESTION_BANK_COMPATIBILITY,شناسهٔ تشخیصی سازگاری بانک سؤال — L13-S05,این شناسه برای حفظ نگاشت تشخیصی distractorهای موجود در بانک سؤال B042–B081 ثبت شده است و جایگزین یا توسعهٔ taxonomy رسمی Stage7 نیست.,انتخاب این distractor باید با توضیح همان گزینه و context سؤال تفسیر شود؛ برای authoring جدید باید از شناسه‌های canonical Stage7 استفاده شود.,فقط برای سازگاری داده‌های موجود است؛ برای تولید سؤال جدید استفاده نشود.,COMPATIBILITY,CANDIDATE_PREDEPLOY_CONTENT_REVIEW,NOT_YET_OBSERVED__STAGE27_CALIBRATION,Cette option confond la forme cible avec une forme numérique ou grammaticale proche. || این گزینه صورت هدف را با یک فرم عددی یا دستوریِ نزدیک اشتباه می‌گیرد. || این گزینه صورت هدف را با یک عدد یا ساخت نزدیک اشتباه می‌گیرد.,Question Bank B042-B081 static-authoring artifacts; runtime FK compatibility bridge; Stage23 not executed.
question-bank-misconception-compatibility-v1.0.0,46d4c618-5413-58ab-90cf-38fce9ebe6ed,aa17cf04-3a4a-4e38-bbc3-a5a669b3d177,L13-S06,B042-B081,GMP-FULL-B056-Q005,33,L13-S06,QUESTION_BANK_COMPATIBILITY,شناسهٔ تشخیصی سازگاری بانک سؤال — L13-S06,این شناسه برای حفظ نگاشت تشخیصی distractorهای موجود در بانک سؤال B042–B081 ثبت شده است و جایگزین یا توسعهٔ taxonomy رسمی Stage7 نیست.,انتخاب این distractor باید با توضیح همان گزینه و context سؤال تفسیر شود؛ برای authoring جدید باید از شناسه‌های canonical Stage7 استفاده شود.,فقط برای سازگاری داده‌های موجود است؛ برای تولید سؤال جدید استفاده نشود.,COMPATIBILITY,CANDIDATE_PREDEPLOY_CONTENT_REVIEW,NOT_YET_OBSERVED__STAGE27_CALIBRATION,Cette option généralise une règle ou une forme au-delà du contexte demandé. || این گزینه قاعده یا الگوی عددی را فراتر از بافتِ مشخص‌شده تعمیم می‌دهد. || این گزینه قاعده یا صورت را بیش از دامنهٔ درست آن تعمیم می‌دهد.,Question Bank B042-B081 static-authoring artifacts; runtime FK compatibility bridge; Stage23 not executed.
question-bank-misconception-compatibility-v1.0.0,c22487bc-e956-5e7f-8471-fb0247421334,aa17cf04-3a4a-4e38-bbc3-a5a669b3d177,L13-S06,B042-B081,GMP-FULL-B056-Q005,33,L13-S06,QUESTION_BANK_COMPATIBILITY,شناسهٔ تشخیصی سازگاری بانک سؤال — L13-S06,این شناسه برای حفظ نگاشت تشخیصی distractorهای موجود در بانک سؤال B042–B081 ثبت شده است و جایگزین یا توسعهٔ taxonomy رسمی Stage7 نیست.,انتخاب این distractor باید با توضیح همان گزینه و context سؤال تفسیر شود؛ برای authoring جدید باید از شناسه‌های canonical Stage7 استفاده شود.,فقط برای سازگاری داده‌های موجود است؛ برای تولید سؤال جدید استفاده نشود.,COMPATIBILITY,CANDIDATE_PREDEPLOY_CONTENT_REVIEW,NOT_YET_OBSERVED__STAGE27_CALIBRATION,Cette option confond la forme cible avec une forme numérique ou grammaticale proche. || این گزینه صورت هدف را با یک فرم عددی یا دستوریِ نزدیک اشتباه می‌گیرد. || این گزینه صورت هدف را با یک عدد یا ساخت نزدیک اشتباه می‌گیرد.,Question Bank B042-B081 static-authoring artifacts; runtime FK compatibility bridge; Stage23 not executed.
question-bank-misconception-compatibility-v1.0.0,d56d9a90-a0cf-5bb8-96fb-0dde74f4d17a,aa17cf04-3a4a-4e38-bbc3-a5a669b3d177,L13-S06,B042-B081,GMP-FULL-B056-Q005,33,L13-S06,QUESTION_BANK_COMPATIBILITY,شناسهٔ تشخیصی سازگاری بانک سؤال — L13-S06,این شناسه برای حفظ نگاشت تشخیصی distractorهای موجود در بانک سؤال B042–B081 ثبت شده است و جایگزین یا توسعهٔ taxonomy رسمی Stage7 نیست.,انتخاب این distractor باید با توضیح همان گزینه و context سؤال تفسیر شود؛ برای authoring جدید باید از شناسه‌های canonical Stage7 استفاده شود.,فقط برای سازگاری داده‌های موجود است؛ برای تولید سؤال جدید استفاده نشود.,COMPATIBILITY,CANDIDATE_PREDEPLOY_CONTENT_REVIEW,NOT_YET_OBSERVED__STAGE27_CALIBRATION,Cette option transpose au contexte présent une forme qui relève d’un autre contexte ou d’un autre rôle. || این گزینه فرمی را که به بافت یا نقش دیگری تعلق دارد به بافت فعلی منتقل می‌کند. || این گزینه قاعده‌ای را که در بافت دیگری درست است به این بافت منتقل می‌کند.,Question Bank B042-B081 static-authoring artifacts; runtime FK compatibility bridge; Stage23 not executed.
question-bank-misconception-compatibility-v1.0.0,05d591bb-0fd1-5a07-a8fa-066fb8ca369b,3a53e567-a0aa-4b47-b5c0-140edfcdb238,L14-S01,B042-B081,GMP-FULL-B060-Q001,34,L14-S01,QUESTION_BANK_COMPATIBILITY,شناسهٔ تشخیصی سازگاری بانک سؤال — L14-S01,این شناسه برای حفظ نگاشت تشخیصی distractorهای موجود در بانک سؤال B042–B081 ثبت شده است و جایگزین یا توسعهٔ taxonomy رسمی Stage7 نیست.,انتخاب این distractor باید با توضیح همان گزینه و context سؤال تفسیر شود؛ برای authoring جدید باید از شناسه‌های canonical Stage7 استفاده شود.,فقط برای سازگاری داده‌های موجود است؛ برای تولید سؤال جدید استفاده نشود.,COMPATIBILITY,CANDIDATE_PREDEPLOY_CONTENT_REVIEW,NOT_YET_OBSERVED__STAGE27_CALIBRATION,Cette option transpose au contexte présent une forme qui relève d’un autre contexte ou d’un autre rôle. || این گزینه قاعده‌ای را که در بافت دیگری درست است به این بافت منتقل می‌کند.,Question Bank B042-B081 static-authoring artifacts; runtime FK compatibility bridge; Stage23 not executed.
question-bank-misconception-compatibility-v1.0.0,2ee9ca60-47b5-5a9c-a07b-842e00b6e5a1,3a53e567-a0aa-4b47-b5c0-140edfcdb238,L14-S01,B042-B081,GMP-FULL-B060-Q001,34,L14-S01,QUESTION_BANK_COMPATIBILITY,شناسهٔ تشخیصی سازگاری بانک سؤال — L14-S01,این شناسه برای حفظ نگاشت تشخیصی distractorهای موجود در بانک سؤال B042–B081 ثبت شده است و جایگزین یا توسعهٔ taxonomy رسمی Stage7 نیست.,انتخاب این distractor باید با توضیح همان گزینه و context سؤال تفسیر شود؛ برای authoring جدید باید از شناسه‌های canonical Stage7 استفاده شود.,فقط برای سازگاری داده‌های موجود است؛ برای تولید سؤال جدید استفاده نشود.,COMPATIBILITY,CANDIDATE_PREDEPLOY_CONTENT_REVIEW,NOT_YET_OBSERVED__STAGE27_CALIBRATION,Cette option généralise une règle ou une forme au-delà du contexte demandé. || این گزینه قاعده یا صورت را بیش از دامنهٔ درست آن تعمیم می‌دهد.,Question Bank B042-B081 static-authoring artifacts; runtime FK compatibility bridge; Stage23 not executed.
question-bank-misconception-compatibility-v1.0.0,92ac493a-7820-5665-9e64-9c572ada2356,3a53e567-a0aa-4b47-b5c0-140edfcdb238,L14-S01,B042-B081,GMP-FULL-B060-Q001,34,L14-S01,QUESTION_BANK_COMPATIBILITY,شناسهٔ تشخیصی سازگاری بانک سؤال — L14-S01,این شناسه برای حفظ نگاشت تشخیصی distractorهای موجود در بانک سؤال B042–B081 ثبت شده است و جایگزین یا توسعهٔ taxonomy رسمی Stage7 نیست.,انتخاب این distractor باید با توضیح همان گزینه و context سؤال تفسیر شود؛ برای authoring جدید باید از شناسه‌های canonical Stage7 استفاده شود.,فقط برای سازگاری داده‌های موجود است؛ برای تولید سؤال جدید استفاده نشود.,COMPATIBILITY,CANDIDATE_PREDEPLOY_CONTENT_REVIEW,NOT_YET_OBSERVED__STAGE27_CALIBRATION,Cette option confond la forme cible avec une forme ou une règle proche. || این گزینه صورت هدف را با یک صورت یا قاعدهٔ نزدیک اشتباه می‌گیرد.,Question Bank B042-B081 static-authoring artifacts; runtime FK compatibility bridge; Stage23 not executed.
question-bank-misconception-compatibility-v1.0.0,1c938276-8410-5a0f-baf1-a4a79e354418,041d6a68-b771-495e-be00-aa78da960caf,L14-S02,B042-B081,GMP-FULL-B060-Q002,33,L14-S02,QUESTION_BANK_COMPATIBILITY,شناسهٔ تشخیصی سازگاری بانک سؤال — L14-S02,این شناسه برای حفظ نگاشت تشخیصی distractorهای موجود در بانک سؤال B042–B081 ثبت شده است و جایگزین یا توسعهٔ taxonomy رسمی Stage7 نیست.,انتخاب این distractor باید با توضیح همان گزینه و context سؤال تفسیر شود؛ برای authoring جدید باید از شناسه‌های canonical Stage7 استفاده شود.,فقط برای سازگاری داده‌های موجود است؛ برای تولید سؤال جدید استفاده نشود.,COMPATIBILITY,CANDIDATE_PREDEPLOY_CONTENT_REVIEW,NOT_YET_OBSERVED__STAGE27_CALIBRATION,Cette option généralise une règle ou une forme au-delà du contexte demandé. || این گزینه قاعده یا صورت را بیش از دامنهٔ درست آن تعمیم می‌دهد.,Question Bank B042-B081 static-authoring artifacts; runtime FK compatibility bridge; Stage23 not executed.
question-bank-misconception-compatibility-v1.0.0,5d3ded53-b5de-51c7-b49f-6fa2cde9fca7,041d6a68-b771-495e-be00-aa78da960caf,L14-S02,B042-B081,GMP-FULL-B060-Q002,33,L14-S02,QUESTION_BANK_COMPATIBILITY,شناسهٔ تشخیصی سازگاری بانک سؤال — L14-S02,این شناسه برای حفظ نگاشت تشخیصی distractorهای موجود در بانک سؤال B042–B081 ثبت شده است و جایگزین یا توسعهٔ taxonomy رسمی Stage7 نیست.,انتخاب این distractor باید با توضیح همان گزینه و context سؤال تفسیر شود؛ برای authoring جدید باید از شناسه‌های canonical Stage7 استفاده شود.,فقط برای سازگاری داده‌های موجود است؛ برای تولید سؤال جدید استفاده نشود.,COMPATIBILITY,CANDIDATE_PREDEPLOY_CONTENT_REVIEW,NOT_YET_OBSERVED__STAGE27_CALIBRATION,Cette option transpose au contexte présent une forme qui relève d’un autre contexte ou d’un autre rôle. || این گزینه قاعده‌ای را که در بافت دیگری درست است به این بافت منتقل می‌کند.,Question Bank B042-B081 static-authoring artifacts; runtime FK compatibility bridge; Stage23 not executed.
question-bank-misconception-compatibility-v1.0.0,e44a137d-1565-5cd7-b4aa-6a054c38aa2d,041d6a68-b771-495e-be00-aa78da960caf,L14-S02,B042-B081,GMP-FULL-B060-Q002,33,L14-S02,QUESTION_BANK_COMPATIBILITY,شناسهٔ تشخیصی سازگاری بانک سؤال — L14-S02,این شناسه برای حفظ نگاشت تشخیصی distractorهای موجود در بانک سؤال B042–B081 ثبت شده است و جایگزین یا توسعهٔ taxonomy رسمی Stage7 نیست.,انتخاب این distractor باید با توضیح همان گزینه و context سؤال تفسیر شود؛ برای authoring جدید باید از شناسه‌های canonical Stage7 استفاده شود.,فقط برای سازگاری داده‌های موجود است؛ برای تولید سؤال جدید استفاده نشود.,COMPATIBILITY,CANDIDATE_PREDEPLOY_CONTENT_REVIEW,NOT_YET_OBSERVED__STAGE27_CALIBRATION,Cette option confond la forme cible avec une forme ou une règle proche. || این گزینه صورت هدف را با یک صورت یا قاعدهٔ نزدیک اشتباه می‌گیرد.,Question Bank B042-B081 static-authoring artifacts; runtime FK compatibility bridge; Stage23 not executed.
question-bank-misconception-compatibility-v1.0.0,1a219eea-8f49-54fd-a0be-f20030ce7135,89db4db8-781c-4c94-a018-5868fbe52c15,L14-S03,B042-B081,GMP-FULL-B060-Q003,33,L14-S03,QUESTION_BANK_COMPATIBILITY,شناسهٔ تشخیصی سازگاری بانک سؤال — L14-S03,این شناسه برای حفظ نگاشت تشخیصی distractorهای موجود در بانک سؤال B042–B081 ثبت شده است و جایگزین یا توسعهٔ taxonomy رسمی Stage7 نیست.,انتخاب این distractor باید با توضیح همان گزینه و context سؤال تفسیر شود؛ برای authoring جدید باید از شناسه‌های canonical Stage7 استفاده شود.,فقط برای سازگاری داده‌های موجود است؛ برای تولید سؤال جدید استفاده نشود.,COMPATIBILITY,CANDIDATE_PREDEPLOY_CONTENT_REVIEW,NOT_YET_OBSERVED__STAGE27_CALIBRATION,Cette option transpose au contexte présent une forme qui relève d’un autre contexte ou d’un autre rôle. || این گزینه قاعده‌ای را که در بافت دیگری درست است به این بافت منتقل می‌کند.,Question Bank B042-B081 static-authoring artifacts; runtime FK compatibility bridge; Stage23 not executed.
question-bank-misconception-compatibility-v1.0.0,724ec539-3e60-5bbe-81a3-bf3433320498,89db4db8-781c-4c94-a018-5868fbe52c15,L14-S03,B042-B081,GMP-FULL-B060-Q003,33,L14-S03,QUESTION_BANK_COMPATIBILITY,شناسهٔ تشخیصی سازگاری بانک سؤال — L14-S03,این شناسه برای حفظ نگاشت تشخیصی distractorهای موجود در بانک سؤال B042–B081 ثبت شده است و جایگزین یا توسعهٔ taxonomy رسمی Stage7 نیست.,انتخاب این distractor باید با توضیح همان گزینه و context سؤال تفسیر شود؛ برای authoring جدید باید از شناسه‌های canonical Stage7 استفاده شود.,فقط برای سازگاری داده‌های موجود است؛ برای تولید سؤال جدید استفاده نشود.,COMPATIBILITY,CANDIDATE_PREDEPLOY_CONTENT_REVIEW,NOT_YET_OBSERVED__STAGE27_CALIBRATION,Cette option généralise une règle ou une forme au-delà du contexte demandé. || این گزینه قاعده یا صورت را بیش از دامنهٔ درست آن تعمیم می‌دهد.,Question Bank B042-B081 static-authoring artifacts; runtime FK compatibility bridge; Stage23 not executed.
question-bank-misconception-compatibility-v1.0.0,83fde206-cdef-5bca-8be8-fab4e1037563,89db4db8-781c-4c94-a018-5868fbe52c15,L14-S03,B042-B081,GMP-FULL-B060-Q003,33,L14-S03,QUESTION_BANK_COMPATIBILITY,شناسهٔ تشخیصی سازگاری بانک سؤال — L14-S03,این شناسه برای حفظ نگاشت تشخیصی distractorهای موجود در بانک سؤال B042–B081 ثبت شده است و جایگزین یا توسعهٔ taxonomy رسمی Stage7 نیست.,انتخاب این distractor باید با توضیح همان گزینه و context سؤال تفسیر شود؛ برای authoring جدید باید از شناسه‌های canonical Stage7 استفاده شود.,فقط برای سازگاری داده‌های موجود است؛ برای تولید سؤال جدید استفاده نشود.,COMPATIBILITY,CANDIDATE_PREDEPLOY_CONTENT_REVIEW,NOT_YET_OBSERVED__STAGE27_CALIBRATION,Cette option confond la forme cible avec une forme ou une règle proche. || این گزینه صورت هدف را با یک صورت یا قاعدهٔ نزدیک اشتباه می‌گیرد.,Question Bank B042-B081 static-authoring artifacts; runtime FK compatibility bridge; Stage23 not executed.
question-bank-misconception-compatibility-v1.0.0,65d5f6d4-a74c-50dd-9a2e-b20cf245675d,3f4cb2bd-51ff-42cd-b847-02fa0d06ff8c,L14-S04,B042-B081,GMP-FULL-B060-Q004,33,L14-S04,QUESTION_BANK_COMPATIBILITY,شناسهٔ تشخیصی سازگاری بانک سؤال — L14-S04,این شناسه برای حفظ نگاشت تشخیصی distractorهای موجود در بانک سؤال B042–B081 ثبت شده است و جایگزین یا توسعهٔ taxonomy رسمی Stage7 نیست.,انتخاب این distractor باید با توضیح همان گزینه و context سؤال تفسیر شود؛ برای authoring جدید باید از شناسه‌های canonical Stage7 استفاده شود.,فقط برای سازگاری داده‌های موجود است؛ برای تولید سؤال جدید استفاده نشود.,COMPATIBILITY,CANDIDATE_PREDEPLOY_CONTENT_REVIEW,NOT_YET_OBSERVED__STAGE27_CALIBRATION,Cette option généralise une règle ou une forme au-delà du contexte demandé. || این گزینه قاعده یا صورت را بیش از دامنهٔ درست آن تعمیم می‌دهد.,Question Bank B042-B081 static-authoring artifacts; runtime FK compatibility bridge; Stage23 not executed.
question-bank-misconception-compatibility-v1.0.0,c8776509-f373-5e07-8fad-88f5d519dfe3,3f4cb2bd-51ff-42cd-b847-02fa0d06ff8c,L14-S04,B042-B081,GMP-FULL-B060-Q004,33,L14-S04,QUESTION_BANK_COMPATIBILITY,شناسهٔ تشخیصی سازگاری بانک سؤال — L14-S04,این شناسه برای حفظ نگاشت تشخیصی distractorهای موجود در بانک سؤال B042–B081 ثبت شده است و جایگزین یا توسعهٔ taxonomy رسمی Stage7 نیست.,انتخاب این distractor باید با توضیح همان گزینه و context سؤال تفسیر شود؛ برای authoring جدید باید از شناسه‌های canonical Stage7 استفاده شود.,فقط برای سازگاری داده‌های موجود است؛ برای تولید سؤال جدید استفاده نشود.,COMPATIBILITY,CANDIDATE_PREDEPLOY_CONTENT_REVIEW,NOT_YET_OBSERVED__STAGE27_CALIBRATION,Cette option confond la forme cible avec une forme ou une règle proche. || این گزینه صورت هدف را با یک صورت یا قاعدهٔ نزدیک اشتباه می‌گیرد.,Question Bank B042-B081 static-authoring artifacts; runtime FK compatibility bridge; Stage23 not executed.
question-bank-misconception-compatibility-v1.0.0,e3082347-dc6e-5219-8c8e-023016e7d18f,3f4cb2bd-51ff-42cd-b847-02fa0d06ff8c,L14-S04,B042-B081,GMP-FULL-B060-Q004,33,L14-S04,QUESTION_BANK_COMPATIBILITY,شناسهٔ تشخیصی سازگاری بانک سؤال — L14-S04,این شناسه برای حفظ نگاشت تشخیصی distractorهای موجود در بانک سؤال B042–B081 ثبت شده است و جایگزین یا توسعهٔ taxonomy رسمی Stage7 نیست.,انتخاب این distractor باید با توضیح همان گزینه و context سؤال تفسیر شود؛ برای authoring جدید باید از شناسه‌های canonical Stage7 استفاده شود.,فقط برای سازگاری داده‌های موجود است؛ برای تولید سؤال جدید استفاده نشود.,COMPATIBILITY,CANDIDATE_PREDEPLOY_CONTENT_REVIEW,NOT_YET_OBSERVED__STAGE27_CALIBRATION,Cette option transpose au contexte présent une forme qui relève d’un autre contexte ou d’un autre rôle. || این گزینه قاعده‌ای را که در بافت دیگری درست است به این بافت منتقل می‌کند.,Question Bank B042-B081 static-authoring artifacts; runtime FK compatibility bridge; Stage23 not executed.
question-bank-misconception-compatibility-v1.0.0,279f56d5-8e66-5633-9b01-0c0e05f9737d,7e2940b0-d030-443d-8925-1af8680ef450,L14-S05,B042-B081,GMP-FULL-B060-Q005,33,L14-S05,QUESTION_BANK_COMPATIBILITY,شناسهٔ تشخیصی سازگاری بانک سؤال — L14-S05,این شناسه برای حفظ نگاشت تشخیصی distractorهای موجود در بانک سؤال B042–B081 ثبت شده است و جایگزین یا توسعهٔ taxonomy رسمی Stage7 نیست.,انتخاب این distractor باید با توضیح همان گزینه و context سؤال تفسیر شود؛ برای authoring جدید باید از شناسه‌های canonical Stage7 استفاده شود.,فقط برای سازگاری داده‌های موجود است؛ برای تولید سؤال جدید استفاده نشود.,COMPATIBILITY,CANDIDATE_PREDEPLOY_CONTENT_REVIEW,NOT_YET_OBSERVED__STAGE27_CALIBRATION,Cette option transpose au contexte présent une forme qui relève d’un autre contexte ou d’un autre rôle. || این گزینه قاعده‌ای را که در بافت دیگری درست است به این بافت منتقل می‌کند.,Question Bank B042-B081 static-authoring artifacts; runtime FK compatibility bridge; Stage23 not executed.
question-bank-misconception-compatibility-v1.0.0,5311eb31-0854-5b9d-aae4-000d5a1fed60,7e2940b0-d030-443d-8925-1af8680ef450,L14-S05,B042-B081,GMP-FULL-B060-Q005,33,L14-S05,QUESTION_BANK_COMPATIBILITY,شناسهٔ تشخیصی سازگاری بانک سؤال — L14-S05,این شناسه برای حفظ نگاشت تشخیصی distractorهای موجود در بانک سؤال B042–B081 ثبت شده است و جایگزین یا توسعهٔ taxonomy رسمی Stage7 نیست.,انتخاب این distractor باید با توضیح همان گزینه و context سؤال تفسیر شود؛ برای authoring جدید باید از شناسه‌های canonical Stage7 استفاده شود.,فقط برای سازگاری داده‌های موجود است؛ برای تولید سؤال جدید استفاده نشود.,COMPATIBILITY,CANDIDATE_PREDEPLOY_CONTENT_REVIEW,NOT_YET_OBSERVED__STAGE27_CALIBRATION,Cette option généralise une règle ou une forme au-delà du contexte demandé. || این گزینه قاعده یا صورت را بیش از دامنهٔ درست آن تعمیم می‌دهد.,Question Bank B042-B081 static-authoring artifacts; runtime FK compatibility bridge; Stage23 not executed.
question-bank-misconception-compatibility-v1.0.0,e348996d-6f12-5834-99b9-b284e74eb9f1,7e2940b0-d030-443d-8925-1af8680ef450,L14-S05,B042-B081,GMP-FULL-B060-Q005,33,L14-S05,QUESTION_BANK_COMPATIBILITY,شناسهٔ تشخیصی سازگاری بانک سؤال — L14-S05,این شناسه برای حفظ نگاشت تشخیصی distractorهای موجود در بانک سؤال B042–B081 ثبت شده است و جایگزین یا توسعهٔ taxonomy رسمی Stage7 نیست.,انتخاب این distractor باید با توضیح همان گزینه و context سؤال تفسیر شود؛ برای authoring جدید باید از شناسه‌های canonical Stage7 استفاده شود.,فقط برای سازگاری داده‌های موجود است؛ برای تولید سؤال جدید استفاده نشود.,COMPATIBILITY,CANDIDATE_PREDEPLOY_CONTENT_REVIEW,NOT_YET_OBSERVED__STAGE27_CALIBRATION,Cette option confond la forme cible avec une forme ou une règle proche. || این گزینه صورت هدف را با یک صورت یا قاعدهٔ نزدیک اشتباه می‌گیرد.,Question Bank B042-B081 static-authoring artifacts; runtime FK compatibility bridge; Stage23 not executed.
question-bank-misconception-compatibility-v1.0.0,2d3393ae-475d-513d-b966-9a37e617e4a1,7527fbd0-b459-42ab-b4bd-ea015779463c,L14-S06,B042-B081,GMP-FULL-B060-Q006,33,L14-S06,QUESTION_BANK_COMPATIBILITY,شناسهٔ تشخیصی سازگاری بانک سؤال — L14-S06,این شناسه برای حفظ نگاشت تشخیصی distractorهای موجود در بانک سؤال B042–B081 ثبت شده است و جایگزین یا توسعهٔ taxonomy رسمی Stage7 نیست.,انتخاب این distractor باید با توضیح همان گزینه و context سؤال تفسیر شود؛ برای authoring جدید باید از شناسه‌های canonical Stage7 استفاده شود.,فقط برای سازگاری داده‌های موجود است؛ برای تولید سؤال جدید استفاده نشود.,COMPATIBILITY,CANDIDATE_PREDEPLOY_CONTENT_REVIEW,NOT_YET_OBSERVED__STAGE27_CALIBRATION,Cette option confond la forme cible avec une forme ou une règle proche. || این گزینه صورت هدف را با یک صورت یا قاعدهٔ نزدیک اشتباه می‌گیرد.,Question Bank B042-B081 static-authoring artifacts; runtime FK compatibility bridge; Stage23 not executed.
question-bank-misconception-compatibility-v1.0.0,895e9497-abdd-57ff-bbef-aa9523841c2c,7527fbd0-b459-42ab-b4bd-ea015779463c,L14-S06,B042-B081,GMP-FULL-B060-Q006,33,L14-S06,QUESTION_BANK_COMPATIBILITY,شناسهٔ تشخیصی سازگاری بانک سؤال — L14-S06,این شناسه برای حفظ نگاشت تشخیصی distractorهای موجود در بانک سؤال B042–B081 ثبت شده است و جایگزین یا توسعهٔ taxonomy رسمی Stage7 نیست.,انتخاب این distractor باید با توضیح همان گزینه و context سؤال تفسیر شود؛ برای authoring جدید باید از شناسه‌های canonical Stage7 استفاده شود.,فقط برای سازگاری داده‌های موجود است؛ برای تولید سؤال جدید استفاده نشود.,COMPATIBILITY,CANDIDATE_PREDEPLOY_CONTENT_REVIEW,NOT_YET_OBSERVED__STAGE27_CALIBRATION,Cette option transpose au contexte présent une forme qui relève d’un autre contexte ou d’un autre rôle. || این گزینه قاعده‌ای را که در بافت دیگری درست است به این بافت منتقل می‌کند.,Question Bank B042-B081 static-authoring artifacts; runtime FK compatibility bridge; Stage23 not executed.
question-bank-misconception-compatibility-v1.0.0,91797344-82ee-5449-b252-35978ce7a4b3,7527fbd0-b459-42ab-b4bd-ea015779463c,L14-S06,B042-B081,GMP-FULL-B060-Q006,33,L14-S06,QUESTION_BANK_COMPATIBILITY,شناسهٔ تشخیصی سازگاری بانک سؤال — L14-S06,این شناسه برای حفظ نگاشت تشخیصی distractorهای موجود در بانک سؤال B042–B081 ثبت شده است و جایگزین یا توسعهٔ taxonomy رسمی Stage7 نیست.,انتخاب این distractor باید با توضیح همان گزینه و context سؤال تفسیر شود؛ برای authoring جدید باید از شناسه‌های canonical Stage7 استفاده شود.,فقط برای سازگاری داده‌های موجود است؛ برای تولید سؤال جدید استفاده نشود.,COMPATIBILITY,CANDIDATE_PREDEPLOY_CONTENT_REVIEW,NOT_YET_OBSERVED__STAGE27_CALIBRATION,Cette option généralise une règle ou une forme au-delà du contexte demandé. || این گزینه قاعده یا صورت را بیش از دامنهٔ درست آن تعمیم می‌دهد.,Question Bank B042-B081 static-authoring artifacts; runtime FK compatibility bridge; Stage23 not executed.
question-bank-misconception-compatibility-v1.0.0,6faa0830-f9f3-52d5-af36-8f13ad2ff6c8,e4b502e3-1e86-437b-9f13-5489dedacd88,L15-S01,B042-B081,GMP-FULL-B064-Q001,35,L15-S01,QUESTION_BANK_COMPATIBILITY,شناسهٔ تشخیصی سازگاری بانک سؤال — L15-S01,این شناسه برای حفظ نگاشت تشخیصی distractorهای موجود در بانک سؤال B042–B081 ثبت شده است و جایگزین یا توسعهٔ taxonomy رسمی Stage7 نیست.,انتخاب این distractor باید با توضیح همان گزینه و context سؤال تفسیر شود؛ برای authoring جدید باید از شناسه‌های canonical Stage7 استفاده شود.,فقط برای سازگاری داده‌های موجود است؛ برای تولید سؤال جدید استفاده نشود.,COMPATIBILITY,CANDIDATE_PREDEPLOY_CONTENT_REVIEW,NOT_YET_OBSERVED__STAGE27_CALIBRATION,Cette option généralise la règle au-delà du contexte demandé. || این گزینه قاعده را بیش از دامنهٔ درست آن تعمیم می‌دهد. || این گزینه دامنه یا معنای قاعدهٔ هدف را بیش از حد تعمیم می‌دهد.,Question Bank B042-B081 static-authoring artifacts; runtime FK compatibility bridge; Stage23 not executed.
question-bank-misconception-compatibility-v1.0.0,729c2711-27bc-5dae-bc90-0c38eb2119df,e4b502e3-1e86-437b-9f13-5489dedacd88,L15-S01,B042-B081,GMP-FULL-B064-Q001,35,L15-S01,QUESTION_BANK_COMPATIBILITY,شناسهٔ تشخیصی سازگاری بانک سؤال — L15-S01,این شناسه برای حفظ نگاشت تشخیصی distractorهای موجود در بانک سؤال B042–B081 ثبت شده است و جایگزین یا توسعهٔ taxonomy رسمی Stage7 نیست.,انتخاب این distractor باید با توضیح همان گزینه و context سؤال تفسیر شود؛ برای authoring جدید باید از شناسه‌های canonical Stage7 استفاده شود.,فقط برای سازگاری داده‌های موجود است؛ برای تولید سؤال جدید استفاده نشود.,COMPATIBILITY,CANDIDATE_PREDEPLOY_CONTENT_REVIEW,NOT_YET_OBSERVED__STAGE27_CALIBRATION,Cette option transpose au contexte présent une forme valable dans un autre contexte. || این گزینه قاعده‌ای درست در بافت دیگر را به بافت فعلی منتقل می‌کند. || این گزینه قاعده‌ای معتبر در بافت دیگر را به بافت فعلی منتقل می‌کند.,Question Bank B042-B081 static-authoring artifacts; runtime FK compatibility bridge; Stage23 not executed.
question-bank-misconception-compatibility-v1.0.0,79bc4a82-f30c-5505-99da-d3afe01e5e6e,e4b502e3-1e86-437b-9f13-5489dedacd88,L15-S01,B042-B081,GMP-FULL-B064-Q001,35,L15-S01,QUESTION_BANK_COMPATIBILITY,شناسهٔ تشخیصی سازگاری بانک سؤال — L15-S01,این شناسه برای حفظ نگاشت تشخیصی distractorهای موجود در بانک سؤال B042–B081 ثبت شده است و جایگزین یا توسعهٔ taxonomy رسمی Stage7 نیست.,انتخاب این distractor باید با توضیح همان گزینه و context سؤال تفسیر شود؛ برای authoring جدید باید از شناسه‌های canonical Stage7 استفاده شود.,فقط برای سازگاری داده‌های موجود است؛ برای تولید سؤال جدید استفاده نشود.,COMPATIBILITY,CANDIDATE_PREDEPLOY_CONTENT_REVIEW,NOT_YET_OBSERVED__STAGE27_CALIBRATION,Cette option confond la forme cible avec une forme ou une règle proche. || این گزینه صورت هدف را با یک صورت یا قاعدهٔ نزدیک اشتباه می‌گیرد.,Question Bank B042-B081 static-authoring artifacts; runtime FK compatibility bridge; Stage23 not executed.
question-bank-misconception-compatibility-v1.0.0,498a9d1d-2b12-582a-be1f-d2a58a4a3daa,d1a1e426-69fc-426d-bbec-7fac686417bd,L15-S02,B042-B081,GMP-FULL-B064-Q002,36,L15-S02,QUESTION_BANK_COMPATIBILITY,شناسهٔ تشخیصی سازگاری بانک سؤال — L15-S02,این شناسه برای حفظ نگاشت تشخیصی distractorهای موجود در بانک سؤال B042–B081 ثبت شده است و جایگزین یا توسعهٔ taxonomy رسمی Stage7 نیست.,انتخاب این distractor باید با توضیح همان گزینه و context سؤال تفسیر شود؛ برای authoring جدید باید از شناسه‌های canonical Stage7 استفاده شود.,فقط برای سازگاری داده‌های موجود است؛ برای تولید سؤال جدید استفاده نشود.,COMPATIBILITY,CANDIDATE_PREDEPLOY_CONTENT_REVIEW,NOT_YET_OBSERVED__STAGE27_CALIBRATION,Cette option transpose au contexte présent une forme valable dans un autre contexte. || این گزینه قاعده‌ای درست در بافت دیگر را به بافت فعلی منتقل می‌کند.,Question Bank B042-B081 static-authoring artifacts; runtime FK compatibility bridge; Stage23 not executed.
question-bank-misconception-compatibility-v1.0.0,7df9fdcc-48f4-5a56-93e6-64e7018da63c,d1a1e426-69fc-426d-bbec-7fac686417bd,L15-S02,B042-B081,GMP-FULL-B064-Q002,36,L15-S02,QUESTION_BANK_COMPATIBILITY,شناسهٔ تشخیصی سازگاری بانک سؤال — L15-S02,این شناسه برای حفظ نگاشت تشخیصی distractorهای موجود در بانک سؤال B042–B081 ثبت شده است و جایگزین یا توسعهٔ taxonomy رسمی Stage7 نیست.,انتخاب این distractor باید با توضیح همان گزینه و context سؤال تفسیر شود؛ برای authoring جدید باید از شناسه‌های canonical Stage7 استفاده شود.,فقط برای سازگاری داده‌های موجود است؛ برای تولید سؤال جدید استفاده نشود.,COMPATIBILITY,CANDIDATE_PREDEPLOY_CONTENT_REVIEW,NOT_YET_OBSERVED__STAGE27_CALIBRATION,Cette option confond la forme cible avec une forme ou une règle proche. || این گزینه صورت هدف را با یک صورت یا قاعدهٔ نزدیک اشتباه می‌گیرد.,Question Bank B042-B081 static-authoring artifacts; runtime FK compatibility bridge; Stage23 not executed.
question-bank-misconception-compatibility-v1.0.0,cade9d59-4ab7-5b9c-a17f-35ab45105002,d1a1e426-69fc-426d-bbec-7fac686417bd,L15-S02,B042-B081,GMP-FULL-B064-Q002,36,L15-S02,QUESTION_BANK_COMPATIBILITY,شناسهٔ تشخیصی سازگاری بانک سؤال — L15-S02,این شناسه برای حفظ نگاشت تشخیصی distractorهای موجود در بانک سؤال B042–B081 ثبت شده است و جایگزین یا توسعهٔ taxonomy رسمی Stage7 نیست.,انتخاب این distractor باید با توضیح همان گزینه و context سؤال تفسیر شود؛ برای authoring جدید باید از شناسه‌های canonical Stage7 استفاده شود.,فقط برای سازگاری داده‌های موجود است؛ برای تولید سؤال جدید استفاده نشود.,COMPATIBILITY,CANDIDATE_PREDEPLOY_CONTENT_REVIEW,NOT_YET_OBSERVED__STAGE27_CALIBRATION,Cette option généralise la règle au-delà du contexte demandé. || این گزینه قاعده را بیش از دامنهٔ درست آن تعمیم می‌دهد.,Question Bank B042-B081 static-authoring artifacts; runtime FK compatibility bridge; Stage23 not executed.
question-bank-misconception-compatibility-v1.0.0,06e47734-1240-53ab-bf6c-261a2b5c4f20,d9e529ef-39ee-4d9c-985d-1458f5649d83,L15-S03,B042-B081,GMP-FULL-B064-Q003,41,L15-S03,QUESTION_BANK_COMPATIBILITY,شناسهٔ تشخیصی سازگاری بانک سؤال — L15-S03,این شناسه برای حفظ نگاشت تشخیصی distractorهای موجود در بانک سؤال B042–B081 ثبت شده است و جایگزین یا توسعهٔ taxonomy رسمی Stage7 نیست.,انتخاب این distractor باید با توضیح همان گزینه و context سؤال تفسیر شود؛ برای authoring جدید باید از شناسه‌های canonical Stage7 استفاده شود.,فقط برای سازگاری داده‌های موجود است؛ برای تولید سؤال جدید استفاده نشود.,COMPATIBILITY,CANDIDATE_PREDEPLOY_CONTENT_REVIEW,NOT_YET_OBSERVED__STAGE27_CALIBRATION,Cette option généralise la règle au-delà du contexte demandé.,Question Bank B042-B081 static-authoring artifacts; runtime FK compatibility bridge; Stage23 not executed.
question-bank-misconception-compatibility-v1.0.0,78af3dfe-81c0-540c-a8e2-2ca9ab50ac3a,d9e529ef-39ee-4d9c-985d-1458f5649d83,L15-S03,B042-B081,GMP-FULL-B064-Q003,41,L15-S03,QUESTION_BANK_COMPATIBILITY,شناسهٔ تشخیصی سازگاری بانک سؤال — L15-S03,این شناسه برای حفظ نگاشت تشخیصی distractorهای موجود در بانک سؤال B042–B081 ثبت شده است و جایگزین یا توسعهٔ taxonomy رسمی Stage7 نیست.,انتخاب این distractor باید با توضیح همان گزینه و context سؤال تفسیر شود؛ برای authoring جدید باید از شناسه‌های canonical Stage7 استفاده شود.,فقط برای سازگاری داده‌های موجود است؛ برای تولید سؤال جدید استفاده نشود.,COMPATIBILITY,CANDIDATE_PREDEPLOY_CONTENT_REVIEW,NOT_YET_OBSERVED__STAGE27_CALIBRATION,Cette option confond la forme cible avec une forme ou une règle proche.,Question Bank B042-B081 static-authoring artifacts; runtime FK compatibility bridge; Stage23 not executed.
question-bank-misconception-compatibility-v1.0.0,8b46e81e-2eb0-5af6-8eee-87465df9ddfa,d9e529ef-39ee-4d9c-985d-1458f5649d83,L15-S03,B042-B081,GMP-FULL-B064-Q003,41,L15-S03,QUESTION_BANK_COMPATIBILITY,شناسهٔ تشخیصی سازگاری بانک سؤال — L15-S03,این شناسه برای حفظ نگاشت تشخیصی distractorهای موجود در بانک سؤال B042–B081 ثبت شده است و جایگزین یا توسعهٔ taxonomy رسمی Stage7 نیست.,انتخاب این distractor باید با توضیح همان گزینه و context سؤال تفسیر شود؛ برای authoring جدید باید از شناسه‌های canonical Stage7 استفاده شود.,فقط برای سازگاری داده‌های موجود است؛ برای تولید سؤال جدید استفاده نشود.,COMPATIBILITY,CANDIDATE_PREDEPLOY_CONTENT_REVIEW,NOT_YET_OBSERVED__STAGE27_CALIBRATION,Cette option transpose au contexte présent une forme valable dans un autre contexte.,Question Bank B042-B081 static-authoring artifacts; runtime FK compatibility bridge; Stage23 not executed.
question-bank-misconception-compatibility-v1.0.0,54739000-ebe1-52cf-8763-7441fe87d54c,3ed479d1-f9d2-4bdf-a96d-c29c8d6c76ab,L15-S04,B042-B081,GMP-FULL-B064-Q004,35,L15-S04,QUESTION_BANK_COMPATIBILITY,شناسهٔ تشخیصی سازگاری بانک سؤال — L15-S04,این شناسه برای حفظ نگاشت تشخیصی distractorهای موجود در بانک سؤال B042–B081 ثبت شده است و جایگزین یا توسعهٔ taxonomy رسمی Stage7 نیست.,انتخاب این distractor باید با توضیح همان گزینه و context سؤال تفسیر شود؛ برای authoring جدید باید از شناسه‌های canonical Stage7 استفاده شود.,فقط برای سازگاری داده‌های موجود است؛ برای تولید سؤال جدید استفاده نشود.,COMPATIBILITY,CANDIDATE_PREDEPLOY_CONTENT_REVIEW,NOT_YET_OBSERVED__STAGE27_CALIBRATION,Cette option généralise la règle au-delà du contexte demandé. || این گزینه قاعده را بیش از دامنهٔ درست آن تعمیم می‌دهد. || این گزینه دامنه یا معنای قاعدهٔ هدف را بیش از حد تعمیم می‌دهد.,Question Bank B042-B081 static-authoring artifacts; runtime FK compatibility bridge; Stage23 not executed.
question-bank-misconception-compatibility-v1.0.0,a191bdd3-5063-567c-9ae1-9a06fd98b7e6,3ed479d1-f9d2-4bdf-a96d-c29c8d6c76ab,L15-S04,B042-B081,GMP-FULL-B064-Q004,35,L15-S04,QUESTION_BANK_COMPATIBILITY,شناسهٔ تشخیصی سازگاری بانک سؤال — L15-S04,این شناسه برای حفظ نگاشت تشخیصی distractorهای موجود در بانک سؤال B042–B081 ثبت شده است و جایگزین یا توسعهٔ taxonomy رسمی Stage7 نیست.,انتخاب این distractor باید با توضیح همان گزینه و context سؤال تفسیر شود؛ برای authoring جدید باید از شناسه‌های canonical Stage7 استفاده شود.,فقط برای سازگاری داده‌های موجود است؛ برای تولید سؤال جدید استفاده نشود.,COMPATIBILITY,CANDIDATE_PREDEPLOY_CONTENT_REVIEW,NOT_YET_OBSERVED__STAGE27_CALIBRATION,Cette option confond la forme cible avec une forme ou une règle proche. || این گزینه صورت هدف را با یک صورت یا قاعدهٔ نزدیک اشتباه می‌گیرد.,Question Bank B042-B081 static-authoring artifacts; runtime FK compatibility bridge; Stage23 not executed.
question-bank-misconception-compatibility-v1.0.0,fa7e9701-2c7b-5a00-a2bf-3d840856d05b,3ed479d1-f9d2-4bdf-a96d-c29c8d6c76ab,L15-S04,B042-B081,GMP-FULL-B064-Q004,35,L15-S04,QUESTION_BANK_COMPATIBILITY,شناسهٔ تشخیصی سازگاری بانک سؤال — L15-S04,این شناسه برای حفظ نگاشت تشخیصی distractorهای موجود در بانک سؤال B042–B081 ثبت شده است و جایگزین یا توسعهٔ taxonomy رسمی Stage7 نیست.,انتخاب این distractor باید با توضیح همان گزینه و context سؤال تفسیر شود؛ برای authoring جدید باید از شناسه‌های canonical Stage7 استفاده شود.,فقط برای سازگاری داده‌های موجود است؛ برای تولید سؤال جدید استفاده نشود.,COMPATIBILITY,CANDIDATE_PREDEPLOY_CONTENT_REVIEW,NOT_YET_OBSERVED__STAGE27_CALIBRATION,Cette option transpose au contexte présent une forme valable dans un autre contexte. || این گزینه قاعده‌ای درست در بافت دیگر را به بافت فعلی منتقل می‌کند. || این گزینه قاعده‌ای معتبر در بافت دیگر را به بافت فعلی منتقل می‌کند.,Question Bank B042-B081 static-authoring artifacts; runtime FK compatibility bridge; Stage23 not executed.
question-bank-misconception-compatibility-v1.0.0,5f6a9b27-b570-5dff-a9e5-3197069b659e,500d5ebf-e858-4fd3-bb03-749bdf808783,L15-S05,B042-B081,GMP-FULL-B064-Q005,36,L15-S05,QUESTION_BANK_COMPATIBILITY,شناسهٔ تشخیصی سازگاری بانک سؤال — L15-S05,این شناسه برای حفظ نگاشت تشخیصی distractorهای موجود در بانک سؤال B042–B081 ثبت شده است و جایگزین یا توسعهٔ taxonomy رسمی Stage7 نیست.,انتخاب این distractor باید با توضیح همان گزینه و context سؤال تفسیر شود؛ برای authoring جدید باید از شناسه‌های canonical Stage7 استفاده شود.,فقط برای سازگاری داده‌های موجود است؛ برای تولید سؤال جدید استفاده نشود.,COMPATIBILITY,CANDIDATE_PREDEPLOY_CONTENT_REVIEW,NOT_YET_OBSERVED__STAGE27_CALIBRATION,Cette option généralise la règle au-delà du contexte demandé. || این گزینه قاعده را بیش از دامنهٔ درست آن تعمیم می‌دهد.,Question Bank B042-B081 static-authoring artifacts; runtime FK compatibility bridge; Stage23 not executed.
question-bank-misconception-compatibility-v1.0.0,ca84906c-6ccb-5a63-b4e9-40a314390edd,500d5ebf-e858-4fd3-bb03-749bdf808783,L15-S05,B042-B081,GMP-FULL-B064-Q005,36,L15-S05,QUESTION_BANK_COMPATIBILITY,شناسهٔ تشخیصی سازگاری بانک سؤال — L15-S05,این شناسه برای حفظ نگاشت تشخیصی distractorهای موجود در بانک سؤال B042–B081 ثبت شده است و جایگزین یا توسعهٔ taxonomy رسمی Stage7 نیست.,انتخاب این distractor باید با توضیح همان گزینه و context سؤال تفسیر شود؛ برای authoring جدید باید از شناسه‌های canonical Stage7 استفاده شود.,فقط برای سازگاری داده‌های موجود است؛ برای تولید سؤال جدید استفاده نشود.,COMPATIBILITY,CANDIDATE_PREDEPLOY_CONTENT_REVIEW,NOT_YET_OBSERVED__STAGE27_CALIBRATION,Cette option transpose au contexte présent une forme valable dans un autre contexte. || این گزینه قاعده‌ای درست در بافت دیگر را به بافت فعلی منتقل می‌کند.,Question Bank B042-B081 static-authoring artifacts; runtime FK compatibility bridge; Stage23 not executed.
question-bank-misconception-compatibility-v1.0.0,fdd744c7-0b59-54b4-9485-f016ee543b43,500d5ebf-e858-4fd3-bb03-749bdf808783,L15-S05,B042-B081,GMP-FULL-B064-Q005,36,L15-S05,QUESTION_BANK_COMPATIBILITY,شناسهٔ تشخیصی سازگاری بانک سؤال — L15-S05,این شناسه برای حفظ نگاشت تشخیصی distractorهای موجود در بانک سؤال B042–B081 ثبت شده است و جایگزین یا توسعهٔ taxonomy رسمی Stage7 نیست.,انتخاب این distractor باید با توضیح همان گزینه و context سؤال تفسیر شود؛ برای authoring جدید باید از شناسه‌های canonical Stage7 استفاده شود.,فقط برای سازگاری داده‌های موجود است؛ برای تولید سؤال جدید استفاده نشود.,COMPATIBILITY,CANDIDATE_PREDEPLOY_CONTENT_REVIEW,NOT_YET_OBSERVED__STAGE27_CALIBRATION,Cette option confond la forme cible avec une forme ou une règle proche. || این گزینه صورت هدف را با یک صورت یا قاعدهٔ نزدیک اشتباه می‌گیرد.,Question Bank B042-B081 static-authoring artifacts; runtime FK compatibility bridge; Stage23 not executed.
question-bank-misconception-compatibility-v1.0.0,97e5fae4-d741-5267-ac08-c1d66e3ac57f,d6ff73a9-773e-4f48-9665-927f73921c87,L16-S01,B042-B081,GMP-FULL-B068-Q001,82,L16-S01,QUESTION_BANK_COMPATIBILITY,شناسهٔ تشخیصی سازگاری بانک سؤال — L16-S01,این شناسه برای حفظ نگاشت تشخیصی distractorهای موجود در بانک سؤال B042–B081 ثبت شده است و جایگزین یا توسعهٔ taxonomy رسمی Stage7 نیست.,انتخاب این distractor باید با توضیح همان گزینه و context سؤال تفسیر شود؛ برای authoring جدید باید از شناسه‌های canonical Stage7 استفاده شود.,فقط برای سازگاری داده‌های موجود است؛ برای تولید سؤال جدید استفاده نشود.,COMPATIBILITY,CANDIDATE_PREDEPLOY_CONTENT_REVIEW,NOT_YET_OBSERVED__STAGE27_CALIBRATION,Cette option généralise la règle au-delà du contexte visé. || این گزینه قاعدهٔ هدف را بیش از دامنهٔ درست آن تعمیم می‌دهد. || Cette option ne respecte pas la règle ciblée dans ce contexte. La réponse attendue est « cherchez ».,Question Bank B042-B081 static-authoring artifacts; runtime FK compatibility bridge; Stage23 not executed.
question-bank-misconception-compatibility-v1.0.0,c241928d-5ecd-579c-8ebd-9c1c8277328b,d6ff73a9-773e-4f48-9665-927f73921c87,L16-S01,B042-B081,GMP-FULL-B068-Q001,82,L16-S01,QUESTION_BANK_COMPATIBILITY,شناسهٔ تشخیصی سازگاری بانک سؤال — L16-S01,این شناسه برای حفظ نگاشت تشخیصی distractorهای موجود در بانک سؤال B042–B081 ثبت شده است و جایگزین یا توسعهٔ taxonomy رسمی Stage7 نیست.,انتخاب این distractor باید با توضیح همان گزینه و context سؤال تفسیر شود؛ برای authoring جدید باید از شناسه‌های canonical Stage7 استفاده شود.,فقط برای سازگاری داده‌های موجود است؛ برای تولید سؤال جدید استفاده نشود.,COMPATIBILITY,CANDIDATE_PREDEPLOY_CONTENT_REVIEW,NOT_YET_OBSERVED__STAGE27_CALIBRATION,Cette option transpose au contexte présent une forme valable ailleurs. || این گزینه یک صورت معتبر در بافت دیگر را به بافت فعلی منتقل می‌کند. || Cette option ne respecte pas la règle ciblée dans ce contexte. La réponse attendue est « cherchez ».,Question Bank B042-B081 static-authoring artifacts; runtime FK compatibility bridge; Stage23 not executed.
question-bank-misconception-compatibility-v1.0.0,fa59a58e-d917-5f95-9ca0-e10961980c20,d6ff73a9-773e-4f48-9665-927f73921c87,L16-S01,B042-B081,GMP-FULL-B068-Q001,82,L16-S01,QUESTION_BANK_COMPATIBILITY,شناسهٔ تشخیصی سازگاری بانک سؤال — L16-S01,این شناسه برای حفظ نگاشت تشخیصی distractorهای موجود در بانک سؤال B042–B081 ثبت شده است و جایگزین یا توسعهٔ taxonomy رسمی Stage7 نیست.,انتخاب این distractor باید با توضیح همان گزینه و context سؤال تفسیر شود؛ برای authoring جدید باید از شناسه‌های canonical Stage7 استفاده شود.,فقط برای سازگاری داده‌های موجود است؛ برای تولید سؤال جدید استفاده نشود.,COMPATIBILITY,CANDIDATE_PREDEPLOY_CONTENT_REVIEW,NOT_YET_OBSERVED__STAGE27_CALIBRATION,Cette option confond la forme cible avec une forme voisine. || این گزینه صورت صرفی یا نوشتاری هدف را با یک صورت نزدیک اشتباه می‌گیرد. || Cette option ne respecte pas la règle ciblée dans ce contexte. La réponse attendue est « cherchez ».,Question Bank B042-B081 static-authoring artifacts; runtime FK compatibility bridge; Stage23 not executed.
question-bank-misconception-compatibility-v1.0.0,371eb548-b164-5778-85ca-4b50b4328163,400e9556-f5bc-412e-a8b2-b61639a90199,L16-S03,B042-B081,GMP-FULL-B068-Q002,81,L16-S03,QUESTION_BANK_COMPATIBILITY,شناسهٔ تشخیصی سازگاری بانک سؤال — L16-S03,این شناسه برای حفظ نگاشت تشخیصی distractorهای موجود در بانک سؤال B042–B081 ثبت شده است و جایگزین یا توسعهٔ taxonomy رسمی Stage7 نیست.,انتخاب این distractor باید با توضیح همان گزینه و context سؤال تفسیر شود؛ برای authoring جدید باید از شناسه‌های canonical Stage7 استفاده شود.,فقط برای سازگاری داده‌های موجود است؛ برای تولید سؤال جدید استفاده نشود.,COMPATIBILITY,CANDIDATE_PREDEPLOY_CONTENT_REVIEW,NOT_YET_OBSERVED__STAGE27_CALIBRATION,Cette option généralise la règle au-delà du contexte visé. || این گزینه قاعدهٔ هدف را بیش از دامنهٔ درست آن تعمیم می‌دهد. || Cette option ne respecte pas la règle ciblée dans ce contexte. La réponse attendue est « étudions ».,Question Bank B042-B081 static-authoring artifacts; runtime FK compatibility bridge; Stage23 not executed.
question-bank-misconception-compatibility-v1.0.0,3bdd51d6-a3a9-5fb2-a0c2-c0039813cf15,400e9556-f5bc-412e-a8b2-b61639a90199,L16-S03,B042-B081,GMP-FULL-B068-Q002,81,L16-S03,QUESTION_BANK_COMPATIBILITY,شناسهٔ تشخیصی سازگاری بانک سؤال — L16-S03,این شناسه برای حفظ نگاشت تشخیصی distractorهای موجود در بانک سؤال B042–B081 ثبت شده است و جایگزین یا توسعهٔ taxonomy رسمی Stage7 نیست.,انتخاب این distractor باید با توضیح همان گزینه و context سؤال تفسیر شود؛ برای authoring جدید باید از شناسه‌های canonical Stage7 استفاده شود.,فقط برای سازگاری داده‌های موجود است؛ برای تولید سؤال جدید استفاده نشود.,COMPATIBILITY,CANDIDATE_PREDEPLOY_CONTENT_REVIEW,NOT_YET_OBSERVED__STAGE27_CALIBRATION,Cette option confond la forme cible avec une forme voisine. || این گزینه صورت صرفی یا نوشتاری هدف را با یک صورت نزدیک اشتباه می‌گیرد. || Cette option ne respecte pas la règle ciblée dans ce contexte. La réponse attendue est « étudions ».,Question Bank B042-B081 static-authoring artifacts; runtime FK compatibility bridge; Stage23 not executed.
question-bank-misconception-compatibility-v1.0.0,6fd743a6-3fa7-572f-8506-8104fdfcbf5a,400e9556-f5bc-412e-a8b2-b61639a90199,L16-S03,B042-B081,GMP-FULL-B068-Q002,81,L16-S03,QUESTION_BANK_COMPATIBILITY,شناسهٔ تشخیصی سازگاری بانک سؤال — L16-S03,این شناسه برای حفظ نگاشت تشخیصی distractorهای موجود در بانک سؤال B042–B081 ثبت شده است و جایگزین یا توسعهٔ taxonomy رسمی Stage7 نیست.,انتخاب این distractor باید با توضیح همان گزینه و context سؤال تفسیر شود؛ برای authoring جدید باید از شناسه‌های canonical Stage7 استفاده شود.,فقط برای سازگاری داده‌های موجود است؛ برای تولید سؤال جدید استفاده نشود.,COMPATIBILITY,CANDIDATE_PREDEPLOY_CONTENT_REVIEW,NOT_YET_OBSERVED__STAGE27_CALIBRATION,Cette option transpose au contexte présent une forme valable ailleurs. || این گزینه یک صورت معتبر در بافت دیگر را به بافت فعلی منتقل می‌کند. || Cette option ne respecte pas la règle ciblée dans ce contexte. La réponse attendue est « étudions ».,Question Bank B042-B081 static-authoring artifacts; runtime FK compatibility bridge; Stage23 not executed.
question-bank-misconception-compatibility-v1.0.0,397020b0-e508-5c81-8a0b-851087f86621,c34a4ef8-40e3-41a7-8b68-4492dee1305e,L16-S04,B042-B081,GMP-FULL-B068-Q003,55,L16-S04,QUESTION_BANK_COMPATIBILITY,شناسهٔ تشخیصی سازگاری بانک سؤال — L16-S04,این شناسه برای حفظ نگاشت تشخیصی distractorهای موجود در بانک سؤال B042–B081 ثبت شده است و جایگزین یا توسعهٔ taxonomy رسمی Stage7 نیست.,انتخاب این distractor باید با توضیح همان گزینه و context سؤال تفسیر شود؛ برای authoring جدید باید از شناسه‌های canonical Stage7 استفاده شود.,فقط برای سازگاری داده‌های موجود است؛ برای تولید سؤال جدید استفاده نشود.,COMPATIBILITY,CANDIDATE_PREDEPLOY_CONTENT_REVIEW,NOT_YET_OBSERVED__STAGE27_CALIBRATION,Cette option généralise la règle au-delà du contexte visé.,Question Bank B042-B081 static-authoring artifacts; runtime FK compatibility bridge; Stage23 not executed.
question-bank-misconception-compatibility-v1.0.0,5be929ad-cba3-5aa8-a7d4-ff0822e212bf,c34a4ef8-40e3-41a7-8b68-4492dee1305e,L16-S04,B042-B081,GMP-FULL-B068-Q003,77,L16-S04,QUESTION_BANK_COMPATIBILITY,شناسهٔ تشخیصی سازگاری بانک سؤال — L16-S04,این شناسه برای حفظ نگاشت تشخیصی distractorهای موجود در بانک سؤال B042–B081 ثبت شده است و جایگزین یا توسعهٔ taxonomy رسمی Stage7 نیست.,انتخاب این distractor باید با توضیح همان گزینه و context سؤال تفسیر شود؛ برای authoring جدید باید از شناسه‌های canonical Stage7 استفاده شود.,فقط برای سازگاری داده‌های موجود است؛ برای تولید سؤال جدید استفاده نشود.,COMPATIBILITY,CANDIDATE_PREDEPLOY_CONTENT_REVIEW,NOT_YET_OBSERVED__STAGE27_CALIBRATION,Cette option confond la forme cible avec une forme voisine. || Cette option ne respecte pas la règle ciblée dans ce contexte. La réponse attendue est « voyageons ». || Cette option ne respecte pas la règle ciblée dans ce contexte. La réponse attendue est « commençons ».,Question Bank B042-B081 static-authoring artifacts; runtime FK compatibility bridge; Stage23 not executed.
question-bank-misconception-compatibility-v1.0.0,e608df8e-28e2-59e1-a5ad-ab38bd4c5d73,c34a4ef8-40e3-41a7-8b68-4492dee1305e,L16-S04,B042-B081,GMP-FULL-B068-Q003,71,L16-S04,QUESTION_BANK_COMPATIBILITY,شناسهٔ تشخیصی سازگاری بانک سؤال — L16-S04,این شناسه برای حفظ نگاشت تشخیصی distractorهای موجود در بانک سؤال B042–B081 ثبت شده است و جایگزین یا توسعهٔ taxonomy رسمی Stage7 نیست.,انتخاب این distractor باید با توضیح همان گزینه و context سؤال تفسیر شود؛ برای authoring جدید باید از شناسه‌های canonical Stage7 استفاده شود.,فقط برای سازگاری داده‌های موجود است؛ برای تولید سؤال جدید استفاده نشود.,COMPATIBILITY,CANDIDATE_PREDEPLOY_CONTENT_REVIEW,NOT_YET_OBSERVED__STAGE27_CALIBRATION,Cette option transpose au contexte présent une forme valable ailleurs. || Cette option ne respecte pas la règle ciblée dans ce contexte. La réponse attendue est « voyageons ». || Cette option ne respecte pas la règle ciblée dans ce contexte. La réponse attendue est « commençons ».,Question Bank B042-B081 static-authoring artifacts; runtime FK compatibility bridge; Stage23 not executed.
question-bank-misconception-compatibility-v1.0.0,4f33aae9-7c36-52fa-a0e6-4806fd639880,c34a4ef8-40e3-41a7-8b68-4492dee1305e,L16-S04,B042-B081,GMP-FULL-B068-Q006,28,L16-S04,QUESTION_BANK_COMPATIBILITY,شناسهٔ تشخیصی سازگاری بانک سؤال — L16-S04,این شناسه برای حفظ نگاشت تشخیصی distractorهای موجود در بانک سؤال B042–B081 ثبت شده است و جایگزین یا توسعهٔ taxonomy رسمی Stage7 نیست.,انتخاب این distractor باید با توضیح همان گزینه و context سؤال تفسیر شود؛ برای authoring جدید باید از شناسه‌های canonical Stage7 استفاده شود.,فقط برای سازگاری داده‌های موجود است؛ برای تولید سؤال جدید استفاده نشود.,COMPATIBILITY,CANDIDATE_PREDEPLOY_CONTENT_REVIEW,NOT_YET_OBSERVED__STAGE27_CALIBRATION,Cette option transpose au contexte présent une forme valable ailleurs. || Cette option ne respecte pas la règle ciblée dans ce contexte. La réponse attendue est « voyageons ». || Cette option ne respecte pas la règle ciblée dans ce contexte. La réponse attendue est « commençons ».,Question Bank B042-B081 static-authoring artifacts; runtime FK compatibility bridge; Stage23 not executed.
question-bank-misconception-compatibility-v1.0.0,06335538-b76e-55c0-b1de-1fc2d13288fb,a386c013-d99b-432f-a72d-df5419d9da2e,L16-S02,B042-B081,GMP-FULL-B068-Q043,22,L16-S02,QUESTION_BANK_COMPATIBILITY,شناسهٔ تشخیصی سازگاری بانک سؤال — L16-S02,این شناسه برای حفظ نگاشت تشخیصی distractorهای موجود در بانک سؤال B042–B081 ثبت شده است و جایگزین یا توسعهٔ taxonomy رسمی Stage7 نیست.,انتخاب این distractor باید با توضیح همان گزینه و context سؤال تفسیر شود؛ برای authoring جدید باید از شناسه‌های canonical Stage7 استفاده شود.,فقط برای سازگاری داده‌های موجود است؛ برای تولید سؤال جدید استفاده نشود.,COMPATIBILITY,CANDIDATE_PREDEPLOY_CONTENT_REVIEW,NOT_YET_OBSERVED__STAGE27_CALIBRATION,Cette option généralise la règle au-delà du contexte visé. || Cette option ne respecte pas la règle ciblée dans ce contexte. La réponse attendue est « Je parle / ils parlent ». || Cette option ne respecte pas la règle ciblée dans ce contexte. La réponse attendue est « Vous dînez. ».,Question Bank B042-B081 static-authoring artifacts; runtime FK compatibility bridge; Stage23 not executed.
question-bank-misconception-compatibility-v1.0.0,a4a046f4-bca2-587f-927e-88dde0ee8238,a386c013-d99b-432f-a72d-df5419d9da2e,L16-S02,B042-B081,GMP-FULL-B068-Q043,22,L16-S02,QUESTION_BANK_COMPATIBILITY,شناسهٔ تشخیصی سازگاری بانک سؤال — L16-S02,این شناسه برای حفظ نگاشت تشخیصی distractorهای موجود در بانک سؤال B042–B081 ثبت شده است و جایگزین یا توسعهٔ taxonomy رسمی Stage7 نیست.,انتخاب این distractor باید با توضیح همان گزینه و context سؤال تفسیر شود؛ برای authoring جدید باید از شناسه‌های canonical Stage7 استفاده شود.,فقط برای سازگاری داده‌های موجود است؛ برای تولید سؤال جدید استفاده نشود.,COMPATIBILITY,CANDIDATE_PREDEPLOY_CONTENT_REVIEW,NOT_YET_OBSERVED__STAGE27_CALIBRATION,Cette option transpose au contexte présent une forme valable ailleurs. || Cette option ne respecte pas la règle ciblée dans ce contexte. La réponse attendue est « Je parle / ils parlent ». || Cette option ne respecte pas la règle ciblée dans ce contexte. La réponse attendue est « Vous dînez. ».,Question Bank B042-B081 static-authoring artifacts; runtime FK compatibility bridge; Stage23 not executed.
question-bank-misconception-compatibility-v1.0.0,cf5bb261-f702-55e7-9aa4-68c9cb81a9be,a386c013-d99b-432f-a72d-df5419d9da2e,L16-S02,B042-B081,GMP-FULL-B068-Q043,22,L16-S02,QUESTION_BANK_COMPATIBILITY,شناسهٔ تشخیصی سازگاری بانک سؤال — L16-S02,این شناسه برای حفظ نگاشت تشخیصی distractorهای موجود در بانک سؤال B042–B081 ثبت شده است و جایگزین یا توسعهٔ taxonomy رسمی Stage7 نیست.,انتخاب این distractor باید با توضیح همان گزینه و context سؤال تفسیر شود؛ برای authoring جدید باید از شناسه‌های canonical Stage7 استفاده شود.,فقط برای سازگاری داده‌های موجود است؛ برای تولید سؤال جدید استفاده نشود.,COMPATIBILITY,CANDIDATE_PREDEPLOY_CONTENT_REVIEW,NOT_YET_OBSERVED__STAGE27_CALIBRATION,Cette option confond la forme cible avec une forme voisine. || Cette option ne respecte pas la règle ciblée dans ce contexte. La réponse attendue est « Je parle / ils parlent ». || Cette option ne respecte pas la règle ciblée dans ce contexte. La réponse attendue est « Vous dînez. ».,Question Bank B042-B081 static-authoring artifacts; runtime FK compatibility bridge; Stage23 not executed.
question-bank-misconception-compatibility-v1.0.0,67a0f891-4b4b-5852-960a-f45705702c20,d556be68-4c55-4e89-92c1-f3966aa5a6ed,L17-S01,B042-B081,GMP-FULL-B074-Q001,50,L17-S01,QUESTION_BANK_COMPATIBILITY,شناسهٔ تشخیصی سازگاری بانک سؤال — L17-S01,این شناسه برای حفظ نگاشت تشخیصی distractorهای موجود در بانک سؤال B042–B081 ثبت شده است و جایگزین یا توسعهٔ taxonomy رسمی Stage7 نیست.,انتخاب این distractor باید با توضیح همان گزینه و context سؤال تفسیر شود؛ برای authoring جدید باید از شناسه‌های canonical Stage7 استفاده شود.,فقط برای سازگاری داده‌های موجود است؛ برای تولید سؤال جدید استفاده نشود.,COMPATIBILITY,CANDIDATE_PREDEPLOY_CONTENT_REVIEW,NOT_YET_OBSERVED__STAGE27_CALIBRATION,"Cette forme peut être valide dans un autre contexte, mais son rôle temporel ne convient pas ici. La réponse attendue est « depuis ». || Cette forme peut être valide dans un autre contexte, mais son rôle temporel ne convient pas ici. La réponse attendue est « Depuis que ». || Cette forme peut être valide dans un autre contexte, mais son rôle temporel ne convient pas ici. La réponse attendue est « Je suis professeur depuis 2019. ».",Question Bank B042-B081 static-authoring artifacts; runtime FK compatibility bridge; Stage23 not executed.
question-bank-misconception-compatibility-v1.0.0,6bab19fe-c0ba-5a44-a987-26097e737a3a,d556be68-4c55-4e89-92c1-f3966aa5a6ed,L17-S01,B042-B081,GMP-FULL-B074-Q001,50,L17-S01,QUESTION_BANK_COMPATIBILITY,شناسهٔ تشخیصی سازگاری بانک سؤال — L17-S01,این شناسه برای حفظ نگاشت تشخیصی distractorهای موجود در بانک سؤال B042–B081 ثبت شده است و جایگزین یا توسعهٔ taxonomy رسمی Stage7 نیست.,انتخاب این distractor باید با توضیح همان گزینه و context سؤال تفسیر شود؛ برای authoring جدید باید از شناسه‌های canonical Stage7 استفاده شود.,فقط برای سازگاری داده‌های موجود است؛ برای تولید سؤال جدید استفاده نشود.,COMPATIBILITY,CANDIDATE_PREDEPLOY_CONTENT_REVIEW,NOT_YET_OBSERVED__STAGE27_CALIBRATION,Cette option confond la construction cible avec une expression temporelle voisine. La réponse attendue est « depuis ». || Cette option confond la construction cible avec une expression temporelle voisine. La réponse attendue est « Depuis que ». || Cette option confond la construction cible avec une expression temporelle voisine. La réponse attendue est « Je suis professeur depuis 2019. ».,Question Bank B042-B081 static-authoring artifacts; runtime FK compatibility bridge; Stage23 not executed.
question-bank-misconception-compatibility-v1.0.0,970ddb85-45d8-5a96-b4df-60ff7a4baf68,d556be68-4c55-4e89-92c1-f3966aa5a6ed,L17-S01,B042-B081,GMP-FULL-B074-Q001,50,L17-S01,QUESTION_BANK_COMPATIBILITY,شناسهٔ تشخیصی سازگاری بانک سؤال — L17-S01,این شناسه برای حفظ نگاشت تشخیصی distractorهای موجود در بانک سؤال B042–B081 ثبت شده است و جایگزین یا توسعهٔ taxonomy رسمی Stage7 نیست.,انتخاب این distractor باید با توضیح همان گزینه و context سؤال تفسیر شود؛ برای authoring جدید باید از شناسه‌های canonical Stage7 استفاده شود.,فقط برای سازگاری داده‌های موجود است؛ برای تولید سؤال جدید استفاده نشود.,COMPATIBILITY,CANDIDATE_PREDEPLOY_CONTENT_REVIEW,NOT_YET_OBSERVED__STAGE27_CALIBRATION,Cette option généralise une valeur temporelle au-delà du contexte où elle convient. La réponse attendue est « depuis ». || Cette option généralise une valeur temporelle au-delà du contexte où elle convient. La réponse attendue est « Depuis que ». || Cette option généralise une valeur temporelle au-delà du contexte où elle convient. La réponse attendue est « Je suis professeur depuis 2019. ».,Question Bank B042-B081 static-authoring artifacts; runtime FK compatibility bridge; Stage23 not executed.
question-bank-misconception-compatibility-v1.0.0,0c79b137-da04-5819-9502-4d682436571d,fffc6ff1-b978-49fb-93e1-39175463ecb5,L17-S02,B042-B081,GMP-FULL-B074-Q002,50,L17-S02,QUESTION_BANK_COMPATIBILITY,شناسهٔ تشخیصی سازگاری بانک سؤال — L17-S02,این شناسه برای حفظ نگاشت تشخیصی distractorهای موجود در بانک سؤال B042–B081 ثبت شده است و جایگزین یا توسعهٔ taxonomy رسمی Stage7 نیست.,انتخاب این distractor باید با توضیح همان گزینه و context سؤال تفسیر شود؛ برای authoring جدید باید از شناسه‌های canonical Stage7 استفاده شود.,فقط برای سازگاری داده‌های موجود است؛ برای تولید سؤال جدید استفاده نشود.,COMPATIBILITY,CANDIDATE_PREDEPLOY_CONTENT_REVIEW,NOT_YET_OBSERVED__STAGE27_CALIBRATION,Cette option confond la construction cible avec une expression temporelle voisine. La réponse attendue est « pour ». || Cette option confond la construction cible avec une expression temporelle voisine. La réponse attendue est « Je suis à Bruxelles pour deux mois. ». || Cette option confond la construction cible avec une expression temporelle voisine. La réponse attendue est « Il travaille ici pour 2018. ».,Question Bank B042-B081 static-authoring artifacts; runtime FK compatibility bridge; Stage23 not executed.
question-bank-misconception-compatibility-v1.0.0,37498e1e-84e5-5991-9656-03c734c0bbe2,fffc6ff1-b978-49fb-93e1-39175463ecb5,L17-S02,B042-B081,GMP-FULL-B074-Q002,50,L17-S02,QUESTION_BANK_COMPATIBILITY,شناسهٔ تشخیصی سازگاری بانک سؤال — L17-S02,این شناسه برای حفظ نگاشت تشخیصی distractorهای موجود در بانک سؤال B042–B081 ثبت شده است و جایگزین یا توسعهٔ taxonomy رسمی Stage7 نیست.,انتخاب این distractor باید با توضیح همان گزینه و context سؤال تفسیر شود؛ برای authoring جدید باید از شناسه‌های canonical Stage7 استفاده شود.,فقط برای سازگاری داده‌های موجود است؛ برای تولید سؤال جدید استفاده نشود.,COMPATIBILITY,CANDIDATE_PREDEPLOY_CONTENT_REVIEW,NOT_YET_OBSERVED__STAGE27_CALIBRATION,"Cette forme peut être valide dans un autre contexte, mais son rôle temporel ne convient pas ici. La réponse attendue est « pour ». || Cette forme peut être valide dans un autre contexte, mais son rôle temporel ne convient pas ici. La réponse attendue est « Je suis à Bruxelles pour deux mois. ». || Cette forme peut être valide dans un autre contexte, mais son rôle temporel ne convient pas ici. La réponse attendue est « Il travaille ici pour 2018. ».",Question Bank B042-B081 static-authoring artifacts; runtime FK compatibility bridge; Stage23 not executed.
question-bank-misconception-compatibility-v1.0.0,58700dd0-e6e6-5fdf-8817-5ec99dae2aa8,fffc6ff1-b978-49fb-93e1-39175463ecb5,L17-S02,B042-B081,GMP-FULL-B074-Q002,50,L17-S02,QUESTION_BANK_COMPATIBILITY,شناسهٔ تشخیصی سازگاری بانک سؤال — L17-S02,این شناسه برای حفظ نگاشت تشخیصی distractorهای موجود در بانک سؤال B042–B081 ثبت شده است و جایگزین یا توسعهٔ taxonomy رسمی Stage7 نیست.,انتخاب این distractor باید با توضیح همان گزینه و context سؤال تفسیر شود؛ برای authoring جدید باید از شناسه‌های canonical Stage7 استفاده شود.,فقط برای سازگاری داده‌های موجود است؛ برای تولید سؤال جدید استفاده نشود.,COMPATIBILITY,CANDIDATE_PREDEPLOY_CONTENT_REVIEW,NOT_YET_OBSERVED__STAGE27_CALIBRATION,Cette option généralise une valeur temporelle au-delà du contexte où elle convient. La réponse attendue est « pour ». || Cette option généralise une valeur temporelle au-delà du contexte où elle convient. La réponse attendue est « Je suis à Bruxelles pour deux mois. ». || Cette option généralise une valeur temporelle au-delà du contexte où elle convient. La réponse attendue est « Il travaille ici pour 2018. ».,Question Bank B042-B081 static-authoring artifacts; runtime FK compatibility bridge; Stage23 not executed.
question-bank-misconception-compatibility-v1.0.0,012fd54c-345c-57bc-a232-3f5b85ae0bb6,3638e28d-815f-4bce-b3c2-27e5826d8159,L17-S03,B042-B081,GMP-FULL-B074-Q003,50,L17-S03,QUESTION_BANK_COMPATIBILITY,شناسهٔ تشخیصی سازگاری بانک سؤال — L17-S03,این شناسه برای حفظ نگاشت تشخیصی distractorهای موجود در بانک سؤال B042–B081 ثبت شده است و جایگزین یا توسعهٔ taxonomy رسمی Stage7 نیست.,انتخاب این distractor باید با توضیح همان گزینه و context سؤال تفسیر شود؛ برای authoring جدید باید از شناسه‌های canonical Stage7 استفاده شود.,فقط برای سازگاری داده‌های موجود است؛ برای تولید سؤال جدید استفاده نشود.,COMPATIBILITY,CANDIDATE_PREDEPLOY_CONTENT_REVIEW,NOT_YET_OBSERVED__STAGE27_CALIBRATION,"Cette option confond la construction cible avec une expression temporelle voisine. La réponse attendue est « Pendant ». || Cette option confond la construction cible avec une expression temporelle voisine. La réponse attendue est « pendant ». || Cette option confond la construction cible avec une expression temporelle voisine. La réponse attendue est « Pendant trois heures, nous avons attendu sans interruption. ».",Question Bank B042-B081 static-authoring artifacts; runtime FK compatibility bridge; Stage23 not executed.
question-bank-misconception-compatibility-v1.0.0,37809513-4727-52db-957f-b50e85a59406,3638e28d-815f-4bce-b3c2-27e5826d8159,L17-S03,B042-B081,GMP-FULL-B074-Q003,50,L17-S03,QUESTION_BANK_COMPATIBILITY,شناسهٔ تشخیصی سازگاری بانک سؤال — L17-S03,این شناسه برای حفظ نگاشت تشخیصی distractorهای موجود در بانک سؤال B042–B081 ثبت شده است و جایگزین یا توسعهٔ taxonomy رسمی Stage7 نیست.,انتخاب این distractor باید با توضیح همان گزینه و context سؤال تفسیر شود؛ برای authoring جدید باید از شناسه‌های canonical Stage7 استفاده شود.,فقط برای سازگاری داده‌های موجود است؛ برای تولید سؤال جدید استفاده نشود.,COMPATIBILITY,CANDIDATE_PREDEPLOY_CONTENT_REVIEW,NOT_YET_OBSERVED__STAGE27_CALIBRATION,"Cette option généralise une valeur temporelle au-delà du contexte où elle convient. La réponse attendue est « Pendant ». || Cette option généralise une valeur temporelle au-delà du contexte où elle convient. La réponse attendue est « pendant ». || Cette option généralise une valeur temporelle au-delà du contexte où elle convient. La réponse attendue est « Pendant trois heures, nous avons attendu sans interruption. ».",Question Bank B042-B081 static-authoring artifacts; runtime FK compatibility bridge; Stage23 not executed.
question-bank-misconception-compatibility-v1.0.0,b81a5ee2-be07-56fd-ae8c-a6d1b708cb29,3638e28d-815f-4bce-b3c2-27e5826d8159,L17-S03,B042-B081,GMP-FULL-B074-Q003,50,L17-S03,QUESTION_BANK_COMPATIBILITY,شناسهٔ تشخیصی سازگاری بانک سؤال — L17-S03,این شناسه برای حفظ نگاشت تشخیصی distractorهای موجود در بانک سؤال B042–B081 ثبت شده است و جایگزین یا توسعهٔ taxonomy رسمی Stage7 نیست.,انتخاب این distractor باید با توضیح همان گزینه و context سؤال تفسیر شود؛ برای authoring جدید باید از شناسه‌های canonical Stage7 استفاده شود.,فقط برای سازگاری داده‌های موجود است؛ برای تولید سؤال جدید استفاده نشود.,COMPATIBILITY,CANDIDATE_PREDEPLOY_CONTENT_REVIEW,NOT_YET_OBSERVED__STAGE27_CALIBRATION,"Cette forme peut être valide dans un autre contexte, mais son rôle temporel ne convient pas ici. La réponse attendue est « Pendant ». || Cette forme peut être valide dans un autre contexte, mais son rôle temporel ne convient pas ici. La réponse attendue est « pendant ». || Cette forme peut être valide dans un autre contexte, mais son rôle temporel ne convient pas ici. La réponse attendue est « Pendant trois heures, nous avons attendu sans interruption. ».",Question Bank B042-B081 static-authoring artifacts; runtime FK compatibility bridge; Stage23 not executed.
question-bank-misconception-compatibility-v1.0.0,4e2fafce-e967-592a-9646-f1be2820804f,a09a724f-5cb0-45ae-b88c-8cb07f335f4a,L17-S04,B042-B081,GMP-FULL-B074-Q004,49,L17-S04,QUESTION_BANK_COMPATIBILITY,شناسهٔ تشخیصی سازگاری بانک سؤال — L17-S04,این شناسه برای حفظ نگاشت تشخیصی distractorهای موجود در بانک سؤال B042–B081 ثبت شده است و جایگزین یا توسعهٔ taxonomy رسمی Stage7 نیست.,انتخاب این distractor باید با توضیح همان گزینه و context سؤال تفسیر شود؛ برای authoring جدید باید از شناسه‌های canonical Stage7 استفاده شود.,فقط برای سازگاری داده‌های موجود است؛ برای تولید سؤال جدید استفاده نشود.,COMPATIBILITY,CANDIDATE_PREDEPLOY_CONTENT_REVIEW,NOT_YET_OBSERVED__STAGE27_CALIBRATION,Cette option confond la construction cible avec une expression temporelle voisine. La réponse attendue est « en ». || Cette option confond la construction cible avec une expression temporelle voisine. La réponse attendue est « Je reste à Paris en trois mois. ». || Cette option confond la construction cible avec une expression temporelle voisine. La réponse attendue est « pendant quarante-cinq minutes ».,Question Bank B042-B081 static-authoring artifacts; runtime FK compatibility bridge; Stage23 not executed.
question-bank-misconception-compatibility-v1.0.0,7ec38bed-0ee2-5c33-bf6f-0da7bdb30c76,a09a724f-5cb0-45ae-b88c-8cb07f335f4a,L17-S04,B042-B081,GMP-FULL-B074-Q004,49,L17-S04,QUESTION_BANK_COMPATIBILITY,شناسهٔ تشخیصی سازگاری بانک سؤال — L17-S04,این شناسه برای حفظ نگاشت تشخیصی distractorهای موجود در بانک سؤال B042–B081 ثبت شده است و جایگزین یا توسعهٔ taxonomy رسمی Stage7 نیست.,انتخاب این distractor باید با توضیح همان گزینه و context سؤال تفسیر شود؛ برای authoring جدید باید از شناسه‌های canonical Stage7 استفاده شود.,فقط برای سازگاری داده‌های موجود است؛ برای تولید سؤال جدید استفاده نشود.,COMPATIBILITY,CANDIDATE_PREDEPLOY_CONTENT_REVIEW,NOT_YET_OBSERVED__STAGE27_CALIBRATION,"Cette forme peut être valide dans un autre contexte, mais son rôle temporel ne convient pas ici. La réponse attendue est « en ». || Cette forme peut être valide dans un autre contexte, mais son rôle temporel ne convient pas ici. La réponse attendue est « Je reste à Paris en trois mois. ». || Cette forme peut être valide dans un autre contexte, mais son rôle temporel ne convient pas ici. La réponse attendue est « pendant quarante-cinq minutes ».",Question Bank B042-B081 static-authoring artifacts; runtime FK compatibility bridge; Stage23 not executed.
question-bank-misconception-compatibility-v1.0.0,86a81ad2-dcfa-5189-8dc4-30131a299b97,a09a724f-5cb0-45ae-b88c-8cb07f335f4a,L17-S04,B042-B081,GMP-FULL-B074-Q004,49,L17-S04,QUESTION_BANK_COMPATIBILITY,شناسهٔ تشخیصی سازگاری بانک سؤال — L17-S04,این شناسه برای حفظ نگاشت تشخیصی distractorهای موجود در بانک سؤال B042–B081 ثبت شده است و جایگزین یا توسعهٔ taxonomy رسمی Stage7 نیست.,انتخاب این distractor باید با توضیح همان گزینه و context سؤال تفسیر شود؛ برای authoring جدید باید از شناسه‌های canonical Stage7 استفاده شود.,فقط برای سازگاری داده‌های موجود است؛ برای تولید سؤال جدید استفاده نشود.,COMPATIBILITY,CANDIDATE_PREDEPLOY_CONTENT_REVIEW,NOT_YET_OBSERVED__STAGE27_CALIBRATION,Cette option généralise une valeur temporelle au-delà du contexte où elle convient. La réponse attendue est « en ». || Cette option généralise une valeur temporelle au-delà du contexte où elle convient. La réponse attendue est « Je reste à Paris en trois mois. ». || Cette option généralise une valeur temporelle au-delà du contexte où elle convient. La réponse attendue est « pendant quarante-cinq minutes ».,Question Bank B042-B081 static-authoring artifacts; runtime FK compatibility bridge; Stage23 not executed.
question-bank-misconception-compatibility-v1.0.0,884867bb-2462-59b9-9b1b-2328c145743f,9f65916f-0c81-4b75-a82a-eca35eebb24b,L18-S01,B042-B081,GMP-FULL-B078-Q001,33,L18-S01,QUESTION_BANK_COMPATIBILITY,شناسهٔ تشخیصی سازگاری بانک سؤال — L18-S01,این شناسه برای حفظ نگاشت تشخیصی distractorهای موجود در بانک سؤال B042–B081 ثبت شده است و جایگزین یا توسعهٔ taxonomy رسمی Stage7 نیست.,انتخاب این distractor باید با توضیح همان گزینه و context سؤال تفسیر شود؛ برای authoring جدید باید از شناسه‌های canonical Stage7 استفاده شود.,فقط برای سازگاری داده‌های موجود است؛ برای تولید سؤال جدید استفاده نشود.,COMPATIBILITY,CANDIDATE_PREDEPLOY_CONTENT_REVIEW,NOT_YET_OBSERVED__STAGE27_CALIBRATION,"Cette option ne respecte pas la règle ciblée « Adjectif vs adverbe ». La réponse attendue est « rapide » : Après « être », « rapide » fonctionne ici comme adjectif et caractérise le nom « train ». || Cette option ne respecte pas la règle ciblée « Adjectif vs adverbe ». La réponse attendue est « vite » : « vite » est l’adverbe qui modifie le verbe « comprend ». || Cette option ne respecte pas la règle ciblée « Adjectif vs adverbe ». La réponse attendue est « bon » : « bon » est adjectif et modifie ici le nom masculin « accent ».",Question Bank B042-B081 static-authoring artifacts; runtime FK compatibility bridge; Stage23 not executed.
question-bank-misconception-compatibility-v1.0.0,a6dde892-62fb-56d2-a9b3-78e5e4fb8119,9f65916f-0c81-4b75-a82a-eca35eebb24b,L18-S01,B042-B081,GMP-FULL-B078-Q001,33,L18-S01,QUESTION_BANK_COMPATIBILITY,شناسهٔ تشخیصی سازگاری بانک سؤال — L18-S01,این شناسه برای حفظ نگاشت تشخیصی distractorهای موجود در بانک سؤال B042–B081 ثبت شده است و جایگزین یا توسعهٔ taxonomy رسمی Stage7 نیست.,انتخاب این distractor باید با توضیح همان گزینه و context سؤال تفسیر شود؛ برای authoring جدید باید از شناسه‌های canonical Stage7 استفاده شود.,فقط برای سازگاری داده‌های موجود است؛ برای تولید سؤال جدید استفاده نشود.,COMPATIBILITY,CANDIDATE_PREDEPLOY_CONTENT_REVIEW,NOT_YET_OBSERVED__STAGE27_CALIBRATION,"Cette option ne respecte pas la règle ciblée « Adjectif vs adverbe ». La réponse attendue est « rapide » : Après « être », « rapide » fonctionne ici comme adjectif et caractérise le nom « train ». || Cette option ne respecte pas la règle ciblée « Adjectif vs adverbe ». La réponse attendue est « vite » : « vite » est l’adverbe qui modifie le verbe « comprend ». || Cette option ne respecte pas la règle ciblée « Adjectif vs adverbe ». La réponse attendue est « bon » : « bon » est adjectif et modifie ici le nom masculin « accent ».",Question Bank B042-B081 static-authoring artifacts; runtime FK compatibility bridge; Stage23 not executed.
question-bank-misconception-compatibility-v1.0.0,d255768b-e73f-5469-8127-15c57b1e3453,9f65916f-0c81-4b75-a82a-eca35eebb24b,L18-S01,B042-B081,GMP-FULL-B078-Q001,33,L18-S01,QUESTION_BANK_COMPATIBILITY,شناسهٔ تشخیصی سازگاری بانک سؤال — L18-S01,این شناسه برای حفظ نگاشت تشخیصی distractorهای موجود در بانک سؤال B042–B081 ثبت شده است و جایگزین یا توسعهٔ taxonomy رسمی Stage7 نیست.,انتخاب این distractor باید با توضیح همان گزینه و context سؤال تفسیر شود؛ برای authoring جدید باید از شناسه‌های canonical Stage7 استفاده شود.,فقط برای سازگاری داده‌های موجود است؛ برای تولید سؤال جدید استفاده نشود.,COMPATIBILITY,CANDIDATE_PREDEPLOY_CONTENT_REVIEW,NOT_YET_OBSERVED__STAGE27_CALIBRATION,"Cette option ne respecte pas la règle ciblée « Adjectif vs adverbe ». La réponse attendue est « rapide » : Après « être », « rapide » fonctionne ici comme adjectif et caractérise le nom « train ». || Cette option ne respecte pas la règle ciblée « Adjectif vs adverbe ». La réponse attendue est « vite » : « vite » est l’adverbe qui modifie le verbe « comprend ». || Cette option ne respecte pas la règle ciblée « Adjectif vs adverbe ». La réponse attendue est « bon » : « bon » est adjectif et modifie ici le nom masculin « accent ».",Question Bank B042-B081 static-authoring artifacts; runtime FK compatibility bridge; Stage23 not executed.
question-bank-misconception-compatibility-v1.0.0,06c17533-db22-5adb-8644-9f48e8c1de0f,ecea5ee1-14a0-48db-aa25-28d9d108d203,L18-S02,B042-B081,GMP-FULL-B078-Q002,33,L18-S02,QUESTION_BANK_COMPATIBILITY,شناسهٔ تشخیصی سازگاری بانک سؤال — L18-S02,این شناسه برای حفظ نگاشت تشخیصی distractorهای موجود در بانک سؤال B042–B081 ثبت شده است و جایگزین یا توسعهٔ taxonomy رسمی Stage7 نیست.,انتخاب این distractor باید با توضیح همان گزینه و context سؤال تفسیر شود؛ برای authoring جدید باید از شناسه‌های canonical Stage7 استفاده شود.,فقط برای سازگاری داده‌های موجود است؛ برای تولید سؤال جدید استفاده نشود.,COMPATIBILITY,CANDIDATE_PREDEPLOY_CONTENT_REVIEW,NOT_YET_OBSERVED__STAGE27_CALIBRATION,"Cette option ne respecte pas la règle ciblée « « bon » vs « bien » ». La réponse attendue est « bon » : Pour le goût ou une sensation physique, la leçon emploie « C’est bon ». || Cette option ne respecte pas la règle ciblée « « bon » vs « bien » ». La réponse attendue est « bien » : « bien » est l’adverbe qui qualifie la manière de jouer. || Cette option ne respecte pas la règle ciblée « « bon » vs « bien » ». La réponse attendue est « bon » : Dans cet emploi fixé par la leçon, « c’est bon » signifie « ça va / c’est OK ».",Question Bank B042-B081 static-authoring artifacts; runtime FK compatibility bridge; Stage23 not executed.
question-bank-misconception-compatibility-v1.0.0,2d2047e5-5588-5070-9706-86f05609a9c5,ecea5ee1-14a0-48db-aa25-28d9d108d203,L18-S02,B042-B081,GMP-FULL-B078-Q002,33,L18-S02,QUESTION_BANK_COMPATIBILITY,شناسهٔ تشخیصی سازگاری بانک سؤال — L18-S02,این شناسه برای حفظ نگاشت تشخیصی distractorهای موجود در بانک سؤال B042–B081 ثبت شده است و جایگزین یا توسعهٔ taxonomy رسمی Stage7 نیست.,انتخاب این distractor باید با توضیح همان گزینه و context سؤال تفسیر شود؛ برای authoring جدید باید از شناسه‌های canonical Stage7 استفاده شود.,فقط برای سازگاری داده‌های موجود است؛ برای تولید سؤال جدید استفاده نشود.,COMPATIBILITY,CANDIDATE_PREDEPLOY_CONTENT_REVIEW,NOT_YET_OBSERVED__STAGE27_CALIBRATION,"Cette option ne respecte pas la règle ciblée « « bon » vs « bien » ». La réponse attendue est « bon » : Pour le goût ou une sensation physique, la leçon emploie « C’est bon ». || Cette option ne respecte pas la règle ciblée « « bon » vs « bien » ». La réponse attendue est « bien » : « bien » est l’adverbe qui qualifie la manière de jouer. || Cette option ne respecte pas la règle ciblée « « bon » vs « bien » ». La réponse attendue est « bon » : Dans cet emploi fixé par la leçon, « c’est bon » signifie « ça va / c’est OK ».",Question Bank B042-B081 static-authoring artifacts; runtime FK compatibility bridge; Stage23 not executed.
question-bank-misconception-compatibility-v1.0.0,ab8c6221-4bb9-5fa5-a769-ab4f1f6f1885,ecea5ee1-14a0-48db-aa25-28d9d108d203,L18-S02,B042-B081,GMP-FULL-B078-Q002,33,L18-S02,QUESTION_BANK_COMPATIBILITY,شناسهٔ تشخیصی سازگاری بانک سؤال — L18-S02,این شناسه برای حفظ نگاشت تشخیصی distractorهای موجود در بانک سؤال B042–B081 ثبت شده است و جایگزین یا توسعهٔ taxonomy رسمی Stage7 نیست.,انتخاب این distractor باید با توضیح همان گزینه و context سؤال تفسیر شود؛ برای authoring جدید باید از شناسه‌های canonical Stage7 استفاده شود.,فقط برای سازگاری داده‌های موجود است؛ برای تولید سؤال جدید استفاده نشود.,COMPATIBILITY,CANDIDATE_PREDEPLOY_CONTENT_REVIEW,NOT_YET_OBSERVED__STAGE27_CALIBRATION,"Cette option ne respecte pas la règle ciblée « « bon » vs « bien » ». La réponse attendue est « bon » : Pour le goût ou une sensation physique, la leçon emploie « C’est bon ». || Cette option ne respecte pas la règle ciblée « « bon » vs « bien » ». La réponse attendue est « bien » : « bien » est l’adverbe qui qualifie la manière de jouer. || Cette option ne respecte pas la règle ciblée « « bon » vs « bien » ». La réponse attendue est « bon » : Dans cet emploi fixé par la leçon, « c’est bon » signifie « ça va / c’est OK ».",Question Bank B042-B081 static-authoring artifacts; runtime FK compatibility bridge; Stage23 not executed.
question-bank-misconception-compatibility-v1.0.0,51969b9f-9159-5178-bba0-27da95766d72,64f455fa-d39a-48c5-8216-c72eaeecec3a,L18-S03,B042-B081,GMP-FULL-B078-Q003,32,L18-S03,QUESTION_BANK_COMPATIBILITY,شناسهٔ تشخیصی سازگاری بانک سؤال — L18-S03,این شناسه برای حفظ نگاشت تشخیصی distractorهای موجود در بانک سؤال B042–B081 ثبت شده است و جایگزین یا توسعهٔ taxonomy رسمی Stage7 نیست.,انتخاب این distractor باید با توضیح همان گزینه و context سؤال تفسیر شود؛ برای authoring جدید باید از شناسه‌های canonical Stage7 استفاده شود.,فقط برای سازگاری داده‌های موجود است؛ برای تولید سؤال جدید استفاده نشود.,COMPATIBILITY,CANDIDATE_PREDEPLOY_CONTENT_REVIEW,NOT_YET_OBSERVED__STAGE27_CALIBRATION,"Cette option ne respecte pas la règle ciblée « « très » vs « beaucoup » ». La réponse attendue est « très » : « très » modifie un adjectif ou un adverbe ; ici il porte sur l’adjectif « bavard ». || Cette option ne respecte pas la règle ciblée « « très » vs « beaucoup » ». La réponse attendue est « très » : Avec « avoir froid », comme avec avoir peur/mal, la leçon demande « très » et non « beaucoup ». || Cette option ne respecte pas la règle ciblée « « très » vs « beaucoup » ». La réponse attendue est « très » : « très » peut modifier l’adverbe « bien » : « très bien ».",Question Bank B042-B081 static-authoring artifacts; runtime FK compatibility bridge; Stage23 not executed.
question-bank-misconception-compatibility-v1.0.0,54443c6a-b6e3-5418-957a-d695818ff621,64f455fa-d39a-48c5-8216-c72eaeecec3a,L18-S03,B042-B081,GMP-FULL-B078-Q003,32,L18-S03,QUESTION_BANK_COMPATIBILITY,شناسهٔ تشخیصی سازگاری بانک سؤال — L18-S03,این شناسه برای حفظ نگاشت تشخیصی distractorهای موجود در بانک سؤال B042–B081 ثبت شده است و جایگزین یا توسعهٔ taxonomy رسمی Stage7 نیست.,انتخاب این distractor باید با توضیح همان گزینه و context سؤال تفسیر شود؛ برای authoring جدید باید از شناسه‌های canonical Stage7 استفاده شود.,فقط برای سازگاری داده‌های موجود است؛ برای تولید سؤال جدید استفاده نشود.,COMPATIBILITY,CANDIDATE_PREDEPLOY_CONTENT_REVIEW,NOT_YET_OBSERVED__STAGE27_CALIBRATION,"Cette option ne respecte pas la règle ciblée « « très » vs « beaucoup » ». La réponse attendue est « très » : « très » modifie un adjectif ou un adverbe ; ici il porte sur l’adjectif « bavard ». || Cette option ne respecte pas la règle ciblée « « très » vs « beaucoup » ». La réponse attendue est « très » : Avec « avoir froid », comme avec avoir peur/mal, la leçon demande « très » et non « beaucoup ». || Cette option ne respecte pas la règle ciblée « « très » vs « beaucoup » ». La réponse attendue est « très » : « très » peut modifier l’adverbe « bien » : « très bien ».",Question Bank B042-B081 static-authoring artifacts; runtime FK compatibility bridge; Stage23 not executed.
question-bank-misconception-compatibility-v1.0.0,c1b4fa2b-27b3-5085-9255-d940063b9cc2,64f455fa-d39a-48c5-8216-c72eaeecec3a,L18-S03,B042-B081,GMP-FULL-B078-Q003,32,L18-S03,QUESTION_BANK_COMPATIBILITY,شناسهٔ تشخیصی سازگاری بانک سؤال — L18-S03,این شناسه برای حفظ نگاشت تشخیصی distractorهای موجود در بانک سؤال B042–B081 ثبت شده است و جایگزین یا توسعهٔ taxonomy رسمی Stage7 نیست.,انتخاب این distractor باید با توضیح همان گزینه و context سؤال تفسیر شود؛ برای authoring جدید باید از شناسه‌های canonical Stage7 استفاده شود.,فقط برای سازگاری داده‌های موجود است؛ برای تولید سؤال جدید استفاده نشود.,COMPATIBILITY,CANDIDATE_PREDEPLOY_CONTENT_REVIEW,NOT_YET_OBSERVED__STAGE27_CALIBRATION,"Cette option ne respecte pas la règle ciblée « « très » vs « beaucoup » ». La réponse attendue est « très » : « très » modifie un adjectif ou un adverbe ; ici il porte sur l’adjectif « bavard ». || Cette option ne respecte pas la règle ciblée « « très » vs « beaucoup » ». La réponse attendue est « très » : Avec « avoir froid », comme avec avoir peur/mal, la leçon demande « très » et non « beaucoup ». || Cette option ne respecte pas la règle ciblée « « très » vs « beaucoup » ». La réponse attendue est « très » : « très » peut modifier l’adverbe « bien » : « très bien ».",Question Bank B042-B081 static-authoring artifacts; runtime FK compatibility bridge; Stage23 not executed.
question-bank-misconception-compatibility-v1.0.0,0bb4d432-0544-5ecb-aa41-0ec248f69c38,1d7fbf82-c298-48b7-9a8b-c1d5ed9c59b9,L18-S04,B042-B081,GMP-FULL-B078-Q004,32,L18-S04,QUESTION_BANK_COMPATIBILITY,شناسهٔ تشخیصی سازگاری بانک سؤال — L18-S04,این شناسه برای حفظ نگاشت تشخیصی distractorهای موجود در بانک سؤال B042–B081 ثبت شده است و جایگزین یا توسعهٔ taxonomy رسمی Stage7 نیست.,انتخاب این distractor باید با توضیح همان گزینه و context سؤال تفسیر شود؛ برای authoring جدید باید از شناسه‌های canonical Stage7 استفاده شود.,فقط برای سازگاری داده‌های موجود است؛ برای تولید سؤال جدید استفاده نشود.,COMPATIBILITY,CANDIDATE_PREDEPLOY_CONTENT_REVIEW,NOT_YET_OBSERVED__STAGE27_CALIBRATION,"Cette option ne respecte pas la règle ciblée « « aimer bien/beaucoup » ». La réponse attendue est « aime bien » : Dans la gradation donnée par la leçon, « aimer bien » correspond à la sympathie. || Cette option ne respecte pas la règle ciblée « « aimer bien/beaucoup » ». La réponse attendue est « aime beaucoup » : La leçon associe « aimer beaucoup » à l’amitié. || Cette option ne respecte pas la règle ciblée « « aimer bien/beaucoup » ». La réponse attendue est « aime » : Dans le contraste de la leçon, « J’aime Marie » exprime l’amour.",Question Bank B042-B081 static-authoring artifacts; runtime FK compatibility bridge; Stage23 not executed.
question-bank-misconception-compatibility-v1.0.0,de3883f2-2289-5815-9ab9-77af41931997,1d7fbf82-c298-48b7-9a8b-c1d5ed9c59b9,L18-S04,B042-B081,GMP-FULL-B078-Q004,32,L18-S04,QUESTION_BANK_COMPATIBILITY,شناسهٔ تشخیصی سازگاری بانک سؤال — L18-S04,این شناسه برای حفظ نگاشت تشخیصی distractorهای موجود در بانک سؤال B042–B081 ثبت شده است و جایگزین یا توسعهٔ taxonomy رسمی Stage7 نیست.,انتخاب این distractor باید با توضیح همان گزینه و context سؤال تفسیر شود؛ برای authoring جدید باید از شناسه‌های canonical Stage7 استفاده شود.,فقط برای سازگاری داده‌های موجود است؛ برای تولید سؤال جدید استفاده نشود.,COMPATIBILITY,CANDIDATE_PREDEPLOY_CONTENT_REVIEW,NOT_YET_OBSERVED__STAGE27_CALIBRATION,"Cette option ne respecte pas la règle ciblée « « aimer bien/beaucoup » ». La réponse attendue est « aime bien » : Dans la gradation donnée par la leçon, « aimer bien » correspond à la sympathie. || Cette option ne respecte pas la règle ciblée « « aimer bien/beaucoup » ». La réponse attendue est « aime beaucoup » : La leçon associe « aimer beaucoup » à l’amitié. || Cette option ne respecte pas la règle ciblée « « aimer bien/beaucoup » ». La réponse attendue est « aime » : Dans le contraste de la leçon, « J’aime Marie » exprime l’amour.",Question Bank B042-B081 static-authoring artifacts; runtime FK compatibility bridge; Stage23 not executed.
question-bank-misconception-compatibility-v1.0.0,faa63ea2-c483-51c9-9d19-201d5784fe5d,1d7fbf82-c298-48b7-9a8b-c1d5ed9c59b9,L18-S04,B042-B081,GMP-FULL-B078-Q004,32,L18-S04,QUESTION_BANK_COMPATIBILITY,شناسهٔ تشخیصی سازگاری بانک سؤال — L18-S04,این شناسه برای حفظ نگاشت تشخیصی distractorهای موجود در بانک سؤال B042–B081 ثبت شده است و جایگزین یا توسعهٔ taxonomy رسمی Stage7 نیست.,انتخاب این distractor باید با توضیح همان گزینه و context سؤال تفسیر شود؛ برای authoring جدید باید از شناسه‌های canonical Stage7 استفاده شود.,فقط برای سازگاری داده‌های موجود است؛ برای تولید سؤال جدید استفاده نشود.,COMPATIBILITY,CANDIDATE_PREDEPLOY_CONTENT_REVIEW,NOT_YET_OBSERVED__STAGE27_CALIBRATION,"Cette option ne respecte pas la règle ciblée « « aimer bien/beaucoup » ». La réponse attendue est « aime bien » : Dans la gradation donnée par la leçon, « aimer bien » correspond à la sympathie. || Cette option ne respecte pas la règle ciblée « « aimer bien/beaucoup » ». La réponse attendue est « aime beaucoup » : La leçon associe « aimer beaucoup » à l’amitié. || Cette option ne respecte pas la règle ciblée « « aimer bien/beaucoup » ». La réponse attendue est « aime » : Dans le contraste de la leçon, « J’aime Marie » exprime l’amour.",Question Bank B042-B081 static-authoring artifacts; runtime FK compatibility bridge; Stage23 not executed.
question-bank-misconception-compatibility-v1.0.0,257a1d92-f1ed-5348-b72f-e30f28c05d4e,7b326a24-2848-47ad-905f-601470d0f656,L18-S05,B042-B081,GMP-FULL-B078-Q005,29,L18-S05,QUESTION_BANK_COMPATIBILITY,شناسهٔ تشخیصی سازگاری بانک سؤال — L18-S05,این شناسه برای حفظ نگاشت تشخیصی distractorهای موجود در بانک سؤال B042–B081 ثبت شده است و جایگزین یا توسعهٔ taxonomy رسمی Stage7 نیست.,انتخاب این distractor باید با توضیح همان گزینه و context سؤال تفسیر شود؛ برای authoring جدید باید از شناسه‌های canonical Stage7 استفاده شود.,فقط برای سازگاری داده‌های موجود است؛ برای تولید سؤال جدید استفاده نشود.,COMPATIBILITY,CANDIDATE_PREDEPLOY_CONTENT_REVIEW,NOT_YET_OBSERVED__STAGE27_CALIBRATION,"Cette option ne respecte pas la règle ciblée « Formation des adverbes en -ment ». La réponse attendue est « doucement » : La forme donnée par la règle passe par le féminin « douce » puis ajoute « -ment » : « doucement ». || Cette option ne respecte pas la règle ciblée « Formation des adverbes en -ment ». La réponse attendue est « poliment » : Pour un adjectif masculin terminé par une voyelle, on ajoute « -ment » : « poli → poliment ». || Cette option ne respecte pas la règle ciblée « Formation des adverbes en -ment ». La réponse attendue est « suffisamment » : Un adjectif en « -ant » forme ici l’adverbe en « -amment » : « suffisamment ».",Question Bank B042-B081 static-authoring artifacts; runtime FK compatibility bridge; Stage23 not executed.
question-bank-misconception-compatibility-v1.0.0,275341f0-6bc8-5206-bdac-55c88788ea37,7b326a24-2848-47ad-905f-601470d0f656,L18-S05,B042-B081,GMP-FULL-B078-Q005,32,L18-S05,QUESTION_BANK_COMPATIBILITY,شناسهٔ تشخیصی سازگاری بانک سؤال — L18-S05,این شناسه برای حفظ نگاشت تشخیصی distractorهای موجود در بانک سؤال B042–B081 ثبت شده است و جایگزین یا توسعهٔ taxonomy رسمی Stage7 نیست.,انتخاب این distractor باید با توضیح همان گزینه و context سؤال تفسیر شود؛ برای authoring جدید باید از شناسه‌های canonical Stage7 استفاده شود.,فقط برای سازگاری داده‌های موجود است؛ برای تولید سؤال جدید استفاده نشود.,COMPATIBILITY,CANDIDATE_PREDEPLOY_CONTENT_REVIEW,NOT_YET_OBSERVED__STAGE27_CALIBRATION,"Cette option ne respecte pas la règle ciblée « Formation des adverbes en -ment ». La réponse attendue est « doucement » : La forme donnée par la règle passe par le féminin « douce » puis ajoute « -ment » : « doucement ». || Cette option ne respecte pas la règle ciblée « Formation des adverbes en -ment ». La réponse attendue est « poliment » : Pour un adjectif masculin terminé par une voyelle, on ajoute « -ment » : « poli → poliment ». || Cette option ne respecte pas la règle ciblée « Formation des adverbes en -ment ». La réponse attendue est « suffisamment » : Un adjectif en « -ant » forme ici l’adverbe en « -amment » : « suffisamment ».",Question Bank B042-B081 static-authoring artifacts; runtime FK compatibility bridge; Stage23 not executed.
question-bank-misconception-compatibility-v1.0.0,c75e1b46-956c-596e-8f99-5da8b1f3d91c,7b326a24-2848-47ad-905f-601470d0f656,L18-S05,B042-B081,GMP-FULL-B078-Q005,32,L18-S05,QUESTION_BANK_COMPATIBILITY,شناسهٔ تشخیصی سازگاری بانک سؤال — L18-S05,این شناسه برای حفظ نگاشت تشخیصی distractorهای موجود در بانک سؤال B042–B081 ثبت شده است و جایگزین یا توسعهٔ taxonomy رسمی Stage7 نیست.,انتخاب این distractor باید با توضیح همان گزینه و context سؤال تفسیر شود؛ برای authoring جدید باید از شناسه‌های canonical Stage7 استفاده شود.,فقط برای سازگاری داده‌های موجود است؛ برای تولید سؤال جدید استفاده نشود.,COMPATIBILITY,CANDIDATE_PREDEPLOY_CONTENT_REVIEW,NOT_YET_OBSERVED__STAGE27_CALIBRATION,"Cette option ne respecte pas la règle ciblée « Formation des adverbes en -ment ». La réponse attendue est « doucement » : La forme donnée par la règle passe par le féminin « douce » puis ajoute « -ment » : « doucement ». || Cette option ne respecte pas la règle ciblée « Formation des adverbes en -ment ». La réponse attendue est « poliment » : Pour un adjectif masculin terminé par une voyelle, on ajoute « -ment » : « poli → poliment ». || Cette option ne respecte pas la règle ciblée « Formation des adverbes en -ment ». La réponse attendue est « suffisamment » : Un adjectif en « -ant » forme ici l’adverbe en « -amment » : « suffisamment ».",Question Bank B042-B081 static-authoring artifacts; runtime FK compatibility bridge; Stage23 not executed.
question-bank-misconception-compatibility-v1.0.0,0d3eff4d-d3da-526d-8bc9-c7cf77d9e243,7b326a24-2848-47ad-905f-601470d0f656,L18-S05,B042-B081,GMP-FULL-B078-Q019,3,L18-S05,QUESTION_BANK_COMPATIBILITY,شناسهٔ تشخیصی سازگاری بانک سؤال — L18-S05,این شناسه برای حفظ نگاشت تشخیصی distractorهای موجود در بانک سؤال B042–B081 ثبت شده است و جایگزین یا توسعهٔ taxonomy رسمی Stage7 نیست.,انتخاب این distractor باید با توضیح همان گزینه و context سؤال تفسیر شود؛ برای authoring جدید باید از شناسه‌های canonical Stage7 استفاده شود.,فقط برای سازگاری داده‌های موجود است؛ برای تولید سؤال جدید استفاده نشود.,COMPATIBILITY,CANDIDATE_PREDEPLOY_CONTENT_REVIEW,NOT_YET_OBSERVED__STAGE27_CALIBRATION,"Cette option ne respecte pas la règle ciblée « Formation des adverbes en -ment ». La réponse attendue est « Il répond gentiment. » : « gentil » donne exceptionnellement « gentiment » dans la leçon. || Cette option ne respecte pas la règle ciblée « Formation des adverbes en -ment ». La réponse attendue est « gentil → gentillement » : La forme particulière est « gentil → gentiment », et non « gentillement ». || Cette option ne respecte pas la règle ciblée « Formation des adverbes en -ment ». La réponse attendue est « gentiment / gaiement » : Les formes données sont « gentil → gentiment » et « gai → gaiement ».",Question Bank B042-B081 static-authoring artifacts; runtime FK compatibility bridge; Stage23 not executed.
question-bank-misconception-compatibility-v1.0.0,8565924f-a7c6-5ecd-b8cd-5ad185743ff4,2b915634-931b-42b4-8b19-b3c4c62eba27,L18-S06,B042-B081,GMP-FULL-B078-Q025,38,L18-S06,QUESTION_BANK_COMPATIBILITY,شناسهٔ تشخیصی سازگاری بانک سؤال — L18-S06,این شناسه برای حفظ نگاشت تشخیصی distractorهای موجود در بانک سؤال B042–B081 ثبت شده است و جایگزین یا توسعهٔ taxonomy رسمی Stage7 نیست.,انتخاب این distractor باید با توضیح همان گزینه و context سؤال تفسیر شود؛ برای authoring جدید باید از شناسه‌های canonical Stage7 استفاده شود.,فقط برای سازگاری داده‌های موجود است؛ برای تولید سؤال جدید استفاده نشود.,COMPATIBILITY,CANDIDATE_PREDEPLOY_CONTENT_REVIEW,NOT_YET_OBSERVED__STAGE27_CALIBRATION,Cette option ne respecte pas la règle ciblée « Adverbes de temps et de lieu ». La réponse attendue est « de temps » : « dedans » est présenté comme un adverbe de lieu ; le segment erroné est donc « de temps ». || Cette option ne respecte pas la règle ciblée « Adverbes de temps et de lieu ». La réponse attendue est « de lieu » : « rarement » appartient aux adverbes de temps/fréquence ; l’erreur est la classification « de lieu ». || Cette option ne respecte pas la règle ciblée « Adverbes de temps et de lieu ». La réponse attendue est « une fréquence » : « dehors » est un adverbe de lieu ; il n’indique pas une fréquence.,Question Bank B042-B081 static-authoring artifacts; runtime FK compatibility bridge; Stage23 not executed.
question-bank-misconception-compatibility-v1.0.0,cce64aac-4ee2-5d04-b99c-6f4343bc3aa6,2b915634-931b-42b4-8b19-b3c4c62eba27,L18-S06,B042-B081,GMP-FULL-B078-Q025,38,L18-S06,QUESTION_BANK_COMPATIBILITY,شناسهٔ تشخیصی سازگاری بانک سؤال — L18-S06,این شناسه برای حفظ نگاشت تشخیصی distractorهای موجود در بانک سؤال B042–B081 ثبت شده است و جایگزین یا توسعهٔ taxonomy رسمی Stage7 نیست.,انتخاب این distractor باید با توضیح همان گزینه و context سؤال تفسیر شود؛ برای authoring جدید باید از شناسه‌های canonical Stage7 استفاده شود.,فقط برای سازگاری داده‌های موجود است؛ برای تولید سؤال جدید استفاده نشود.,COMPATIBILITY,CANDIDATE_PREDEPLOY_CONTENT_REVIEW,NOT_YET_OBSERVED__STAGE27_CALIBRATION,Cette option ne respecte pas la règle ciblée « Adverbes de temps et de lieu ». La réponse attendue est « de temps » : « dedans » est présenté comme un adverbe de lieu ; le segment erroné est donc « de temps ». || Cette option ne respecte pas la règle ciblée « Adverbes de temps et de lieu ». La réponse attendue est « de lieu » : « rarement » appartient aux adverbes de temps/fréquence ; l’erreur est la classification « de lieu ». || Cette option ne respecte pas la règle ciblée « Adverbes de temps et de lieu ». La réponse attendue est « une fréquence » : « dehors » est un adverbe de lieu ; il n’indique pas une fréquence.,Question Bank B042-B081 static-authoring artifacts; runtime FK compatibility bridge; Stage23 not executed.
question-bank-misconception-compatibility-v1.0.0,e6c3d3df-df0c-5e30-a870-5575bad8b985,2b915634-931b-42b4-8b19-b3c4c62eba27,L18-S06,B042-B081,GMP-FULL-B078-Q025,38,L18-S06,QUESTION_BANK_COMPATIBILITY,شناسهٔ تشخیصی سازگاری بانک سؤال — L18-S06,این شناسه برای حفظ نگاشت تشخیصی distractorهای موجود در بانک سؤال B042–B081 ثبت شده است و جایگزین یا توسعهٔ taxonomy رسمی Stage7 نیست.,انتخاب این distractor باید با توضیح همان گزینه و context سؤال تفسیر شود؛ برای authoring جدید باید از شناسه‌های canonical Stage7 استفاده شود.,فقط برای سازگاری داده‌های موجود است؛ برای تولید سؤال جدید استفاده نشود.,COMPATIBILITY,CANDIDATE_PREDEPLOY_CONTENT_REVIEW,NOT_YET_OBSERVED__STAGE27_CALIBRATION,Cette option ne respecte pas la règle ciblée « Adverbes de temps et de lieu ». La réponse attendue est « de temps » : « dedans » est présenté comme un adverbe de lieu ; le segment erroné est donc « de temps ». || Cette option ne respecte pas la règle ciblée « Adverbes de temps et de lieu ». La réponse attendue est « de lieu » : « rarement » appartient aux adverbes de temps/fréquence ; l’erreur est la classification « de lieu ». || Cette option ne respecte pas la règle ciblée « Adverbes de temps et de lieu ». La réponse attendue est « une fréquence » : « dehors » est un adverbe de lieu ; il n’indique pas une fréquence.,Question Bank B042-B081 static-authoring artifacts; runtime FK compatibility bridge; Stage23 not executed.
