lesson_id,lesson_no,lesson_title_fr,subtopic_id,subtopic_code,subtopic_title_fr,subtopic_title_fa,category_code,subcategory_code,domain_code,domain_label_fa,source_ref,source_basis,catalogue_version,status,empirical_commonness,misconception_id,misconception_family,name_fa,misconception_statement_fa,distractor_authoring_hint_fa,diagnostic_interpretation_fa,priority,notes_from_stage1
eb643021-d5f2-4093-8fd2-835a2199ef3f,1,LE VERBE « ÊTRE »,cfdb9cd8-73ac-48d3-8b53-3434fe851607,L01-S01,Être au dialogue de base,کاربرد être در جملهٔ پایه,CAT01,SUB01,CONJUGATION_FORM,صرف و صورت فعل,Lesson 1; printed p. 8,Stage1 rule text + Stage2 classification; error frequency not claimed by source,misconception-catalogue-recovered-v1.0.0,CANDIDATE_PREDEPLOY_CONTENT_REVIEW,NOT_YET_OBSERVED__STAGE27_CALIBRATION,3cd2b4ab-6fe3-575b-a59b-f326732af77f,OVERGENERALIZATION,تعمیم بیش‌ازحد قاعده,قاعدهٔ هدف «être برای معرفی وضعیت، هویت، ملیت و مکان به‌کار می‌رود.» را بدون توجه به شرط، نقش یا محدودیت بافتی زیرموضوع «کاربرد être در جملهٔ پایه» به همهٔ موارد مشابه تعمیم می‌دهد.,ساخت distractor با اجرای قاعدهٔ عمومی در جایی که شرط دقیق subtopic آن را مجاز نمی‌کند.,اگر کاربر این گزینه را انتخاب کند، احتمالاً قاعده را می‌داند اما دامنهٔ کاربرد آن را بیش از حد گسترده گرفته است.,CORE,de پیش از واکه به d’ کوتاه می‌شود.
eb643021-d5f2-4093-8fd2-835a2199ef3f,1,LE VERBE « ÊTRE »,cfdb9cd8-73ac-48d3-8b53-3434fe851607,L01-S01,Être au dialogue de base,کاربرد être در جملهٔ پایه,CAT01,SUB01,CONJUGATION_FORM,صرف و صورت فعل,Lesson 1; printed p. 8,Stage1 rule text + Stage2 classification; error frequency not claimed by source,misconception-catalogue-recovered-v1.0.0,CANDIDATE_PREDEPLOY_CONTENT_REVIEW,NOT_YET_OBSERVED__STAGE27_CALIBRATION,ed1cb618-49c5-5e0e-b64e-53219e3404d0,NEAR_FORM_CONFUSION,اشتباه با فرم/قاعده نزدیک,صورت صرفی نزدیک همان فعل (شخص، ریشه یا پایانه دیگر) را به‌جای صورت هدف انتخاب می‌کند.,یک فرم واقعی و نزدیک از همان خانواده انتخاب شود؛ فرم باید در context دیگری معتبر باشد ولی اینجا به‌طور قطعی غلط باشد.,انتخاب آن نشان می‌دهد تمایز میان قاعده هدف و همسایهٔ نزدیک هنوز پایدار نشده است.,CORE,de پیش از واکه به d’ کوتاه می‌شود.
eb643021-d5f2-4093-8fd2-835a2199ef3f,1,LE VERBE « ÊTRE »,cfdb9cd8-73ac-48d3-8b53-3434fe851607,L01-S01,Être au dialogue de base,کاربرد être در جملهٔ پایه,CAT01,SUB01,CONJUGATION_FORM,صرف و صورت فعل,Lesson 1; printed p. 8,Stage1 rule text + Stage2 classification; error frequency not claimed by source,misconception-catalogue-recovered-v1.0.0,CANDIDATE_PREDEPLOY_CONTENT_REVIEW,NOT_YET_OBSERVED__STAGE27_CALIBRATION,b6cc8989-a591-57a7-a9ee-2f086dc8723b,CONTEXT_ROLE_MISMATCH,انتقال قاعده درست به context نادرست,صورت صرفی‌ای را که برای فاعل/زمان دیگری درست است به context فعلی منتقل می‌کند.,distractor از قاعده‌ای ساخته شود که به‌خودی‌خود معتبر است، اما نقش/مرجع/زمان/register این context با آن سازگار نیست.,انتخاب آن نشانهٔ تحلیل ناکافی context یا نقش دستوری است، نه صرفاً ندانستن شکل ظاهری.,CORE,de پیش از واکه به d’ کوتاه می‌شود.
eb643021-d5f2-4093-8fd2-835a2199ef3f,1,LE VERBE « ÊTRE »,cfdb9cd8-73ac-48d3-8b53-3434fe851607,L01-S01,Être au dialogue de base,کاربرد être در جملهٔ پایه,CAT01,SUB01,CONJUGATION_FORM,صرف و صورت فعل,Lesson 1; printed p. 8,Stage1 rule text + Stage2 classification; error frequency not claimed by source,misconception-catalogue-recovered-v1.0.0,CANDIDATE_PREDEPLOY_CONTENT_REVIEW,NOT_YET_OBSERVED__STAGE27_CALIBRATION,ed1e4e4b-62d2-5ed8-8af6-f95c44aacf4c,EXCEPTION_NEGLECT,نادیده‌گرفتن استثنا/محدودیت صریح,قاعدهٔ عمومی زیرموضوع «کاربرد être در جملهٔ پایه» را اعمال می‌کند اما نکته/استثنای صریح ثبت‌شده را نادیده می‌گیرد: de پیش از واکه به d’ کوتاه می‌شود.,گزینه از خروجی قاعدهٔ عمومی ساخته شود؛ تنها تفاوت باید همان استثنا/محدودیت ثبت‌شده باشد.,انتخاب آن به‌طور مستقیم نشان می‌دهد قاعده عمومی بازیابی شده ولی استثنای کتاب تثبیت نشده است.,HIGH_EXCEPTION,de پیش از واکه به d’ کوتاه می‌شود.
eb643021-d5f2-4093-8fd2-835a2199ef3f,1,LE VERBE « ÊTRE »,1237cb2a-77f1-42e5-8f99-aa79ac2d41db,L01-S02,Conjugaison de « être »,صرف être,CAT01,SUB01,CONJUGATION_FORM,صرف و صورت فعل,Lesson 1; printed p. 10,Stage1 rule text + Stage2 classification; error frequency not claimed by source,misconception-catalogue-recovered-v1.0.0,CANDIDATE_PREDEPLOY_CONTENT_REVIEW,NOT_YET_OBSERVED__STAGE27_CALIBRATION,75aceb1d-0764-55ae-9eae-dd2b4c2377df,OVERGENERALIZATION,تعمیم بیش‌ازحد قاعده,"قاعدهٔ هدف «صرف حال être: suis, es, est, sommes, êtes, sont.» را بدون توجه به شرط، نقش یا محدودیت بافتی زیرموضوع «صرف être» به همهٔ موارد مشابه تعمیم می‌دهد.",ساخت distractor با اجرای قاعدهٔ عمومی در جایی که شرط دقیق subtopic آن را مجاز نمی‌کند.,اگر کاربر این گزینه را انتخاب کند، احتمالاً قاعده را می‌داند اما دامنهٔ کاربرد آن را بیش از حد گسترده گرفته است.,CORE,
eb643021-d5f2-4093-8fd2-835a2199ef3f,1,LE VERBE « ÊTRE »,1237cb2a-77f1-42e5-8f99-aa79ac2d41db,L01-S02,Conjugaison de « être »,صرف être,CAT01,SUB01,CONJUGATION_FORM,صرف و صورت فعل,Lesson 1; printed p. 10,Stage1 rule text + Stage2 classification; error frequency not claimed by source,misconception-catalogue-recovered-v1.0.0,CANDIDATE_PREDEPLOY_CONTENT_REVIEW,NOT_YET_OBSERVED__STAGE27_CALIBRATION,1bd50e07-bb56-599b-819d-25e515287709,NEAR_FORM_CONFUSION,اشتباه با فرم/قاعده نزدیک,صورت صرفی نزدیک همان فعل (شخص، ریشه یا پایانه دیگر) را به‌جای صورت هدف انتخاب می‌کند.,یک فرم واقعی و نزدیک از همان خانواده انتخاب شود؛ فرم باید در context دیگری معتبر باشد ولی اینجا به‌طور قطعی غلط باشد.,انتخاب آن نشان می‌دهد تمایز میان قاعده هدف و همسایهٔ نزدیک هنوز پایدار نشده است.,CORE,
eb643021-d5f2-4093-8fd2-835a2199ef3f,1,LE VERBE « ÊTRE »,1237cb2a-77f1-42e5-8f99-aa79ac2d41db,L01-S02,Conjugaison de « être »,صرف être,CAT01,SUB01,CONJUGATION_FORM,صرف و صورت فعل,Lesson 1; printed p. 10,Stage1 rule text + Stage2 classification; error frequency not claimed by source,misconception-catalogue-recovered-v1.0.0,CANDIDATE_PREDEPLOY_CONTENT_REVIEW,NOT_YET_OBSERVED__STAGE27_CALIBRATION,53b4a91c-e5a2-5ec0-b58f-6852e79c5d2e,CONTEXT_ROLE_MISMATCH,انتقال قاعده درست به context نادرست,صورت صرفی‌ای را که برای فاعل/زمان دیگری درست است به context فعلی منتقل می‌کند.,distractor از قاعده‌ای ساخته شود که به‌خودی‌خود معتبر است، اما نقش/مرجع/زمان/register این context با آن سازگار نیست.,انتخاب آن نشانهٔ تحلیل ناکافی context یا نقش دستوری است، نه صرفاً ندانستن شکل ظاهری.,CORE,
eb643021-d5f2-4093-8fd2-835a2199ef3f,1,LE VERBE « ÊTRE »,2d95b9d7-f446-49d9-bab9-01db75bf00ea,L01-S03,Pronoms sujets avec « être »,ضمیرهای فاعلی,CAT01,SUB01,PRONOUN_REFERENCE,ضمیر و ارجاع,Lesson 1; printed p. 10,Stage1 rule text + Stage2 classification; error frequency not claimed by source,misconception-catalogue-recovered-v1.0.0,CANDIDATE_PREDEPLOY_CONTENT_REVIEW,NOT_YET_OBSERVED__STAGE27_CALIBRATION,821164ac-85c7-58f9-88fd-a4ac7300d3e9,OVERGENERALIZATION,تعمیم بیش‌ازحد قاعده,"قاعدهٔ هدف «je, tu, il/elle/on, nous, vous, ils/elles فاعل جمله‌اند.» را بدون توجه به شرط، نقش یا محدودیت بافتی زیرموضوع «ضمیرهای فاعلی» به همهٔ موارد مشابه تعمیم می‌دهد.",ساخت distractor با اجرای قاعدهٔ عمومی در جایی که شرط دقیق subtopic آن را مجاز نمی‌کند.,اگر کاربر این گزینه را انتخاب کند، احتمالاً قاعده را می‌داند اما دامنهٔ کاربرد آن را بیش از حد گسترده گرفته است.,CORE,il/elle برای شخص یا شیء؛ ils برای گروه مذکر یا مختلط.
eb643021-d5f2-4093-8fd2-835a2199ef3f,1,LE VERBE « ÊTRE »,2d95b9d7-f446-49d9-bab9-01db75bf00ea,L01-S03,Pronoms sujets avec « être »,ضمیرهای فاعلی,CAT01,SUB01,PRONOUN_REFERENCE,ضمیر و ارجاع,Lesson 1; printed p. 10,Stage1 rule text + Stage2 classification; error frequency not claimed by source,misconception-catalogue-recovered-v1.0.0,CANDIDATE_PREDEPLOY_CONTENT_REVIEW,NOT_YET_OBSERVED__STAGE27_CALIBRATION,cf4d4be1-15ee-54e2-a7fa-cdb2196a2709,NEAR_FORM_CONFUSION,اشتباه با فرم/قاعده نزدیک,نوع یا صورت ضمیر نزدیک (نقش، شخص، جنس/شمار یا نوع متمم متفاوت) را به‌جای ضمیر هدف انتخاب می‌کند.,یک فرم واقعی و نزدیک از همان خانواده انتخاب شود؛ فرم باید در context دیگری معتبر باشد ولی اینجا به‌طور قطعی غلط باشد.,انتخاب آن نشان می‌دهد تمایز میان قاعده هدف و همسایهٔ نزدیک هنوز پایدار نشده است.,CORE,il/elle برای شخص یا شیء؛ ils برای گروه مذکر یا مختلط.
eb643021-d5f2-4093-8fd2-835a2199ef3f,1,LE VERBE « ÊTRE »,2d95b9d7-f446-49d9-bab9-01db75bf00ea,L01-S03,Pronoms sujets avec « être »,ضمیرهای فاعلی,CAT01,SUB01,PRONOUN_REFERENCE,ضمیر و ارجاع,Lesson 1; printed p. 10,Stage1 rule text + Stage2 classification; error frequency not claimed by source,misconception-catalogue-recovered-v1.0.0,CANDIDATE_PREDEPLOY_CONTENT_REVIEW,NOT_YET_OBSERVED__STAGE27_CALIBRATION,dacc499c-707a-5ea0-b3ee-3fae16ce4c08,CONTEXT_ROLE_MISMATCH,انتقال قاعده درست به context نادرست,ضمیر درست برای مرجع یا متمم دیگری را به این جمله منتقل می‌کند و antecedent/رکسیون فعلی را نادیده می‌گیرد.,distractor از قاعده‌ای ساخته شود که به‌خودی‌خود معتبر است، اما نقش/مرجع/زمان/register این context با آن سازگار نیست.,انتخاب آن نشانهٔ تحلیل ناکافی context یا نقش دستوری است، نه صرفاً ندانستن شکل ظاهری.,CORE,il/elle برای شخص یا شیء؛ ils برای گروه مذکر یا مختلط.
eb643021-d5f2-4093-8fd2-835a2199ef3f,1,LE VERBE « ÊTRE »,2d95b9d7-f446-49d9-bab9-01db75bf00ea,L01-S03,Pronoms sujets avec « être »,ضمیرهای فاعلی,CAT01,SUB01,PRONOUN_REFERENCE,ضمیر و ارجاع,Lesson 1; printed p. 10,Stage1 rule text + Stage2 classification; error frequency not claimed by source,misconception-catalogue-recovered-v1.0.0,CANDIDATE_PREDEPLOY_CONTENT_REVIEW,NOT_YET_OBSERVED__STAGE27_CALIBRATION,e19ce568-e639-5dfc-bef7-e005b077faf7,EXCEPTION_NEGLECT,نادیده‌گرفتن استثنا/محدودیت صریح,قاعدهٔ عمومی زیرموضوع «ضمیرهای فاعلی» را اعمال می‌کند اما نکته/استثنای صریح ثبت‌شده را نادیده می‌گیرد: il/elle برای شخص یا شیء؛ ils برای گروه مذکر یا مختلط.,گزینه از خروجی قاعدهٔ عمومی ساخته شود؛ تنها تفاوت باید همان استثنا/محدودیت ثبت‌شده باشد.,انتخاب آن به‌طور مستقیم نشان می‌دهد قاعده عمومی بازیابی شده ولی استثنای کتاب تثبیت نشده است.,HIGH_EXCEPTION,il/elle برای شخص یا شیء؛ ils برای گروه مذکر یا مختلط.
eb643021-d5f2-4093-8fd2-835a2199ef3f,1,LE VERBE « ÊTRE »,6f0ff508-1612-49b8-b1f5-283619cfdc64,L01-S04,Liaison avec « être »,لیِزون با être,CAT01,SUB01,ORTHOGRAPHY,املا/صورت نوشتاری,Lesson 1; printed p. 10,Stage1 rule text + Stage2 classification; error frequency not claimed by source,misconception-catalogue-recovered-v1.0.0,CANDIDATE_PREDEPLOY_CONTENT_REVIEW,NOT_YET_OBSERVED__STAGE27_CALIBRATION,7e5c4ddb-102e-5de7-89ea-bf925d9df10d,OVERGENERALIZATION,تعمیم بیش‌ازحد قاعده,قاعدهٔ هدف «در برخی ترکیب‌های ضمیر + être liaison اجباری است.» را بدون توجه به شرط، نقش یا محدودیت بافتی زیرموضوع «لیِزون با être» به همهٔ موارد مشابه تعمیم می‌دهد.,ساخت distractor با اجرای قاعدهٔ عمومی در جایی که شرط دقیق subtopic آن را مجاز نمی‌کند.,اگر کاربر این گزینه را انتخاب کند، احتمالاً قاعده را می‌داند اما دامنهٔ کاربرد آن را بیش از حد گسترده گرفته است.,CORE,
eb643021-d5f2-4093-8fd2-835a2199ef3f,1,LE VERBE « ÊTRE »,6f0ff508-1612-49b8-b1f5-283619cfdc64,L01-S04,Liaison avec « être »,لیِزون با être,CAT01,SUB01,ORTHOGRAPHY,املا/صورت نوشتاری,Lesson 1; printed p. 10,Stage1 rule text + Stage2 classification; error frequency not claimed by source,misconception-catalogue-recovered-v1.0.0,CANDIDATE_PREDEPLOY_CONTENT_REVIEW,NOT_YET_OBSERVED__STAGE27_CALIBRATION,1be62354-dfd8-5cff-9a9f-2dfb51e2e9e6,NEAR_FORM_CONFUSION,اشتباه با فرم/قاعده نزدیک,صورت نوشتاری یا شکل نزدیک را به‌جای فرم استاندارد هدف انتخاب می‌کند.,یک فرم واقعی و نزدیک از همان خانواده انتخاب شود؛ فرم باید در context دیگری معتبر باشد ولی اینجا به‌طور قطعی غلط باشد.,انتخاب آن نشان می‌دهد تمایز میان قاعده هدف و همسایهٔ نزدیک هنوز پایدار نشده است.,CORE,
eb643021-d5f2-4093-8fd2-835a2199ef3f,1,LE VERBE « ÊTRE »,6f0ff508-1612-49b8-b1f5-283619cfdc64,L01-S04,Liaison avec « être »,لیِزون با être,CAT01,SUB01,ORTHOGRAPHY,املا/صورت نوشتاری,Lesson 1; printed p. 10,Stage1 rule text + Stage2 classification; error frequency not claimed by source,misconception-catalogue-recovered-v1.0.0,CANDIDATE_PREDEPLOY_CONTENT_REVIEW,NOT_YET_OBSERVED__STAGE27_CALIBRATION,9df7199b-c069-54d7-b70c-3a7fda0420a5,CONTEXT_ROLE_MISMATCH,انتقال قاعده درست به context نادرست,صورت نوشتاری معتبر در محیط دیگری را به محیط صرفی/آوایی فعلی منتقل می‌کند.,distractor از قاعده‌ای ساخته شود که به‌خودی‌خود معتبر است، اما نقش/مرجع/زمان/register این context با آن سازگار نیست.,انتخاب آن نشانهٔ تحلیل ناکافی context یا نقش دستوری است، نه صرفاً ندانستن شکل ظاهری.,CORE,
734f4892-3926-439e-b274-85e9d824e225,2,L’ADJECTIF (1),edfe2905-bf23-49a0-aa85-8037790301eb,L02-S01,Masculin et féminin de l’adjectif,مذکر و مؤنث صفت,CAT06,SUB14,AGREEMENT_FORM,تطابق و صورت,Lesson 2; printed p. 12,Stage1 rule text + Stage2 classification; error frequency not claimed by source,misconception-catalogue-recovered-v1.0.0,CANDIDATE_PREDEPLOY_CONTENT_REVIEW,NOT_YET_OBSERVED__STAGE27_CALIBRATION,968f7f16-2ca8-57ba-8fe0-fda33eb53a11,OVERGENERALIZATION,تعمیم بیش‌ازحد قاعده,قاعدهٔ هدف «مؤنث صفت غالباً با افزودن -e ساخته می‌شود.» را بدون توجه به شرط، نقش یا محدودیت بافتی زیرموضوع «مذکر و مؤنث صفت» به همهٔ موارد مشابه تعمیم می‌دهد.,ساخت distractor با اجرای قاعدهٔ عمومی در جایی که شرط دقیق subtopic آن را مجاز نمی‌کند.,اگر کاربر این گزینه را انتخاب کند، احتمالاً قاعده را می‌داند اما دامنهٔ کاربرد آن را بیش از حد گسترده گرفته است.,CORE,الگوهای -en/-enne، -on/-onne، -el/-elle، -f/-ve، -eux/-euse، -er/-ère و صورت‌های نامنظم مانند beau/belle، vieux/vieille، blanc/blanche.
734f4892-3926-439e-b274-85e9d824e225,2,L’ADJECTIF (1),edfe2905-bf23-49a0-aa85-8037790301eb,L02-S01,Masculin et féminin de l’adjectif,مذکر و مؤنث صفت,CAT06,SUB14,AGREEMENT_FORM,تطابق و صورت,Lesson 2; printed p. 12,Stage1 rule text + Stage2 classification; error frequency not claimed by source,misconception-catalogue-recovered-v1.0.0,CANDIDATE_PREDEPLOY_CONTENT_REVIEW,NOT_YET_OBSERVED__STAGE27_CALIBRATION,47d690b1-6220-5032-b2d7-12d166162c1b,NEAR_FORM_CONFUSION,اشتباه با فرم/قاعده نزدیک,صورت نزدیک را انتخاب می‌کند اما جنس/شمار یا مرجع توافق را اشتباه می‌گیرد.,یک فرم واقعی و نزدیک از همان خانواده انتخاب شود؛ فرم باید در context دیگری معتبر باشد ولی اینجا به‌طور قطعی غلط باشد.,انتخاب آن نشان می‌دهد تمایز میان قاعده هدف و همسایهٔ نزدیک هنوز پایدار نشده است.,CORE,الگوهای -en/-enne، -on/-onne، -el/-elle، -f/-ve، -eux/-euse، -er/-ère و صورت‌های نامنظم مانند beau/belle، vieux/vieille، blanc/blanche.
734f4892-3926-439e-b274-85e9d824e225,2,L’ADJECTIF (1),edfe2905-bf23-49a0-aa85-8037790301eb,L02-S01,Masculin et féminin de l’adjectif,مذکر و مؤنث صفت,CAT06,SUB14,AGREEMENT_FORM,تطابق و صورت,Lesson 2; printed p. 12,Stage1 rule text + Stage2 classification; error frequency not claimed by source,misconception-catalogue-recovered-v1.0.0,CANDIDATE_PREDEPLOY_CONTENT_REVIEW,NOT_YET_OBSERVED__STAGE27_CALIBRATION,d74c7c07-e0a9-5eeb-ba22-fb681a5d54e9,CONTEXT_ROLE_MISMATCH,انتقال قاعده درست به context نادرست,توافق درست با مرجع دیگری را به مرجع هدف منتقل می‌کند یا مرجع توافق را اشتباه شناسایی می‌کند.,distractor از قاعده‌ای ساخته شود که به‌خودی‌خود معتبر است، اما نقش/مرجع/زمان/register این context با آن سازگار نیست.,انتخاب آن نشانهٔ تحلیل ناکافی context یا نقش دستوری است، نه صرفاً ندانستن شکل ظاهری.,CORE,الگوهای -en/-enne، -on/-onne، -el/-elle، -f/-ve، -eux/-euse، -er/-ère و صورت‌های نامنظم مانند beau/belle، vieux/vieille، blanc/blanche.
734f4892-3926-439e-b274-85e9d824e225,2,L’ADJECTIF (1),edfe2905-bf23-49a0-aa85-8037790301eb,L02-S01,Masculin et féminin de l’adjectif,مذکر و مؤنث صفت,CAT06,SUB14,AGREEMENT_FORM,تطابق و صورت,Lesson 2; printed p. 12,Stage1 rule text + Stage2 classification; error frequency not claimed by source,misconception-catalogue-recovered-v1.0.0,CANDIDATE_PREDEPLOY_CONTENT_REVIEW,NOT_YET_OBSERVED__STAGE27_CALIBRATION,d7c037c3-b5b7-5d84-8f98-67c917a29a48,EXCEPTION_NEGLECT,نادیده‌گرفتن استثنا/محدودیت صریح,قاعدهٔ عمومی زیرموضوع «مذکر و مؤنث صفت» را اعمال می‌کند اما نکته/استثنای صریح ثبت‌شده را نادیده می‌گیرد: الگوهای -en/-enne، -on/-onne، -el/-elle، -f/-ve، -eux/-euse، -er/-ère و صورت‌های نامنظم مانند beau/belle، vieux/vieille، blanc/blanche.,گزینه از خروجی قاعدهٔ عمومی ساخته شود؛ تنها تفاوت باید همان استثنا/محدودیت ثبت‌شده باشد.,انتخاب آن به‌طور مستقیم نشان می‌دهد قاعده عمومی بازیابی شده ولی استثنای کتاب تثبیت نشده است.,HIGH_EXCEPTION,الگوهای -en/-enne، -on/-onne، -el/-elle، -f/-ve، -eux/-euse، -er/-ère و صورت‌های نامنظم مانند beau/belle، vieux/vieille، blanc/blanche.
734f4892-3926-439e-b274-85e9d824e225,2,L’ADJECTIF (1),0c0ad026-3216-4ade-a8ed-2b8ad3fbffba,L02-S02,Singulier et pluriel de l’adjectif,مفرد و جمع صفت,CAT06,SUB14,AGREEMENT_FORM,تطابق و صورت,Lesson 2; printed p. 14,Stage1 rule text + Stage2 classification; error frequency not claimed by source,misconception-catalogue-recovered-v1.0.0,CANDIDATE_PREDEPLOY_CONTENT_REVIEW,NOT_YET_OBSERVED__STAGE27_CALIBRATION,4c73a980-0261-5981-91c8-b297c5c5047d,OVERGENERALIZATION,تعمیم بیش‌ازحد قاعده,قاعدهٔ هدف «جمع صفت معمولاً با -s ساخته می‌شود و با مرجع توافق می‌کند.» را بدون توجه به شرط، نقش یا محدودیت بافتی زیرموضوع «مفرد و جمع صفت» به همهٔ موارد مشابه تعمیم می‌دهد.,ساخت distractor با اجرای قاعدهٔ عمومی در جایی که شرط دقیق subtopic آن را مجاز نمی‌کند.,اگر کاربر این گزینه را انتخاب کند، احتمالاً قاعده را می‌داند اما دامنهٔ کاربرد آن را بیش از حد گسترده گرفته است.,CORE,banal/fatal/naval/final جمع -als دارند.
734f4892-3926-439e-b274-85e9d824e225,2,L’ADJECTIF (1),0c0ad026-3216-4ade-a8ed-2b8ad3fbffba,L02-S02,Singulier et pluriel de l’adjectif,مفرد و جمع صفت,CAT06,SUB14,AGREEMENT_FORM,تطابق و صورت,Lesson 2; printed p. 14,Stage1 rule text + Stage2 classification; error frequency not claimed by source,misconception-catalogue-recovered-v1.0.0,CANDIDATE_PREDEPLOY_CONTENT_REVIEW,NOT_YET_OBSERVED__STAGE27_CALIBRATION,66153b2e-8ae0-5f42-8d10-92fc53459eec,NEAR_FORM_CONFUSION,اشتباه با فرم/قاعده نزدیک,صورت نزدیک را انتخاب می‌کند اما جنس/شمار یا مرجع توافق را اشتباه می‌گیرد.,یک فرم واقعی و نزدیک از همان خانواده انتخاب شود؛ فرم باید در context دیگری معتبر باشد ولی اینجا به‌طور قطعی غلط باشد.,انتخاب آن نشان می‌دهد تمایز میان قاعده هدف و همسایهٔ نزدیک هنوز پایدار نشده است.,CORE,banal/fatal/naval/final جمع -als دارند.
734f4892-3926-439e-b274-85e9d824e225,2,L’ADJECTIF (1),0c0ad026-3216-4ade-a8ed-2b8ad3fbffba,L02-S02,Singulier et pluriel de l’adjectif,مفرد و جمع صفت,CAT06,SUB14,AGREEMENT_FORM,تطابق و صورت,Lesson 2; printed p. 14,Stage1 rule text + Stage2 classification; error frequency not claimed by source,misconception-catalogue-recovered-v1.0.0,CANDIDATE_PREDEPLOY_CONTENT_REVIEW,NOT_YET_OBSERVED__STAGE27_CALIBRATION,f4665490-ae6a-5e2d-b099-fe8e5ed41f41,CONTEXT_ROLE_MISMATCH,انتقال قاعده درست به context نادرست,توافق درست با مرجع دیگری را به مرجع هدف منتقل می‌کند یا مرجع توافق را اشتباه شناسایی می‌کند.,distractor از قاعده‌ای ساخته شود که به‌خودی‌خود معتبر است، اما نقش/مرجع/زمان/register این context با آن سازگار نیست.,انتخاب آن نشانهٔ تحلیل ناکافی context یا نقش دستوری است، نه صرفاً ندانستن شکل ظاهری.,CORE,banal/fatal/naval/final جمع -als دارند.
734f4892-3926-439e-b274-85e9d824e225,2,L’ADJECTIF (1),0c0ad026-3216-4ade-a8ed-2b8ad3fbffba,L02-S02,Singulier et pluriel de l’adjectif,مفرد و جمع صفت,CAT06,SUB14,AGREEMENT_FORM,تطابق و صورت,Lesson 2; printed p. 14,Stage1 rule text + Stage2 classification; error frequency not claimed by source,misconception-catalogue-recovered-v1.0.0,CANDIDATE_PREDEPLOY_CONTENT_REVIEW,NOT_YET_OBSERVED__STAGE27_CALIBRATION,446dce57-d03b-5000-a0c3-d5b78c1b4a1d,EXCEPTION_NEGLECT,نادیده‌گرفتن استثنا/محدودیت صریح,قاعدهٔ عمومی زیرموضوع «مفرد و جمع صفت» را اعمال می‌کند اما نکته/استثنای صریح ثبت‌شده را نادیده می‌گیرد: banal/fatal/naval/final جمع -als دارند.,گزینه از خروجی قاعدهٔ عمومی ساخته شود؛ تنها تفاوت باید همان استثنا/محدودیت ثبت‌شده باشد.,انتخاب آن به‌طور مستقیم نشان می‌دهد قاعده عمومی بازیابی شده ولی استثنای کتاب تثبیت نشده است.,HIGH_EXCEPTION,banal/fatal/naval/final جمع -als دارند.
734f4892-3926-439e-b274-85e9d824e225,2,L’ADJECTIF (1),bc10049a-8af0-4132-b499-7795d48e78a0,L02-S03,Adjectifs de couleur,صفات رنگ,CAT06,SUB14,AGREEMENT_FORM,تطابق و صورت,Lesson 2; printed p. 14,Stage1 rule text + Stage2 classification; error frequency not claimed by source,misconception-catalogue-recovered-v1.0.0,CANDIDATE_PREDEPLOY_CONTENT_REVIEW,NOT_YET_OBSERVED__STAGE27_CALIBRATION,59ad84fe-85d8-5eac-b152-f80a7bbc51fc,OVERGENERALIZATION,تعمیم بیش‌ازحد قاعده,قاعدهٔ هدف «صفات رنگ معمولاً توافق می‌کنند، اما همهٔ رنگ‌ها رفتار یکسان ندارند.» را بدون توجه به شرط، نقش یا محدودیت بافتی زیرموضوع «صفات رنگ» به همهٔ موارد مشابه تعمیم می‌دهد.,ساخت distractor با اجرای قاعدهٔ عمومی در جایی که شرط دقیق subtopic آن را مجاز نمی‌کند.,اگر کاربر این گزینه را انتخاب کند، احتمالاً قاعده را می‌داند اما دامنهٔ کاربرد آن را بیش از حد گسترده گرفته است.,CORE,rose، mauve، violet(te)، châtain در کتاب به‌عنوان موارد توافق‌پذیر ذکر شده‌اند.
734f4892-3926-439e-b274-85e9d824e225,2,L’ADJECTIF (1),bc10049a-8af0-4132-b499-7795d48e78a0,L02-S03,Adjectifs de couleur,صفات رنگ,CAT06,SUB14,AGREEMENT_FORM,تطابق و صورت,Lesson 2; printed p. 14,Stage1 rule text + Stage2 classification; error frequency not claimed by source,misconception-catalogue-recovered-v1.0.0,CANDIDATE_PREDEPLOY_CONTENT_REVIEW,NOT_YET_OBSERVED__STAGE27_CALIBRATION,926cc81b-5b94-588d-9d33-c647c8a2c200,NEAR_FORM_CONFUSION,اشتباه با فرم/قاعده نزدیک,صورت نزدیک را انتخاب می‌کند اما جنس/شمار یا مرجع توافق را اشتباه می‌گیرد.,یک فرم واقعی و نزدیک از همان خانواده انتخاب شود؛ فرم باید در context دیگری معتبر باشد ولی اینجا به‌طور قطعی غلط باشد.,انتخاب آن نشان می‌دهد تمایز میان قاعده هدف و همسایهٔ نزدیک هنوز پایدار نشده است.,CORE,rose، mauve، violet(te)، châtain در کتاب به‌عنوان موارد توافق‌پذیر ذکر شده‌اند.
734f4892-3926-439e-b274-85e9d824e225,2,L’ADJECTIF (1),bc10049a-8af0-4132-b499-7795d48e78a0,L02-S03,Adjectifs de couleur,صفات رنگ,CAT06,SUB14,AGREEMENT_FORM,تطابق و صورت,Lesson 2; printed p. 14,Stage1 rule text + Stage2 classification; error frequency not claimed by source,misconception-catalogue-recovered-v1.0.0,CANDIDATE_PREDEPLOY_CONTENT_REVIEW,NOT_YET_OBSERVED__STAGE27_CALIBRATION,84e44f29-079f-5e14-a2b3-d189e731635e,CONTEXT_ROLE_MISMATCH,انتقال قاعده درست به context نادرست,توافق درست با مرجع دیگری را به مرجع هدف منتقل می‌کند یا مرجع توافق را اشتباه شناسایی می‌کند.,distractor از قاعده‌ای ساخته شود که به‌خودی‌خود معتبر است، اما نقش/مرجع/زمان/register این context با آن سازگار نیست.,انتخاب آن نشانهٔ تحلیل ناکافی context یا نقش دستوری است، نه صرفاً ندانستن شکل ظاهری.,CORE,rose، mauve، violet(te)، châtain در کتاب به‌عنوان موارد توافق‌پذیر ذکر شده‌اند.
734f4892-3926-439e-b274-85e9d824e225,2,L’ADJECTIF (1),bc10049a-8af0-4132-b499-7795d48e78a0,L02-S03,Adjectifs de couleur,صفات رنگ,CAT06,SUB14,AGREEMENT_FORM,تطابق و صورت,Lesson 2; printed p. 14,Stage1 rule text + Stage2 classification; error frequency not claimed by source,misconception-catalogue-recovered-v1.0.0,CANDIDATE_PREDEPLOY_CONTENT_REVIEW,NOT_YET_OBSERVED__STAGE27_CALIBRATION,28b42f12-3976-5403-b2cf-f2040e7a9105,EXCEPTION_NEGLECT,نادیده‌گرفتن استثنا/محدودیت صریح,قاعدهٔ عمومی زیرموضوع «صفات رنگ» را اعمال می‌کند اما نکته/استثنای صریح ثبت‌شده را نادیده می‌گیرد: rose، mauve، violet(te)، châtain در کتاب به‌عنوان موارد توافق‌پذیر ذکر شده‌اند.,گزینه از خروجی قاعدهٔ عمومی ساخته شود؛ تنها تفاوت باید همان استثنا/محدودیت ثبت‌شده باشد.,انتخاب آن به‌طور مستقیم نشان می‌دهد قاعده عمومی بازیابی شده ولی استثنای کتاب تثبیت نشده است.,HIGH_EXCEPTION,rose، mauve، violet(te)، châtain در کتاب به‌عنوان موارد توافق‌پذیر ذکر شده‌اند.
734f4892-3926-439e-b274-85e9d824e225,2,L’ADJECTIF (1),53cfbd91-411d-4bcb-b701-97c6c57e0ac1,L02-S04,Accord avec les pronoms sujets,توافق صفت با ضمیر فاعلی,CAT06,SUB14,PRONOUN_REFERENCE,ضمیر و ارجاع,Lesson 2; printed p. 16,Stage1 rule text + Stage2 classification; error frequency not claimed by source,misconception-catalogue-recovered-v1.0.0,CANDIDATE_PREDEPLOY_CONTENT_REVIEW,NOT_YET_OBSERVED__STAGE27_CALIBRATION,76575514-baab-593a-9e9c-04ead9281292,OVERGENERALIZATION,تعمیم بیش‌ازحد قاعده,قاعدهٔ هدف «صفت با جنس و شمار مرجعِ ضمیر فاعلی توافق می‌کند.» را بدون توجه به شرط، نقش یا محدودیت بافتی زیرموضوع «توافق صفت با ضمیر فاعلی» به همهٔ موارد مشابه تعمیم می‌دهد.,ساخت distractor با اجرای قاعدهٔ عمومی در جایی که شرط دقیق subtopic آن را مجاز نمی‌کند.,اگر کاربر این گزینه را انتخاب کند، احتمالاً قاعده را می‌داند اما دامنهٔ کاربرد آن را بیش از حد گسترده گرفته است.,CORE,on=Nous می‌تواند صفت جمع بگیرد؛ on=Tout le monde معمولاً مذکر مفرد.
734f4892-3926-439e-b274-85e9d824e225,2,L’ADJECTIF (1),53cfbd91-411d-4bcb-b701-97c6c57e0ac1,L02-S04,Accord avec les pronoms sujets,توافق صفت با ضمیر فاعلی,CAT06,SUB14,PRONOUN_REFERENCE,ضمیر و ارجاع,Lesson 2; printed p. 16,Stage1 rule text + Stage2 classification; error frequency not claimed by source,misconception-catalogue-recovered-v1.0.0,CANDIDATE_PREDEPLOY_CONTENT_REVIEW,NOT_YET_OBSERVED__STAGE27_CALIBRATION,5ba1f255-6575-5218-b657-db7a948e9097,NEAR_FORM_CONFUSION,اشتباه با فرم/قاعده نزدیک,نوع یا صورت ضمیر نزدیک (نقش، شخص، جنس/شمار یا نوع متمم متفاوت) را به‌جای ضمیر هدف انتخاب می‌کند.,یک فرم واقعی و نزدیک از همان خانواده انتخاب شود؛ فرم باید در context دیگری معتبر باشد ولی اینجا به‌طور قطعی غلط باشد.,انتخاب آن نشان می‌دهد تمایز میان قاعده هدف و همسایهٔ نزدیک هنوز پایدار نشده است.,CORE,on=Nous می‌تواند صفت جمع بگیرد؛ on=Tout le monde معمولاً مذکر مفرد.
734f4892-3926-439e-b274-85e9d824e225,2,L’ADJECTIF (1),53cfbd91-411d-4bcb-b701-97c6c57e0ac1,L02-S04,Accord avec les pronoms sujets,توافق صفت با ضمیر فاعلی,CAT06,SUB14,PRONOUN_REFERENCE,ضمیر و ارجاع,Lesson 2; printed p. 16,Stage1 rule text + Stage2 classification; error frequency not claimed by source,misconception-catalogue-recovered-v1.0.0,CANDIDATE_PREDEPLOY_CONTENT_REVIEW,NOT_YET_OBSERVED__STAGE27_CALIBRATION,dfb4eab9-40ef-5a0e-aba4-aca267fddfca,CONTEXT_ROLE_MISMATCH,انتقال قاعده درست به context نادرست,ضمیر درست برای مرجع یا متمم دیگری را به این جمله منتقل می‌کند و antecedent/رکسیون فعلی را نادیده می‌گیرد.,distractor از قاعده‌ای ساخته شود که به‌خودی‌خود معتبر است، اما نقش/مرجع/زمان/register این context با آن سازگار نیست.,انتخاب آن نشانهٔ تحلیل ناکافی context یا نقش دستوری است، نه صرفاً ندانستن شکل ظاهری.,CORE,on=Nous می‌تواند صفت جمع بگیرد؛ on=Tout le monde معمولاً مذکر مفرد.
734f4892-3926-439e-b274-85e9d824e225,2,L’ADJECTIF (1),53cfbd91-411d-4bcb-b701-97c6c57e0ac1,L02-S04,Accord avec les pronoms sujets,توافق صفت با ضمیر فاعلی,CAT06,SUB14,PRONOUN_REFERENCE,ضمیر و ارجاع,Lesson 2; printed p. 16,Stage1 rule text + Stage2 classification; error frequency not claimed by source,misconception-catalogue-recovered-v1.0.0,CANDIDATE_PREDEPLOY_CONTENT_REVIEW,NOT_YET_OBSERVED__STAGE27_CALIBRATION,7340d03e-b3d5-5f68-a87c-07022a28b8f6,EXCEPTION_NEGLECT,نادیده‌گرفتن استثنا/محدودیت صریح,قاعدهٔ عمومی زیرموضوع «توافق صفت با ضمیر فاعلی» را اعمال می‌کند اما نکته/استثنای صریح ثبت‌شده را نادیده می‌گیرد: on=Nous می‌تواند صفت جمع بگیرد؛ on=Tout le monde معمولاً مذکر مفرد.,گزینه از خروجی قاعدهٔ عمومی ساخته شود؛ تنها تفاوت باید همان استثنا/محدودیت ثبت‌شده باشد.,انتخاب آن به‌طور مستقیم نشان می‌دهد قاعده عمومی بازیابی شده ولی استثنای کتاب تثبیت نشده است.,HIGH_EXCEPTION,on=Nous می‌تواند صفت جمع بگیرد؛ on=Tout le monde معمولاً مذکر مفرد.
3dd22b4a-1072-4ca6-91c1-662829b94758,3,LA NÉGATION et L’INTERROGATION (1),7ca4d245-9960-48fb-b779-d85046b52961,L03-S01,Négation simple « ne…pas »,نفی ساده,CAT09,SUB23,NEGATION_POLARITY,نفی و قطبیت,Lesson 3; printed p. 18,Stage1 rule text + Stage2 classification; error frequency not claimed by source,misconception-catalogue-recovered-v1.0.0,CANDIDATE_PREDEPLOY_CONTENT_REVIEW,NOT_YET_OBSERVED__STAGE27_CALIBRATION,bbb2c06c-e98d-511e-97da-07c09b7a78a7,OVERGENERALIZATION,تعمیم بیش‌ازحد قاعده,قاعدهٔ هدف «ne/n’ پیش از فعل و pas پس از فعل قرار می‌گیرد.» را بدون توجه به شرط، نقش یا محدودیت بافتی زیرموضوع «نفی ساده» به همهٔ موارد مشابه تعمیم می‌دهد.,ساخت distractor با اجرای قاعدهٔ عمومی در جایی که شرط دقیق subtopic آن را مجاز نمی‌کند.,اگر کاربر این گزینه را انتخاب کند، احتمالاً قاعده را می‌داند اما دامنهٔ کاربرد آن را بیش از حد گسترده گرفته است.,CORE,
3dd22b4a-1072-4ca6-91c1-662829b94758,3,LA NÉGATION et L’INTERROGATION (1),7ca4d245-9960-48fb-b779-d85046b52961,L03-S01,Négation simple « ne…pas »,نفی ساده,CAT09,SUB23,NEGATION_POLARITY,نفی و قطبیت,Lesson 3; printed p. 18,Stage1 rule text + Stage2 classification; error frequency not claimed by source,misconception-catalogue-recovered-v1.0.0,CANDIDATE_PREDEPLOY_CONTENT_REVIEW,NOT_YET_OBSERVED__STAGE27_CALIBRATION,ac9f5af6-af86-5876-b66f-0a0481bf8360,NEAR_FORM_CONFUSION,اشتباه با فرم/قاعده نزدیک,ساخت نفی نزدیک را با دامنه، واژه منفی یا article نامتناسب جایگزین می‌کند.,یک فرم واقعی و نزدیک از همان خانواده انتخاب شود؛ فرم باید در context دیگری معتبر باشد ولی اینجا به‌طور قطعی غلط باشد.,انتخاب آن نشان می‌دهد تمایز میان قاعده هدف و همسایهٔ نزدیک هنوز پایدار نشده است.,CORE,
3dd22b4a-1072-4ca6-91c1-662829b94758,3,LA NÉGATION et L’INTERROGATION (1),7ca4d245-9960-48fb-b779-d85046b52961,L03-S01,Négation simple « ne…pas »,نفی ساده,CAT09,SUB23,NEGATION_POLARITY,نفی و قطبیت,Lesson 3; printed p. 18,Stage1 rule text + Stage2 classification; error frequency not claimed by source,misconception-catalogue-recovered-v1.0.0,CANDIDATE_PREDEPLOY_CONTENT_REVIEW,NOT_YET_OBSERVED__STAGE27_CALIBRATION,62d2b96e-db15-50b8-8777-73227a36d929,CONTEXT_ROLE_MISMATCH,انتقال قاعده درست به context نادرست,ساخت نفی معتبر در بافت دیگری را بدون توجه به دامنه نفی/کمیت/قطبیت جمله فعلی به‌کار می‌برد.,distractor از قاعده‌ای ساخته شود که به‌خودی‌خود معتبر است، اما نقش/مرجع/زمان/register این context با آن سازگار نیست.,انتخاب آن نشانهٔ تحلیل ناکافی context یا نقش دستوری است، نه صرفاً ندانستن شکل ظاهری.,CORE,
3dd22b4a-1072-4ca6-91c1-662829b94758,3,LA NÉGATION et L’INTERROGATION (1),e1392591-0f65-4287-8d6d-aeb9826b67a5,L03-S02,Question simple,پرسش بله/خیر ساده,CAT09,SUB23,QUESTION_STRUCTURE,ساخت پرسش,Lesson 3; printed p. 18,Stage1 rule text + Stage2 classification; error frequency not claimed by source,misconception-catalogue-recovered-v1.0.0,CANDIDATE_PREDEPLOY_CONTENT_REVIEW,NOT_YET_OBSERVED__STAGE27_CALIBRATION,96ccfd62-957f-5f22-95bf-9c36743435c4,OVERGENERALIZATION,تعمیم بیش‌ازحد قاعده,قاعدهٔ هدف «پرسش با آهنگ صعودی، est-ce que یا وارونگی ساخته می‌شود.» را بدون توجه به شرط، نقش یا محدودیت بافتی زیرموضوع «پرسش بله/خیر ساده» به همهٔ موارد مشابه تعمیم می‌دهد.,ساخت distractor با اجرای قاعدهٔ عمومی در جایی که شرط دقیق subtopic آن را مجاز نمی‌کند.,اگر کاربر این گزینه را انتخاب کند، احتمالاً قاعده را می‌داند اما دامنهٔ کاربرد آن را بیش از حد گسترده گرفته است.,CORE,est-ce que ساختی روشن و پرکاربرد است.
3dd22b4a-1072-4ca6-91c1-662829b94758,3,LA NÉGATION et L’INTERROGATION (1),e1392591-0f65-4287-8d6d-aeb9826b67a5,L03-S02,Question simple,پرسش بله/خیر ساده,CAT09,SUB23,QUESTION_STRUCTURE,ساخت پرسش,Lesson 3; printed p. 18,Stage1 rule text + Stage2 classification; error frequency not claimed by source,misconception-catalogue-recovered-v1.0.0,CANDIDATE_PREDEPLOY_CONTENT_REVIEW,NOT_YET_OBSERVED__STAGE27_CALIBRATION,02aa02e5-fca4-55b3-9639-7a01640b9150,NEAR_FORM_CONFUSION,اشتباه با فرم/قاعده نزدیک,ساخت پرسشی نزدیک را بدون رعایت نقش واژه پرسشی، inversion یا نوع پاسخ هدف انتخاب می‌کند.,یک فرم واقعی و نزدیک از همان خانواده انتخاب شود؛ فرم باید در context دیگری معتبر باشد ولی اینجا به‌طور قطعی غلط باشد.,انتخاب آن نشان می‌دهد تمایز میان قاعده هدف و همسایهٔ نزدیک هنوز پایدار نشده است.,CORE,est-ce que ساختی روشن و پرکاربرد است.
3dd22b4a-1072-4ca6-91c1-662829b94758,3,LA NÉGATION et L’INTERROGATION (1),e1392591-0f65-4287-8d6d-aeb9826b67a5,L03-S02,Question simple,پرسش بله/خیر ساده,CAT09,SUB23,QUESTION_STRUCTURE,ساخت پرسش,Lesson 3; printed p. 18,Stage1 rule text + Stage2 classification; error frequency not claimed by source,misconception-catalogue-recovered-v1.0.0,CANDIDATE_PREDEPLOY_CONTENT_REVIEW,NOT_YET_OBSERVED__STAGE27_CALIBRATION,04da786e-00d9-5e0c-9974-1917cc7860f9,CONTEXT_ROLE_MISMATCH,انتقال قاعده درست به context نادرست,الگوی پرسشی درست برای نقش/نوع پرسش دیگری را به سؤال فعلی منتقل می‌کند.,distractor از قاعده‌ای ساخته شود که به‌خودی‌خود معتبر است، اما نقش/مرجع/زمان/register این context با آن سازگار نیست.,انتخاب آن نشانهٔ تحلیل ناکافی context یا نقش دستوری است، نه صرفاً ندانستن شکل ظاهری.,CORE,est-ce que ساختی روشن و پرکاربرد است.
3dd22b4a-1072-4ca6-91c1-662829b94758,3,LA NÉGATION et L’INTERROGATION (1),e1392591-0f65-4287-8d6d-aeb9826b67a5,L03-S02,Question simple,پرسش بله/خیر ساده,CAT09,SUB23,QUESTION_STRUCTURE,ساخت پرسش,Lesson 3; printed p. 18,Stage1 rule text + Stage2 classification; error frequency not claimed by source,misconception-catalogue-recovered-v1.0.0,CANDIDATE_PREDEPLOY_CONTENT_REVIEW,NOT_YET_OBSERVED__STAGE27_CALIBRATION,ef84e751-dfb8-5b0d-8908-e580550b1a9a,EXCEPTION_NEGLECT,نادیده‌گرفتن استثنا/محدودیت صریح,قاعدهٔ عمومی زیرموضوع «پرسش بله/خیر ساده» را اعمال می‌کند اما نکته/استثنای صریح ثبت‌شده را نادیده می‌گیرد: est-ce que ساختی روشن و پرکاربرد است.,گزینه از خروجی قاعدهٔ عمومی ساخته شود؛ تنها تفاوت باید همان استثنا/محدودیت ثبت‌شده باشد.,انتخاب آن به‌طور مستقیم نشان می‌دهد قاعده عمومی بازیابی شده ولی استثنای کتاب تثبیت نشده است.,HIGH_EXCEPTION,est-ce que ساختی روشن و پرکاربرد است.
3dd22b4a-1072-4ca6-91c1-662829b94758,3,LA NÉGATION et L’INTERROGATION (1),cb45b2ca-159a-4875-992f-b07c6e98f9a2,L03-S03,Réponses « oui/non/si »,پاسخ‌های oui/non/si,CAT09,SUB23,NEGATION_POLARITY,نفی و قطبیت,Lesson 3; printed p. 18,Stage1 rule text + Stage2 classification; error frequency not claimed by source,misconception-catalogue-recovered-v1.0.0,CANDIDATE_PREDEPLOY_CONTENT_REVIEW,NOT_YET_OBSERVED__STAGE27_CALIBRATION,b2101ddc-5101-5717-8a1e-2dd9d76cd708,OVERGENERALIZATION,تعمیم بیش‌ازحد قاعده,قاعدهٔ هدف «oui پاسخ مثبت، non پاسخ منفی و si پاسخ مثبت به پرسش منفی است.» را بدون توجه به شرط، نقش یا محدودیت بافتی زیرموضوع «پاسخ‌های oui/non/si» به همهٔ موارد مشابه تعمیم می‌دهد.,ساخت distractor با اجرای قاعدهٔ عمومی در جایی که شرط دقیق subtopic آن را مجاز نمی‌کند.,اگر کاربر این گزینه را انتخاب کند، احتمالاً قاعده را می‌داند اما دامنهٔ کاربرد آن را بیش از حد گسترده گرفته است.,CORE,pas می‌تواند فقط بخشی از جمله را نفی کند، درحالی‌که non کل سؤال را رد می‌کند.
3dd22b4a-1072-4ca6-91c1-662829b94758,3,LA NÉGATION et L’INTERROGATION (1),cb45b2ca-159a-4875-992f-b07c6e98f9a2,L03-S03,Réponses « oui/non/si »,پاسخ‌های oui/non/si,CAT09,SUB23,NEGATION_POLARITY,نفی و قطبیت,Lesson 3; printed p. 18,Stage1 rule text + Stage2 classification; error frequency not claimed by source,misconception-catalogue-recovered-v1.0.0,CANDIDATE_PREDEPLOY_CONTENT_REVIEW,NOT_YET_OBSERVED__STAGE27_CALIBRATION,133cc177-4a92-58c9-ab8e-d8148a4049e4,NEAR_FORM_CONFUSION,اشتباه با فرم/قاعده نزدیک,ساخت نفی نزدیک را با دامنه، واژه منفی یا article نامتناسب جایگزین می‌کند.,یک فرم واقعی و نزدیک از همان خانواده انتخاب شود؛ فرم باید در context دیگری معتبر باشد ولی اینجا به‌طور قطعی غلط باشد.,انتخاب آن نشان می‌دهد تمایز میان قاعده هدف و همسایهٔ نزدیک هنوز پایدار نشده است.,CORE,pas می‌تواند فقط بخشی از جمله را نفی کند، درحالی‌که non کل سؤال را رد می‌کند.
3dd22b4a-1072-4ca6-91c1-662829b94758,3,LA NÉGATION et L’INTERROGATION (1),cb45b2ca-159a-4875-992f-b07c6e98f9a2,L03-S03,Réponses « oui/non/si »,پاسخ‌های oui/non/si,CAT09,SUB23,NEGATION_POLARITY,نفی و قطبیت,Lesson 3; printed p. 18,Stage1 rule text + Stage2 classification; error frequency not claimed by source,misconception-catalogue-recovered-v1.0.0,CANDIDATE_PREDEPLOY_CONTENT_REVIEW,NOT_YET_OBSERVED__STAGE27_CALIBRATION,4763dc5d-adcf-55f0-bd47-9affe2c12ecc,CONTEXT_ROLE_MISMATCH,انتقال قاعده درست به context نادرست,ساخت نفی معتبر در بافت دیگری را بدون توجه به دامنه نفی/کمیت/قطبیت جمله فعلی به‌کار می‌برد.,distractor از قاعده‌ای ساخته شود که به‌خودی‌خود معتبر است، اما نقش/مرجع/زمان/register این context با آن سازگار نیست.,انتخاب آن نشانهٔ تحلیل ناکافی context یا نقش دستوری است، نه صرفاً ندانستن شکل ظاهری.,CORE,pas می‌تواند فقط بخشی از جمله را نفی کند، درحالی‌که non کل سؤال را رد می‌کند.
3dd22b4a-1072-4ca6-91c1-662829b94758,3,LA NÉGATION et L’INTERROGATION (1),cb45b2ca-159a-4875-992f-b07c6e98f9a2,L03-S03,Réponses « oui/non/si »,پاسخ‌های oui/non/si,CAT09,SUB23,NEGATION_POLARITY,نفی و قطبیت,Lesson 3; printed p. 18,Stage1 rule text + Stage2 classification; error frequency not claimed by source,misconception-catalogue-recovered-v1.0.0,CANDIDATE_PREDEPLOY_CONTENT_REVIEW,NOT_YET_OBSERVED__STAGE27_CALIBRATION,c5e44b12-6f66-5515-8f77-68ce5ee6cbdd,EXCEPTION_NEGLECT,نادیده‌گرفتن استثنا/محدودیت صریح,قاعدهٔ عمومی زیرموضوع «پاسخ‌های oui/non/si» را اعمال می‌کند اما نکته/استثنای صریح ثبت‌شده را نادیده می‌گیرد: pas می‌تواند فقط بخشی از جمله را نفی کند، درحالی‌که non کل سؤال را رد می‌کند.,گزینه از خروجی قاعدهٔ عمومی ساخته شود؛ تنها تفاوت باید همان استثنا/محدودیت ثبت‌شده باشد.,انتخاب آن به‌طور مستقیم نشان می‌دهد قاعده عمومی بازیابی شده ولی استثنای کتاب تثبیت نشده است.,HIGH_EXCEPTION,pas می‌تواند فقط بخشی از جمله را نفی کند، درحالی‌که non کل سؤال را رد می‌کند.
26acbe21-6e4d-4c22-a0e6-27e27f3bb5ab,4,LE NOM et L’ARTICLE,8e8888f4-b536-46fb-8037-8ce18d0065ae,L04-S01,Genre des noms de personnes,جنس اسم‌های اشخاص,CAT05,SUB11,DETERMINER_ARTICLE,تعیین‌کننده و حرف تعریف,Lesson 4; printed p. 22,Stage1 rule text + Stage2 classification; error frequency not claimed by source,misconception-catalogue-recovered-v1.0.0,CANDIDATE_PREDEPLOY_CONTENT_REVIEW,NOT_YET_OBSERVED__STAGE27_CALIBRATION,29b3fbd5-16af-528a-b66b-e1335323af1d,OVERGENERALIZATION,تعمیم بیش‌ازحد قاعده,قاعدهٔ هدف «اسم‌های اشخاص غالباً صورت مذکر/مؤنث دارند.» را بدون توجه به شرط، نقش یا محدودیت بافتی زیرموضوع «جنس اسم‌های اشخاص» به همهٔ موارد مشابه تعمیم می‌دهد.,ساخت distractor با اجرای قاعدهٔ عمومی در جایی که شرط دقیق subtopic آن را مجاز نمی‌کند.,اگر کاربر این گزینه را انتخاب کند، احتمالاً قاعده را می‌داند اما دامنهٔ کاربرد آن را بیش از حد گسترده گرفته است.,CORE,
26acbe21-6e4d-4c22-a0e6-27e27f3bb5ab,4,LE NOM et L’ARTICLE,8e8888f4-b536-46fb-8037-8ce18d0065ae,L04-S01,Genre des noms de personnes,جنس اسم‌های اشخاص,CAT05,SUB11,DETERMINER_ARTICLE,تعیین‌کننده و حرف تعریف,Lesson 4; printed p. 22,Stage1 rule text + Stage2 classification; error frequency not claimed by source,misconception-catalogue-recovered-v1.0.0,CANDIDATE_PREDEPLOY_CONTENT_REVIEW,NOT_YET_OBSERVED__STAGE27_CALIBRATION,d3a31ab9-0550-5344-a94c-65f7ea0bc946,NEAR_FORM_CONFUSION,اشتباه با فرم/قاعده نزدیک,article یا déterminant نزدیک را بدون توجه به معرفه/نکره، جنس/شمار یا ساخت هدف جایگزین می‌کند.,یک فرم واقعی و نزدیک از همان خانواده انتخاب شود؛ فرم باید در context دیگری معتبر باشد ولی اینجا به‌طور قطعی غلط باشد.,انتخاب آن نشان می‌دهد تمایز میان قاعده هدف و همسایهٔ نزدیک هنوز پایدار نشده است.,CORE,
26acbe21-6e4d-4c22-a0e6-27e27f3bb5ab,4,LE NOM et L’ARTICLE,8e8888f4-b536-46fb-8037-8ce18d0065ae,L04-S01,Genre des noms de personnes,جنس اسم‌های اشخاص,CAT05,SUB11,DETERMINER_ARTICLE,تعیین‌کننده و حرف تعریف,Lesson 4; printed p. 22,Stage1 rule text + Stage2 classification; error frequency not claimed by source,misconception-catalogue-recovered-v1.0.0,CANDIDATE_PREDEPLOY_CONTENT_REVIEW,NOT_YET_OBSERVED__STAGE27_CALIBRATION,1545c438-1671-5ebf-a895-c868c729a056,CONTEXT_ROLE_MISMATCH,انتقال قاعده درست به context نادرست,determiner/article درست در بافت دیگری را بدون توجه به معرفگی، شمار یا ساخت فعلی منتقل می‌کند.,distractor از قاعده‌ای ساخته شود که به‌خودی‌خود معتبر است، اما نقش/مرجع/زمان/register این context با آن سازگار نیست.,انتخاب آن نشانهٔ تحلیل ناکافی context یا نقش دستوری است، نه صرفاً ندانستن شکل ظاهری.,CORE,
26acbe21-6e4d-4c22-a0e6-27e27f3bb5ab,4,LE NOM et L’ARTICLE,ecb6e1f4-bc7a-4c4c-9872-485edcf67183,L04-S02,Genre des noms de choses,جنس اسم اشیا,CAT05,SUB11,DETERMINER_ARTICLE,تعیین‌کننده و حرف تعریف,Lesson 4; printed p. 24,Stage1 rule text + Stage2 classification; error frequency not claimed by source,misconception-catalogue-recovered-v1.0.0,CANDIDATE_PREDEPLOY_CONTENT_REVIEW,NOT_YET_OBSERVED__STAGE27_CALIBRATION,1c2c384b-8ab6-5b65-b053-48baf21b7a98,OVERGENERALIZATION,تعمیم بیش‌ازحد قاعده,قاعدهٔ هدف «جنس دستوری اسم اشیا باید همراه خود اسم آموخته شود.» را بدون توجه به شرط، نقش یا محدودیت بافتی زیرموضوع «جنس اسم اشیا» به همهٔ موارد مشابه تعمیم می‌دهد.,ساخت distractor با اجرای قاعدهٔ عمومی در جایی که شرط دقیق subtopic آن را مجاز نمی‌کند.,اگر کاربر این گزینه را انتخاب کند، احتمالاً قاعده را می‌داند اما دامنهٔ کاربرد آن را بیش از حد گسترده گرفته است.,CORE,
26acbe21-6e4d-4c22-a0e6-27e27f3bb5ab,4,LE NOM et L’ARTICLE,ecb6e1f4-bc7a-4c4c-9872-485edcf67183,L04-S02,Genre des noms de choses,جنس اسم اشیا,CAT05,SUB11,DETERMINER_ARTICLE,تعیین‌کننده و حرف تعریف,Lesson 4; printed p. 24,Stage1 rule text + Stage2 classification; error frequency not claimed by source,misconception-catalogue-recovered-v1.0.0,CANDIDATE_PREDEPLOY_CONTENT_REVIEW,NOT_YET_OBSERVED__STAGE27_CALIBRATION,6941922b-205f-5846-86a2-e88732f68a65,NEAR_FORM_CONFUSION,اشتباه با فرم/قاعده نزدیک,article یا déterminant نزدیک را بدون توجه به معرفه/نکره، جنس/شمار یا ساخت هدف جایگزین می‌کند.,یک فرم واقعی و نزدیک از همان خانواده انتخاب شود؛ فرم باید در context دیگری معتبر باشد ولی اینجا به‌طور قطعی غلط باشد.,انتخاب آن نشان می‌دهد تمایز میان قاعده هدف و همسایهٔ نزدیک هنوز پایدار نشده است.,CORE,
26acbe21-6e4d-4c22-a0e6-27e27f3bb5ab,4,LE NOM et L’ARTICLE,ecb6e1f4-bc7a-4c4c-9872-485edcf67183,L04-S02,Genre des noms de choses,جنس اسم اشیا,CAT05,SUB11,DETERMINER_ARTICLE,تعیین‌کننده و حرف تعریف,Lesson 4; printed p. 24,Stage1 rule text + Stage2 classification; error frequency not claimed by source,misconception-catalogue-recovered-v1.0.0,CANDIDATE_PREDEPLOY_CONTENT_REVIEW,NOT_YET_OBSERVED__STAGE27_CALIBRATION,0ffce7fe-7408-5cbf-b5e0-286787aaa302,CONTEXT_ROLE_MISMATCH,انتقال قاعده درست به context نادرست,determiner/article درست در بافت دیگری را بدون توجه به معرفگی، شمار یا ساخت فعلی منتقل می‌کند.,distractor از قاعده‌ای ساخته شود که به‌خودی‌خود معتبر است، اما نقش/مرجع/زمان/register این context با آن سازگار نیست.,انتخاب آن نشانهٔ تحلیل ناکافی context یا نقش دستوری است، نه صرفاً ندانستن شکل ظاهری.,CORE,
26acbe21-6e4d-4c22-a0e6-27e27f3bb5ab,4,LE NOM et L’ARTICLE,96319528-8f45-4bca-8b98-34eabd9eb01c,L04-S03,Noms d’animaux,اسم حیوانات,CAT05,SUB11,DETERMINER_ARTICLE,تعیین‌کننده و حرف تعریف,Lesson 4; printed p. 24,Stage1 rule text + Stage2 classification; error frequency not claimed by source,misconception-catalogue-recovered-v1.0.0,CANDIDATE_PREDEPLOY_CONTENT_REVIEW,NOT_YET_OBSERVED__STAGE27_CALIBRATION,176c786b-b7c0-5138-b23f-6df99c4791f1,OVERGENERALIZATION,تعمیم بیش‌ازحد قاعده,قاعدهٔ هدف «نام حیوان می‌تواند زوج مذکر/مؤنث یا یک جنس دستوری ثابت داشته باشد.» را بدون توجه به شرط، نقش یا محدودیت بافتی زیرموضوع «اسم حیوانات» به همهٔ موارد مشابه تعمیم می‌دهد.,ساخت distractor با اجرای قاعدهٔ عمومی در جایی که شرط دقیق subtopic آن را مجاز نمی‌کند.,اگر کاربر این گزینه را انتخاب کند، احتمالاً قاعده را می‌داند اما دامنهٔ کاربرد آن را بیش از حد گسترده گرفته است.,CORE,
26acbe21-6e4d-4c22-a0e6-27e27f3bb5ab,4,LE NOM et L’ARTICLE,96319528-8f45-4bca-8b98-34eabd9eb01c,L04-S03,Noms d’animaux,اسم حیوانات,CAT05,SUB11,DETERMINER_ARTICLE,تعیین‌کننده و حرف تعریف,Lesson 4; printed p. 24,Stage1 rule text + Stage2 classification; error frequency not claimed by source,misconception-catalogue-recovered-v1.0.0,CANDIDATE_PREDEPLOY_CONTENT_REVIEW,NOT_YET_OBSERVED__STAGE27_CALIBRATION,b1390a17-8670-5760-aa8d-820799a29bfa,NEAR_FORM_CONFUSION,اشتباه با فرم/قاعده نزدیک,article یا déterminant نزدیک را بدون توجه به معرفه/نکره، جنس/شمار یا ساخت هدف جایگزین می‌کند.,یک فرم واقعی و نزدیک از همان خانواده انتخاب شود؛ فرم باید در context دیگری معتبر باشد ولی اینجا به‌طور قطعی غلط باشد.,انتخاب آن نشان می‌دهد تمایز میان قاعده هدف و همسایهٔ نزدیک هنوز پایدار نشده است.,CORE,
26acbe21-6e4d-4c22-a0e6-27e27f3bb5ab,4,LE NOM et L’ARTICLE,96319528-8f45-4bca-8b98-34eabd9eb01c,L04-S03,Noms d’animaux,اسم حیوانات,CAT05,SUB11,DETERMINER_ARTICLE,تعیین‌کننده و حرف تعریف,Lesson 4; printed p. 24,Stage1 rule text + Stage2 classification; error frequency not claimed by source,misconception-catalogue-recovered-v1.0.0,CANDIDATE_PREDEPLOY_CONTENT_REVIEW,NOT_YET_OBSERVED__STAGE27_CALIBRATION,79a193e3-e650-5dc7-9592-1bc09a9d1841,CONTEXT_ROLE_MISMATCH,انتقال قاعده درست به context نادرست,determiner/article درست در بافت دیگری را بدون توجه به معرفگی، شمار یا ساخت فعلی منتقل می‌کند.,distractor از قاعده‌ای ساخته شود که به‌خودی‌خود معتبر است، اما نقش/مرجع/زمان/register این context با آن سازگار نیست.,انتخاب آن نشانهٔ تحلیل ناکافی context یا نقش دستوری است، نه صرفاً ندانستن شکل ظاهری.,CORE,
26acbe21-6e4d-4c22-a0e6-27e27f3bb5ab,4,LE NOM et L’ARTICLE,83867945-86de-4da1-a42b-8e80caccc1a9,L04-S04,Pluriel des noms,جمع اسم,CAT05,SUB11,DETERMINER_ARTICLE,تعیین‌کننده و حرف تعریف,Lesson 4; printed p. 26,Stage1 rule text + Stage2 classification; error frequency not claimed by source,misconception-catalogue-recovered-v1.0.0,CANDIDATE_PREDEPLOY_CONTENT_REVIEW,NOT_YET_OBSERVED__STAGE27_CALIBRATION,a4d5dba6-31c0-57ee-a9f9-c7c869fd8de6,OVERGENERALIZATION,تعمیم بیش‌ازحد قاعده,قاعدهٔ هدف «جمع اسم معمولاً با -s ساخته می‌شود.» را بدون توجه به شرط، نقش یا محدودیت بافتی زیرموضوع «جمع اسم» به همهٔ موارد مشابه تعمیم می‌دهد.,ساخت distractor با اجرای قاعدهٔ عمومی در جایی که شرط دقیق subtopic آن را مجاز نمی‌کند.,اگر کاربر این گزینه را انتخاب کند، احتمالاً قاعده را می‌داند اما دامنهٔ کاربرد آن را بیش از حد گسترده گرفته است.,CORE,
26acbe21-6e4d-4c22-a0e6-27e27f3bb5ab,4,LE NOM et L’ARTICLE,83867945-86de-4da1-a42b-8e80caccc1a9,L04-S04,Pluriel des noms,جمع اسم,CAT05,SUB11,DETERMINER_ARTICLE,تعیین‌کننده و حرف تعریف,Lesson 4; printed p. 26,Stage1 rule text + Stage2 classification; error frequency not claimed by source,misconception-catalogue-recovered-v1.0.0,CANDIDATE_PREDEPLOY_CONTENT_REVIEW,NOT_YET_OBSERVED__STAGE27_CALIBRATION,e36f5c33-116b-585a-a85b-e00d380a2911,NEAR_FORM_CONFUSION,اشتباه با فرم/قاعده نزدیک,article یا déterminant نزدیک را بدون توجه به معرفه/نکره، جنس/شمار یا ساخت هدف جایگزین می‌کند.,یک فرم واقعی و نزدیک از همان خانواده انتخاب شود؛ فرم باید در context دیگری معتبر باشد ولی اینجا به‌طور قطعی غلط باشد.,انتخاب آن نشان می‌دهد تمایز میان قاعده هدف و همسایهٔ نزدیک هنوز پایدار نشده است.,CORE,
26acbe21-6e4d-4c22-a0e6-27e27f3bb5ab,4,LE NOM et L’ARTICLE,83867945-86de-4da1-a42b-8e80caccc1a9,L04-S04,Pluriel des noms,جمع اسم,CAT05,SUB11,DETERMINER_ARTICLE,تعیین‌کننده و حرف تعریف,Lesson 4; printed p. 26,Stage1 rule text + Stage2 classification; error frequency not claimed by source,misconception-catalogue-recovered-v1.0.0,CANDIDATE_PREDEPLOY_CONTENT_REVIEW,NOT_YET_OBSERVED__STAGE27_CALIBRATION,29ff0bc8-1a2d-59a0-a235-507319b7571e,CONTEXT_ROLE_MISMATCH,انتقال قاعده درست به context نادرست,determiner/article درست در بافت دیگری را بدون توجه به معرفگی، شمار یا ساخت فعلی منتقل می‌کند.,distractor از قاعده‌ای ساخته شود که به‌خودی‌خود معتبر است، اما نقش/مرجع/زمان/register این context با آن سازگار نیست.,انتخاب آن نشانهٔ تحلیل ناکافی context یا نقش دستوری است، نه صرفاً ندانستن شکل ظاهری.,CORE,
26acbe21-6e4d-4c22-a0e6-27e27f3bb5ab,4,LE NOM et L’ARTICLE,27a24db3-eb55-48b4-93d9-07ac1ae2630a,L04-S05,Articles définis et indéfinis,حروف تعریف معین و نامعین,CAT05,SUB11,DETERMINER_ARTICLE,تعیین‌کننده و حرف تعریف,Lesson 4; printed p. 28,Stage1 rule text + Stage2 classification; error frequency not claimed by source,misconception-catalogue-recovered-v1.0.0,CANDIDATE_PREDEPLOY_CONTENT_REVIEW,NOT_YET_OBSERVED__STAGE27_CALIBRATION,6835af36-62a9-59f8-b2de-51766365d4ed,OVERGENERALIZATION,تعمیم بیش‌ازحد قاعده,قاعدهٔ هدف «le/la/l’/les برای مرجع معین/کلی و un/une/des برای مرجع نامعین به‌کار می‌روند.» را بدون توجه به شرط، نقش یا محدودیت بافتی زیرموضوع «حروف تعریف معین و نامعین» به همهٔ موارد مشابه تعمیم می‌دهد.,ساخت distractor با اجرای قاعدهٔ عمومی در جایی که شرط دقیق subtopic آن را مجاز نمی‌کند.,اگر کاربر این گزینه را انتخاب کند، احتمالاً قاعده را می‌داند اما دامنهٔ کاربرد آن را بیش از حد گسترده گرفته است.,CORE,
26acbe21-6e4d-4c22-a0e6-27e27f3bb5ab,4,LE NOM et L’ARTICLE,27a24db3-eb55-48b4-93d9-07ac1ae2630a,L04-S05,Articles définis et indéfinis,حروف تعریف معین و نامعین,CAT05,SUB11,DETERMINER_ARTICLE,تعیین‌کننده و حرف تعریف,Lesson 4; printed p. 28,Stage1 rule text + Stage2 classification; error frequency not claimed by source,misconception-catalogue-recovered-v1.0.0,CANDIDATE_PREDEPLOY_CONTENT_REVIEW,NOT_YET_OBSERVED__STAGE27_CALIBRATION,c7bef7cb-13b2-59f9-8323-ee3c4f0de185,NEAR_FORM_CONFUSION,اشتباه با فرم/قاعده نزدیک,article یا déterminant نزدیک را بدون توجه به معرفه/نکره، جنس/شمار یا ساخت هدف جایگزین می‌کند.,یک فرم واقعی و نزدیک از همان خانواده انتخاب شود؛ فرم باید در context دیگری معتبر باشد ولی اینجا به‌طور قطعی غلط باشد.,انتخاب آن نشان می‌دهد تمایز میان قاعده هدف و همسایهٔ نزدیک هنوز پایدار نشده است.,CORE,
26acbe21-6e4d-4c22-a0e6-27e27f3bb5ab,4,LE NOM et L’ARTICLE,27a24db3-eb55-48b4-93d9-07ac1ae2630a,L04-S05,Articles définis et indéfinis,حروف تعریف معین و نامعین,CAT05,SUB11,DETERMINER_ARTICLE,تعیین‌کننده و حرف تعریف,Lesson 4; printed p. 28,Stage1 rule text + Stage2 classification; error frequency not claimed by source,misconception-catalogue-recovered-v1.0.0,CANDIDATE_PREDEPLOY_CONTENT_REVIEW,NOT_YET_OBSERVED__STAGE27_CALIBRATION,cd9f44ac-4dfe-5f6b-b0e1-1025bc9a203b,CONTEXT_ROLE_MISMATCH,انتقال قاعده درست به context نادرست,determiner/article درست در بافت دیگری را بدون توجه به معرفگی، شمار یا ساخت فعلی منتقل می‌کند.,distractor از قاعده‌ای ساخته شود که به‌خودی‌خود معتبر است، اما نقش/مرجع/زمان/register این context با آن سازگار نیست.,انتخاب آن نشانهٔ تحلیل ناکافی context یا نقش دستوری است، نه صرفاً ندانستن شکل ظاهری.,CORE,
26acbe21-6e4d-4c22-a0e6-27e27f3bb5ab,4,LE NOM et L’ARTICLE,17afb2dd-ce96-43fc-8494-c3dafbe6cbf3,L04-S06,Articles contractés,حروف تعریف ادغام‌شده,CAT05,SUB11,DETERMINER_ARTICLE,تعیین‌کننده و حرف تعریف,Lesson 4; printed p. 30,Stage1 rule text + Stage2 classification; error frequency not claimed by source,misconception-catalogue-recovered-v1.0.0,CANDIDATE_PREDEPLOY_CONTENT_REVIEW,NOT_YET_OBSERVED__STAGE27_CALIBRATION,26c0598c-39f1-5b24-b941-d757d856306e,OVERGENERALIZATION,تعمیم بیش‌ازحد قاعده,قاعدهٔ هدف «à/de با le و les ادغام می‌شوند.» را بدون توجه به شرط، نقش یا محدودیت بافتی زیرموضوع «حروف تعریف ادغام‌شده» به همهٔ موارد مشابه تعمیم می‌دهد.,ساخت distractor با اجرای قاعدهٔ عمومی در جایی که شرط دقیق subtopic آن را مجاز نمی‌کند.,اگر کاربر این گزینه را انتخاب کند، احتمالاً قاعده را می‌داند اما دامنهٔ کاربرد آن را بیش از حد گسترده گرفته است.,CORE,
26acbe21-6e4d-4c22-a0e6-27e27f3bb5ab,4,LE NOM et L’ARTICLE,17afb2dd-ce96-43fc-8494-c3dafbe6cbf3,L04-S06,Articles contractés,حروف تعریف ادغام‌شده,CAT05,SUB11,DETERMINER_ARTICLE,تعیین‌کننده و حرف تعریف,Lesson 4; printed p. 30,Stage1 rule text + Stage2 classification; error frequency not claimed by source,misconception-catalogue-recovered-v1.0.0,CANDIDATE_PREDEPLOY_CONTENT_REVIEW,NOT_YET_OBSERVED__STAGE27_CALIBRATION,654605af-1c8c-5e44-bd35-067e3e059c70,NEAR_FORM_CONFUSION,اشتباه با فرم/قاعده نزدیک,article یا déterminant نزدیک را بدون توجه به معرفه/نکره، جنس/شمار یا ساخت هدف جایگزین می‌کند.,یک فرم واقعی و نزدیک از همان خانواده انتخاب شود؛ فرم باید در context دیگری معتبر باشد ولی اینجا به‌طور قطعی غلط باشد.,انتخاب آن نشان می‌دهد تمایز میان قاعده هدف و همسایهٔ نزدیک هنوز پایدار نشده است.,CORE,
26acbe21-6e4d-4c22-a0e6-27e27f3bb5ab,4,LE NOM et L’ARTICLE,17afb2dd-ce96-43fc-8494-c3dafbe6cbf3,L04-S06,Articles contractés,حروف تعریف ادغام‌شده,CAT05,SUB11,DETERMINER_ARTICLE,تعیین‌کننده و حرف تعریف,Lesson 4; printed p. 30,Stage1 rule text + Stage2 classification; error frequency not claimed by source,misconception-catalogue-recovered-v1.0.0,CANDIDATE_PREDEPLOY_CONTENT_REVIEW,NOT_YET_OBSERVED__STAGE27_CALIBRATION,81c568dc-80fe-57c5-9f5b-1fad15aeb2e1,CONTEXT_ROLE_MISMATCH,انتقال قاعده درست به context نادرست,determiner/article درست در بافت دیگری را بدون توجه به معرفگی، شمار یا ساخت فعلی منتقل می‌کند.,distractor از قاعده‌ای ساخته شود که به‌خودی‌خود معتبر است، اما نقش/مرجع/زمان/register این context با آن سازگار نیست.,انتخاب آن نشانهٔ تحلیل ناکافی context یا نقش دستوری است، نه صرفاً ندانستن شکل ظاهری.,CORE,
99f46643-99ba-428d-bdaf-193d018572cc,5,« C’EST » et « IL EST »,48fc3ef7-585c-4558-8eb3-198bc875b4e6,L05-S01,Identification avec « c’est/ce sont »,شناسایی با c’est/ce sont,CAT09,SUB24,GENERAL_GRAMMAR,گرامر عمومی,Lesson 5; printed p. 32,Stage1 rule text + Stage2 classification; error frequency not claimed by source,misconception-catalogue-recovered-v1.0.0,CANDIDATE_PREDEPLOY_CONTENT_REVIEW,NOT_YET_OBSERVED__STAGE27_CALIBRATION,00242e04-0fa2-5d85-9006-c4f80ccab7e3,OVERGENERALIZATION,تعمیم بیش‌ازحد قاعده,قاعدهٔ هدف «c’est برای شناسایی/معرفی مفرد و ce sont برای جمع است.» را بدون توجه به شرط، نقش یا محدودیت بافتی زیرموضوع «شناسایی با c’est/ce sont» به همهٔ موارد مشابه تعمیم می‌دهد.,ساخت distractor با اجرای قاعدهٔ عمومی در جایی که شرط دقیق subtopic آن را مجاز نمی‌کند.,اگر کاربر این گزینه را انتخاب کند، احتمالاً قاعده را می‌داند اما دامنهٔ کاربرد آن را بیش از حد گسترده گرفته است.,CORE,
99f46643-99ba-428d-bdaf-193d018572cc,5,« C’EST » et « IL EST »,48fc3ef7-585c-4558-8eb3-198bc875b4e6,L05-S01,Identification avec « c’est/ce sont »,شناسایی با c’est/ce sont,CAT09,SUB24,GENERAL_GRAMMAR,گرامر عمومی,Lesson 5; printed p. 32,Stage1 rule text + Stage2 classification; error frequency not claimed by source,misconception-catalogue-recovered-v1.0.0,CANDIDATE_PREDEPLOY_CONTENT_REVIEW,NOT_YET_OBSERVED__STAGE27_CALIBRATION,caf583cb-6247-50c2-8d41-584f7f0cd095,NEAR_FORM_CONFUSION,اشتباه با فرم/قاعده نزدیک,ساخت گرامری نزدیک و در ظاهر معتبر را به‌جای ساخت هدف انتخاب می‌کند.,یک فرم واقعی و نزدیک از همان خانواده انتخاب شود؛ فرم باید در context دیگری معتبر باشد ولی اینجا به‌طور قطعی غلط باشد.,انتخاب آن نشان می‌دهد تمایز میان قاعده هدف و همسایهٔ نزدیک هنوز پایدار نشده است.,CORE,
99f46643-99ba-428d-bdaf-193d018572cc,5,« C’EST » et « IL EST »,48fc3ef7-585c-4558-8eb3-198bc875b4e6,L05-S01,Identification avec « c’est/ce sont »,شناسایی با c’est/ce sont,CAT09,SUB24,GENERAL_GRAMMAR,گرامر عمومی,Lesson 5; printed p. 32,Stage1 rule text + Stage2 classification; error frequency not claimed by source,misconception-catalogue-recovered-v1.0.0,CANDIDATE_PREDEPLOY_CONTENT_REVIEW,NOT_YET_OBSERVED__STAGE27_CALIBRATION,8a9927de-290e-5db4-b8fb-326a0a39b231,CONTEXT_ROLE_MISMATCH,انتقال قاعده درست به context نادرست,قاعده‌ای که به‌خودی‌خود معتبر است را در نقش، زمان، مرجع یا context نامتناسب به‌کار می‌برد.,distractor از قاعده‌ای ساخته شود که به‌خودی‌خود معتبر است، اما نقش/مرجع/زمان/register این context با آن سازگار نیست.,انتخاب آن نشانهٔ تحلیل ناکافی context یا نقش دستوری است، نه صرفاً ندانستن شکل ظاهری.,CORE,
99f46643-99ba-428d-bdaf-193d018572cc,5,« C’EST » et « IL EST »,4019d2c2-969c-49a2-8aa3-291a74baf594,L05-S02,Commentaire avec « il/elle est » et « c’est »,توصیف و نظر کلی,CAT09,SUB24,GENERAL_GRAMMAR,گرامر عمومی,Lesson 5; printed p. 32,Stage1 rule text + Stage2 classification; error frequency not claimed by source,misconception-catalogue-recovered-v1.0.0,CANDIDATE_PREDEPLOY_CONTENT_REVIEW,NOT_YET_OBSERVED__STAGE27_CALIBRATION,3b220364-8502-5bd1-8544-7931c9f03a08,OVERGENERALIZATION,تعمیم بیش‌ازحد قاعده,قاعدهٔ هدف «il/elle est + صفت مرجع مشخص را توصیف می‌کند؛ c’est + صفت نظر کلی می‌دهد.» را بدون توجه به شرط، نقش یا محدودیت بافتی زیرموضوع «توصیف و نظر کلی» به همهٔ موارد مشابه تعمیم می‌دهد.,ساخت distractor با اجرای قاعدهٔ عمومی در جایی که شرط دقیق subtopic آن را مجاز نمی‌کند.,اگر کاربر این گزینه را انتخاب کند، احتمالاً قاعده را می‌داند اما دامنهٔ کاربرد آن را بیش از حد گسترده گرفته است.,CORE,
99f46643-99ba-428d-bdaf-193d018572cc,5,« C’EST » et « IL EST »,4019d2c2-969c-49a2-8aa3-291a74baf594,L05-S02,Commentaire avec « il/elle est » et « c’est »,توصیف و نظر کلی,CAT09,SUB24,GENERAL_GRAMMAR,گرامر عمومی,Lesson 5; printed p. 32,Stage1 rule text + Stage2 classification; error frequency not claimed by source,misconception-catalogue-recovered-v1.0.0,CANDIDATE_PREDEPLOY_CONTENT_REVIEW,NOT_YET_OBSERVED__STAGE27_CALIBRATION,b38287d8-5699-5f7c-ab09-f5882d8f3c0a,NEAR_FORM_CONFUSION,اشتباه با فرم/قاعده نزدیک,ساخت گرامری نزدیک و در ظاهر معتبر را به‌جای ساخت هدف انتخاب می‌کند.,یک فرم واقعی و نزدیک از همان خانواده انتخاب شود؛ فرم باید در context دیگری معتبر باشد ولی اینجا به‌طور قطعی غلط باشد.,انتخاب آن نشان می‌دهد تمایز میان قاعده هدف و همسایهٔ نزدیک هنوز پایدار نشده است.,CORE,
99f46643-99ba-428d-bdaf-193d018572cc,5,« C’EST » et « IL EST »,4019d2c2-969c-49a2-8aa3-291a74baf594,L05-S02,Commentaire avec « il/elle est » et « c’est »,توصیف و نظر کلی,CAT09,SUB24,GENERAL_GRAMMAR,گرامر عمومی,Lesson 5; printed p. 32,Stage1 rule text + Stage2 classification; error frequency not claimed by source,misconception-catalogue-recovered-v1.0.0,CANDIDATE_PREDEPLOY_CONTENT_REVIEW,NOT_YET_OBSERVED__STAGE27_CALIBRATION,2559aa11-55ba-50ae-beaf-1dbddb6cb52e,CONTEXT_ROLE_MISMATCH,انتقال قاعده درست به context نادرست,قاعده‌ای که به‌خودی‌خود معتبر است را در نقش، زمان، مرجع یا context نامتناسب به‌کار می‌برد.,distractor از قاعده‌ای ساخته شود که به‌خودی‌خود معتبر است، اما نقش/مرجع/زمان/register این context با آن سازگار نیست.,انتخاب آن نشانهٔ تحلیل ناکافی context یا نقش دستوری است، نه صرفاً ندانستن شکل ظاهری.,CORE,
99f46643-99ba-428d-bdaf-193d018572cc,5,« C’EST » et « IL EST »,f02aa4a8-5693-4cc2-bf13-49d11a8dfe21,L05-S03,Profession et absence d’article,حرفه و حذف article,CAT09,SUB24,DETERMINER_ARTICLE,تعیین‌کننده و حرف تعریف,Lesson 5; printed p. 34,Stage1 rule text + Stage2 classification; error frequency not claimed by source,misconception-catalogue-recovered-v1.0.0,CANDIDATE_PREDEPLOY_CONTENT_REVIEW,NOT_YET_OBSERVED__STAGE27_CALIBRATION,ee55b8af-f3ef-525d-806b-a3b48b29d618,OVERGENERALIZATION,تعمیم بیش‌ازحد قاعده,قاعدهٔ هدف «پس از être، حرفه/ملیت/دین در کاربرد وصفی معمولاً بدون article می‌آید.» را بدون توجه به شرط، نقش یا محدودیت بافتی زیرموضوع «حرفه و حذف article» به همهٔ موارد مشابه تعمیم می‌دهد.,ساخت distractor با اجرای قاعدهٔ عمومی در جایی که شرط دقیق subtopic آن را مجاز نمی‌کند.,اگر کاربر این گزینه را انتخاب کند، احتمالاً قاعده را می‌داند اما دامنهٔ کاربرد آن را بیش از حد گسترده گرفته است.,CORE,پرسش طبیعی: Quelle est votre profession ? / Qu’est-ce que vous faites ?
99f46643-99ba-428d-bdaf-193d018572cc,5,« C’EST » et « IL EST »,f02aa4a8-5693-4cc2-bf13-49d11a8dfe21,L05-S03,Profession et absence d’article,حرفه و حذف article,CAT09,SUB24,DETERMINER_ARTICLE,تعیین‌کننده و حرف تعریف,Lesson 5; printed p. 34,Stage1 rule text + Stage2 classification; error frequency not claimed by source,misconception-catalogue-recovered-v1.0.0,CANDIDATE_PREDEPLOY_CONTENT_REVIEW,NOT_YET_OBSERVED__STAGE27_CALIBRATION,9b484e05-7b4b-5f01-b45f-1cb2e2c72ec3,NEAR_FORM_CONFUSION,اشتباه با فرم/قاعده نزدیک,article یا déterminant نزدیک را بدون توجه به معرفه/نکره، جنس/شمار یا ساخت هدف جایگزین می‌کند.,یک فرم واقعی و نزدیک از همان خانواده انتخاب شود؛ فرم باید در context دیگری معتبر باشد ولی اینجا به‌طور قطعی غلط باشد.,انتخاب آن نشان می‌دهد تمایز میان قاعده هدف و همسایهٔ نزدیک هنوز پایدار نشده است.,CORE,پرسش طبیعی: Quelle est votre profession ? / Qu’est-ce que vous faites ?
99f46643-99ba-428d-bdaf-193d018572cc,5,« C’EST » et « IL EST »,f02aa4a8-5693-4cc2-bf13-49d11a8dfe21,L05-S03,Profession et absence d’article,حرفه و حذف article,CAT09,SUB24,DETERMINER_ARTICLE,تعیین‌کننده و حرف تعریف,Lesson 5; printed p. 34,Stage1 rule text + Stage2 classification; error frequency not claimed by source,misconception-catalogue-recovered-v1.0.0,CANDIDATE_PREDEPLOY_CONTENT_REVIEW,NOT_YET_OBSERVED__STAGE27_CALIBRATION,ecd77677-4c8b-59ba-b750-fa7c3886c036,CONTEXT_ROLE_MISMATCH,انتقال قاعده درست به context نادرست,determiner/article درست در بافت دیگری را بدون توجه به معرفگی، شمار یا ساخت فعلی منتقل می‌کند.,distractor از قاعده‌ای ساخته شود که به‌خودی‌خود معتبر است، اما نقش/مرجع/زمان/register این context با آن سازگار نیست.,انتخاب آن نشانهٔ تحلیل ناکافی context یا نقش دستوری است، نه صرفاً ندانستن شکل ظاهری.,CORE,پرسش طبیعی: Quelle est votre profession ? / Qu’est-ce que vous faites ?
99f46643-99ba-428d-bdaf-193d018572cc,5,« C’EST » et « IL EST »,f02aa4a8-5693-4cc2-bf13-49d11a8dfe21,L05-S03,Profession et absence d’article,حرفه و حذف article,CAT09,SUB24,DETERMINER_ARTICLE,تعیین‌کننده و حرف تعریف,Lesson 5; printed p. 34,Stage1 rule text + Stage2 classification; error frequency not claimed by source,misconception-catalogue-recovered-v1.0.0,CANDIDATE_PREDEPLOY_CONTENT_REVIEW,NOT_YET_OBSERVED__STAGE27_CALIBRATION,6fd5c6ea-fdb2-5584-ab52-f4e57def4719,EXCEPTION_NEGLECT,نادیده‌گرفتن استثنا/محدودیت صریح,قاعدهٔ عمومی زیرموضوع «حرفه و حذف article» را اعمال می‌کند اما نکته/استثنای صریح ثبت‌شده را نادیده می‌گیرد: پرسش طبیعی: Quelle est votre profession ? / Qu’est-ce que vous faites ?,گزینه از خروجی قاعدهٔ عمومی ساخته شود؛ تنها تفاوت باید همان استثنا/محدودیت ثبت‌شده باشد.,انتخاب آن به‌طور مستقیم نشان می‌دهد قاعده عمومی بازیابی شده ولی استثنای کتاب تثبیت نشده است.,HIGH_EXCEPTION,پرسش طبیعی: Quelle est votre profession ? / Qu’est-ce que vous faites ?
99f46643-99ba-428d-bdaf-193d018572cc,5,« C’EST » et « IL EST »,84f75c42-d9c4-458e-8f6c-0203d4e6f8e6,L05-S04,C’est + nom déterminé vs il est + adjectif/profession,تمایز ساختاری c’est و il est,CAT09,SUB24,GENERAL_GRAMMAR,گرامر عمومی,Lesson 5; printed p. 34,Stage1 rule text + Stage2 classification; error frequency not claimed by source,misconception-catalogue-recovered-v1.0.0,CANDIDATE_PREDEPLOY_CONTENT_REVIEW,NOT_YET_OBSERVED__STAGE27_CALIBRATION,f1c90d6c-fbab-5fec-8725-506348092ee2,OVERGENERALIZATION,تعمیم بیش‌ازحد قاعده,قاعدهٔ هدف «c’est پیش از اسم تعیین‌شده و il est پیش از صفت یا حرفهٔ بدون article می‌آید.» را بدون توجه به شرط، نقش یا محدودیت بافتی زیرموضوع «تمایز ساختاری c’est و il est» به همهٔ موارد مشابه تعمیم می‌دهد.,ساخت distractor با اجرای قاعدهٔ عمومی در جایی که شرط دقیق subtopic آن را مجاز نمی‌کند.,اگر کاربر این گزینه را انتخاب کند، احتمالاً قاعده را می‌داند اما دامنهٔ کاربرد آن را بیش از حد گسترده گرفته است.,CORE,
99f46643-99ba-428d-bdaf-193d018572cc,5,« C’EST » et « IL EST »,84f75c42-d9c4-458e-8f6c-0203d4e6f8e6,L05-S04,C’est + nom déterminé vs il est + adjectif/profession,تمایز ساختاری c’est و il est,CAT09,SUB24,GENERAL_GRAMMAR,گرامر عمومی,Lesson 5; printed p. 34,Stage1 rule text + Stage2 classification; error frequency not claimed by source,misconception-catalogue-recovered-v1.0.0,CANDIDATE_PREDEPLOY_CONTENT_REVIEW,NOT_YET_OBSERVED__STAGE27_CALIBRATION,68a1fd0d-7915-5102-b28f-00a953ecf4f0,NEAR_FORM_CONFUSION,اشتباه با فرم/قاعده نزدیک,ساخت گرامری نزدیک و در ظاهر معتبر را به‌جای ساخت هدف انتخاب می‌کند.,یک فرم واقعی و نزدیک از همان خانواده انتخاب شود؛ فرم باید در context دیگری معتبر باشد ولی اینجا به‌طور قطعی غلط باشد.,انتخاب آن نشان می‌دهد تمایز میان قاعده هدف و همسایهٔ نزدیک هنوز پایدار نشده است.,CORE,
99f46643-99ba-428d-bdaf-193d018572cc,5,« C’EST » et « IL EST »,84f75c42-d9c4-458e-8f6c-0203d4e6f8e6,L05-S04,C’est + nom déterminé vs il est + adjectif/profession,تمایز ساختاری c’est و il est,CAT09,SUB24,GENERAL_GRAMMAR,گرامر عمومی,Lesson 5; printed p. 34,Stage1 rule text + Stage2 classification; error frequency not claimed by source,misconception-catalogue-recovered-v1.0.0,CANDIDATE_PREDEPLOY_CONTENT_REVIEW,NOT_YET_OBSERVED__STAGE27_CALIBRATION,68585b71-2c2d-5040-af65-f2b04be67011,CONTEXT_ROLE_MISMATCH,انتقال قاعده درست به context نادرست,قاعده‌ای که به‌خودی‌خود معتبر است را در نقش، زمان، مرجع یا context نامتناسب به‌کار می‌برد.,distractor از قاعده‌ای ساخته شود که به‌خودی‌خود معتبر است، اما نقش/مرجع/زمان/register این context با آن سازگار نیست.,انتخاب آن نشانهٔ تحلیل ناکافی context یا نقش دستوری است، نه صرفاً ندانستن شکل ظاهری.,CORE,
f07ba2d4-e9cf-441c-ad53-85194d85e1ff,6,LES POSSESSIFS,fc2d656b-5616-4b7a-944d-dafc63a02983,L06-S01,Adjectifs possessifs,صفات ملکی,CAT05,SUB12,DETERMINER_ARTICLE,تعیین‌کننده و حرف تعریف,Lesson 6; printed p. 36,Stage1 rule text + Stage2 classification; error frequency not claimed by source,misconception-catalogue-recovered-v1.0.0,CANDIDATE_PREDEPLOY_CONTENT_REVIEW,NOT_YET_OBSERVED__STAGE27_CALIBRATION,ff533b72-18a9-5f1a-923f-30b8beef9e96,OVERGENERALIZATION,تعمیم بیش‌ازحد قاعده,قاعدهٔ هدف «صفت ملکی با چیزِ مملوک از نظر جنس/شمار توافق می‌کند، نه با مالک.» را بدون توجه به شرط، نقش یا محدودیت بافتی زیرموضوع «صفات ملکی» به همهٔ موارد مشابه تعمیم می‌دهد.,ساخت distractor با اجرای قاعدهٔ عمومی در جایی که شرط دقیق subtopic آن را مجاز نمی‌کند.,اگر کاربر این گزینه را انتخاب کند، احتمالاً قاعده را می‌داند اما دامنهٔ کاربرد آن را بیش از حد گسترده گرفته است.,CORE,on=Nous → notre؛ on=Tout le monde → son.
f07ba2d4-e9cf-441c-ad53-85194d85e1ff,6,LES POSSESSIFS,fc2d656b-5616-4b7a-944d-dafc63a02983,L06-S01,Adjectifs possessifs,صفات ملکی,CAT05,SUB12,DETERMINER_ARTICLE,تعیین‌کننده و حرف تعریف,Lesson 6; printed p. 36,Stage1 rule text + Stage2 classification; error frequency not claimed by source,misconception-catalogue-recovered-v1.0.0,CANDIDATE_PREDEPLOY_CONTENT_REVIEW,NOT_YET_OBSERVED__STAGE27_CALIBRATION,d489ebe0-f867-5c2c-b94c-421d67e5ff3f,NEAR_FORM_CONFUSION,اشتباه با فرم/قاعده نزدیک,article یا déterminant نزدیک را بدون توجه به معرفه/نکره، جنس/شمار یا ساخت هدف جایگزین می‌کند.,یک فرم واقعی و نزدیک از همان خانواده انتخاب شود؛ فرم باید در context دیگری معتبر باشد ولی اینجا به‌طور قطعی غلط باشد.,انتخاب آن نشان می‌دهد تمایز میان قاعده هدف و همسایهٔ نزدیک هنوز پایدار نشده است.,CORE,on=Nous → notre؛ on=Tout le monde → son.
f07ba2d4-e9cf-441c-ad53-85194d85e1ff,6,LES POSSESSIFS,fc2d656b-5616-4b7a-944d-dafc63a02983,L06-S01,Adjectifs possessifs,صفات ملکی,CAT05,SUB12,DETERMINER_ARTICLE,تعیین‌کننده و حرف تعریف,Lesson 6; printed p. 36,Stage1 rule text + Stage2 classification; error frequency not claimed by source,misconception-catalogue-recovered-v1.0.0,CANDIDATE_PREDEPLOY_CONTENT_REVIEW,NOT_YET_OBSERVED__STAGE27_CALIBRATION,c741c8f5-1b5c-5bcc-aa67-7e52526ceb6e,CONTEXT_ROLE_MISMATCH,انتقال قاعده درست به context نادرست,determiner/article درست در بافت دیگری را بدون توجه به معرفگی، شمار یا ساخت فعلی منتقل می‌کند.,distractor از قاعده‌ای ساخته شود که به‌خودی‌خود معتبر است، اما نقش/مرجع/زمان/register این context با آن سازگار نیست.,انتخاب آن نشانهٔ تحلیل ناکافی context یا نقش دستوری است، نه صرفاً ندانستن شکل ظاهری.,CORE,on=Nous → notre؛ on=Tout le monde → son.
f07ba2d4-e9cf-441c-ad53-85194d85e1ff,6,LES POSSESSIFS,fc2d656b-5616-4b7a-944d-dafc63a02983,L06-S01,Adjectifs possessifs,صفات ملکی,CAT05,SUB12,DETERMINER_ARTICLE,تعیین‌کننده و حرف تعریف,Lesson 6; printed p. 36,Stage1 rule text + Stage2 classification; error frequency not claimed by source,misconception-catalogue-recovered-v1.0.0,CANDIDATE_PREDEPLOY_CONTENT_REVIEW,NOT_YET_OBSERVED__STAGE27_CALIBRATION,546eb6de-e2c6-582c-9862-df321c1512dc,EXCEPTION_NEGLECT,نادیده‌گرفتن استثنا/محدودیت صریح,قاعدهٔ عمومی زیرموضوع «صفات ملکی» را اعمال می‌کند اما نکته/استثنای صریح ثبت‌شده را نادیده می‌گیرد: on=Nous → notre؛ on=Tout le monde → son.,گزینه از خروجی قاعدهٔ عمومی ساخته شود؛ تنها تفاوت باید همان استثنا/محدودیت ثبت‌شده باشد.,انتخاب آن به‌طور مستقیم نشان می‌دهد قاعده عمومی بازیابی شده ولی استثنای کتاب تثبیت نشده است.,HIGH_EXCEPTION,on=Nous → notre؛ on=Tout le monde → son.
f07ba2d4-e9cf-441c-ad53-85194d85e1ff,6,LES POSSESSIFS,17ec231c-3ac8-4ecc-b28d-37c5b9c72b48,L06-S02,Possessif devant voyelle,ملکی پیش از واکه,CAT05,SUB12,DETERMINER_ARTICLE,تعیین‌کننده و حرف تعریف,Lesson 6; printed p. 36,Stage1 rule text + Stage2 classification; error frequency not claimed by source,misconception-catalogue-recovered-v1.0.0,CANDIDATE_PREDEPLOY_CONTENT_REVIEW,NOT_YET_OBSERVED__STAGE27_CALIBRATION,ba1029d1-6cee-5919-9673-7a9904e80280,OVERGENERALIZATION,تعمیم بیش‌ازحد قاعده,قاعدهٔ هدف «ma/ta/sa پیش از واکه یا h muet به mon/ton/son تبدیل می‌شود.» را بدون توجه به شرط، نقش یا محدودیت بافتی زیرموضوع «ملکی پیش از واکه» به همهٔ موارد مشابه تعمیم می‌دهد.,ساخت distractor با اجرای قاعدهٔ عمومی در جایی که شرط دقیق subtopic آن را مجاز نمی‌کند.,اگر کاربر این گزینه را انتخاب کند، احتمالاً قاعده را می‌داند اما دامنهٔ کاربرد آن را بیش از حد گسترده گرفته است.,CORE,
f07ba2d4-e9cf-441c-ad53-85194d85e1ff,6,LES POSSESSIFS,17ec231c-3ac8-4ecc-b28d-37c5b9c72b48,L06-S02,Possessif devant voyelle,ملکی پیش از واکه,CAT05,SUB12,DETERMINER_ARTICLE,تعیین‌کننده و حرف تعریف,Lesson 6; printed p. 36,Stage1 rule text + Stage2 classification; error frequency not claimed by source,misconception-catalogue-recovered-v1.0.0,CANDIDATE_PREDEPLOY_CONTENT_REVIEW,NOT_YET_OBSERVED__STAGE27_CALIBRATION,3baee9f5-90e8-561d-a1c0-d10d8518d7d7,NEAR_FORM_CONFUSION,اشتباه با فرم/قاعده نزدیک,article یا déterminant نزدیک را بدون توجه به معرفه/نکره، جنس/شمار یا ساخت هدف جایگزین می‌کند.,یک فرم واقعی و نزدیک از همان خانواده انتخاب شود؛ فرم باید در context دیگری معتبر باشد ولی اینجا به‌طور قطعی غلط باشد.,انتخاب آن نشان می‌دهد تمایز میان قاعده هدف و همسایهٔ نزدیک هنوز پایدار نشده است.,CORE,
f07ba2d4-e9cf-441c-ad53-85194d85e1ff,6,LES POSSESSIFS,17ec231c-3ac8-4ecc-b28d-37c5b9c72b48,L06-S02,Possessif devant voyelle,ملکی پیش از واکه,CAT05,SUB12,DETERMINER_ARTICLE,تعیین‌کننده و حرف تعریف,Lesson 6; printed p. 36,Stage1 rule text + Stage2 classification; error frequency not claimed by source,misconception-catalogue-recovered-v1.0.0,CANDIDATE_PREDEPLOY_CONTENT_REVIEW,NOT_YET_OBSERVED__STAGE27_CALIBRATION,0af11383-6a89-5031-9b8a-4227e266378e,CONTEXT_ROLE_MISMATCH,انتقال قاعده درست به context نادرست,determiner/article درست در بافت دیگری را بدون توجه به معرفگی، شمار یا ساخت فعلی منتقل می‌کند.,distractor از قاعده‌ای ساخته شود که به‌خودی‌خود معتبر است، اما نقش/مرجع/زمان/register این context با آن سازگار نیست.,انتخاب آن نشانهٔ تحلیل ناکافی context یا نقش دستوری است، نه صرفاً ندانستن شکل ظاهری.,CORE,
f07ba2d4-e9cf-441c-ad53-85194d85e1ff,6,LES POSSESSIFS,d3e94c6e-66c3-4af9-b067-c84d7c7558ef,L06-S03,Parties du corps et article défini,اعضای بدن و article معین,CAT05,SUB12,DETERMINER_ARTICLE,تعیین‌کننده و حرف تعریف,Lesson 6; printed p. 36,Stage1 rule text + Stage2 classification; error frequency not claimed by source,misconception-catalogue-recovered-v1.0.0,CANDIDATE_PREDEPLOY_CONTENT_REVIEW,NOT_YET_OBSERVED__STAGE27_CALIBRATION,262a1e69-1277-5326-b192-e258e60cd8f5,OVERGENERALIZATION,تعمیم بیش‌ازحد قاعده,قاعدهٔ هدف «وقتی مالک از بافت روشن است، اعضای بدن معمولاً با article معین می‌آیند.» را بدون توجه به شرط، نقش یا محدودیت بافتی زیرموضوع «اعضای بدن و article معین» به همهٔ موارد مشابه تعمیم می‌دهد.,ساخت distractor با اجرای قاعدهٔ عمومی در جایی که شرط دقیق subtopic آن را مجاز نمی‌کند.,اگر کاربر این گزینه را انتخاب کند، احتمالاً قاعده را می‌داند اما دامنهٔ کاربرد آن را بیش از حد گسترده گرفته است.,CORE,
f07ba2d4-e9cf-441c-ad53-85194d85e1ff,6,LES POSSESSIFS,d3e94c6e-66c3-4af9-b067-c84d7c7558ef,L06-S03,Parties du corps et article défini,اعضای بدن و article معین,CAT05,SUB12,DETERMINER_ARTICLE,تعیین‌کننده و حرف تعریف,Lesson 6; printed p. 36,Stage1 rule text + Stage2 classification; error frequency not claimed by source,misconception-catalogue-recovered-v1.0.0,CANDIDATE_PREDEPLOY_CONTENT_REVIEW,NOT_YET_OBSERVED__STAGE27_CALIBRATION,709bc405-162e-52b8-8e06-7eb3d590b290,NEAR_FORM_CONFUSION,اشتباه با فرم/قاعده نزدیک,article یا déterminant نزدیک را بدون توجه به معرفه/نکره، جنس/شمار یا ساخت هدف جایگزین می‌کند.,یک فرم واقعی و نزدیک از همان خانواده انتخاب شود؛ فرم باید در context دیگری معتبر باشد ولی اینجا به‌طور قطعی غلط باشد.,انتخاب آن نشان می‌دهد تمایز میان قاعده هدف و همسایهٔ نزدیک هنوز پایدار نشده است.,CORE,
f07ba2d4-e9cf-441c-ad53-85194d85e1ff,6,LES POSSESSIFS,d3e94c6e-66c3-4af9-b067-c84d7c7558ef,L06-S03,Parties du corps et article défini,اعضای بدن و article معین,CAT05,SUB12,DETERMINER_ARTICLE,تعیین‌کننده و حرف تعریف,Lesson 6; printed p. 36,Stage1 rule text + Stage2 classification; error frequency not claimed by source,misconception-catalogue-recovered-v1.0.0,CANDIDATE_PREDEPLOY_CONTENT_REVIEW,NOT_YET_OBSERVED__STAGE27_CALIBRATION,3fe9a582-a8da-5c33-87d1-cc1cbcfd192c,CONTEXT_ROLE_MISMATCH,انتقال قاعده درست به context نادرست,determiner/article درست در بافت دیگری را بدون توجه به معرفگی، شمار یا ساخت فعلی منتقل می‌کند.,distractor از قاعده‌ای ساخته شود که به‌خودی‌خود معتبر است، اما نقش/مرجع/زمان/register این context با آن سازگار نیست.,انتخاب آن نشانهٔ تحلیل ناکافی context یا نقش دستوری است، نه صرفاً ندانستن شکل ظاهری.,CORE,
f07ba2d4-e9cf-441c-ad53-85194d85e1ff,6,LES POSSESSIFS,d47a4036-ec23-4651-b55d-2aaf47072e47,L06-S04,Pronoms possessifs,ضمیرهای ملکی,CAT05,SUB12,PRONOUN_REFERENCE,ضمیر و ارجاع,Lesson 6; printed p. 36,Stage1 rule text + Stage2 classification; error frequency not claimed by source,misconception-catalogue-recovered-v1.0.0,CANDIDATE_PREDEPLOY_CONTENT_REVIEW,NOT_YET_OBSERVED__STAGE27_CALIBRATION,0234ab97-1bc6-5e8c-b407-091f1266e237,OVERGENERALIZATION,تعمیم بیش‌ازحد قاعده,قاعدهٔ هدف «le mien/la mienne/les miens… جای اسم دارای رابطهٔ ملکی را می‌گیرند.» را بدون توجه به شرط، نقش یا محدودیت بافتی زیرموضوع «ضمیرهای ملکی» به همهٔ موارد مشابه تعمیم می‌دهد.,ساخت distractor با اجرای قاعدهٔ عمومی در جایی که شرط دقیق subtopic آن را مجاز نمی‌کند.,اگر کاربر این گزینه را انتخاب کند، احتمالاً قاعده را می‌داند اما دامنهٔ کاربرد آن را بیش از حد گسترده گرفته است.,CORE,notre صفت است؛ le nôtre ضمیر.
f07ba2d4-e9cf-441c-ad53-85194d85e1ff,6,LES POSSESSIFS,d47a4036-ec23-4651-b55d-2aaf47072e47,L06-S04,Pronoms possessifs,ضمیرهای ملکی,CAT05,SUB12,PRONOUN_REFERENCE,ضمیر و ارجاع,Lesson 6; printed p. 36,Stage1 rule text + Stage2 classification; error frequency not claimed by source,misconception-catalogue-recovered-v1.0.0,CANDIDATE_PREDEPLOY_CONTENT_REVIEW,NOT_YET_OBSERVED__STAGE27_CALIBRATION,663066a6-16c2-561a-b997-ad179133fb2b,NEAR_FORM_CONFUSION,اشتباه با فرم/قاعده نزدیک,نوع یا صورت ضمیر نزدیک (نقش، شخص، جنس/شمار یا نوع متمم متفاوت) را به‌جای ضمیر هدف انتخاب می‌کند.,یک فرم واقعی و نزدیک از همان خانواده انتخاب شود؛ فرم باید در context دیگری معتبر باشد ولی اینجا به‌طور قطعی غلط باشد.,انتخاب آن نشان می‌دهد تمایز میان قاعده هدف و همسایهٔ نزدیک هنوز پایدار نشده است.,CORE,notre صفت است؛ le nôtre ضمیر.
f07ba2d4-e9cf-441c-ad53-85194d85e1ff,6,LES POSSESSIFS,d47a4036-ec23-4651-b55d-2aaf47072e47,L06-S04,Pronoms possessifs,ضمیرهای ملکی,CAT05,SUB12,PRONOUN_REFERENCE,ضمیر و ارجاع,Lesson 6; printed p. 36,Stage1 rule text + Stage2 classification; error frequency not claimed by source,misconception-catalogue-recovered-v1.0.0,CANDIDATE_PREDEPLOY_CONTENT_REVIEW,NOT_YET_OBSERVED__STAGE27_CALIBRATION,62e668df-d05b-56b4-9069-7f20c8424de5,CONTEXT_ROLE_MISMATCH,انتقال قاعده درست به context نادرست,ضمیر درست برای مرجع یا متمم دیگری را به این جمله منتقل می‌کند و antecedent/رکسیون فعلی را نادیده می‌گیرد.,distractor از قاعده‌ای ساخته شود که به‌خودی‌خود معتبر است، اما نقش/مرجع/زمان/register این context با آن سازگار نیست.,انتخاب آن نشانهٔ تحلیل ناکافی context یا نقش دستوری است، نه صرفاً ندانستن شکل ظاهری.,CORE,notre صفت است؛ le nôtre ضمیر.
f07ba2d4-e9cf-441c-ad53-85194d85e1ff,6,LES POSSESSIFS,d47a4036-ec23-4651-b55d-2aaf47072e47,L06-S04,Pronoms possessifs,ضمیرهای ملکی,CAT05,SUB12,PRONOUN_REFERENCE,ضمیر و ارجاع,Lesson 6; printed p. 36,Stage1 rule text + Stage2 classification; error frequency not claimed by source,misconception-catalogue-recovered-v1.0.0,CANDIDATE_PREDEPLOY_CONTENT_REVIEW,NOT_YET_OBSERVED__STAGE27_CALIBRATION,6b4b76fd-e600-5d24-9f6e-df7bc2eec37b,EXCEPTION_NEGLECT,نادیده‌گرفتن استثنا/محدودیت صریح,قاعدهٔ عمومی زیرموضوع «ضمیرهای ملکی» را اعمال می‌کند اما نکته/استثنای صریح ثبت‌شده را نادیده می‌گیرد: notre صفت است؛ le nôtre ضمیر.,گزینه از خروجی قاعدهٔ عمومی ساخته شود؛ تنها تفاوت باید همان استثنا/محدودیت ثبت‌شده باشد.,انتخاب آن به‌طور مستقیم نشان می‌دهد قاعده عمومی بازیابی شده ولی استثنای کتاب تثبیت نشده است.,HIGH_EXCEPTION,notre صفت است؛ le nôtre ضمیر.
4bf7f7a6-29e0-471a-8b5c-3740f60b5c8e,7,LES NOMS de PARENTÉ et de GROUPE,51603058-dbbb-4109-8ac0-083ee583457e,L07-S01,Noms de parenté,واژگان خویشاوندی,CAT05,SUB11,DETERMINER_ARTICLE,تعیین‌کننده و حرف تعریف,Lesson 7; printed p. 38,Stage1 rule text + Stage2 classification; error frequency not claimed by source,misconception-catalogue-recovered-v1.0.0,CANDIDATE_PREDEPLOY_CONTENT_REVIEW,NOT_YET_OBSERVED__STAGE27_CALIBRATION,c9219f32-2c57-5a02-b29b-e9f73e82e24b,OVERGENERALIZATION,تعمیم بیش‌ازحد قاعده,قاعدهٔ هدف «واژگان خویشاوندی روابط خانوادگی و نسل‌ها را بیان می‌کنند.» را بدون توجه به شرط، نقش یا محدودیت بافتی زیرموضوع «واژگان خویشاوندی» به همهٔ موارد مشابه تعمیم می‌دهد.,ساخت distractor با اجرای قاعدهٔ عمومی در جایی که شرط دقیق subtopic آن را مجاز نمی‌کند.,اگر کاربر این گزینه را انتخاب کند، احتمالاً قاعده را می‌داند اما دامنهٔ کاربرد آن را بیش از حد گسترده گرفته است.,CORE,les parents = پدر و مادر؛ des parents = بستگان.
4bf7f7a6-29e0-471a-8b5c-3740f60b5c8e,7,LES NOMS de PARENTÉ et de GROUPE,51603058-dbbb-4109-8ac0-083ee583457e,L07-S01,Noms de parenté,واژگان خویشاوندی,CAT05,SUB11,DETERMINER_ARTICLE,تعیین‌کننده و حرف تعریف,Lesson 7; printed p. 38,Stage1 rule text + Stage2 classification; error frequency not claimed by source,misconception-catalogue-recovered-v1.0.0,CANDIDATE_PREDEPLOY_CONTENT_REVIEW,NOT_YET_OBSERVED__STAGE27_CALIBRATION,4064ac79-49b7-5841-9c37-2b09fdc2aa10,NEAR_FORM_CONFUSION,اشتباه با فرم/قاعده نزدیک,article یا déterminant نزدیک را بدون توجه به معرفه/نکره، جنس/شمار یا ساخت هدف جایگزین می‌کند.,یک فرم واقعی و نزدیک از همان خانواده انتخاب شود؛ فرم باید در context دیگری معتبر باشد ولی اینجا به‌طور قطعی غلط باشد.,انتخاب آن نشان می‌دهد تمایز میان قاعده هدف و همسایهٔ نزدیک هنوز پایدار نشده است.,CORE,les parents = پدر و مادر؛ des parents = بستگان.
4bf7f7a6-29e0-471a-8b5c-3740f60b5c8e,7,LES NOMS de PARENTÉ et de GROUPE,51603058-dbbb-4109-8ac0-083ee583457e,L07-S01,Noms de parenté,واژگان خویشاوندی,CAT05,SUB11,DETERMINER_ARTICLE,تعیین‌کننده و حرف تعریف,Lesson 7; printed p. 38,Stage1 rule text + Stage2 classification; error frequency not claimed by source,misconception-catalogue-recovered-v1.0.0,CANDIDATE_PREDEPLOY_CONTENT_REVIEW,NOT_YET_OBSERVED__STAGE27_CALIBRATION,7b3adeaf-42e0-5734-93c4-2d3cc3b77ebf,CONTEXT_ROLE_MISMATCH,انتقال قاعده درست به context نادرست,determiner/article درست در بافت دیگری را بدون توجه به معرفگی، شمار یا ساخت فعلی منتقل می‌کند.,distractor از قاعده‌ای ساخته شود که به‌خودی‌خود معتبر است، اما نقش/مرجع/زمان/register این context با آن سازگار نیست.,انتخاب آن نشانهٔ تحلیل ناکافی context یا نقش دستوری است، نه صرفاً ندانستن شکل ظاهری.,CORE,les parents = پدر و مادر؛ des parents = بستگان.
4bf7f7a6-29e0-471a-8b5c-3740f60b5c8e,7,LES NOMS de PARENTÉ et de GROUPE,51603058-dbbb-4109-8ac0-083ee583457e,L07-S01,Noms de parenté,واژگان خویشاوندی,CAT05,SUB11,DETERMINER_ARTICLE,تعیین‌کننده و حرف تعریف,Lesson 7; printed p. 38,Stage1 rule text + Stage2 classification; error frequency not claimed by source,misconception-catalogue-recovered-v1.0.0,CANDIDATE_PREDEPLOY_CONTENT_REVIEW,NOT_YET_OBSERVED__STAGE27_CALIBRATION,0444ff6a-95e2-55a2-b7fe-6ac0df3b8aa4,EXCEPTION_NEGLECT,نادیده‌گرفتن استثنا/محدودیت صریح,قاعدهٔ عمومی زیرموضوع «واژگان خویشاوندی» را اعمال می‌کند اما نکته/استثنای صریح ثبت‌شده را نادیده می‌گیرد: les parents = پدر و مادر؛ des parents = بستگان.,گزینه از خروجی قاعدهٔ عمومی ساخته شود؛ تنها تفاوت باید همان استثنا/محدودیت ثبت‌شده باشد.,انتخاب آن به‌طور مستقیم نشان می‌دهد قاعده عمومی بازیابی شده ولی استثنای کتاب تثبیت نشده است.,HIGH_EXCEPTION,les parents = پدر و مادر؛ des parents = بستگان.
4bf7f7a6-29e0-471a-8b5c-3740f60b5c8e,7,LES NOMS de PARENTÉ et de GROUPE,6fc2bc73-6743-4148-bbc3-269f4c7a6b4a,L07-S02,Belle-famille et famille recomposée,نسبت‌های سببی,CAT05,SUB11,DETERMINER_ARTICLE,تعیین‌کننده و حرف تعریف,Lesson 7; printed p. 38,Stage1 rule text + Stage2 classification; error frequency not claimed by source,misconception-catalogue-recovered-v1.0.0,CANDIDATE_PREDEPLOY_CONTENT_REVIEW,NOT_YET_OBSERVED__STAGE27_CALIBRATION,663c8d9f-4932-5fae-a3e4-1fab8ce35297,OVERGENERALIZATION,تعمیم بیش‌ازحد قاعده,قاعدهٔ هدف «beau-/belle- در نام‌های خانوادگی می‌تواند نسبت سببی یا در بافتی خاص ناپدری/نامادری را بیان کند.» را بدون توجه به شرط، نقش یا محدودیت بافتی زیرموضوع «نسبت‌های سببی» به همهٔ موارد مشابه تعمیم می‌دهد.,ساخت distractor با اجرای قاعدهٔ عمومی در جایی که شرط دقیق subtopic آن را مجاز نمی‌کند.,اگر کاربر این گزینه را انتخاب کند، احتمالاً قاعده را می‌داند اما دامنهٔ کاربرد آن را بیش از حد گسترده گرفته است.,CORE,
4bf7f7a6-29e0-471a-8b5c-3740f60b5c8e,7,LES NOMS de PARENTÉ et de GROUPE,6fc2bc73-6743-4148-bbc3-269f4c7a6b4a,L07-S02,Belle-famille et famille recomposée,نسبت‌های سببی,CAT05,SUB11,DETERMINER_ARTICLE,تعیین‌کننده و حرف تعریف,Lesson 7; printed p. 38,Stage1 rule text + Stage2 classification; error frequency not claimed by source,misconception-catalogue-recovered-v1.0.0,CANDIDATE_PREDEPLOY_CONTENT_REVIEW,NOT_YET_OBSERVED__STAGE27_CALIBRATION,1274d9ea-0884-5775-9f74-5de1a158b31a,NEAR_FORM_CONFUSION,اشتباه با فرم/قاعده نزدیک,article یا déterminant نزدیک را بدون توجه به معرفه/نکره، جنس/شمار یا ساخت هدف جایگزین می‌کند.,یک فرم واقعی و نزدیک از همان خانواده انتخاب شود؛ فرم باید در context دیگری معتبر باشد ولی اینجا به‌طور قطعی غلط باشد.,انتخاب آن نشان می‌دهد تمایز میان قاعده هدف و همسایهٔ نزدیک هنوز پایدار نشده است.,CORE,
4bf7f7a6-29e0-471a-8b5c-3740f60b5c8e,7,LES NOMS de PARENTÉ et de GROUPE,6fc2bc73-6743-4148-bbc3-269f4c7a6b4a,L07-S02,Belle-famille et famille recomposée,نسبت‌های سببی,CAT05,SUB11,DETERMINER_ARTICLE,تعیین‌کننده و حرف تعریف,Lesson 7; printed p. 38,Stage1 rule text + Stage2 classification; error frequency not claimed by source,misconception-catalogue-recovered-v1.0.0,CANDIDATE_PREDEPLOY_CONTENT_REVIEW,NOT_YET_OBSERVED__STAGE27_CALIBRATION,61fc4b21-73d8-54dd-8cad-fdd46ba4a4c9,CONTEXT_ROLE_MISMATCH,انتقال قاعده درست به context نادرست,determiner/article درست در بافت دیگری را بدون توجه به معرفگی، شمار یا ساخت فعلی منتقل می‌کند.,distractor از قاعده‌ای ساخته شود که به‌خودی‌خود معتبر است، اما نقش/مرجع/زمان/register این context با آن سازگار نیست.,انتخاب آن نشانهٔ تحلیل ناکافی context یا نقش دستوری است، نه صرفاً ندانستن شکل ظاهری.,CORE,
4bf7f7a6-29e0-471a-8b5c-3740f60b5c8e,7,LES NOMS de PARENTÉ et de GROUPE,1f8da7b2-8ddd-4c97-ad9b-d7dd6596eaa9,L07-S03,Noms de groupe « gens/personnes/tout le monde »,اسم‌های گروهی,CAT05,SUB11,DETERMINER_ARTICLE,تعیین‌کننده و حرف تعریف,Lesson 7; printed p. 38,Stage1 rule text + Stage2 classification; error frequency not claimed by source,misconception-catalogue-recovered-v1.0.0,CANDIDATE_PREDEPLOY_CONTENT_REVIEW,NOT_YET_OBSERVED__STAGE27_CALIBRATION,24b2a230-d8ff-5075-adb1-404774bc426a,OVERGENERALIZATION,تعمیم بیش‌ازحد قاعده,قاعدهٔ هدف «gens/personnes جمع‌اند اما tout le monde فعل مفرد می‌گیرد.» را بدون توجه به شرط، نقش یا محدودیت بافتی زیرموضوع «اسم‌های گروهی» به همهٔ موارد مشابه تعمیم می‌دهد.,ساخت distractor با اجرای قاعدهٔ عمومی در جایی که شرط دقیق subtopic آن را مجاز نمی‌کند.,اگر کاربر این گزینه را انتخاب کند، احتمالاً قاعده را می‌داند اما دامنهٔ کاربرد آن را بیش از حد گسترده گرفته است.,CORE,
4bf7f7a6-29e0-471a-8b5c-3740f60b5c8e,7,LES NOMS de PARENTÉ et de GROUPE,1f8da7b2-8ddd-4c97-ad9b-d7dd6596eaa9,L07-S03,Noms de groupe « gens/personnes/tout le monde »,اسم‌های گروهی,CAT05,SUB11,DETERMINER_ARTICLE,تعیین‌کننده و حرف تعریف,Lesson 7; printed p. 38,Stage1 rule text + Stage2 classification; error frequency not claimed by source,misconception-catalogue-recovered-v1.0.0,CANDIDATE_PREDEPLOY_CONTENT_REVIEW,NOT_YET_OBSERVED__STAGE27_CALIBRATION,2434f5de-cfe3-5a13-83e7-db35fdf33137,NEAR_FORM_CONFUSION,اشتباه با فرم/قاعده نزدیک,article یا déterminant نزدیک را بدون توجه به معرفه/نکره، جنس/شمار یا ساخت هدف جایگزین می‌کند.,یک فرم واقعی و نزدیک از همان خانواده انتخاب شود؛ فرم باید در context دیگری معتبر باشد ولی اینجا به‌طور قطعی غلط باشد.,انتخاب آن نشان می‌دهد تمایز میان قاعده هدف و همسایهٔ نزدیک هنوز پایدار نشده است.,CORE,
4bf7f7a6-29e0-471a-8b5c-3740f60b5c8e,7,LES NOMS de PARENTÉ et de GROUPE,1f8da7b2-8ddd-4c97-ad9b-d7dd6596eaa9,L07-S03,Noms de groupe « gens/personnes/tout le monde »,اسم‌های گروهی,CAT05,SUB11,DETERMINER_ARTICLE,تعیین‌کننده و حرف تعریف,Lesson 7; printed p. 38,Stage1 rule text + Stage2 classification; error frequency not claimed by source,misconception-catalogue-recovered-v1.0.0,CANDIDATE_PREDEPLOY_CONTENT_REVIEW,NOT_YET_OBSERVED__STAGE27_CALIBRATION,bfd1fd88-415b-5ae9-a701-e203aced2b40,CONTEXT_ROLE_MISMATCH,انتقال قاعده درست به context نادرست,determiner/article درست در بافت دیگری را بدون توجه به معرفگی، شمار یا ساخت فعلی منتقل می‌کند.,distractor از قاعده‌ای ساخته شود که به‌خودی‌خود معتبر است، اما نقش/مرجع/زمان/register این context با آن سازگار نیست.,انتخاب آن نشانهٔ تحلیل ناکافی context یا نقش دستوری است، نه صرفاً ندانستن شکل ظاهری.,CORE,
4bf7f7a6-29e0-471a-8b5c-3740f60b5c8e,7,LES NOMS de PARENTÉ et de GROUPE,5c5c4c0d-12b8-41aa-90a3-5b4a21fc46e0,L07-S04,« ami » selon le déterminant,ami و تعیین‌کننده,CAT05,SUB11,DETERMINER_ARTICLE,تعیین‌کننده و حرف تعریف,Lesson 7; printed p. 38,Stage1 rule text + Stage2 classification; error frequency not claimed by source,misconception-catalogue-recovered-v1.0.0,CANDIDATE_PREDEPLOY_CONTENT_REVIEW,NOT_YET_OBSERVED__STAGE27_CALIBRATION,0617c4ad-c364-5580-8298-d58179f55b86,OVERGENERALIZATION,تعمیم بیش‌ازحد قاعده,قاعدهٔ هدف «mon ami/mon amie می‌تواند به شریک عاطفی اشاره کند، اما un ami/un(e) amie معمولاً «دوست» است.» را بدون توجه به شرط، نقش یا محدودیت بافتی زیرموضوع «ami و تعیین‌کننده» به همهٔ موارد مشابه تعمیم می‌دهد.,ساخت distractor با اجرای قاعدهٔ عمومی در جایی که شرط دقیق subtopic آن را مجاز نمی‌کند.,اگر کاربر این گزینه را انتخاب کند، احتمالاً قاعده را می‌داند اما دامنهٔ کاربرد آن را بیش از حد گسترده گرفته است.,CORE,
4bf7f7a6-29e0-471a-8b5c-3740f60b5c8e,7,LES NOMS de PARENTÉ et de GROUPE,5c5c4c0d-12b8-41aa-90a3-5b4a21fc46e0,L07-S04,« ami » selon le déterminant,ami و تعیین‌کننده,CAT05,SUB11,DETERMINER_ARTICLE,تعیین‌کننده و حرف تعریف,Lesson 7; printed p. 38,Stage1 rule text + Stage2 classification; error frequency not claimed by source,misconception-catalogue-recovered-v1.0.0,CANDIDATE_PREDEPLOY_CONTENT_REVIEW,NOT_YET_OBSERVED__STAGE27_CALIBRATION,82e1b915-3396-512d-b119-9009f1a4d434,NEAR_FORM_CONFUSION,اشتباه با فرم/قاعده نزدیک,article یا déterminant نزدیک را بدون توجه به معرفه/نکره، جنس/شمار یا ساخت هدف جایگزین می‌کند.,یک فرم واقعی و نزدیک از همان خانواده انتخاب شود؛ فرم باید در context دیگری معتبر باشد ولی اینجا به‌طور قطعی غلط باشد.,انتخاب آن نشان می‌دهد تمایز میان قاعده هدف و همسایهٔ نزدیک هنوز پایدار نشده است.,CORE,
4bf7f7a6-29e0-471a-8b5c-3740f60b5c8e,7,LES NOMS de PARENTÉ et de GROUPE,5c5c4c0d-12b8-41aa-90a3-5b4a21fc46e0,L07-S04,« ami » selon le déterminant,ami و تعیین‌کننده,CAT05,SUB11,DETERMINER_ARTICLE,تعیین‌کننده و حرف تعریف,Lesson 7; printed p. 38,Stage1 rule text + Stage2 classification; error frequency not claimed by source,misconception-catalogue-recovered-v1.0.0,CANDIDATE_PREDEPLOY_CONTENT_REVIEW,NOT_YET_OBSERVED__STAGE27_CALIBRATION,2a974058-0054-5f35-88a7-12d333d81967,CONTEXT_ROLE_MISMATCH,انتقال قاعده درست به context نادرست,determiner/article درست در بافت دیگری را بدون توجه به معرفگی، شمار یا ساخت فعلی منتقل می‌کند.,distractor از قاعده‌ای ساخته شود که به‌خودی‌خود معتبر است، اما نقش/مرجع/زمان/register این context با آن سازگار نیست.,انتخاب آن نشانهٔ تحلیل ناکافی context یا نقش دستوری است، نه صرفاً ندانستن شکل ظاهری.,CORE,
d68e9726-6d53-4ffb-935c-fd8f24aae9ec,8,LES DÉMONSTRATIFS,acff182f-c807-47d7-a3f6-dad87efb8a3d,L08-S01,Adjectifs démonstratifs,صفات اشاره,CAT05,SUB12,DETERMINER_ARTICLE,تعیین‌کننده و حرف تعریف,Lesson 8; printed p. 40,Stage1 rule text + Stage2 classification; error frequency not claimed by source,misconception-catalogue-recovered-v1.0.0,CANDIDATE_PREDEPLOY_CONTENT_REVIEW,NOT_YET_OBSERVED__STAGE27_CALIBRATION,2cb78bd0-ad7a-5c05-81b8-a7072386fe69,OVERGENERALIZATION,تعمیم بیش‌ازحد قاعده,قاعدهٔ هدف «ce/cet/cette/ces برای اشاره به شخص یا شیء به‌کار می‌روند.» را بدون توجه به شرط، نقش یا محدودیت بافتی زیرموضوع «صفات اشاره» به همهٔ موارد مشابه تعمیم می‌دهد.,ساخت distractor با اجرای قاعدهٔ عمومی در جایی که شرط دقیق subtopic آن را مجاز نمی‌کند.,اگر کاربر این گزینه را انتخاب کند، احتمالاً قاعده را می‌داند اما دامنهٔ کاربرد آن را بیش از حد گسترده گرفته است.,CORE,پیش از h aspiré، ce باقی می‌ماند؛ کتاب ce héros را مثال می‌زند.
d68e9726-6d53-4ffb-935c-fd8f24aae9ec,8,LES DÉMONSTRATIFS,acff182f-c807-47d7-a3f6-dad87efb8a3d,L08-S01,Adjectifs démonstratifs,صفات اشاره,CAT05,SUB12,DETERMINER_ARTICLE,تعیین‌کننده و حرف تعریف,Lesson 8; printed p. 40,Stage1 rule text + Stage2 classification; error frequency not claimed by source,misconception-catalogue-recovered-v1.0.0,CANDIDATE_PREDEPLOY_CONTENT_REVIEW,NOT_YET_OBSERVED__STAGE27_CALIBRATION,00fef432-15b6-58fd-9d53-740d313a6aec,NEAR_FORM_CONFUSION,اشتباه با فرم/قاعده نزدیک,article یا déterminant نزدیک را بدون توجه به معرفه/نکره، جنس/شمار یا ساخت هدف جایگزین می‌کند.,یک فرم واقعی و نزدیک از همان خانواده انتخاب شود؛ فرم باید در context دیگری معتبر باشد ولی اینجا به‌طور قطعی غلط باشد.,انتخاب آن نشان می‌دهد تمایز میان قاعده هدف و همسایهٔ نزدیک هنوز پایدار نشده است.,CORE,پیش از h aspiré، ce باقی می‌ماند؛ کتاب ce héros را مثال می‌زند.
d68e9726-6d53-4ffb-935c-fd8f24aae9ec,8,LES DÉMONSTRATIFS,acff182f-c807-47d7-a3f6-dad87efb8a3d,L08-S01,Adjectifs démonstratifs,صفات اشاره,CAT05,SUB12,DETERMINER_ARTICLE,تعیین‌کننده و حرف تعریف,Lesson 8; printed p. 40,Stage1 rule text + Stage2 classification; error frequency not claimed by source,misconception-catalogue-recovered-v1.0.0,CANDIDATE_PREDEPLOY_CONTENT_REVIEW,NOT_YET_OBSERVED__STAGE27_CALIBRATION,1dd16d11-3140-50c7-969a-16a0ff1c561a,CONTEXT_ROLE_MISMATCH,انتقال قاعده درست به context نادرست,determiner/article درست در بافت دیگری را بدون توجه به معرفگی، شمار یا ساخت فعلی منتقل می‌کند.,distractor از قاعده‌ای ساخته شود که به‌خودی‌خود معتبر است، اما نقش/مرجع/زمان/register این context با آن سازگار نیست.,انتخاب آن نشانهٔ تحلیل ناکافی context یا نقش دستوری است، نه صرفاً ندانستن شکل ظاهری.,CORE,پیش از h aspiré، ce باقی می‌ماند؛ کتاب ce héros را مثال می‌زند.
d68e9726-6d53-4ffb-935c-fd8f24aae9ec,8,LES DÉMONSTRATIFS,acff182f-c807-47d7-a3f6-dad87efb8a3d,L08-S01,Adjectifs démonstratifs,صفات اشاره,CAT05,SUB12,DETERMINER_ARTICLE,تعیین‌کننده و حرف تعریف,Lesson 8; printed p. 40,Stage1 rule text + Stage2 classification; error frequency not claimed by source,misconception-catalogue-recovered-v1.0.0,CANDIDATE_PREDEPLOY_CONTENT_REVIEW,NOT_YET_OBSERVED__STAGE27_CALIBRATION,168e5a3e-6dbd-5843-a2f4-bcbe1fc3976c,EXCEPTION_NEGLECT,نادیده‌گرفتن استثنا/محدودیت صریح,قاعدهٔ عمومی زیرموضوع «صفات اشاره» را اعمال می‌کند اما نکته/استثنای صریح ثبت‌شده را نادیده می‌گیرد: پیش از h aspiré، ce باقی می‌ماند؛ کتاب ce héros را مثال می‌زند.,گزینه از خروجی قاعدهٔ عمومی ساخته شود؛ تنها تفاوت باید همان استثنا/محدودیت ثبت‌شده باشد.,انتخاب آن به‌طور مستقیم نشان می‌دهد قاعده عمومی بازیابی شده ولی استثنای کتاب تثبیت نشده است.,HIGH_EXCEPTION,پیش از h aspiré، ce باقی می‌ماند؛ کتاب ce héros را مثال می‌زند.
d68e9726-6d53-4ffb-935c-fd8f24aae9ec,8,LES DÉMONSTRATIFS,3997b6e8-8ab6-4d34-8e8c-09f905a118b4,L08-S02,Temps avec démonstratifs,اشارهٔ زمانی,CAT05,SUB12,DETERMINER_ARTICLE,تعیین‌کننده و حرف تعریف,Lesson 8; printed p. 40,Stage1 rule text + Stage2 classification; error frequency not claimed by source,misconception-catalogue-recovered-v1.0.0,CANDIDATE_PREDEPLOY_CONTENT_REVIEW,NOT_YET_OBSERVED__STAGE27_CALIBRATION,ebd48fa2-6c55-5d25-b35f-a441b323ad36,OVERGENERALIZATION,تعمیم بیش‌ازحد قاعده,قاعدهٔ هدف «ce/cette برای بازه‌های زمانی جاری/نزدیک به‌کار می‌رود.» را بدون توجه به شرط، نقش یا محدودیت بافتی زیرموضوع «اشارهٔ زمانی» به همهٔ موارد مشابه تعمیم می‌دهد.,ساخت distractor با اجرای قاعدهٔ عمومی در جایی که شرط دقیق subtopic آن را مجاز نمی‌کند.,اگر کاربر این گزینه را انتخاب کند، احتمالاً قاعده را می‌داند اما دامنهٔ کاربرد آن را بیش از حد گسترده گرفته است.,CORE,
d68e9726-6d53-4ffb-935c-fd8f24aae9ec,8,LES DÉMONSTRATIFS,3997b6e8-8ab6-4d34-8e8c-09f905a118b4,L08-S02,Temps avec démonstratifs,اشارهٔ زمانی,CAT05,SUB12,DETERMINER_ARTICLE,تعیین‌کننده و حرف تعریف,Lesson 8; printed p. 40,Stage1 rule text + Stage2 classification; error frequency not claimed by source,misconception-catalogue-recovered-v1.0.0,CANDIDATE_PREDEPLOY_CONTENT_REVIEW,NOT_YET_OBSERVED__STAGE27_CALIBRATION,1477b26d-08b8-5e8f-a0bd-4ece0a47aa31,NEAR_FORM_CONFUSION,اشتباه با فرم/قاعده نزدیک,article یا déterminant نزدیک را بدون توجه به معرفه/نکره، جنس/شمار یا ساخت هدف جایگزین می‌کند.,یک فرم واقعی و نزدیک از همان خانواده انتخاب شود؛ فرم باید در context دیگری معتبر باشد ولی اینجا به‌طور قطعی غلط باشد.,انتخاب آن نشان می‌دهد تمایز میان قاعده هدف و همسایهٔ نزدیک هنوز پایدار نشده است.,CORE,
d68e9726-6d53-4ffb-935c-fd8f24aae9ec,8,LES DÉMONSTRATIFS,3997b6e8-8ab6-4d34-8e8c-09f905a118b4,L08-S02,Temps avec démonstratifs,اشارهٔ زمانی,CAT05,SUB12,DETERMINER_ARTICLE,تعیین‌کننده و حرف تعریف,Lesson 8; printed p. 40,Stage1 rule text + Stage2 classification; error frequency not claimed by source,misconception-catalogue-recovered-v1.0.0,CANDIDATE_PREDEPLOY_CONTENT_REVIEW,NOT_YET_OBSERVED__STAGE27_CALIBRATION,f4dfb375-bcb9-5357-95fa-cef5d0953dd1,CONTEXT_ROLE_MISMATCH,انتقال قاعده درست به context نادرست,determiner/article درست در بافت دیگری را بدون توجه به معرفگی، شمار یا ساخت فعلی منتقل می‌کند.,distractor از قاعده‌ای ساخته شود که به‌خودی‌خود معتبر است، اما نقش/مرجع/زمان/register این context با آن سازگار نیست.,انتخاب آن نشانهٔ تحلیل ناکافی context یا نقش دستوری است، نه صرفاً ندانستن شکل ظاهری.,CORE,
d68e9726-6d53-4ffb-935c-fd8f24aae9ec,8,LES DÉMONSTRATIFS,cab365d0-927e-432e-ae0a-315a3dbf8e0f,L08-S03,Pronoms démonstratifs,ضمیرهای اشاره,CAT05,SUB12,PRONOUN_REFERENCE,ضمیر و ارجاع,Lesson 8; printed p. 40,Stage1 rule text + Stage2 classification; error frequency not claimed by source,misconception-catalogue-recovered-v1.0.0,CANDIDATE_PREDEPLOY_CONTENT_REVIEW,NOT_YET_OBSERVED__STAGE27_CALIBRATION,428f551b-7977-5644-a8ff-d955657a5ca4,OVERGENERALIZATION,تعمیم بیش‌ازحد قاعده,قاعدهٔ هدف «celui/celle/ceux/celles برای جلوگیری از تکرار اسم‌اند.» را بدون توجه به شرط، نقش یا محدودیت بافتی زیرموضوع «ضمیرهای اشاره» به همهٔ موارد مشابه تعمیم می‌دهد.,ساخت distractor با اجرای قاعدهٔ عمومی در جایی که شرط دقیق subtopic آن را مجاز نمی‌کند.,اگر کاربر این گزینه را انتخاب کند، احتمالاً قاعده را می‌داند اما دامنهٔ کاربرد آن را بیش از حد گسترده گرفته است.,CORE,
d68e9726-6d53-4ffb-935c-fd8f24aae9ec,8,LES DÉMONSTRATIFS,cab365d0-927e-432e-ae0a-315a3dbf8e0f,L08-S03,Pronoms démonstratifs,ضمیرهای اشاره,CAT05,SUB12,PRONOUN_REFERENCE,ضمیر و ارجاع,Lesson 8; printed p. 40,Stage1 rule text + Stage2 classification; error frequency not claimed by source,misconception-catalogue-recovered-v1.0.0,CANDIDATE_PREDEPLOY_CONTENT_REVIEW,NOT_YET_OBSERVED__STAGE27_CALIBRATION,1cef4c8c-026f-589b-9faf-cda41ab4e2ef,NEAR_FORM_CONFUSION,اشتباه با فرم/قاعده نزدیک,نوع یا صورت ضمیر نزدیک (نقش، شخص، جنس/شمار یا نوع متمم متفاوت) را به‌جای ضمیر هدف انتخاب می‌کند.,یک فرم واقعی و نزدیک از همان خانواده انتخاب شود؛ فرم باید در context دیگری معتبر باشد ولی اینجا به‌طور قطعی غلط باشد.,انتخاب آن نشان می‌دهد تمایز میان قاعده هدف و همسایهٔ نزدیک هنوز پایدار نشده است.,CORE,
d68e9726-6d53-4ffb-935c-fd8f24aae9ec,8,LES DÉMONSTRATIFS,cab365d0-927e-432e-ae0a-315a3dbf8e0f,L08-S03,Pronoms démonstratifs,ضمیرهای اشاره,CAT05,SUB12,PRONOUN_REFERENCE,ضمیر و ارجاع,Lesson 8; printed p. 40,Stage1 rule text + Stage2 classification; error frequency not claimed by source,misconception-catalogue-recovered-v1.0.0,CANDIDATE_PREDEPLOY_CONTENT_REVIEW,NOT_YET_OBSERVED__STAGE27_CALIBRATION,9503b206-43da-53ff-8986-18fcb1be1f78,CONTEXT_ROLE_MISMATCH,انتقال قاعده درست به context نادرست,ضمیر درست برای مرجع یا متمم دیگری را به این جمله منتقل می‌کند و antecedent/رکسیون فعلی را نادیده می‌گیرد.,distractor از قاعده‌ای ساخته شود که به‌خودی‌خود معتبر است، اما نقش/مرجع/زمان/register این context با آن سازگار نیست.,انتخاب آن نشانهٔ تحلیل ناکافی context یا نقش دستوری است، نه صرفاً ندانستن شکل ظاهری.,CORE,
d68e9726-6d53-4ffb-935c-fd8f24aae9ec,8,LES DÉMONSTRATIFS,1b06d9b7-8b02-4b8f-946d-867c3d57112f,L08-S04,Liaison des démonstratifs,لیِزون در اشاره,CAT05,SUB12,ORTHOGRAPHY,املا/صورت نوشتاری,Lesson 8; printed p. 40,Stage1 rule text + Stage2 classification; error frequency not claimed by source,misconception-catalogue-recovered-v1.0.0,CANDIDATE_PREDEPLOY_CONTENT_REVIEW,NOT_YET_OBSERVED__STAGE27_CALIBRATION,06c48f58-c26e-5eaa-80bd-5f58da13dc0a,OVERGENERALIZATION,تعمیم بیش‌ازحد قاعده,قاعدهٔ هدف «پیش از واکه یا h muet liaison در ساخت‌های مناسب انجام می‌شود.» را بدون توجه به شرط، نقش یا محدودیت بافتی زیرموضوع «لیِزون در اشاره» به همهٔ موارد مشابه تعمیم می‌دهد.,ساخت distractor با اجرای قاعدهٔ عمومی در جایی که شرط دقیق subtopic آن را مجاز نمی‌کند.,اگر کاربر این گزینه را انتخاب کند، احتمالاً قاعده را می‌داند اما دامنهٔ کاربرد آن را بیش از حد گسترده گرفته است.,CORE,
d68e9726-6d53-4ffb-935c-fd8f24aae9ec,8,LES DÉMONSTRATIFS,1b06d9b7-8b02-4b8f-946d-867c3d57112f,L08-S04,Liaison des démonstratifs,لیِزون در اشاره,CAT05,SUB12,ORTHOGRAPHY,املا/صورت نوشتاری,Lesson 8; printed p. 40,Stage1 rule text + Stage2 classification; error frequency not claimed by source,misconception-catalogue-recovered-v1.0.0,CANDIDATE_PREDEPLOY_CONTENT_REVIEW,NOT_YET_OBSERVED__STAGE27_CALIBRATION,876a9e32-508c-5e7d-a23d-ea8f26e5ca5f,NEAR_FORM_CONFUSION,اشتباه با فرم/قاعده نزدیک,صورت نوشتاری یا شکل نزدیک را به‌جای فرم استاندارد هدف انتخاب می‌کند.,یک فرم واقعی و نزدیک از همان خانواده انتخاب شود؛ فرم باید در context دیگری معتبر باشد ولی اینجا به‌طور قطعی غلط باشد.,انتخاب آن نشان می‌دهد تمایز میان قاعده هدف و همسایهٔ نزدیک هنوز پایدار نشده است.,CORE,
d68e9726-6d53-4ffb-935c-fd8f24aae9ec,8,LES DÉMONSTRATIFS,1b06d9b7-8b02-4b8f-946d-867c3d57112f,L08-S04,Liaison des démonstratifs,لیِزون در اشاره,CAT05,SUB12,ORTHOGRAPHY,املا/صورت نوشتاری,Lesson 8; printed p. 40,Stage1 rule text + Stage2 classification; error frequency not claimed by source,misconception-catalogue-recovered-v1.0.0,CANDIDATE_PREDEPLOY_CONTENT_REVIEW,NOT_YET_OBSERVED__STAGE27_CALIBRATION,8da74240-7bd4-5606-b2e4-93df213413c1,CONTEXT_ROLE_MISMATCH,انتقال قاعده درست به context نادرست,صورت نوشتاری معتبر در محیط دیگری را به محیط صرفی/آوایی فعلی منتقل می‌کند.,distractor از قاعده‌ای ساخته شود که به‌خودی‌خود معتبر است، اما نقش/مرجع/زمان/register این context با آن سازگار نیست.,انتخاب آن نشانهٔ تحلیل ناکافی context یا نقش دستوری است، نه صرفاً ندانستن شکل ظاهری.,CORE,
3a93c97f-cdce-4896-98be-892e3354b7fc,9,« IL Y A » et « C’EST »,ba8cf05e-4afe-4e59-88f4-3b9f6aa9a0b4,L09-S01,Existence avec « il y a »,بیان وجود,CAT09,SUB24,GENERAL_GRAMMAR,گرامر عمومی,Lesson 9; printed p. 42,Stage1 rule text + Stage2 classification; error frequency not claimed by source,misconception-catalogue-recovered-v1.0.0,CANDIDATE_PREDEPLOY_CONTENT_REVIEW,NOT_YET_OBSERVED__STAGE27_CALIBRATION,33e40676-a1d9-582e-b366-297e882451ba,OVERGENERALIZATION,تعمیم بیش‌ازحد قاعده,قاعدهٔ هدف «il y a وجود شخص/شیء را معرفی می‌کند.» را بدون توجه به شرط، نقش یا محدودیت بافتی زیرموضوع «بیان وجود» به همهٔ موارد مشابه تعمیم می‌دهد.,ساخت distractor با اجرای قاعدهٔ عمومی در جایی که شرط دقیق subtopic آن را مجاز نمی‌کند.,اگر کاربر این گزینه را انتخاب کند، احتمالاً قاعده را می‌داند اما دامنهٔ کاربرد آن را بیش از حد گسترده گرفته است.,CORE,
3a93c97f-cdce-4896-98be-892e3354b7fc,9,« IL Y A » et « C’EST »,ba8cf05e-4afe-4e59-88f4-3b9f6aa9a0b4,L09-S01,Existence avec « il y a »,بیان وجود,CAT09,SUB24,GENERAL_GRAMMAR,گرامر عمومی,Lesson 9; printed p. 42,Stage1 rule text + Stage2 classification; error frequency not claimed by source,misconception-catalogue-recovered-v1.0.0,CANDIDATE_PREDEPLOY_CONTENT_REVIEW,NOT_YET_OBSERVED__STAGE27_CALIBRATION,e258096b-82eb-596d-8850-c0bf3f7a8809,NEAR_FORM_CONFUSION,اشتباه با فرم/قاعده نزدیک,ساخت گرامری نزدیک و در ظاهر معتبر را به‌جای ساخت هدف انتخاب می‌کند.,یک فرم واقعی و نزدیک از همان خانواده انتخاب شود؛ فرم باید در context دیگری معتبر باشد ولی اینجا به‌طور قطعی غلط باشد.,انتخاب آن نشان می‌دهد تمایز میان قاعده هدف و همسایهٔ نزدیک هنوز پایدار نشده است.,CORE,
3a93c97f-cdce-4896-98be-892e3354b7fc,9,« IL Y A » et « C’EST »,ba8cf05e-4afe-4e59-88f4-3b9f6aa9a0b4,L09-S01,Existence avec « il y a »,بیان وجود,CAT09,SUB24,GENERAL_GRAMMAR,گرامر عمومی,Lesson 9; printed p. 42,Stage1 rule text + Stage2 classification; error frequency not claimed by source,misconception-catalogue-recovered-v1.0.0,CANDIDATE_PREDEPLOY_CONTENT_REVIEW,NOT_YET_OBSERVED__STAGE27_CALIBRATION,fb75fac3-efc5-5bca-92cb-2962db512ba3,CONTEXT_ROLE_MISMATCH,انتقال قاعده درست به context نادرست,قاعده‌ای که به‌خودی‌خود معتبر است را در نقش، زمان، مرجع یا context نامتناسب به‌کار می‌برد.,distractor از قاعده‌ای ساخته شود که به‌خودی‌خود معتبر است، اما نقش/مرجع/زمان/register این context با آن سازگار نیست.,انتخاب آن نشانهٔ تحلیل ناکافی context یا نقش دستوری است، نه صرفاً ندانستن شکل ظاهری.,CORE,
3a93c97f-cdce-4896-98be-892e3354b7fc,9,« IL Y A » et « C’EST »,0c3af28d-4e6c-4ff6-92d5-b494d6af3646,L09-S02,Identification après existence,شناسایی پس از معرفی,CAT09,SUB24,GENERAL_GRAMMAR,گرامر عمومی,Lesson 9; printed p. 42,Stage1 rule text + Stage2 classification; error frequency not claimed by source,misconception-catalogue-recovered-v1.0.0,CANDIDATE_PREDEPLOY_CONTENT_REVIEW,NOT_YET_OBSERVED__STAGE27_CALIBRATION,2a99e2e2-7826-5d4e-9bee-83404d05fc36,OVERGENERALIZATION,تعمیم بیش‌ازحد قاعده,قاعدهٔ هدف «c’est/ce sont مرجعی را که حاضر یا قبلاً معرفی شده شناسایی می‌کند.» را بدون توجه به شرط، نقش یا محدودیت بافتی زیرموضوع «شناسایی پس از معرفی» به همهٔ موارد مشابه تعمیم می‌دهد.,ساخت distractor با اجرای قاعدهٔ عمومی در جایی که شرط دقیق subtopic آن را مجاز نمی‌کند.,اگر کاربر این گزینه را انتخاب کند، احتمالاً قاعده را می‌داند اما دامنهٔ کاربرد آن را بیش از حد گسترده گرفته است.,CORE,
3a93c97f-cdce-4896-98be-892e3354b7fc,9,« IL Y A » et « C’EST »,0c3af28d-4e6c-4ff6-92d5-b494d6af3646,L09-S02,Identification après existence,شناسایی پس از معرفی,CAT09,SUB24,GENERAL_GRAMMAR,گرامر عمومی,Lesson 9; printed p. 42,Stage1 rule text + Stage2 classification; error frequency not claimed by source,misconception-catalogue-recovered-v1.0.0,CANDIDATE_PREDEPLOY_CONTENT_REVIEW,NOT_YET_OBSERVED__STAGE27_CALIBRATION,0501d289-9ca7-5c64-a2f5-67fc12e4f511,NEAR_FORM_CONFUSION,اشتباه با فرم/قاعده نزدیک,ساخت گرامری نزدیک و در ظاهر معتبر را به‌جای ساخت هدف انتخاب می‌کند.,یک فرم واقعی و نزدیک از همان خانواده انتخاب شود؛ فرم باید در context دیگری معتبر باشد ولی اینجا به‌طور قطعی غلط باشد.,انتخاب آن نشان می‌دهد تمایز میان قاعده هدف و همسایهٔ نزدیک هنوز پایدار نشده است.,CORE,
3a93c97f-cdce-4896-98be-892e3354b7fc,9,« IL Y A » et « C’EST »,0c3af28d-4e6c-4ff6-92d5-b494d6af3646,L09-S02,Identification après existence,شناسایی پس از معرفی,CAT09,SUB24,GENERAL_GRAMMAR,گرامر عمومی,Lesson 9; printed p. 42,Stage1 rule text + Stage2 classification; error frequency not claimed by source,misconception-catalogue-recovered-v1.0.0,CANDIDATE_PREDEPLOY_CONTENT_REVIEW,NOT_YET_OBSERVED__STAGE27_CALIBRATION,f18ee925-9fd0-5dc5-96e4-11d60af329a9,CONTEXT_ROLE_MISMATCH,انتقال قاعده درست به context نادرست,قاعده‌ای که به‌خودی‌خود معتبر است را در نقش، زمان، مرجع یا context نامتناسب به‌کار می‌برد.,distractor از قاعده‌ای ساخته شود که به‌خودی‌خود معتبر است، اما نقش/مرجع/زمان/register این context با آن سازگار نیست.,انتخاب آن نشانهٔ تحلیل ناکافی context یا نقش دستوری است، نه صرفاً ندانستن شکل ظاهری.,CORE,
988143e8-7e0e-46e1-94a0-f87f7a1267f5,10,LA SITUATION dans l’ESPACE (1),7f509143-7930-4646-bf90-37ce52cf935d,L10-S01,"Villes, pays et continents",شهر/کشور/قاره,CAT08,SUB19,PREPOSITION_RECTION,حرف اضافه/رکسیون/ارجاع مکانی-زمانی,Lesson 10; printed p. 44,Stage1 rule text + Stage2 classification; error frequency not claimed by source,misconception-catalogue-recovered-v1.0.0,CANDIDATE_PREDEPLOY_CONTENT_REVIEW,NOT_YET_OBSERVED__STAGE27_CALIBRATION,bfc67d49-520f-538b-8aaa-94262e2ba2bb,OVERGENERALIZATION,تعمیم بیش‌ازحد قاعده,قاعدهٔ هدف «شهرها معمولاً بدون article و کشورها/قاره‌ها معمولاً با article می‌آیند.» را بدون توجه به شرط، نقش یا محدودیت بافتی زیرموضوع «شهر/کشور/قاره» به همهٔ موارد مشابه تعمیم می‌دهد.,ساخت distractor با اجرای قاعدهٔ عمومی در جایی که شرط دقیق subtopic آن را مجاز نمی‌کند.,اگر کاربر این گزینه را انتخاب کند، احتمالاً قاعده را می‌داند اما دامنهٔ کاربرد آن را بیش از حد گسترده گرفته است.,CORE,"استثناهای شهر: Le Havre, Le Caire, La Haye؛ برخی کشورها بدون article مانند Chypre, Haïti, Israël, Cuba."
988143e8-7e0e-46e1-94a0-f87f7a1267f5,10,LA SITUATION dans l’ESPACE (1),7f509143-7930-4646-bf90-37ce52cf935d,L10-S01,"Villes, pays et continents",شهر/کشور/قاره,CAT08,SUB19,PREPOSITION_RECTION,حرف اضافه/رکسیون/ارجاع مکانی-زمانی,Lesson 10; printed p. 44,Stage1 rule text + Stage2 classification; error frequency not claimed by source,misconception-catalogue-recovered-v1.0.0,CANDIDATE_PREDEPLOY_CONTENT_REVIEW,NOT_YET_OBSERVED__STAGE27_CALIBRATION,5e28eef6-88be-5e80-a896-e791d0ca0efe,NEAR_FORM_CONFUSION,اشتباه با فرم/قاعده نزدیک,حرف اضافهٔ پرتکرار یا نزدیک را بدون توجه به رکسیون، مکان/زمان یا معنای مکمل جایگزین می‌کند.,یک فرم واقعی و نزدیک از همان خانواده انتخاب شود؛ فرم باید در context دیگری معتبر باشد ولی اینجا به‌طور قطعی غلط باشد.,انتخاب آن نشان می‌دهد تمایز میان قاعده هدف و همسایهٔ نزدیک هنوز پایدار نشده است.,CORE,"استثناهای شهر: Le Havre, Le Caire, La Haye؛ برخی کشورها بدون article مانند Chypre, Haïti, Israël, Cuba."
988143e8-7e0e-46e1-94a0-f87f7a1267f5,10,LA SITUATION dans l’ESPACE (1),7f509143-7930-4646-bf90-37ce52cf935d,L10-S01,"Villes, pays et continents",شهر/کشور/قاره,CAT08,SUB19,PREPOSITION_RECTION,حرف اضافه/رکسیون/ارجاع مکانی-زمانی,Lesson 10; printed p. 44,Stage1 rule text + Stage2 classification; error frequency not claimed by source,misconception-catalogue-recovered-v1.0.0,CANDIDATE_PREDEPLOY_CONTENT_REVIEW,NOT_YET_OBSERVED__STAGE27_CALIBRATION,58162832-cc01-5bda-a742-284b4c6bccc3,CONTEXT_ROLE_MISMATCH,انتقال قاعده درست به context نادرست,حرف اضافه‌ای را که در context مکانی/زمانی یا با فعل دیگری درست است، به ساخت هدف منتقل می‌کند.,distractor از قاعده‌ای ساخته شود که به‌خودی‌خود معتبر است، اما نقش/مرجع/زمان/register این context با آن سازگار نیست.,انتخاب آن نشانهٔ تحلیل ناکافی context یا نقش دستوری است، نه صرفاً ندانستن شکل ظاهری.,CORE,"استثناهای شهر: Le Havre, Le Caire, La Haye؛ برخی کشورها بدون article مانند Chypre, Haïti, Israël, Cuba."
988143e8-7e0e-46e1-94a0-f87f7a1267f5,10,LA SITUATION dans l’ESPACE (1),7f509143-7930-4646-bf90-37ce52cf935d,L10-S01,"Villes, pays et continents",شهر/کشور/قاره,CAT08,SUB19,PREPOSITION_RECTION,حرف اضافه/رکسیون/ارجاع مکانی-زمانی,Lesson 10; printed p. 44,Stage1 rule text + Stage2 classification; error frequency not claimed by source,misconception-catalogue-recovered-v1.0.0,CANDIDATE_PREDEPLOY_CONTENT_REVIEW,NOT_YET_OBSERVED__STAGE27_CALIBRATION,effdf243-bf09-552a-b679-297d56965546,EXCEPTION_NEGLECT,نادیده‌گرفتن استثنا/محدودیت صریح,"قاعدهٔ عمومی زیرموضوع «شهر/کشور/قاره» را اعمال می‌کند اما نکته/استثنای صریح ثبت‌شده را نادیده می‌گیرد: استثناهای شهر: Le Havre, Le Caire, La Haye؛ برخی کشورها بدون article مانند Chypre, Haïti, Israël, Cuba.",گزینه از خروجی قاعدهٔ عمومی ساخته شود؛ تنها تفاوت باید همان استثنا/محدودیت ثبت‌شده باشد.,انتخاب آن به‌طور مستقیم نشان می‌دهد قاعده عمومی بازیابی شده ولی استثنای کتاب تثبیت نشده است.,HIGH_EXCEPTION,"استثناهای شهر: Le Havre, Le Caire, La Haye؛ برخی کشورها بدون article مانند Chypre, Haïti, Israël, Cuba."
988143e8-7e0e-46e1-94a0-f87f7a1267f5,10,LA SITUATION dans l’ESPACE (1),e92221b8-33aa-4278-a380-ba4c39503dbc,L10-S02,Prépositions de lieu avec villes/pays,حروف اضافهٔ مکان جغرافیایی,CAT08,SUB19,PREPOSITION_RECTION,حرف اضافه/رکسیون/ارجاع مکانی-زمانی,Lesson 10; printed p. 44,Stage1 rule text + Stage2 classification; error frequency not claimed by source,misconception-catalogue-recovered-v1.0.0,CANDIDATE_PREDEPLOY_CONTENT_REVIEW,NOT_YET_OBSERVED__STAGE27_CALIBRATION,bedd6c79-e6f0-5864-9242-6b5cbec90b05,OVERGENERALIZATION,تعمیم بیش‌ازحد قاعده,قاعدهٔ هدف «à برای شهر، en برای کشور مؤنث/قاره، au برای کشور مذکر و aux برای جمع است.» را بدون توجه به شرط، نقش یا محدودیت بافتی زیرموضوع «حروف اضافهٔ مکان جغرافیایی» به همهٔ موارد مشابه تعمیم می‌دهد.,ساخت distractor با اجرای قاعدهٔ عمومی در جایی که شرط دقیق subtopic آن را مجاز نمی‌کند.,اگر کاربر این گزینه را انتخاب کند، احتمالاً قاعده را می‌داند اما دامنهٔ کاربرد آن را بیش از حد گسترده گرفته است.,CORE,
988143e8-7e0e-46e1-94a0-f87f7a1267f5,10,LA SITUATION dans l’ESPACE (1),e92221b8-33aa-4278-a380-ba4c39503dbc,L10-S02,Prépositions de lieu avec villes/pays,حروف اضافهٔ مکان جغرافیایی,CAT08,SUB19,PREPOSITION_RECTION,حرف اضافه/رکسیون/ارجاع مکانی-زمانی,Lesson 10; printed p. 44,Stage1 rule text + Stage2 classification; error frequency not claimed by source,misconception-catalogue-recovered-v1.0.0,CANDIDATE_PREDEPLOY_CONTENT_REVIEW,NOT_YET_OBSERVED__STAGE27_CALIBRATION,12e0626a-811b-5076-b019-be9a506d1cd7,NEAR_FORM_CONFUSION,اشتباه با فرم/قاعده نزدیک,حرف اضافهٔ پرتکرار یا نزدیک را بدون توجه به رکسیون، مکان/زمان یا معنای مکمل جایگزین می‌کند.,یک فرم واقعی و نزدیک از همان خانواده انتخاب شود؛ فرم باید در context دیگری معتبر باشد ولی اینجا به‌طور قطعی غلط باشد.,انتخاب آن نشان می‌دهد تمایز میان قاعده هدف و همسایهٔ نزدیک هنوز پایدار نشده است.,CORE,
988143e8-7e0e-46e1-94a0-f87f7a1267f5,10,LA SITUATION dans l’ESPACE (1),e92221b8-33aa-4278-a380-ba4c39503dbc,L10-S02,Prépositions de lieu avec villes/pays,حروف اضافهٔ مکان جغرافیایی,CAT08,SUB19,PREPOSITION_RECTION,حرف اضافه/رکسیون/ارجاع مکانی-زمانی,Lesson 10; printed p. 44,Stage1 rule text + Stage2 classification; error frequency not claimed by source,misconception-catalogue-recovered-v1.0.0,CANDIDATE_PREDEPLOY_CONTENT_REVIEW,NOT_YET_OBSERVED__STAGE27_CALIBRATION,291538f9-f708-5c2e-97de-3c10d91b94db,CONTEXT_ROLE_MISMATCH,انتقال قاعده درست به context نادرست,حرف اضافه‌ای را که در context مکانی/زمانی یا با فعل دیگری درست است، به ساخت هدف منتقل می‌کند.,distractor از قاعده‌ای ساخته شود که به‌خودی‌خود معتبر است، اما نقش/مرجع/زمان/register این context با آن سازگار نیست.,انتخاب آن نشانهٔ تحلیل ناکافی context یا نقش دستوری است، نه صرفاً ندانستن شکل ظاهری.,CORE,
988143e8-7e0e-46e1-94a0-f87f7a1267f5,10,LA SITUATION dans l’ESPACE (1),5f70451b-f7fb-4f03-85f3-1c5ee59fbc3d,L10-S03,« dans/sur/sous »,dans/sur/sous,CAT08,SUB19,PREPOSITION_RECTION,حرف اضافه/رکسیون/ارجاع مکانی-زمانی,Lesson 10; printed p. 46,Stage1 rule text + Stage2 classification; error frequency not claimed by source,misconception-catalogue-recovered-v1.0.0,CANDIDATE_PREDEPLOY_CONTENT_REVIEW,NOT_YET_OBSERVED__STAGE27_CALIBRATION,799001b0-656e-5006-b7b8-382401478bfd,OVERGENERALIZATION,تعمیم بیش‌ازحد قاعده,قاعدهٔ هدف «dans فضای درون، sur سطح و sous زیر را بیان می‌کند.» را بدون توجه به شرط، نقش یا محدودیت بافتی زیرموضوع «dans/sur/sous» به همهٔ موارد مشابه تعمیم می‌دهد.,ساخت distractor با اجرای قاعدهٔ عمومی در جایی که شرط دقیق subtopic آن را مجاز نمی‌کند.,اگر کاربر این گزینه را انتخاب کند، احتمالاً قاعده را می‌داند اما دامنهٔ کاربرد آن را بیش از حد گسترده گرفته است.,CORE,
988143e8-7e0e-46e1-94a0-f87f7a1267f5,10,LA SITUATION dans l’ESPACE (1),5f70451b-f7fb-4f03-85f3-1c5ee59fbc3d,L10-S03,« dans/sur/sous »,dans/sur/sous,CAT08,SUB19,PREPOSITION_RECTION,حرف اضافه/رکسیون/ارجاع مکانی-زمانی,Lesson 10; printed p. 46,Stage1 rule text + Stage2 classification; error frequency not claimed by source,misconception-catalogue-recovered-v1.0.0,CANDIDATE_PREDEPLOY_CONTENT_REVIEW,NOT_YET_OBSERVED__STAGE27_CALIBRATION,58fe31fd-146b-59b1-90c4-4317d7736060,NEAR_FORM_CONFUSION,اشتباه با فرم/قاعده نزدیک,حرف اضافهٔ پرتکرار یا نزدیک را بدون توجه به رکسیون، مکان/زمان یا معنای مکمل جایگزین می‌کند.,یک فرم واقعی و نزدیک از همان خانواده انتخاب شود؛ فرم باید در context دیگری معتبر باشد ولی اینجا به‌طور قطعی غلط باشد.,انتخاب آن نشان می‌دهد تمایز میان قاعده هدف و همسایهٔ نزدیک هنوز پایدار نشده است.,CORE,
988143e8-7e0e-46e1-94a0-f87f7a1267f5,10,LA SITUATION dans l’ESPACE (1),5f70451b-f7fb-4f03-85f3-1c5ee59fbc3d,L10-S03,« dans/sur/sous »,dans/sur/sous,CAT08,SUB19,PREPOSITION_RECTION,حرف اضافه/رکسیون/ارجاع مکانی-زمانی,Lesson 10; printed p. 46,Stage1 rule text + Stage2 classification; error frequency not claimed by source,misconception-catalogue-recovered-v1.0.0,CANDIDATE_PREDEPLOY_CONTENT_REVIEW,NOT_YET_OBSERVED__STAGE27_CALIBRATION,2559e430-227a-51da-b8f7-af14dc0b9e1f,CONTEXT_ROLE_MISMATCH,انتقال قاعده درست به context نادرست,حرف اضافه‌ای را که در context مکانی/زمانی یا با فعل دیگری درست است، به ساخت هدف منتقل می‌کند.,distractor از قاعده‌ای ساخته شود که به‌خودی‌خود معتبر است، اما نقش/مرجع/زمان/register این context با آن سازگار نیست.,انتخاب آن نشانهٔ تحلیل ناکافی context یا نقش دستوری است، نه صرفاً ندانستن شکل ظاهری.,CORE,
988143e8-7e0e-46e1-94a0-f87f7a1267f5,10,LA SITUATION dans l’ESPACE (1),9a0d317d-69fe-48cb-a587-46d053de2165,L10-S04,Position verticale « au-dessus/au-dessous »,بالا/پایین مکانی,CAT08,SUB19,PREPOSITION_RECTION,حرف اضافه/رکسیون/ارجاع مکانی-زمانی,Lesson 10; printed p. 46,Stage1 rule text + Stage2 classification; error frequency not claimed by source,misconception-catalogue-recovered-v1.0.0,CANDIDATE_PREDEPLOY_CONTENT_REVIEW,NOT_YET_OBSERVED__STAGE27_CALIBRATION,8abf0fb8-c2f6-5d38-95b8-694cba6c75b4,OVERGENERALIZATION,تعمیم بیش‌ازحد قاعده,قاعدهٔ هدف «au-dessus de و au-dessous de نسبت عمودی را بیان می‌کنند.» را بدون توجه به شرط، نقش یا محدودیت بافتی زیرموضوع «بالا/پایین مکانی» به همهٔ موارد مشابه تعمیم می‌دهد.,ساخت distractor با اجرای قاعدهٔ عمومی در جایی که شرط دقیق subtopic آن را مجاز نمی‌کند.,اگر کاربر این گزینه را انتخاب کند، احتمالاً قاعده را می‌داند اما دامنهٔ کاربرد آن را بیش از حد گسترده گرفته است.,CORE,
988143e8-7e0e-46e1-94a0-f87f7a1267f5,10,LA SITUATION dans l’ESPACE (1),9a0d317d-69fe-48cb-a587-46d053de2165,L10-S04,Position verticale « au-dessus/au-dessous »,بالا/پایین مکانی,CAT08,SUB19,PREPOSITION_RECTION,حرف اضافه/رکسیون/ارجاع مکانی-زمانی,Lesson 10; printed p. 46,Stage1 rule text + Stage2 classification; error frequency not claimed by source,misconception-catalogue-recovered-v1.0.0,CANDIDATE_PREDEPLOY_CONTENT_REVIEW,NOT_YET_OBSERVED__STAGE27_CALIBRATION,6d902696-1bc1-588c-94b8-f00e14d96e69,NEAR_FORM_CONFUSION,اشتباه با فرم/قاعده نزدیک,حرف اضافهٔ پرتکرار یا نزدیک را بدون توجه به رکسیون، مکان/زمان یا معنای مکمل جایگزین می‌کند.,یک فرم واقعی و نزدیک از همان خانواده انتخاب شود؛ فرم باید در context دیگری معتبر باشد ولی اینجا به‌طور قطعی غلط باشد.,انتخاب آن نشان می‌دهد تمایز میان قاعده هدف و همسایهٔ نزدیک هنوز پایدار نشده است.,CORE,
988143e8-7e0e-46e1-94a0-f87f7a1267f5,10,LA SITUATION dans l’ESPACE (1),9a0d317d-69fe-48cb-a587-46d053de2165,L10-S04,Position verticale « au-dessus/au-dessous »,بالا/پایین مکانی,CAT08,SUB19,PREPOSITION_RECTION,حرف اضافه/رکسیون/ارجاع مکانی-زمانی,Lesson 10; printed p. 46,Stage1 rule text + Stage2 classification; error frequency not claimed by source,misconception-catalogue-recovered-v1.0.0,CANDIDATE_PREDEPLOY_CONTENT_REVIEW,NOT_YET_OBSERVED__STAGE27_CALIBRATION,2a578706-88fc-5997-bebf-3e5b01c2df21,CONTEXT_ROLE_MISMATCH,انتقال قاعده درست به context نادرست,حرف اضافه‌ای را که در context مکانی/زمانی یا با فعل دیگری درست است، به ساخت هدف منتقل می‌کند.,distractor از قاعده‌ای ساخته شود که به‌خودی‌خود معتبر است، اما نقش/مرجع/زمان/register این context با آن سازگار نیست.,انتخاب آن نشانهٔ تحلیل ناکافی context یا نقش دستوری است، نه صرفاً ندانستن شکل ظاهری.,CORE,
988143e8-7e0e-46e1-94a0-f87f7a1267f5,10,LA SITUATION dans l’ESPACE (1),7579d8b6-2928-4465-8cbd-6d0b4f7ca84a,L10-S05,Proximité et distance,نزدیکی/دوری,CAT08,SUB19,PREPOSITION_RECTION,حرف اضافه/رکسیون/ارجاع مکانی-زمانی,Lesson 10; printed p. 46,Stage1 rule text + Stage2 classification; error frequency not claimed by source,misconception-catalogue-recovered-v1.0.0,CANDIDATE_PREDEPLOY_CONTENT_REVIEW,NOT_YET_OBSERVED__STAGE27_CALIBRATION,8968af22-9b09-58eb-a6ee-c145e961106d,OVERGENERALIZATION,تعمیم بیش‌ازحد قاعده,قاعدهٔ هدف «à côté de و près de نزدیکی و loin de فاصله را بیان می‌کنند.» را بدون توجه به شرط، نقش یا محدودیت بافتی زیرموضوع «نزدیکی/دوری» به همهٔ موارد مشابه تعمیم می‌دهد.,ساخت distractor با اجرای قاعدهٔ عمومی در جایی که شرط دقیق subtopic آن را مجاز نمی‌کند.,اگر کاربر این گزینه را انتخاب کند، احتمالاً قاعده را می‌داند اما دامنهٔ کاربرد آن را بیش از حد گسترده گرفته است.,CORE,
988143e8-7e0e-46e1-94a0-f87f7a1267f5,10,LA SITUATION dans l’ESPACE (1),7579d8b6-2928-4465-8cbd-6d0b4f7ca84a,L10-S05,Proximité et distance,نزدیکی/دوری,CAT08,SUB19,PREPOSITION_RECTION,حرف اضافه/رکسیون/ارجاع مکانی-زمانی,Lesson 10; printed p. 46,Stage1 rule text + Stage2 classification; error frequency not claimed by source,misconception-catalogue-recovered-v1.0.0,CANDIDATE_PREDEPLOY_CONTENT_REVIEW,NOT_YET_OBSERVED__STAGE27_CALIBRATION,78501d5e-dcd5-58a2-80c4-682abfe530ed,NEAR_FORM_CONFUSION,اشتباه با فرم/قاعده نزدیک,حرف اضافهٔ پرتکرار یا نزدیک را بدون توجه به رکسیون، مکان/زمان یا معنای مکمل جایگزین می‌کند.,یک فرم واقعی و نزدیک از همان خانواده انتخاب شود؛ فرم باید در context دیگری معتبر باشد ولی اینجا به‌طور قطعی غلط باشد.,انتخاب آن نشان می‌دهد تمایز میان قاعده هدف و همسایهٔ نزدیک هنوز پایدار نشده است.,CORE,
988143e8-7e0e-46e1-94a0-f87f7a1267f5,10,LA SITUATION dans l’ESPACE (1),7579d8b6-2928-4465-8cbd-6d0b4f7ca84a,L10-S05,Proximité et distance,نزدیکی/دوری,CAT08,SUB19,PREPOSITION_RECTION,حرف اضافه/رکسیون/ارجاع مکانی-زمانی,Lesson 10; printed p. 46,Stage1 rule text + Stage2 classification; error frequency not claimed by source,misconception-catalogue-recovered-v1.0.0,CANDIDATE_PREDEPLOY_CONTENT_REVIEW,NOT_YET_OBSERVED__STAGE27_CALIBRATION,0d20905b-f5ad-5f76-b415-6c4108470d02,CONTEXT_ROLE_MISMATCH,انتقال قاعده درست به context نادرست,حرف اضافه‌ای را که در context مکانی/زمانی یا با فعل دیگری درست است، به ساخت هدف منتقل می‌کند.,distractor از قاعده‌ای ساخته شود که به‌خودی‌خود معتبر است، اما نقش/مرجع/زمان/register این context با آن سازگار نیست.,انتخاب آن نشانهٔ تحلیل ناکافی context یا نقش دستوری است، نه صرفاً ندانستن شکل ظاهری.,CORE,
a02fe5a3-8336-4749-8b93-f43d0a82948a,11,LE VERBE « AVOIR »,f02cdde5-524e-4d25-ae5c-c1c508cc5499,L11-S01,Conjugaison de « avoir »,صرف avoir,CAT01,SUB01,CONJUGATION_FORM,صرف و صورت فعل,Lesson 11; printed p. 48,Stage1 rule text + Stage2 classification; error frequency not claimed by source,misconception-catalogue-recovered-v1.0.0,CANDIDATE_PREDEPLOY_CONTENT_REVIEW,NOT_YET_OBSERVED__STAGE27_CALIBRATION,422ed223-ab60-5741-bbf2-1347030942a7,OVERGENERALIZATION,تعمیم بیش‌ازحد قاعده,"قاعدهٔ هدف «avoir در زمان حال ai, as, a, avons, avez, ont دارد.» را بدون توجه به شرط، نقش یا محدودیت بافتی زیرموضوع «صرف avoir» به همهٔ موارد مشابه تعمیم می‌دهد.",ساخت distractor با اجرای قاعدهٔ عمومی در جایی که شرط دقیق subtopic آن را مجاز نمی‌کند.,اگر کاربر این گزینه را انتخاب کند، احتمالاً قاعده را می‌داند اما دامنهٔ کاربرد آن را بیش از حد گسترده گرفته است.,CORE,
a02fe5a3-8336-4749-8b93-f43d0a82948a,11,LE VERBE « AVOIR »,f02cdde5-524e-4d25-ae5c-c1c508cc5499,L11-S01,Conjugaison de « avoir »,صرف avoir,CAT01,SUB01,CONJUGATION_FORM,صرف و صورت فعل,Lesson 11; printed p. 48,Stage1 rule text + Stage2 classification; error frequency not claimed by source,misconception-catalogue-recovered-v1.0.0,CANDIDATE_PREDEPLOY_CONTENT_REVIEW,NOT_YET_OBSERVED__STAGE27_CALIBRATION,abb68123-fe43-5448-abef-932f96b84efa,NEAR_FORM_CONFUSION,اشتباه با فرم/قاعده نزدیک,صورت صرفی نزدیک همان فعل (شخص، ریشه یا پایانه دیگر) را به‌جای صورت هدف انتخاب می‌کند.,یک فرم واقعی و نزدیک از همان خانواده انتخاب شود؛ فرم باید در context دیگری معتبر باشد ولی اینجا به‌طور قطعی غلط باشد.,انتخاب آن نشان می‌دهد تمایز میان قاعده هدف و همسایهٔ نزدیک هنوز پایدار نشده است.,CORE,
a02fe5a3-8336-4749-8b93-f43d0a82948a,11,LE VERBE « AVOIR »,f02cdde5-524e-4d25-ae5c-c1c508cc5499,L11-S01,Conjugaison de « avoir »,صرف avoir,CAT01,SUB01,CONJUGATION_FORM,صرف و صورت فعل,Lesson 11; printed p. 48,Stage1 rule text + Stage2 classification; error frequency not claimed by source,misconception-catalogue-recovered-v1.0.0,CANDIDATE_PREDEPLOY_CONTENT_REVIEW,NOT_YET_OBSERVED__STAGE27_CALIBRATION,93cb014a-ad34-53cb-b6cf-8107327fc554,CONTEXT_ROLE_MISMATCH,انتقال قاعده درست به context نادرست,صورت صرفی‌ای را که برای فاعل/زمان دیگری درست است به context فعلی منتقل می‌کند.,distractor از قاعده‌ای ساخته شود که به‌خودی‌خود معتبر است، اما نقش/مرجع/زمان/register این context با آن سازگار نیست.,انتخاب آن نشانهٔ تحلیل ناکافی context یا نقش دستوری است، نه صرفاً ندانستن شکل ظاهری.,CORE,
a02fe5a3-8336-4749-8b93-f43d0a82948a,11,LE VERBE « AVOIR »,ba5c0ee7-791f-4e68-8eae-b280aa06fbd0,L11-S02,Âge avec « avoir »,سن با avoir,CAT01,SUB01,CONJUGATION_FORM,صرف و صورت فعل,Lesson 11; printed p. 48,Stage1 rule text + Stage2 classification; error frequency not claimed by source,misconception-catalogue-recovered-v1.0.0,CANDIDATE_PREDEPLOY_CONTENT_REVIEW,NOT_YET_OBSERVED__STAGE27_CALIBRATION,bf0797a0-9895-50ea-84ec-149e42d29f97,OVERGENERALIZATION,تعمیم بیش‌ازحد قاعده,قاعدهٔ هدف «برای سن از avoir + عدد استفاده می‌شود، نه être.» را بدون توجه به شرط، نقش یا محدودیت بافتی زیرموضوع «سن با avoir» به همهٔ موارد مشابه تعمیم می‌دهد.,ساخت distractor با اجرای قاعدهٔ عمومی در جایی که شرط دقیق subtopic آن را مجاز نمی‌کند.,اگر کاربر این گزینه را انتخاب کند، احتمالاً قاعده را می‌داند اما دامنهٔ کاربرد آن را بیش از حد گسترده گرفته است.,CORE,
a02fe5a3-8336-4749-8b93-f43d0a82948a,11,LE VERBE « AVOIR »,ba5c0ee7-791f-4e68-8eae-b280aa06fbd0,L11-S02,Âge avec « avoir »,سن با avoir,CAT01,SUB01,CONJUGATION_FORM,صرف و صورت فعل,Lesson 11; printed p. 48,Stage1 rule text + Stage2 classification; error frequency not claimed by source,misconception-catalogue-recovered-v1.0.0,CANDIDATE_PREDEPLOY_CONTENT_REVIEW,NOT_YET_OBSERVED__STAGE27_CALIBRATION,2ccc8b0a-1850-5685-b068-75ef50fa1b1c,NEAR_FORM_CONFUSION,اشتباه با فرم/قاعده نزدیک,صورت صرفی نزدیک همان فعل (شخص، ریشه یا پایانه دیگر) را به‌جای صورت هدف انتخاب می‌کند.,یک فرم واقعی و نزدیک از همان خانواده انتخاب شود؛ فرم باید در context دیگری معتبر باشد ولی اینجا به‌طور قطعی غلط باشد.,انتخاب آن نشان می‌دهد تمایز میان قاعده هدف و همسایهٔ نزدیک هنوز پایدار نشده است.,CORE,
a02fe5a3-8336-4749-8b93-f43d0a82948a,11,LE VERBE « AVOIR »,ba5c0ee7-791f-4e68-8eae-b280aa06fbd0,L11-S02,Âge avec « avoir »,سن با avoir,CAT01,SUB01,CONJUGATION_FORM,صرف و صورت فعل,Lesson 11; printed p. 48,Stage1 rule text + Stage2 classification; error frequency not claimed by source,misconception-catalogue-recovered-v1.0.0,CANDIDATE_PREDEPLOY_CONTENT_REVIEW,NOT_YET_OBSERVED__STAGE27_CALIBRATION,c903f03c-3c18-5e77-ab69-7f709b10df72,CONTEXT_ROLE_MISMATCH,انتقال قاعده درست به context نادرست,صورت صرفی‌ای را که برای فاعل/زمان دیگری درست است به context فعلی منتقل می‌کند.,distractor از قاعده‌ای ساخته شود که به‌خودی‌خود معتبر است، اما نقش/مرجع/زمان/register این context با آن سازگار نیست.,انتخاب آن نشانهٔ تحلیل ناکافی context یا نقش دستوری است، نه صرفاً ندانستن شکل ظاهری.,CORE,
a02fe5a3-8336-4749-8b93-f43d0a82948a,11,LE VERBE « AVOIR »,c0efa701-3565-4361-8c0a-725c466f0635,L11-S03,Sensations et besoins avec « avoir »,حالت‌ها و نیازها,CAT01,SUB01,CONJUGATION_FORM,صرف و صورت فعل,Lesson 11; printed p. 48,Stage1 rule text + Stage2 classification; error frequency not claimed by source,misconception-catalogue-recovered-v1.0.0,CANDIDATE_PREDEPLOY_CONTENT_REVIEW,NOT_YET_OBSERVED__STAGE27_CALIBRATION,fc8236c0-2494-540f-a668-f91159a74391,OVERGENERALIZATION,تعمیم بیش‌ازحد قاعده,"قاعدهٔ هدف «avoir + nom بدون article در ساخت‌هایی مانند faim, froid, peur و نیز besoin de/envie de می‌آید.» را بدون توجه به شرط، نقش یا محدودیت بافتی زیرموضوع «حالت‌ها و نیازها» به همهٔ موارد مشابه تعمیم می‌دهد.",ساخت distractor با اجرای قاعدهٔ عمومی در جایی که شرط دقیق subtopic آن را مجاز نمی‌کند.,اگر کاربر این گزینه را انتخاب کند، احتمالاً قاعده را می‌داند اما دامنهٔ کاربرد آن را بیش از حد گسترده گرفته است.,CORE,
a02fe5a3-8336-4749-8b93-f43d0a82948a,11,LE VERBE « AVOIR »,c0efa701-3565-4361-8c0a-725c466f0635,L11-S03,Sensations et besoins avec « avoir »,حالت‌ها و نیازها,CAT01,SUB01,CONJUGATION_FORM,صرف و صورت فعل,Lesson 11; printed p. 48,Stage1 rule text + Stage2 classification; error frequency not claimed by source,misconception-catalogue-recovered-v1.0.0,CANDIDATE_PREDEPLOY_CONTENT_REVIEW,NOT_YET_OBSERVED__STAGE27_CALIBRATION,ba69b7e5-f23a-5b38-9f7c-cfc94aedebef,NEAR_FORM_CONFUSION,اشتباه با فرم/قاعده نزدیک,صورت صرفی نزدیک همان فعل (شخص، ریشه یا پایانه دیگر) را به‌جای صورت هدف انتخاب می‌کند.,یک فرم واقعی و نزدیک از همان خانواده انتخاب شود؛ فرم باید در context دیگری معتبر باشد ولی اینجا به‌طور قطعی غلط باشد.,انتخاب آن نشان می‌دهد تمایز میان قاعده هدف و همسایهٔ نزدیک هنوز پایدار نشده است.,CORE,
a02fe5a3-8336-4749-8b93-f43d0a82948a,11,LE VERBE « AVOIR »,c0efa701-3565-4361-8c0a-725c466f0635,L11-S03,Sensations et besoins avec « avoir »,حالت‌ها و نیازها,CAT01,SUB01,CONJUGATION_FORM,صرف و صورت فعل,Lesson 11; printed p. 48,Stage1 rule text + Stage2 classification; error frequency not claimed by source,misconception-catalogue-recovered-v1.0.0,CANDIDATE_PREDEPLOY_CONTENT_REVIEW,NOT_YET_OBSERVED__STAGE27_CALIBRATION,1347d3f1-debd-5185-9c62-9ea91964fce9,CONTEXT_ROLE_MISMATCH,انتقال قاعده درست به context نادرست,صورت صرفی‌ای را که برای فاعل/زمان دیگری درست است به context فعلی منتقل می‌کند.,distractor از قاعده‌ای ساخته شود که به‌خودی‌خود معتبر است، اما نقش/مرجع/زمان/register این context با آن سازگار نیست.,انتخاب آن نشانهٔ تحلیل ناکافی context یا نقش دستوری است، نه صرفاً ندانستن شکل ظاهری.,CORE,
a02fe5a3-8336-4749-8b93-f43d0a82948a,11,LE VERBE « AVOIR »,224a9f05-eed1-4723-9c9b-c985ec49398e,L11-S04,Description physique avec « avoir »,ویژگی ظاهری,CAT01,SUB01,CONJUGATION_FORM,صرف و صورت فعل,Lesson 11; printed p. 50,Stage1 rule text + Stage2 classification; error frequency not claimed by source,misconception-catalogue-recovered-v1.0.0,CANDIDATE_PREDEPLOY_CONTENT_REVIEW,NOT_YET_OBSERVED__STAGE27_CALIBRATION,58aede27-3c97-570c-b658-a2e17ac601cb,OVERGENERALIZATION,تعمیم بیش‌ازحد قاعده,قاعدهٔ هدف «برای چشم/مو و برخی ویژگی‌های بدنی، avoir + article défini + nom + adjectif رایج است.» را بدون توجه به شرط، نقش یا محدودیت بافتی زیرموضوع «ویژگی ظاهری» به همهٔ موارد مشابه تعمیم می‌دهد.,ساخت distractor با اجرای قاعدهٔ عمومی در جایی که شرط دقیق subtopic آن را مجاز نمی‌کند.,اگر کاربر این گزینه را انتخاب کند، احتمالاً قاعده را می‌داند اما دامنهٔ کاربرد آن را بیش از حد گسترده گرفته است.,CORE,
a02fe5a3-8336-4749-8b93-f43d0a82948a,11,LE VERBE « AVOIR »,224a9f05-eed1-4723-9c9b-c985ec49398e,L11-S04,Description physique avec « avoir »,ویژگی ظاهری,CAT01,SUB01,CONJUGATION_FORM,صرف و صورت فعل,Lesson 11; printed p. 50,Stage1 rule text + Stage2 classification; error frequency not claimed by source,misconception-catalogue-recovered-v1.0.0,CANDIDATE_PREDEPLOY_CONTENT_REVIEW,NOT_YET_OBSERVED__STAGE27_CALIBRATION,a2f471de-c694-576a-bdf1-62a9248da772,NEAR_FORM_CONFUSION,اشتباه با فرم/قاعده نزدیک,صورت صرفی نزدیک همان فعل (شخص، ریشه یا پایانه دیگر) را به‌جای صورت هدف انتخاب می‌کند.,یک فرم واقعی و نزدیک از همان خانواده انتخاب شود؛ فرم باید در context دیگری معتبر باشد ولی اینجا به‌طور قطعی غلط باشد.,انتخاب آن نشان می‌دهد تمایز میان قاعده هدف و همسایهٔ نزدیک هنوز پایدار نشده است.,CORE,
a02fe5a3-8336-4749-8b93-f43d0a82948a,11,LE VERBE « AVOIR »,224a9f05-eed1-4723-9c9b-c985ec49398e,L11-S04,Description physique avec « avoir »,ویژگی ظاهری,CAT01,SUB01,CONJUGATION_FORM,صرف و صورت فعل,Lesson 11; printed p. 50,Stage1 rule text + Stage2 classification; error frequency not claimed by source,misconception-catalogue-recovered-v1.0.0,CANDIDATE_PREDEPLOY_CONTENT_REVIEW,NOT_YET_OBSERVED__STAGE27_CALIBRATION,98bbb9f3-40fa-5ac5-9105-d10a1c1a3a8f,CONTEXT_ROLE_MISMATCH,انتقال قاعده درست به context نادرست,صورت صرفی‌ای را که برای فاعل/زمان دیگری درست است به context فعلی منتقل می‌کند.,distractor از قاعده‌ای ساخته شود که به‌خودی‌خود معتبر است، اما نقش/مرجع/زمان/register این context با آن سازگار نیست.,انتخاب آن نشانهٔ تحلیل ناکافی context یا نقش دستوری است، نه صرفاً ندانستن شکل ظاهری.,CORE,
a02fe5a3-8336-4749-8b93-f43d0a82948a,11,LE VERBE « AVOIR »,b8c73313-81f9-459c-84cd-96f8df05f750,L11-S05,Locutions avec « avoir »,عبارت‌های ثابت avoir,CAT01,SUB01,CONJUGATION_FORM,صرف و صورت فعل,Lesson 11; printed p. 50,Stage1 rule text + Stage2 classification; error frequency not claimed by source,misconception-catalogue-recovered-v1.0.0,CANDIDATE_PREDEPLOY_CONTENT_REVIEW,NOT_YET_OBSERVED__STAGE27_CALIBRATION,afbcbd96-9daa-5538-a465-9399e1f92a48,OVERGENERALIZATION,تعمیم بیش‌ازحد قاعده,"قاعدهٔ هدف «avoir le temps de, l’intention de, du mal à, l’habitude de, l’occasion de و مانند آن واحدهای تثبیت‌شده‌اند.» را بدون توجه به شرط، نقش یا محدودیت بافتی زیرموضوع «عبارت‌های ثابت avoir» به همهٔ موارد مشابه تعمیم می‌دهد.",ساخت distractor با اجرای قاعدهٔ عمومی در جایی که شرط دقیق subtopic آن را مجاز نمی‌کند.,اگر کاربر این گزینه را انتخاب کند، احتمالاً قاعده را می‌داند اما دامنهٔ کاربرد آن را بیش از حد گسترده گرفته است.,CORE,
a02fe5a3-8336-4749-8b93-f43d0a82948a,11,LE VERBE « AVOIR »,b8c73313-81f9-459c-84cd-96f8df05f750,L11-S05,Locutions avec « avoir »,عبارت‌های ثابت avoir,CAT01,SUB01,CONJUGATION_FORM,صرف و صورت فعل,Lesson 11; printed p. 50,Stage1 rule text + Stage2 classification; error frequency not claimed by source,misconception-catalogue-recovered-v1.0.0,CANDIDATE_PREDEPLOY_CONTENT_REVIEW,NOT_YET_OBSERVED__STAGE27_CALIBRATION,d4718199-04df-52ba-8f92-0f06b1c1b355,NEAR_FORM_CONFUSION,اشتباه با فرم/قاعده نزدیک,صورت صرفی نزدیک همان فعل (شخص، ریشه یا پایانه دیگر) را به‌جای صورت هدف انتخاب می‌کند.,یک فرم واقعی و نزدیک از همان خانواده انتخاب شود؛ فرم باید در context دیگری معتبر باشد ولی اینجا به‌طور قطعی غلط باشد.,انتخاب آن نشان می‌دهد تمایز میان قاعده هدف و همسایهٔ نزدیک هنوز پایدار نشده است.,CORE,
a02fe5a3-8336-4749-8b93-f43d0a82948a,11,LE VERBE « AVOIR »,b8c73313-81f9-459c-84cd-96f8df05f750,L11-S05,Locutions avec « avoir »,عبارت‌های ثابت avoir,CAT01,SUB01,CONJUGATION_FORM,صرف و صورت فعل,Lesson 11; printed p. 50,Stage1 rule text + Stage2 classification; error frequency not claimed by source,misconception-catalogue-recovered-v1.0.0,CANDIDATE_PREDEPLOY_CONTENT_REVIEW,NOT_YET_OBSERVED__STAGE27_CALIBRATION,94f9acf1-6605-5221-880d-1eac731a773c,CONTEXT_ROLE_MISMATCH,انتقال قاعده درست به context نادرست,صورت صرفی‌ای را که برای فاعل/زمان دیگری درست است به context فعلی منتقل می‌کند.,distractor از قاعده‌ای ساخته شود که به‌خودی‌خود معتبر است، اما نقش/مرجع/زمان/register این context با آن سازگار نیست.,انتخاب آن نشانهٔ تحلیل ناکافی context یا نقش دستوری است، نه صرفاً ندانستن شکل ظاهری.,CORE,
a02fe5a3-8336-4749-8b93-f43d0a82948a,11,LE VERBE « AVOIR »,7d3f306f-3e56-4739-9aa5-957d40a0870b,L11-S06,Négation de l’article,نفی article نامعین,CAT01,SUB01,NEGATION_POLARITY,نفی و قطبیت,Lesson 11; printed p. 50,Stage1 rule text + Stage2 classification; error frequency not claimed by source,misconception-catalogue-recovered-v1.0.0,CANDIDATE_PREDEPLOY_CONTENT_REVIEW,NOT_YET_OBSERVED__STAGE27_CALIBRATION,7ca5785f-348f-510c-9695-f10372701e42,OVERGENERALIZATION,تعمیم بیش‌ازحد قاعده,قاعدهٔ هدف «در نفی، un/une/des معمولاً به de تبدیل می‌شوند.» را بدون توجه به شرط، نقش یا محدودیت بافتی زیرموضوع «نفی article نامعین» به همهٔ موارد مشابه تعمیم می‌دهد.,ساخت distractor با اجرای قاعدهٔ عمومی در جایی که شرط دقیق subtopic آن را مجاز نمی‌کند.,اگر کاربر این گزینه را انتخاب کند، احتمالاً قاعده را می‌داند اما دامنهٔ کاربرد آن را بیش از حد گسترده گرفته است.,CORE,
a02fe5a3-8336-4749-8b93-f43d0a82948a,11,LE VERBE « AVOIR »,7d3f306f-3e56-4739-9aa5-957d40a0870b,L11-S06,Négation de l’article,نفی article نامعین,CAT01,SUB01,NEGATION_POLARITY,نفی و قطبیت,Lesson 11; printed p. 50,Stage1 rule text + Stage2 classification; error frequency not claimed by source,misconception-catalogue-recovered-v1.0.0,CANDIDATE_PREDEPLOY_CONTENT_REVIEW,NOT_YET_OBSERVED__STAGE27_CALIBRATION,6f94b587-856a-5a0f-b093-445db57c9f1b,NEAR_FORM_CONFUSION,اشتباه با فرم/قاعده نزدیک,ساخت نفی نزدیک را با دامنه، واژه منفی یا article نامتناسب جایگزین می‌کند.,یک فرم واقعی و نزدیک از همان خانواده انتخاب شود؛ فرم باید در context دیگری معتبر باشد ولی اینجا به‌طور قطعی غلط باشد.,انتخاب آن نشان می‌دهد تمایز میان قاعده هدف و همسایهٔ نزدیک هنوز پایدار نشده است.,CORE,
a02fe5a3-8336-4749-8b93-f43d0a82948a,11,LE VERBE « AVOIR »,7d3f306f-3e56-4739-9aa5-957d40a0870b,L11-S06,Négation de l’article,نفی article نامعین,CAT01,SUB01,NEGATION_POLARITY,نفی و قطبیت,Lesson 11; printed p. 50,Stage1 rule text + Stage2 classification; error frequency not claimed by source,misconception-catalogue-recovered-v1.0.0,CANDIDATE_PREDEPLOY_CONTENT_REVIEW,NOT_YET_OBSERVED__STAGE27_CALIBRATION,75b60a31-3ec9-5b8d-937c-235d476f1d2f,CONTEXT_ROLE_MISMATCH,انتقال قاعده درست به context نادرست,ساخت نفی معتبر در بافت دیگری را بدون توجه به دامنه نفی/کمیت/قطبیت جمله فعلی به‌کار می‌برد.,distractor از قاعده‌ای ساخته شود که به‌خودی‌خود معتبر است، اما نقش/مرجع/زمان/register این context با آن سازگار نیست.,انتخاب آن نشانهٔ تحلیل ناکافی context یا نقش دستوری است، نه صرفاً ندانستن شکل ظاهری.,CORE,
ec78c6b7-50f2-4fcf-8ecd-63c1a84e5e41,12,L’ADJECTIF (2),e94a7c1d-5d07-47e8-a918-0bae05db0f16,L12-S01,Place générale de l’adjectif,جایگاه عمومی صفت,CAT06,SUB14,AGREEMENT_FORM,تطابق و صورت,Lesson 12; printed p. 54,Stage1 rule text + Stage2 classification; error frequency not claimed by source,misconception-catalogue-recovered-v1.0.0,CANDIDATE_PREDEPLOY_CONTENT_REVIEW,NOT_YET_OBSERVED__STAGE27_CALIBRATION,3ca45dfa-0975-53ee-8d15-7633cb60d057,OVERGENERALIZATION,تعمیم بیش‌ازحد قاعده,قاعدهٔ هدف «اکثر صفات پس از اسم می‌آیند؛ گروهی از صفات کوتاه و رایج پیش از اسم‌اند.» را بدون توجه به شرط، نقش یا محدودیت بافتی زیرموضوع «جایگاه عمومی صفت» به همهٔ موارد مشابه تعمیم می‌دهد.,ساخت distractor با اجرای قاعدهٔ عمومی در جایی که شرط دقیق subtopic آن را مجاز نمی‌کند.,اگر کاربر این گزینه را انتخاب کند، احتمالاً قاعده را می‌داند اما دامنهٔ کاربرد آن را بیش از حد گسترده گرفته است.,CORE,
ec78c6b7-50f2-4fcf-8ecd-63c1a84e5e41,12,L’ADJECTIF (2),e94a7c1d-5d07-47e8-a918-0bae05db0f16,L12-S01,Place générale de l’adjectif,جایگاه عمومی صفت,CAT06,SUB14,AGREEMENT_FORM,تطابق و صورت,Lesson 12; printed p. 54,Stage1 rule text + Stage2 classification; error frequency not claimed by source,misconception-catalogue-recovered-v1.0.0,CANDIDATE_PREDEPLOY_CONTENT_REVIEW,NOT_YET_OBSERVED__STAGE27_CALIBRATION,628c56c3-2b68-554c-ab8d-678d5bb0b0d4,NEAR_FORM_CONFUSION,اشتباه با فرم/قاعده نزدیک,صورت نزدیک را انتخاب می‌کند اما جنس/شمار یا مرجع توافق را اشتباه می‌گیرد.,یک فرم واقعی و نزدیک از همان خانواده انتخاب شود؛ فرم باید در context دیگری معتبر باشد ولی اینجا به‌طور قطعی غلط باشد.,انتخاب آن نشان می‌دهد تمایز میان قاعده هدف و همسایهٔ نزدیک هنوز پایدار نشده است.,CORE,
ec78c6b7-50f2-4fcf-8ecd-63c1a84e5e41,12,L’ADJECTIF (2),e94a7c1d-5d07-47e8-a918-0bae05db0f16,L12-S01,Place générale de l’adjectif,جایگاه عمومی صفت,CAT06,SUB14,AGREEMENT_FORM,تطابق و صورت,Lesson 12; printed p. 54,Stage1 rule text + Stage2 classification; error frequency not claimed by source,misconception-catalogue-recovered-v1.0.0,CANDIDATE_PREDEPLOY_CONTENT_REVIEW,NOT_YET_OBSERVED__STAGE27_CALIBRATION,2d60df3a-7ca1-58a4-936d-199b0ba40864,CONTEXT_ROLE_MISMATCH,انتقال قاعده درست به context نادرست,توافق درست با مرجع دیگری را به مرجع هدف منتقل می‌کند یا مرجع توافق را اشتباه شناسایی می‌کند.,distractor از قاعده‌ای ساخته شود که به‌خودی‌خود معتبر است، اما نقش/مرجع/زمان/register این context با آن سازگار نیست.,انتخاب آن نشانهٔ تحلیل ناکافی context یا نقش دستوری است، نه صرفاً ندانستن شکل ظاهری.,CORE,
ec78c6b7-50f2-4fcf-8ecd-63c1a84e5e41,12,L’ADJECTIF (2),def8aafa-2017-4ac8-9eb4-d0d0e271cf9b,L12-S02,Adjectifs fréquents avant le nom,صفات پیش‌اسمی رایج,CAT06,SUB14,AGREEMENT_FORM,تطابق و صورت,Lesson 12; printed p. 54,Stage1 rule text + Stage2 classification; error frequency not claimed by source,misconception-catalogue-recovered-v1.0.0,CANDIDATE_PREDEPLOY_CONTENT_REVIEW,NOT_YET_OBSERVED__STAGE27_CALIBRATION,f1b4262e-563b-5951-80cc-62ccae17fd15,OVERGENERALIZATION,تعمیم بیش‌ازحد قاعده,"قاعدهٔ هدف «beau, joli, bon, mauvais, petit, grand, gros, nouveau, jeune, vieux و چند مورد دیگر معمولاً پیش از اسم می‌آیند.» را بدون توجه به شرط، نقش یا محدودیت بافتی زیرموضوع «صفات پیش‌اسمی رایج» به همهٔ موارد مشابه تعمیم می‌دهد.",ساخت distractor با اجرای قاعدهٔ عمومی در جایی که شرط دقیق subtopic آن را مجاز نمی‌کند.,اگر کاربر این گزینه را انتخاب کند، احتمالاً قاعده را می‌داند اما دامنهٔ کاربرد آن را بیش از حد گسترده گرفته است.,CORE,
ec78c6b7-50f2-4fcf-8ecd-63c1a84e5e41,12,L’ADJECTIF (2),def8aafa-2017-4ac8-9eb4-d0d0e271cf9b,L12-S02,Adjectifs fréquents avant le nom,صفات پیش‌اسمی رایج,CAT06,SUB14,AGREEMENT_FORM,تطابق و صورت,Lesson 12; printed p. 54,Stage1 rule text + Stage2 classification; error frequency not claimed by source,misconception-catalogue-recovered-v1.0.0,CANDIDATE_PREDEPLOY_CONTENT_REVIEW,NOT_YET_OBSERVED__STAGE27_CALIBRATION,c53d6bd1-a698-5e5e-bf11-f9458c5e8baf,NEAR_FORM_CONFUSION,اشتباه با فرم/قاعده نزدیک,صورت نزدیک را انتخاب می‌کند اما جنس/شمار یا مرجع توافق را اشتباه می‌گیرد.,یک فرم واقعی و نزدیک از همان خانواده انتخاب شود؛ فرم باید در context دیگری معتبر باشد ولی اینجا به‌طور قطعی غلط باشد.,انتخاب آن نشان می‌دهد تمایز میان قاعده هدف و همسایهٔ نزدیک هنوز پایدار نشده است.,CORE,
ec78c6b7-50f2-4fcf-8ecd-63c1a84e5e41,12,L’ADJECTIF (2),def8aafa-2017-4ac8-9eb4-d0d0e271cf9b,L12-S02,Adjectifs fréquents avant le nom,صفات پیش‌اسمی رایج,CAT06,SUB14,AGREEMENT_FORM,تطابق و صورت,Lesson 12; printed p. 54,Stage1 rule text + Stage2 classification; error frequency not claimed by source,misconception-catalogue-recovered-v1.0.0,CANDIDATE_PREDEPLOY_CONTENT_REVIEW,NOT_YET_OBSERVED__STAGE27_CALIBRATION,766cae19-d7c6-5f34-8359-726398e39380,CONTEXT_ROLE_MISMATCH,انتقال قاعده درست به context نادرست,توافق درست با مرجع دیگری را به مرجع هدف منتقل می‌کند یا مرجع توافق را اشتباه شناسایی می‌کند.,distractor از قاعده‌ای ساخته شود که به‌خودی‌خود معتبر است، اما نقش/مرجع/زمان/register این context با آن سازگار نیست.,انتخاب آن نشانهٔ تحلیل ناکافی context یا نقش دستوری است، نه صرفاً ندانستن شکل ظاهری.,CORE,
ec78c6b7-50f2-4fcf-8ecd-63c1a84e5e41,12,L’ADJECTIF (2),d15e657e-5845-4e81-8dcd-9b9f7df8cc27,L12-S03,Premier/dernier/prochain,premier/dernier/prochain,CAT06,SUB14,AGREEMENT_FORM,تطابق و صورت,Lesson 12; printed p. 54,Stage1 rule text + Stage2 classification; error frequency not claimed by source,misconception-catalogue-recovered-v1.0.0,CANDIDATE_PREDEPLOY_CONTENT_REVIEW,NOT_YET_OBSERVED__STAGE27_CALIBRATION,f1410e4c-4542-5168-802c-8bb79174276b,OVERGENERALIZATION,تعمیم بیش‌ازحد قاعده,قاعدهٔ هدف «در سری/ترتیب این صفات می‌توانند پیش از اسم باشند؛ در تاریخ‌ها dernier/prochain بعد از اسم می‌آیند.» را بدون توجه به شرط، نقش یا محدودیت بافتی زیرموضوع «premier/dernier/prochain» به همهٔ موارد مشابه تعمیم می‌دهد.,ساخت distractor با اجرای قاعدهٔ عمومی در جایی که شرط دقیق subtopic آن را مجاز نمی‌کند.,اگر کاربر این گزینه را انتخاب کند، احتمالاً قاعده را می‌داند اما دامنهٔ کاربرد آن را بیش از حد گسترده گرفته است.,CORE,
ec78c6b7-50f2-4fcf-8ecd-63c1a84e5e41,12,L’ADJECTIF (2),d15e657e-5845-4e81-8dcd-9b9f7df8cc27,L12-S03,Premier/dernier/prochain,premier/dernier/prochain,CAT06,SUB14,AGREEMENT_FORM,تطابق و صورت,Lesson 12; printed p. 54,Stage1 rule text + Stage2 classification; error frequency not claimed by source,misconception-catalogue-recovered-v1.0.0,CANDIDATE_PREDEPLOY_CONTENT_REVIEW,NOT_YET_OBSERVED__STAGE27_CALIBRATION,35b6170d-c83a-5a32-87b5-9294d0e2b159,NEAR_FORM_CONFUSION,اشتباه با فرم/قاعده نزدیک,صورت نزدیک را انتخاب می‌کند اما جنس/شمار یا مرجع توافق را اشتباه می‌گیرد.,یک فرم واقعی و نزدیک از همان خانواده انتخاب شود؛ فرم باید در context دیگری معتبر باشد ولی اینجا به‌طور قطعی غلط باشد.,انتخاب آن نشان می‌دهد تمایز میان قاعده هدف و همسایهٔ نزدیک هنوز پایدار نشده است.,CORE,
ec78c6b7-50f2-4fcf-8ecd-63c1a84e5e41,12,L’ADJECTIF (2),d15e657e-5845-4e81-8dcd-9b9f7df8cc27,L12-S03,Premier/dernier/prochain,premier/dernier/prochain,CAT06,SUB14,AGREEMENT_FORM,تطابق و صورت,Lesson 12; printed p. 54,Stage1 rule text + Stage2 classification; error frequency not claimed by source,misconception-catalogue-recovered-v1.0.0,CANDIDATE_PREDEPLOY_CONTENT_REVIEW,NOT_YET_OBSERVED__STAGE27_CALIBRATION,5945297b-8f7c-5581-ae6b-f0801f889c8b,CONTEXT_ROLE_MISMATCH,انتقال قاعده درست به context نادرست,توافق درست با مرجع دیگری را به مرجع هدف منتقل می‌کند یا مرجع توافق را اشتباه شناسایی می‌کند.,distractor از قاعده‌ای ساخته شود که به‌خودی‌خود معتبر است، اما نقش/مرجع/زمان/register این context با آن سازگار نیست.,انتخاب آن نشانهٔ تحلیل ناکافی context یا نقش دستوری است، نه صرفاً ندانستن شکل ظاهری.,CORE,
ec78c6b7-50f2-4fcf-8ecd-63c1a84e5e41,12,L’ADJECTIF (2),f828a7d6-7b06-4c54-bc7a-f95fd56abd73,L12-S04,Bel/vieil/nouvel,bel/vieil/nouvel,CAT06,SUB14,AGREEMENT_FORM,تطابق و صورت,Lesson 12; printed p. 54,Stage1 rule text + Stage2 classification; error frequency not claimed by source,misconception-catalogue-recovered-v1.0.0,CANDIDATE_PREDEPLOY_CONTENT_REVIEW,NOT_YET_OBSERVED__STAGE27_CALIBRATION,564fd07b-8cef-530a-b62e-50213d11e6b7,OVERGENERALIZATION,تعمیم بیش‌ازحد قاعده,قاعدهٔ هدف «beau/vieux/nouveau پیش از واکه یا h muet به bel/vieil/nouvel تبدیل می‌شوند.» را بدون توجه به شرط، نقش یا محدودیت بافتی زیرموضوع «bel/vieil/nouvel» به همهٔ موارد مشابه تعمیم می‌دهد.,ساخت distractor با اجرای قاعدهٔ عمومی در جایی که شرط دقیق subtopic آن را مجاز نمی‌کند.,اگر کاربر این گزینه را انتخاب کند، احتمالاً قاعده را می‌داند اما دامنهٔ کاربرد آن را بیش از حد گسترده گرفته است.,CORE,
ec78c6b7-50f2-4fcf-8ecd-63c1a84e5e41,12,L’ADJECTIF (2),f828a7d6-7b06-4c54-bc7a-f95fd56abd73,L12-S04,Bel/vieil/nouvel,bel/vieil/nouvel,CAT06,SUB14,AGREEMENT_FORM,تطابق و صورت,Lesson 12; printed p. 54,Stage1 rule text + Stage2 classification; error frequency not claimed by source,misconception-catalogue-recovered-v1.0.0,CANDIDATE_PREDEPLOY_CONTENT_REVIEW,NOT_YET_OBSERVED__STAGE27_CALIBRATION,949861c4-29e1-5263-a006-615c1ce9e308,NEAR_FORM_CONFUSION,اشتباه با فرم/قاعده نزدیک,صورت نزدیک را انتخاب می‌کند اما جنس/شمار یا مرجع توافق را اشتباه می‌گیرد.,یک فرم واقعی و نزدیک از همان خانواده انتخاب شود؛ فرم باید در context دیگری معتبر باشد ولی اینجا به‌طور قطعی غلط باشد.,انتخاب آن نشان می‌دهد تمایز میان قاعده هدف و همسایهٔ نزدیک هنوز پایدار نشده است.,CORE,
ec78c6b7-50f2-4fcf-8ecd-63c1a84e5e41,12,L’ADJECTIF (2),f828a7d6-7b06-4c54-bc7a-f95fd56abd73,L12-S04,Bel/vieil/nouvel,bel/vieil/nouvel,CAT06,SUB14,AGREEMENT_FORM,تطابق و صورت,Lesson 12; printed p. 54,Stage1 rule text + Stage2 classification; error frequency not claimed by source,misconception-catalogue-recovered-v1.0.0,CANDIDATE_PREDEPLOY_CONTENT_REVIEW,NOT_YET_OBSERVED__STAGE27_CALIBRATION,0df7fc38-5e70-5559-b946-3ced907a26d7,CONTEXT_ROLE_MISMATCH,انتقال قاعده درست به context نادرست,توافق درست با مرجع دیگری را به مرجع هدف منتقل می‌کند یا مرجع توافق را اشتباه شناسایی می‌کند.,distractor از قاعده‌ای ساخته شود که به‌خودی‌خود معتبر است، اما نقش/مرجع/زمان/register این context با آن سازگار نیست.,انتخاب آن نشانهٔ تحلیل ناکافی context یا نقش دستوری است، نه صرفاً ندانستن شکل ظاهری.,CORE,
ec78c6b7-50f2-4fcf-8ecd-63c1a84e5e41,12,L’ADJECTIF (2),bfec7ca9-4e46-4446-ada5-4b04e1117b5a,L12-S05,« des » → « de » devant adjectif antéposé,des به de,CAT06,SUB14,AGREEMENT_FORM,تطابق و صورت,Lesson 12; printed p. 54,Stage1 rule text + Stage2 classification; error frequency not claimed by source,misconception-catalogue-recovered-v1.0.0,CANDIDATE_PREDEPLOY_CONTENT_REVIEW,NOT_YET_OBSERVED__STAGE27_CALIBRATION,ddcd50c0-c49a-5adf-a748-9b0c33682958,OVERGENERALIZATION,تعمیم بیش‌ازحد قاعده,قاعدهٔ هدف «در جمع نامعین، des پیش از صفت مقدم معمولاً به de تبدیل می‌شود.» را بدون توجه به شرط، نقش یا محدودیت بافتی زیرموضوع «des به de» به همهٔ موارد مشابه تعمیم می‌دهد.,ساخت distractor با اجرای قاعدهٔ عمومی در جایی که شرط دقیق subtopic آن را مجاز نمی‌کند.,اگر کاربر این گزینه را انتخاب کند، احتمالاً قاعده را می‌داند اما دامنهٔ کاربرد آن را بیش از حد گسترده گرفته است.,CORE,
ec78c6b7-50f2-4fcf-8ecd-63c1a84e5e41,12,L’ADJECTIF (2),bfec7ca9-4e46-4446-ada5-4b04e1117b5a,L12-S05,« des » → « de » devant adjectif antéposé,des به de,CAT06,SUB14,AGREEMENT_FORM,تطابق و صورت,Lesson 12; printed p. 54,Stage1 rule text + Stage2 classification; error frequency not claimed by source,misconception-catalogue-recovered-v1.0.0,CANDIDATE_PREDEPLOY_CONTENT_REVIEW,NOT_YET_OBSERVED__STAGE27_CALIBRATION,d78f44d6-5a94-5b65-9775-09adaa7d90fb,NEAR_FORM_CONFUSION,اشتباه با فرم/قاعده نزدیک,صورت نزدیک را انتخاب می‌کند اما جنس/شمار یا مرجع توافق را اشتباه می‌گیرد.,یک فرم واقعی و نزدیک از همان خانواده انتخاب شود؛ فرم باید در context دیگری معتبر باشد ولی اینجا به‌طور قطعی غلط باشد.,انتخاب آن نشان می‌دهد تمایز میان قاعده هدف و همسایهٔ نزدیک هنوز پایدار نشده است.,CORE,
ec78c6b7-50f2-4fcf-8ecd-63c1a84e5e41,12,L’ADJECTIF (2),bfec7ca9-4e46-4446-ada5-4b04e1117b5a,L12-S05,« des » → « de » devant adjectif antéposé,des به de,CAT06,SUB14,AGREEMENT_FORM,تطابق و صورت,Lesson 12; printed p. 54,Stage1 rule text + Stage2 classification; error frequency not claimed by source,misconception-catalogue-recovered-v1.0.0,CANDIDATE_PREDEPLOY_CONTENT_REVIEW,NOT_YET_OBSERVED__STAGE27_CALIBRATION,f083640e-af3a-5a70-b53e-443394812cf2,CONTEXT_ROLE_MISMATCH,انتقال قاعده درست به context نادرست,توافق درست با مرجع دیگری را به مرجع هدف منتقل می‌کند یا مرجع توافق را اشتباه شناسایی می‌کند.,distractor از قاعده‌ای ساخته شود که به‌خودی‌خود معتبر است، اما نقش/مرجع/زمان/register این context با آن سازگار نیست.,انتخاب آن نشانهٔ تحلیل ناکافی context یا نقش دستوری است، نه صرفاً ندانستن شکل ظاهری.,CORE,
ec78c6b7-50f2-4fcf-8ecd-63c1a84e5e41,12,L’ADJECTIF (2),acc0a8be-8e0b-43f3-9059-d7e5eab9effd,L12-S06,Sens selon la place,معنای صفت بر اساس جایگاه,CAT06,SUB14,MODIFICATION_COMPARISON,صفت، قید و مقایسه,Lesson 12; printed p. 56,Stage1 rule text + Stage2 classification; error frequency not claimed by source,misconception-catalogue-recovered-v1.0.0,CANDIDATE_PREDEPLOY_CONTENT_REVIEW,NOT_YET_OBSERVED__STAGE27_CALIBRATION,47ced59b-5160-5de5-937d-9b52eeee60c0,OVERGENERALIZATION,تعمیم بیش‌ازحد قاعده,قاعدهٔ هدف «برخی صفات با تغییر جایگاه معنای متفاوت یا ذهنی‌تر/عینی‌تر می‌گیرند.» را بدون توجه به شرط، نقش یا محدودیت بافتی زیرموضوع «معنای صفت بر اساس جایگاه» به همهٔ موارد مشابه تعمیم می‌دهد.,ساخت distractor با اجرای قاعدهٔ عمومی در جایی که شرط دقیق subtopic آن را مجاز نمی‌کند.,اگر کاربر این گزینه را انتخاب کند، احتمالاً قاعده را می‌داند اما دامنهٔ کاربرد آن را بیش از حد گسترده گرفته است.,CORE,
ec78c6b7-50f2-4fcf-8ecd-63c1a84e5e41,12,L’ADJECTIF (2),acc0a8be-8e0b-43f3-9059-d7e5eab9effd,L12-S06,Sens selon la place,معنای صفت بر اساس جایگاه,CAT06,SUB14,MODIFICATION_COMPARISON,صفت، قید و مقایسه,Lesson 12; printed p. 56,Stage1 rule text + Stage2 classification; error frequency not claimed by source,misconception-catalogue-recovered-v1.0.0,CANDIDATE_PREDEPLOY_CONTENT_REVIEW,NOT_YET_OBSERVED__STAGE27_CALIBRATION,b8c9c2cc-3d6f-58e1-8473-be0095d9d780,NEAR_FORM_CONFUSION,اشتباه با فرم/قاعده نزدیک,صفت/قید یا ساخت مقایسهٔ نزدیک را بدون توجه به نقش، درجه یا معنای هدف انتخاب می‌کند.,یک فرم واقعی و نزدیک از همان خانواده انتخاب شود؛ فرم باید در context دیگری معتبر باشد ولی اینجا به‌طور قطعی غلط باشد.,انتخاب آن نشان می‌دهد تمایز میان قاعده هدف و همسایهٔ نزدیک هنوز پایدار نشده است.,CORE,
ec78c6b7-50f2-4fcf-8ecd-63c1a84e5e41,12,L’ADJECTIF (2),acc0a8be-8e0b-43f3-9059-d7e5eab9effd,L12-S06,Sens selon la place,معنای صفت بر اساس جایگاه,CAT06,SUB14,MODIFICATION_COMPARISON,صفت، قید و مقایسه,Lesson 12; printed p. 56,Stage1 rule text + Stage2 classification; error frequency not claimed by source,misconception-catalogue-recovered-v1.0.0,CANDIDATE_PREDEPLOY_CONTENT_REVIEW,NOT_YET_OBSERVED__STAGE27_CALIBRATION,452991e8-0551-50a5-986f-d76d02d9648c,CONTEXT_ROLE_MISMATCH,انتقال قاعده درست به context نادرست,قاعده صفت/قید/مقایسه درست را در نقشی با درجه یا مرجع متفاوت به context فعلی منتقل می‌کند.,distractor از قاعده‌ای ساخته شود که به‌خودی‌خود معتبر است، اما نقش/مرجع/زمان/register این context با آن سازگار نیست.,انتخاب آن نشانهٔ تحلیل ناکافی context یا نقش دستوری است، نه صرفاً ندانستن شکل ظاهری.,CORE,
ec78c6b7-50f2-4fcf-8ecd-63c1a84e5e41,12,L’ADJECTIF (2),dc65aed1-990e-41ac-82c1-4d9c88190ab9,L12-S07,« neuf » vs « nouveau »,neuf در برابر nouveau,CAT06,SUB14,AGREEMENT_FORM,تطابق و صورت,Lesson 12; printed p. 56,Stage1 rule text + Stage2 classification; error frequency not claimed by source,misconception-catalogue-recovered-v1.0.0,CANDIDATE_PREDEPLOY_CONTENT_REVIEW,NOT_YET_OBSERVED__STAGE27_CALIBRATION,9968e588-5efa-5114-bbff-afd66db0a0b4,OVERGENERALIZATION,تعمیم بیش‌ازحد قاعده,قاعدهٔ هدف «neuf «تازه‌ساخته/استفاده‌نشده» و معمولاً پس از اسم؛ nouveau «جدید نسبت به قبلی» و پیش از اسم است.» را بدون توجه به شرط، نقش یا محدودیت بافتی زیرموضوع «neuf در برابر nouveau» به همهٔ موارد مشابه تعمیم می‌دهد.,ساخت distractor با اجرای قاعدهٔ عمومی در جایی که شرط دقیق subtopic آن را مجاز نمی‌کند.,اگر کاربر این گزینه را انتخاب کند، احتمالاً قاعده را می‌داند اما دامنهٔ کاربرد آن را بیش از حد گسترده گرفته است.,CORE,
ec78c6b7-50f2-4fcf-8ecd-63c1a84e5e41,12,L’ADJECTIF (2),dc65aed1-990e-41ac-82c1-4d9c88190ab9,L12-S07,« neuf » vs « nouveau »,neuf در برابر nouveau,CAT06,SUB14,AGREEMENT_FORM,تطابق و صورت,Lesson 12; printed p. 56,Stage1 rule text + Stage2 classification; error frequency not claimed by source,misconception-catalogue-recovered-v1.0.0,CANDIDATE_PREDEPLOY_CONTENT_REVIEW,NOT_YET_OBSERVED__STAGE27_CALIBRATION,5f27e55c-2d3f-5a91-8815-06b65f9381d1,NEAR_FORM_CONFUSION,اشتباه با فرم/قاعده نزدیک,صورت نزدیک را انتخاب می‌کند اما جنس/شمار یا مرجع توافق را اشتباه می‌گیرد.,یک فرم واقعی و نزدیک از همان خانواده انتخاب شود؛ فرم باید در context دیگری معتبر باشد ولی اینجا به‌طور قطعی غلط باشد.,انتخاب آن نشان می‌دهد تمایز میان قاعده هدف و همسایهٔ نزدیک هنوز پایدار نشده است.,CORE,
ec78c6b7-50f2-4fcf-8ecd-63c1a84e5e41,12,L’ADJECTIF (2),dc65aed1-990e-41ac-82c1-4d9c88190ab9,L12-S07,« neuf » vs « nouveau »,neuf در برابر nouveau,CAT06,SUB14,AGREEMENT_FORM,تطابق و صورت,Lesson 12; printed p. 56,Stage1 rule text + Stage2 classification; error frequency not claimed by source,misconception-catalogue-recovered-v1.0.0,CANDIDATE_PREDEPLOY_CONTENT_REVIEW,NOT_YET_OBSERVED__STAGE27_CALIBRATION,efcd4520-ba91-5dec-9635-8dc48adcaa5a,CONTEXT_ROLE_MISMATCH,انتقال قاعده درست به context نادرست,توافق درست با مرجع دیگری را به مرجع هدف منتقل می‌کند یا مرجع توافق را اشتباه شناسایی می‌کند.,distractor از قاعده‌ای ساخته شود که به‌خودی‌خود معتبر است، اما نقش/مرجع/زمان/register این context با آن سازگار نیست.,انتخاب آن نشانهٔ تحلیل ناکافی context یا نقش دستوری است، نه صرفاً ندانستن شکل ظاهری.,CORE,
99f4cbed-373c-4bf4-affd-8eda53373a56,13,LES NOMBRES,7905c739-017f-4158-b13c-79770fa4b478,L13-S01,Nombres cardinaux,اعداد اصلی,CAT07,SUB17,QUANTIFICATION,کمیت و عدد,Lesson 13; printed p. 58,Stage1 rule text + Stage2 classification; error frequency not claimed by source,misconception-catalogue-recovered-v1.0.0,CANDIDATE_PREDEPLOY_CONTENT_REVIEW,NOT_YET_OBSERVED__STAGE27_CALIBRATION,1a5dfd0c-d13d-5e65-bb3d-2a2dd79526bd,OVERGENERALIZATION,تعمیم بیش‌ازحد قاعده,قاعدهٔ هدف «اعداد اصلی برای شمارش و مقدار به‌کار می‌روند.» را بدون توجه به شرط، نقش یا محدودیت بافتی زیرموضوع «اعداد اصلی» به همهٔ موارد مشابه تعمیم می‌دهد.,ساخت distractor با اجرای قاعدهٔ عمومی در جایی که شرط دقیق subtopic آن را مجاز نمی‌کند.,اگر کاربر این گزینه را انتخاب کند، احتمالاً قاعده را می‌داند اما دامنهٔ کاربرد آن را بیش از حد گسترده گرفته است.,CORE,
99f4cbed-373c-4bf4-affd-8eda53373a56,13,LES NOMBRES,7905c739-017f-4158-b13c-79770fa4b478,L13-S01,Nombres cardinaux,اعداد اصلی,CAT07,SUB17,QUANTIFICATION,کمیت و عدد,Lesson 13; printed p. 58,Stage1 rule text + Stage2 classification; error frequency not claimed by source,misconception-catalogue-recovered-v1.0.0,CANDIDATE_PREDEPLOY_CONTENT_REVIEW,NOT_YET_OBSERVED__STAGE27_CALIBRATION,8ad303a3-0f50-5f2f-87f5-ffe66a591ec3,NEAR_FORM_CONFUSION,اشتباه با فرم/قاعده نزدیک,کمیت‌نما، عدد، partitif یا ساخت مقدار نزدیک را بدون توجه به نوع مقدار و article انتخاب می‌کند.,یک فرم واقعی و نزدیک از همان خانواده انتخاب شود؛ فرم باید در context دیگری معتبر باشد ولی اینجا به‌طور قطعی غلط باشد.,انتخاب آن نشان می‌دهد تمایز میان قاعده هدف و همسایهٔ نزدیک هنوز پایدار نشده است.,CORE,
99f4cbed-373c-4bf4-affd-8eda53373a56,13,LES NOMBRES,7905c739-017f-4158-b13c-79770fa4b478,L13-S01,Nombres cardinaux,اعداد اصلی,CAT07,SUB17,QUANTIFICATION,کمیت و عدد,Lesson 13; printed p. 58,Stage1 rule text + Stage2 classification; error frequency not claimed by source,misconception-catalogue-recovered-v1.0.0,CANDIDATE_PREDEPLOY_CONTENT_REVIEW,NOT_YET_OBSERVED__STAGE27_CALIBRATION,ef30a913-cd08-5307-adf6-29a786ae42b5,CONTEXT_ROLE_MISMATCH,انتقال قاعده درست به context نادرست,قاعده کمیت درست در ساخت دیگری را بدون توجه به article/مقدار/نوع اسم در context فعلی اعمال می‌کند.,distractor از قاعده‌ای ساخته شود که به‌خودی‌خود معتبر است، اما نقش/مرجع/زمان/register این context با آن سازگار نیست.,انتخاب آن نشانهٔ تحلیل ناکافی context یا نقش دستوری است، نه صرفاً ندانستن شکل ظاهری.,CORE,
99f4cbed-373c-4bf4-affd-8eda53373a56,13,LES NOMBRES,499c8f23-9206-406e-bfdf-17c037f8cd83,L13-S02,Orthographe des nombres composés,املای اعداد مرکب,CAT07,SUB17,ORTHOGRAPHY,املا/صورت نوشتاری,Lesson 13; printed p. 60,Stage1 rule text + Stage2 classification; error frequency not claimed by source,misconception-catalogue-recovered-v1.0.0,CANDIDATE_PREDEPLOY_CONTENT_REVIEW,NOT_YET_OBSERVED__STAGE27_CALIBRATION,8b4d7307-a2e3-5e14-b438-17df77ee85e1,OVERGENERALIZATION,تعمیم بیش‌ازحد قاعده,قاعدهٔ هدف «اعداد مرکب تا 100 با خط تیره نوشته می‌شوند و در 21/31/... الگوی et دیده می‌شود.» را بدون توجه به شرط، نقش یا محدودیت بافتی زیرموضوع «املای اعداد مرکب» به همهٔ موارد مشابه تعمیم می‌دهد.,ساخت distractor با اجرای قاعدهٔ عمومی در جایی که شرط دقیق subtopic آن را مجاز نمی‌کند.,اگر کاربر این گزینه را انتخاب کند، احتمالاً قاعده را می‌داند اما دامنهٔ کاربرد آن را بیش از حد گسترده گرفته است.,CORE,
99f4cbed-373c-4bf4-affd-8eda53373a56,13,LES NOMBRES,499c8f23-9206-406e-bfdf-17c037f8cd83,L13-S02,Orthographe des nombres composés,املای اعداد مرکب,CAT07,SUB17,ORTHOGRAPHY,املا/صورت نوشتاری,Lesson 13; printed p. 60,Stage1 rule text + Stage2 classification; error frequency not claimed by source,misconception-catalogue-recovered-v1.0.0,CANDIDATE_PREDEPLOY_CONTENT_REVIEW,NOT_YET_OBSERVED__STAGE27_CALIBRATION,ed8b0daa-5edf-5fe4-9c06-688a3ef6b60f,NEAR_FORM_CONFUSION,اشتباه با فرم/قاعده نزدیک,صورت نوشتاری یا شکل نزدیک را به‌جای فرم استاندارد هدف انتخاب می‌کند.,یک فرم واقعی و نزدیک از همان خانواده انتخاب شود؛ فرم باید در context دیگری معتبر باشد ولی اینجا به‌طور قطعی غلط باشد.,انتخاب آن نشان می‌دهد تمایز میان قاعده هدف و همسایهٔ نزدیک هنوز پایدار نشده است.,CORE,
99f4cbed-373c-4bf4-affd-8eda53373a56,13,LES NOMBRES,499c8f23-9206-406e-bfdf-17c037f8cd83,L13-S02,Orthographe des nombres composés,املای اعداد مرکب,CAT07,SUB17,ORTHOGRAPHY,املا/صورت نوشتاری,Lesson 13; printed p. 60,Stage1 rule text + Stage2 classification; error frequency not claimed by source,misconception-catalogue-recovered-v1.0.0,CANDIDATE_PREDEPLOY_CONTENT_REVIEW,NOT_YET_OBSERVED__STAGE27_CALIBRATION,1abf0945-dd82-5ff9-9e38-96b7ce59e1c7,CONTEXT_ROLE_MISMATCH,انتقال قاعده درست به context نادرست,صورت نوشتاری معتبر در محیط دیگری را به محیط صرفی/آوایی فعلی منتقل می‌کند.,distractor از قاعده‌ای ساخته شود که به‌خودی‌خود معتبر است، اما نقش/مرجع/زمان/register این context با آن سازگار نیست.,انتخاب آن نشانهٔ تحلیل ناکافی context یا نقش دستوری است، نه صرفاً ندانستن شکل ظاهری.,CORE,
99f4cbed-373c-4bf4-affd-8eda53373a56,13,LES NOMBRES,7ed15aa0-40bc-4af9-a6db-2aaa411c21b2,L13-S03,Prononciation des nombres,تلفظ اعداد,CAT07,SUB17,ORTHOGRAPHY,املا/صورت نوشتاری,Lesson 13; printed p. 60,Stage1 rule text + Stage2 classification; error frequency not claimed by source,misconception-catalogue-recovered-v1.0.0,CANDIDATE_PREDEPLOY_CONTENT_REVIEW,NOT_YET_OBSERVED__STAGE27_CALIBRATION,d6dcfdcd-40d0-5119-b27a-1a113b6004bd,OVERGENERALIZATION,تعمیم بیش‌ازحد قاعده,قاعدهٔ هدف «همخوان پایانی برخی اعداد بسته به جایگاه و واژهٔ بعدی تلفظ یا حذف می‌شود.» را بدون توجه به شرط، نقش یا محدودیت بافتی زیرموضوع «تلفظ اعداد» به همهٔ موارد مشابه تعمیم می‌دهد.,ساخت distractor با اجرای قاعدهٔ عمومی در جایی که شرط دقیق subtopic آن را مجاز نمی‌کند.,اگر کاربر این گزینه را انتخاب کند، احتمالاً قاعده را می‌داند اما دامنهٔ کاربرد آن را بیش از حد گسترده گرفته است.,CORE,
99f4cbed-373c-4bf4-affd-8eda53373a56,13,LES NOMBRES,7ed15aa0-40bc-4af9-a6db-2aaa411c21b2,L13-S03,Prononciation des nombres,تلفظ اعداد,CAT07,SUB17,ORTHOGRAPHY,املا/صورت نوشتاری,Lesson 13; printed p. 60,Stage1 rule text + Stage2 classification; error frequency not claimed by source,misconception-catalogue-recovered-v1.0.0,CANDIDATE_PREDEPLOY_CONTENT_REVIEW,NOT_YET_OBSERVED__STAGE27_CALIBRATION,f157a8c1-6f2e-53f2-9f48-2a236dec829c,NEAR_FORM_CONFUSION,اشتباه با فرم/قاعده نزدیک,صورت نوشتاری یا شکل نزدیک را به‌جای فرم استاندارد هدف انتخاب می‌کند.,یک فرم واقعی و نزدیک از همان خانواده انتخاب شود؛ فرم باید در context دیگری معتبر باشد ولی اینجا به‌طور قطعی غلط باشد.,انتخاب آن نشان می‌دهد تمایز میان قاعده هدف و همسایهٔ نزدیک هنوز پایدار نشده است.,CORE,
99f4cbed-373c-4bf4-affd-8eda53373a56,13,LES NOMBRES,7ed15aa0-40bc-4af9-a6db-2aaa411c21b2,L13-S03,Prononciation des nombres,تلفظ اعداد,CAT07,SUB17,ORTHOGRAPHY,املا/صورت نوشتاری,Lesson 13; printed p. 60,Stage1 rule text + Stage2 classification; error frequency not claimed by source,misconception-catalogue-recovered-v1.0.0,CANDIDATE_PREDEPLOY_CONTENT_REVIEW,NOT_YET_OBSERVED__STAGE27_CALIBRATION,b76b83f9-8c0d-5b04-b11b-5656c47fda62,CONTEXT_ROLE_MISMATCH,انتقال قاعده درست به context نادرست,صورت نوشتاری معتبر در محیط دیگری را به محیط صرفی/آوایی فعلی منتقل می‌کند.,distractor از قاعده‌ای ساخته شود که به‌خودی‌خود معتبر است، اما نقش/مرجع/زمان/register این context با آن سازگار نیست.,انتخاب آن نشانهٔ تحلیل ناکافی context یا نقش دستوری است، نه صرفاً ندانستن شکل ظاهری.,CORE,
99f4cbed-373c-4bf4-affd-8eda53373a56,13,LES NOMBRES,b9fa8bfb-169a-4d08-8225-a40edae8dc5e,L13-S04,Nombres ordinaux et fractions,ترتیبی و کسر,CAT07,SUB17,QUANTIFICATION,کمیت و عدد,Lesson 13; printed p. 62,Stage1 rule text + Stage2 classification; error frequency not claimed by source,misconception-catalogue-recovered-v1.0.0,CANDIDATE_PREDEPLOY_CONTENT_REVIEW,NOT_YET_OBSERVED__STAGE27_CALIBRATION,83290e9e-b6ce-52dc-8c4b-ed9a41a38f7b,OVERGENERALIZATION,تعمیم بیش‌ازحد قاعده,قاعدهٔ هدف «اعداد ترتیبی جایگاه در سری و demi/tiers/quart کسر را بیان می‌کنند.» را بدون توجه به شرط، نقش یا محدودیت بافتی زیرموضوع «ترتیبی و کسر» به همهٔ موارد مشابه تعمیم می‌دهد.,ساخت distractor با اجرای قاعدهٔ عمومی در جایی که شرط دقیق subtopic آن را مجاز نمی‌کند.,اگر کاربر این گزینه را انتخاب کند، احتمالاً قاعده را می‌داند اما دامنهٔ کاربرد آن را بیش از حد گسترده گرفته است.,CORE,
99f4cbed-373c-4bf4-affd-8eda53373a56,13,LES NOMBRES,b9fa8bfb-169a-4d08-8225-a40edae8dc5e,L13-S04,Nombres ordinaux et fractions,ترتیبی و کسر,CAT07,SUB17,QUANTIFICATION,کمیت و عدد,Lesson 13; printed p. 62,Stage1 rule text + Stage2 classification; error frequency not claimed by source,misconception-catalogue-recovered-v1.0.0,CANDIDATE_PREDEPLOY_CONTENT_REVIEW,NOT_YET_OBSERVED__STAGE27_CALIBRATION,e92498b3-7b8e-5b8c-9024-932a07492386,NEAR_FORM_CONFUSION,اشتباه با فرم/قاعده نزدیک,کمیت‌نما، عدد، partitif یا ساخت مقدار نزدیک را بدون توجه به نوع مقدار و article انتخاب می‌کند.,یک فرم واقعی و نزدیک از همان خانواده انتخاب شود؛ فرم باید در context دیگری معتبر باشد ولی اینجا به‌طور قطعی غلط باشد.,انتخاب آن نشان می‌دهد تمایز میان قاعده هدف و همسایهٔ نزدیک هنوز پایدار نشده است.,CORE,
99f4cbed-373c-4bf4-affd-8eda53373a56,13,LES NOMBRES,b9fa8bfb-169a-4d08-8225-a40edae8dc5e,L13-S04,Nombres ordinaux et fractions,ترتیبی و کسر,CAT07,SUB17,QUANTIFICATION,کمیت و عدد,Lesson 13; printed p. 62,Stage1 rule text + Stage2 classification; error frequency not claimed by source,misconception-catalogue-recovered-v1.0.0,CANDIDATE_PREDEPLOY_CONTENT_REVIEW,NOT_YET_OBSERVED__STAGE27_CALIBRATION,967bbd9c-9b02-552a-8d47-337c4451b2ce,CONTEXT_ROLE_MISMATCH,انتقال قاعده درست به context نادرست,قاعده کمیت درست در ساخت دیگری را بدون توجه به article/مقدار/نوع اسم در context فعلی اعمال می‌کند.,distractor از قاعده‌ای ساخته شود که به‌خودی‌خود معتبر است، اما نقش/مرجع/زمان/register این context با آن سازگار نیست.,انتخاب آن نشانهٔ تحلیل ناکافی context یا نقش دستوری است، نه صرفاً ندانستن شکل ظاهری.,CORE,
99f4cbed-373c-4bf4-affd-8eda53373a56,13,LES NOMBRES,b8785c0a-41e3-44b8-ba0f-8370b28bfce0,L13-S05,« an » vs « année »,an در برابر année,CAT07,SUB17,QUANTIFICATION,کمیت و عدد,Lesson 13; printed p. 62,Stage1 rule text + Stage2 classification; error frequency not claimed by source,misconception-catalogue-recovered-v1.0.0,CANDIDATE_PREDEPLOY_CONTENT_REVIEW,NOT_YET_OBSERVED__STAGE27_CALIBRATION,58b856c7-b57e-5eb8-a5d6-86bdb8d1e426,OVERGENERALIZATION,تعمیم بیش‌ازحد قاعده,قاعدهٔ هدف «an بیشتر واحد زمان با عدد و année بیشتر بر مدت/کیفیت دوره تأکید دارد.» را بدون توجه به شرط، نقش یا محدودیت بافتی زیرموضوع «an در برابر année» به همهٔ موارد مشابه تعمیم می‌دهد.,ساخت distractor با اجرای قاعدهٔ عمومی در جایی که شرط دقیق subtopic آن را مجاز نمی‌کند.,اگر کاربر این گزینه را انتخاب کند، احتمالاً قاعده را می‌داند اما دامنهٔ کاربرد آن را بیش از حد گسترده گرفته است.,CORE,
99f4cbed-373c-4bf4-affd-8eda53373a56,13,LES NOMBRES,b8785c0a-41e3-44b8-ba0f-8370b28bfce0,L13-S05,« an » vs « année »,an در برابر année,CAT07,SUB17,QUANTIFICATION,کمیت و عدد,Lesson 13; printed p. 62,Stage1 rule text + Stage2 classification; error frequency not claimed by source,misconception-catalogue-recovered-v1.0.0,CANDIDATE_PREDEPLOY_CONTENT_REVIEW,NOT_YET_OBSERVED__STAGE27_CALIBRATION,bbb83202-d2c7-58d6-9392-825012c4ef9f,NEAR_FORM_CONFUSION,اشتباه با فرم/قاعده نزدیک,کمیت‌نما، عدد، partitif یا ساخت مقدار نزدیک را بدون توجه به نوع مقدار و article انتخاب می‌کند.,یک فرم واقعی و نزدیک از همان خانواده انتخاب شود؛ فرم باید در context دیگری معتبر باشد ولی اینجا به‌طور قطعی غلط باشد.,انتخاب آن نشان می‌دهد تمایز میان قاعده هدف و همسایهٔ نزدیک هنوز پایدار نشده است.,CORE,
99f4cbed-373c-4bf4-affd-8eda53373a56,13,LES NOMBRES,b8785c0a-41e3-44b8-ba0f-8370b28bfce0,L13-S05,« an » vs « année »,an در برابر année,CAT07,SUB17,QUANTIFICATION,کمیت و عدد,Lesson 13; printed p. 62,Stage1 rule text + Stage2 classification; error frequency not claimed by source,misconception-catalogue-recovered-v1.0.0,CANDIDATE_PREDEPLOY_CONTENT_REVIEW,NOT_YET_OBSERVED__STAGE27_CALIBRATION,03653965-24ea-5a19-8b4f-ee76ca702234,CONTEXT_ROLE_MISMATCH,انتقال قاعده درست به context نادرست,قاعده کمیت درست در ساخت دیگری را بدون توجه به article/مقدار/نوع اسم در context فعلی اعمال می‌کند.,distractor از قاعده‌ای ساخته شود که به‌خودی‌خود معتبر است، اما نقش/مرجع/زمان/register این context با آن سازگار نیست.,انتخاب آن نشانهٔ تحلیل ناکافی context یا نقش دستوری است، نه صرفاً ندانستن شکل ظاهری.,CORE,
99f4cbed-373c-4bf4-affd-8eda53373a56,13,LES NOMBRES,aa17cf04-3a4a-4e38-bbc3-a5a669b3d177,L13-S06,Fréquence avec nombres,بسامد عددی,CAT07,SUB17,QUANTIFICATION,کمیت و عدد,Lesson 13; printed p. 62,Stage1 rule text + Stage2 classification; error frequency not claimed by source,misconception-catalogue-recovered-v1.0.0,CANDIDATE_PREDEPLOY_CONTENT_REVIEW,NOT_YET_OBSERVED__STAGE27_CALIBRATION,46d4c618-5413-58ab-90cf-38fce9ebe6ed,OVERGENERALIZATION,تعمیم بیش‌ازحد قاعده,قاعدهٔ هدف «tous les + مدت یا tous les deux jours و مانند آن، تکرار دوره‌ای را بیان می‌کند.» را بدون توجه به شرط، نقش یا محدودیت بافتی زیرموضوع «بسامد عددی» به همهٔ موارد مشابه تعمیم می‌دهد.,ساخت distractor با اجرای قاعدهٔ عمومی در جایی که شرط دقیق subtopic آن را مجاز نمی‌کند.,اگر کاربر این گزینه را انتخاب کند، احتمالاً قاعده را می‌داند اما دامنهٔ کاربرد آن را بیش از حد گسترده گرفته است.,CORE,
99f4cbed-373c-4bf4-affd-8eda53373a56,13,LES NOMBRES,aa17cf04-3a4a-4e38-bbc3-a5a669b3d177,L13-S06,Fréquence avec nombres,بسامد عددی,CAT07,SUB17,QUANTIFICATION,کمیت و عدد,Lesson 13; printed p. 62,Stage1 rule text + Stage2 classification; error frequency not claimed by source,misconception-catalogue-recovered-v1.0.0,CANDIDATE_PREDEPLOY_CONTENT_REVIEW,NOT_YET_OBSERVED__STAGE27_CALIBRATION,c22487bc-e956-5e7f-8471-fb0247421334,NEAR_FORM_CONFUSION,اشتباه با فرم/قاعده نزدیک,کمیت‌نما، عدد، partitif یا ساخت مقدار نزدیک را بدون توجه به نوع مقدار و article انتخاب می‌کند.,یک فرم واقعی و نزدیک از همان خانواده انتخاب شود؛ فرم باید در context دیگری معتبر باشد ولی اینجا به‌طور قطعی غلط باشد.,انتخاب آن نشان می‌دهد تمایز میان قاعده هدف و همسایهٔ نزدیک هنوز پایدار نشده است.,CORE,
99f4cbed-373c-4bf4-affd-8eda53373a56,13,LES NOMBRES,aa17cf04-3a4a-4e38-bbc3-a5a669b3d177,L13-S06,Fréquence avec nombres,بسامد عددی,CAT07,SUB17,QUANTIFICATION,کمیت و عدد,Lesson 13; printed p. 62,Stage1 rule text + Stage2 classification; error frequency not claimed by source,misconception-catalogue-recovered-v1.0.0,CANDIDATE_PREDEPLOY_CONTENT_REVIEW,NOT_YET_OBSERVED__STAGE27_CALIBRATION,d56d9a90-a0cf-5bb8-96fb-0dde74f4d17a,CONTEXT_ROLE_MISMATCH,انتقال قاعده درست به context نادرست,قاعده کمیت درست در ساخت دیگری را بدون توجه به article/مقدار/نوع اسم در context فعلی اعمال می‌کند.,distractor از قاعده‌ای ساخته شود که به‌خودی‌خود معتبر است، اما نقش/مرجع/زمان/register این context با آن سازگار نیست.,انتخاب آن نشانهٔ تحلیل ناکافی context یا نقش دستوری است، نه صرفاً ندانستن شکل ظاهری.,CORE,
8b0727a3-b94e-4d9d-bb86-9a0045b8685a,14,LE TEMPS (1),3a53e567-a0aa-4b47-b5c0-140edfcdb238,L14-S01,Jour et date,روز و تاریخ,CAT08,SUB20,PREPOSITION_RECTION,حرف اضافه/رکسیون/ارجاع مکانی-زمانی,Lesson 14; printed p. 64,Stage1 rule text + Stage2 classification; error frequency not claimed by source,misconception-catalogue-recovered-v1.0.0,CANDIDATE_PREDEPLOY_CONTENT_REVIEW,NOT_YET_OBSERVED__STAGE27_CALIBRATION,2ee9ca60-47b5-5a9c-a07b-842e00b6e5a1,OVERGENERALIZATION,تعمیم بیش‌ازحد قاعده,قاعدهٔ هدف «تاریخ با nous sommes/on est + روز/تاریخ بیان می‌شود.» را بدون توجه به شرط، نقش یا محدودیت بافتی زیرموضوع «روز و تاریخ» به همهٔ موارد مشابه تعمیم می‌دهد.,ساخت distractor با اجرای قاعدهٔ عمومی در جایی که شرط دقیق subtopic آن را مجاز نمی‌کند.,اگر کاربر این گزینه را انتخاب کند، احتمالاً قاعده را می‌داند اما دامنهٔ کاربرد آن را بیش از حد گسترده گرفته است.,CORE,
8b0727a3-b94e-4d9d-bb86-9a0045b8685a,14,LE TEMPS (1),3a53e567-a0aa-4b47-b5c0-140edfcdb238,L14-S01,Jour et date,روز و تاریخ,CAT08,SUB20,PREPOSITION_RECTION,حرف اضافه/رکسیون/ارجاع مکانی-زمانی,Lesson 14; printed p. 64,Stage1 rule text + Stage2 classification; error frequency not claimed by source,misconception-catalogue-recovered-v1.0.0,CANDIDATE_PREDEPLOY_CONTENT_REVIEW,NOT_YET_OBSERVED__STAGE27_CALIBRATION,92ac493a-7820-5665-9e64-9c572ada2356,NEAR_FORM_CONFUSION,اشتباه با فرم/قاعده نزدیک,حرف اضافهٔ پرتکرار یا نزدیک را بدون توجه به رکسیون، مکان/زمان یا معنای مکمل جایگزین می‌کند.,یک فرم واقعی و نزدیک از همان خانواده انتخاب شود؛ فرم باید در context دیگری معتبر باشد ولی اینجا به‌طور قطعی غلط باشد.,انتخاب آن نشان می‌دهد تمایز میان قاعده هدف و همسایهٔ نزدیک هنوز پایدار نشده است.,CORE,
8b0727a3-b94e-4d9d-bb86-9a0045b8685a,14,LE TEMPS (1),3a53e567-a0aa-4b47-b5c0-140edfcdb238,L14-S01,Jour et date,روز و تاریخ,CAT08,SUB20,PREPOSITION_RECTION,حرف اضافه/رکسیون/ارجاع مکانی-زمانی,Lesson 14; printed p. 64,Stage1 rule text + Stage2 classification; error frequency not claimed by source,misconception-catalogue-recovered-v1.0.0,CANDIDATE_PREDEPLOY_CONTENT_REVIEW,NOT_YET_OBSERVED__STAGE27_CALIBRATION,05d591bb-0fd1-5a07-a8fa-066fb8ca369b,CONTEXT_ROLE_MISMATCH,انتقال قاعده درست به context نادرست,حرف اضافه‌ای را که در context مکانی/زمانی یا با فعل دیگری درست است، به ساخت هدف منتقل می‌کند.,distractor از قاعده‌ای ساخته شود که به‌خودی‌خود معتبر است، اما نقش/مرجع/زمان/register این context با آن سازگار نیست.,انتخاب آن نشانهٔ تحلیل ناکافی context یا نقش دستوری است، نه صرفاً ندانستن شکل ظاهری.,CORE,
8b0727a3-b94e-4d9d-bb86-9a0045b8685a,14,LE TEMPS (1),041d6a68-b771-495e-be00-aa78da960caf,L14-S02,Jour unique vs habitude,روز مشخص و عادت,CAT08,SUB20,PREPOSITION_RECTION,حرف اضافه/رکسیون/ارجاع مکانی-زمانی,Lesson 14; printed p. 64,Stage1 rule text + Stage2 classification; error frequency not claimed by source,misconception-catalogue-recovered-v1.0.0,CANDIDATE_PREDEPLOY_CONTENT_REVIEW,NOT_YET_OBSERVED__STAGE27_CALIBRATION,1c938276-8410-5a0f-baf1-a4a79e354418,OVERGENERALIZATION,تعمیم بیش‌ازحد قاعده,قاعدهٔ هدف «lundi یک دوشنبهٔ مشخص/نزدیک و le lundi عادت تکرارشونده را بیان می‌کند.» را بدون توجه به شرط، نقش یا محدودیت بافتی زیرموضوع «روز مشخص و عادت» به همهٔ موارد مشابه تعمیم می‌دهد.,ساخت distractor با اجرای قاعدهٔ عمومی در جایی که شرط دقیق subtopic آن را مجاز نمی‌کند.,اگر کاربر این گزینه را انتخاب کند، احتمالاً قاعده را می‌داند اما دامنهٔ کاربرد آن را بیش از حد گسترده گرفته است.,CORE,
8b0727a3-b94e-4d9d-bb86-9a0045b8685a,14,LE TEMPS (1),041d6a68-b771-495e-be00-aa78da960caf,L14-S02,Jour unique vs habitude,روز مشخص و عادت,CAT08,SUB20,PREPOSITION_RECTION,حرف اضافه/رکسیون/ارجاع مکانی-زمانی,Lesson 14; printed p. 64,Stage1 rule text + Stage2 classification; error frequency not claimed by source,misconception-catalogue-recovered-v1.0.0,CANDIDATE_PREDEPLOY_CONTENT_REVIEW,NOT_YET_OBSERVED__STAGE27_CALIBRATION,e44a137d-1565-5cd7-b4aa-6a054c38aa2d,NEAR_FORM_CONFUSION,اشتباه با فرم/قاعده نزدیک,حرف اضافهٔ پرتکرار یا نزدیک را بدون توجه به رکسیون، مکان/زمان یا معنای مکمل جایگزین می‌کند.,یک فرم واقعی و نزدیک از همان خانواده انتخاب شود؛ فرم باید در context دیگری معتبر باشد ولی اینجا به‌طور قطعی غلط باشد.,انتخاب آن نشان می‌دهد تمایز میان قاعده هدف و همسایهٔ نزدیک هنوز پایدار نشده است.,CORE,
8b0727a3-b94e-4d9d-bb86-9a0045b8685a,14,LE TEMPS (1),041d6a68-b771-495e-be00-aa78da960caf,L14-S02,Jour unique vs habitude,روز مشخص و عادت,CAT08,SUB20,PREPOSITION_RECTION,حرف اضافه/رکسیون/ارجاع مکانی-زمانی,Lesson 14; printed p. 64,Stage1 rule text + Stage2 classification; error frequency not claimed by source,misconception-catalogue-recovered-v1.0.0,CANDIDATE_PREDEPLOY_CONTENT_REVIEW,NOT_YET_OBSERVED__STAGE27_CALIBRATION,5d3ded53-b5de-51c7-b49f-6fa2cde9fca7,CONTEXT_ROLE_MISMATCH,انتقال قاعده درست به context نادرست,حرف اضافه‌ای را که در context مکانی/زمانی یا با فعل دیگری درست است، به ساخت هدف منتقل می‌کند.,distractor از قاعده‌ای ساخته شود که به‌خودی‌خود معتبر است، اما نقش/مرجع/زمان/register این context با آن سازگار نیست.,انتخاب آن نشانهٔ تحلیل ناکافی context یا نقش دستوری است، نه صرفاً ندانستن شکل ظاهری.,CORE,
8b0727a3-b94e-4d9d-bb86-9a0045b8685a,14,LE TEMPS (1),89db4db8-781c-4c94-a018-5868fbe52c15,L14-S03,"Mois, saisons, années et siècles",ماه/فصل/سال/قرن,CAT08,SUB20,PREPOSITION_RECTION,حرف اضافه/رکسیون/ارجاع مکانی-زمانی,Lesson 14; printed p. 64,Stage1 rule text + Stage2 classification; error frequency not claimed by source,misconception-catalogue-recovered-v1.0.0,CANDIDATE_PREDEPLOY_CONTENT_REVIEW,NOT_YET_OBSERVED__STAGE27_CALIBRATION,724ec539-3e60-5bbe-81a3-bf3433320498,OVERGENERALIZATION,تعمیم بیش‌ازحد قاعده,قاعدهٔ هدف «ماه‌ها معمولاً با en، فصل‌ها با au/en و سال‌ها با en می‌آیند.» را بدون توجه به شرط، نقش یا محدودیت بافتی زیرموضوع «ماه/فصل/سال/قرن» به همهٔ موارد مشابه تعمیم می‌دهد.,ساخت distractor با اجرای قاعدهٔ عمومی در جایی که شرط دقیق subtopic آن را مجاز نمی‌کند.,اگر کاربر این گزینه را انتخاب کند، احتمالاً قاعده را می‌داند اما دامنهٔ کاربرد آن را بیش از حد گسترده گرفته است.,CORE,
8b0727a3-b94e-4d9d-bb86-9a0045b8685a,14,LE TEMPS (1),89db4db8-781c-4c94-a018-5868fbe52c15,L14-S03,"Mois, saisons, années et siècles",ماه/فصل/سال/قرن,CAT08,SUB20,PREPOSITION_RECTION,حرف اضافه/رکسیون/ارجاع مکانی-زمانی,Lesson 14; printed p. 64,Stage1 rule text + Stage2 classification; error frequency not claimed by source,misconception-catalogue-recovered-v1.0.0,CANDIDATE_PREDEPLOY_CONTENT_REVIEW,NOT_YET_OBSERVED__STAGE27_CALIBRATION,83fde206-cdef-5bca-8be8-fab4e1037563,NEAR_FORM_CONFUSION,اشتباه با فرم/قاعده نزدیک,حرف اضافهٔ پرتکرار یا نزدیک را بدون توجه به رکسیون، مکان/زمان یا معنای مکمل جایگزین می‌کند.,یک فرم واقعی و نزدیک از همان خانواده انتخاب شود؛ فرم باید در context دیگری معتبر باشد ولی اینجا به‌طور قطعی غلط باشد.,انتخاب آن نشان می‌دهد تمایز میان قاعده هدف و همسایهٔ نزدیک هنوز پایدار نشده است.,CORE,
8b0727a3-b94e-4d9d-bb86-9a0045b8685a,14,LE TEMPS (1),89db4db8-781c-4c94-a018-5868fbe52c15,L14-S03,"Mois, saisons, années et siècles",ماه/فصل/سال/قرن,CAT08,SUB20,PREPOSITION_RECTION,حرف اضافه/رکسیون/ارجاع مکانی-زمانی,Lesson 14; printed p. 64,Stage1 rule text + Stage2 classification; error frequency not claimed by source,misconception-catalogue-recovered-v1.0.0,CANDIDATE_PREDEPLOY_CONTENT_REVIEW,NOT_YET_OBSERVED__STAGE27_CALIBRATION,1a219eea-8f49-54fd-a0be-f20030ce7135,CONTEXT_ROLE_MISMATCH,انتقال قاعده درست به context نادرست,حرف اضافه‌ای را که در context مکانی/زمانی یا با فعل دیگری درست است، به ساخت هدف منتقل می‌کند.,distractor از قاعده‌ای ساخته شود که به‌خودی‌خود معتبر است، اما نقش/مرجع/زمان/register این context با آن سازگار نیست.,انتخاب آن نشانهٔ تحلیل ناکافی context یا نقش دستوری است، نه صرفاً ندانستن شکل ظاهری.,CORE,
8b0727a3-b94e-4d9d-bb86-9a0045b8685a,14,LE TEMPS (1),3f4cb2bd-51ff-42cd-b847-02fa0d06ff8c,L14-S04,Heure,ساعت,CAT08,SUB20,PREPOSITION_RECTION,حرف اضافه/رکسیون/ارجاع مکانی-زمانی,Lesson 14; printed p. 66,Stage1 rule text + Stage2 classification; error frequency not claimed by source,misconception-catalogue-recovered-v1.0.0,CANDIDATE_PREDEPLOY_CONTENT_REVIEW,NOT_YET_OBSERVED__STAGE27_CALIBRATION,65d5f6d4-a74c-50dd-9a2e-b20cf245675d,OVERGENERALIZATION,تعمیم بیش‌ازحد قاعده,قاعدهٔ هدف «ساعت با il est + heure(s) و quart/demie/moins بیان می‌شود.» را بدون توجه به شرط، نقش یا محدودیت بافتی زیرموضوع «ساعت» به همهٔ موارد مشابه تعمیم می‌دهد.,ساخت distractor با اجرای قاعدهٔ عمومی در جایی که شرط دقیق subtopic آن را مجاز نمی‌کند.,اگر کاربر این گزینه را انتخاب کند، احتمالاً قاعده را می‌داند اما دامنهٔ کاربرد آن را بیش از حد گسترده گرفته است.,CORE,
8b0727a3-b94e-4d9d-bb86-9a0045b8685a,14,LE TEMPS (1),3f4cb2bd-51ff-42cd-b847-02fa0d06ff8c,L14-S04,Heure,ساعت,CAT08,SUB20,PREPOSITION_RECTION,حرف اضافه/رکسیون/ارجاع مکانی-زمانی,Lesson 14; printed p. 66,Stage1 rule text + Stage2 classification; error frequency not claimed by source,misconception-catalogue-recovered-v1.0.0,CANDIDATE_PREDEPLOY_CONTENT_REVIEW,NOT_YET_OBSERVED__STAGE27_CALIBRATION,c8776509-f373-5e07-8fad-88f5d519dfe3,NEAR_FORM_CONFUSION,اشتباه با فرم/قاعده نزدیک,حرف اضافهٔ پرتکرار یا نزدیک را بدون توجه به رکسیون، مکان/زمان یا معنای مکمل جایگزین می‌کند.,یک فرم واقعی و نزدیک از همان خانواده انتخاب شود؛ فرم باید در context دیگری معتبر باشد ولی اینجا به‌طور قطعی غلط باشد.,انتخاب آن نشان می‌دهد تمایز میان قاعده هدف و همسایهٔ نزدیک هنوز پایدار نشده است.,CORE,
8b0727a3-b94e-4d9d-bb86-9a0045b8685a,14,LE TEMPS (1),3f4cb2bd-51ff-42cd-b847-02fa0d06ff8c,L14-S04,Heure,ساعت,CAT08,SUB20,PREPOSITION_RECTION,حرف اضافه/رکسیون/ارجاع مکانی-زمانی,Lesson 14; printed p. 66,Stage1 rule text + Stage2 classification; error frequency not claimed by source,misconception-catalogue-recovered-v1.0.0,CANDIDATE_PREDEPLOY_CONTENT_REVIEW,NOT_YET_OBSERVED__STAGE27_CALIBRATION,e3082347-dc6e-5219-8c8e-023016e7d18f,CONTEXT_ROLE_MISMATCH,انتقال قاعده درست به context نادرست,حرف اضافه‌ای را که در context مکانی/زمانی یا با فعل دیگری درست است، به ساخت هدف منتقل می‌کند.,distractor از قاعده‌ای ساخته شود که به‌خودی‌خود معتبر است، اما نقش/مرجع/زمان/register این context با آن سازگار نیست.,انتخاب آن نشانهٔ تحلیل ناکافی context یا نقش دستوری است، نه صرفاً ندانستن شکل ظاهری.,CORE,
8b0727a3-b94e-4d9d-bb86-9a0045b8685a,14,LE TEMPS (1),7e2940b0-d030-443d-8925-1af8680ef450,L14-S05,Heure officielle et ponctualité,ساعت رسمی و وقت‌شناسی,CAT08,SUB20,PREPOSITION_RECTION,حرف اضافه/رکسیون/ارجاع مکانی-زمانی,Lesson 14; printed p. 66,Stage1 rule text + Stage2 classification; error frequency not claimed by source,misconception-catalogue-recovered-v1.0.0,CANDIDATE_PREDEPLOY_CONTENT_REVIEW,NOT_YET_OBSERVED__STAGE27_CALIBRATION,5311eb31-0854-5b9d-aae4-000d5a1fed60,OVERGENERALIZATION,تعمیم بیش‌ازحد قاعده,قاعدهٔ هدف «الگوی 24ساعته برای زمان رسمی؛ en avance/à l’heure/en retard برای نسبت با وقت مقرر است.» را بدون توجه به شرط، نقش یا محدودیت بافتی زیرموضوع «ساعت رسمی و وقت‌شناسی» به همهٔ موارد مشابه تعمیم می‌دهد.,ساخت distractor با اجرای قاعدهٔ عمومی در جایی که شرط دقیق subtopic آن را مجاز نمی‌کند.,اگر کاربر این گزینه را انتخاب کند، احتمالاً قاعده را می‌داند اما دامنهٔ کاربرد آن را بیش از حد گسترده گرفته است.,CORE,
8b0727a3-b94e-4d9d-bb86-9a0045b8685a,14,LE TEMPS (1),7e2940b0-d030-443d-8925-1af8680ef450,L14-S05,Heure officielle et ponctualité,ساعت رسمی و وقت‌شناسی,CAT08,SUB20,PREPOSITION_RECTION,حرف اضافه/رکسیون/ارجاع مکانی-زمانی,Lesson 14; printed p. 66,Stage1 rule text + Stage2 classification; error frequency not claimed by source,misconception-catalogue-recovered-v1.0.0,CANDIDATE_PREDEPLOY_CONTENT_REVIEW,NOT_YET_OBSERVED__STAGE27_CALIBRATION,e348996d-6f12-5834-99b9-b284e74eb9f1,NEAR_FORM_CONFUSION,اشتباه با فرم/قاعده نزدیک,حرف اضافهٔ پرتکرار یا نزدیک را بدون توجه به رکسیون، مکان/زمان یا معنای مکمل جایگزین می‌کند.,یک فرم واقعی و نزدیک از همان خانواده انتخاب شود؛ فرم باید در context دیگری معتبر باشد ولی اینجا به‌طور قطعی غلط باشد.,انتخاب آن نشان می‌دهد تمایز میان قاعده هدف و همسایهٔ نزدیک هنوز پایدار نشده است.,CORE,
8b0727a3-b94e-4d9d-bb86-9a0045b8685a,14,LE TEMPS (1),7e2940b0-d030-443d-8925-1af8680ef450,L14-S05,Heure officielle et ponctualité,ساعت رسمی و وقت‌شناسی,CAT08,SUB20,PREPOSITION_RECTION,حرف اضافه/رکسیون/ارجاع مکانی-زمانی,Lesson 14; printed p. 66,Stage1 rule text + Stage2 classification; error frequency not claimed by source,misconception-catalogue-recovered-v1.0.0,CANDIDATE_PREDEPLOY_CONTENT_REVIEW,NOT_YET_OBSERVED__STAGE27_CALIBRATION,279f56d5-8e66-5633-9b01-0c0e05f9737d,CONTEXT_ROLE_MISMATCH,انتقال قاعده درست به context نادرست,حرف اضافه‌ای را که در context مکانی/زمانی یا با فعل دیگری درست است، به ساخت هدف منتقل می‌کند.,distractor از قاعده‌ای ساخته شود که به‌خودی‌خود معتبر است، اما نقش/مرجع/زمان/register این context با آن سازگار نیست.,انتخاب آن نشانهٔ تحلیل ناکافی context یا نقش دستوری است، نه صرفاً ندانستن شکل ظاهری.,CORE,
8b0727a3-b94e-4d9d-bb86-9a0045b8685a,14,LE TEMPS (1),7527fbd0-b459-42ab-b4bd-ea015779463c,L14-S06,Météo impersonnelle,هواشناسی بی‌شخص,CAT08,SUB20,PREPOSITION_RECTION,حرف اضافه/رکسیون/ارجاع مکانی-زمانی,Lesson 14; printed p. 66,Stage1 rule text + Stage2 classification; error frequency not claimed by source,misconception-catalogue-recovered-v1.0.0,CANDIDATE_PREDEPLOY_CONTENT_REVIEW,NOT_YET_OBSERVED__STAGE27_CALIBRATION,91797344-82ee-5449-b252-35978ce7a4b3,OVERGENERALIZATION,تعمیم بیش‌ازحد قاعده,قاعدهٔ هدف «برای هوا از il fait + adjectif، il y a + nom یا افعال بی‌شخص pleuvoir/neiger استفاده می‌شود.» را بدون توجه به شرط، نقش یا محدودیت بافتی زیرموضوع «هواشناسی بی‌شخص» به همهٔ موارد مشابه تعمیم می‌دهد.,ساخت distractor با اجرای قاعدهٔ عمومی در جایی که شرط دقیق subtopic آن را مجاز نمی‌کند.,اگر کاربر این گزینه را انتخاب کند، احتمالاً قاعده را می‌داند اما دامنهٔ کاربرد آن را بیش از حد گسترده گرفته است.,CORE,
8b0727a3-b94e-4d9d-bb86-9a0045b8685a,14,LE TEMPS (1),7527fbd0-b459-42ab-b4bd-ea015779463c,L14-S06,Météo impersonnelle,هواشناسی بی‌شخص,CAT08,SUB20,PREPOSITION_RECTION,حرف اضافه/رکسیون/ارجاع مکانی-زمانی,Lesson 14; printed p. 66,Stage1 rule text + Stage2 classification; error frequency not claimed by source,misconception-catalogue-recovered-v1.0.0,CANDIDATE_PREDEPLOY_CONTENT_REVIEW,NOT_YET_OBSERVED__STAGE27_CALIBRATION,2d3393ae-475d-513d-b966-9a37e617e4a1,NEAR_FORM_CONFUSION,اشتباه با فرم/قاعده نزدیک,حرف اضافهٔ پرتکرار یا نزدیک را بدون توجه به رکسیون، مکان/زمان یا معنای مکمل جایگزین می‌کند.,یک فرم واقعی و نزدیک از همان خانواده انتخاب شود؛ فرم باید در context دیگری معتبر باشد ولی اینجا به‌طور قطعی غلط باشد.,انتخاب آن نشان می‌دهد تمایز میان قاعده هدف و همسایهٔ نزدیک هنوز پایدار نشده است.,CORE,
8b0727a3-b94e-4d9d-bb86-9a0045b8685a,14,LE TEMPS (1),7527fbd0-b459-42ab-b4bd-ea015779463c,L14-S06,Météo impersonnelle,هواشناسی بی‌شخص,CAT08,SUB20,PREPOSITION_RECTION,حرف اضافه/رکسیون/ارجاع مکانی-زمانی,Lesson 14; printed p. 66,Stage1 rule text + Stage2 classification; error frequency not claimed by source,misconception-catalogue-recovered-v1.0.0,CANDIDATE_PREDEPLOY_CONTENT_REVIEW,NOT_YET_OBSERVED__STAGE27_CALIBRATION,895e9497-abdd-57ff-bbef-aa9523841c2c,CONTEXT_ROLE_MISMATCH,انتقال قاعده درست به context نادرست,حرف اضافه‌ای را که در context مکانی/زمانی یا با فعل دیگری درست است، به ساخت هدف منتقل می‌کند.,distractor از قاعده‌ای ساخته شود که به‌خودی‌خود معتبر است، اما نقش/مرجع/زمان/register این context با آن سازگار نیست.,انتخاب آن نشانهٔ تحلیل ناکافی context یا نقش دستوری است، نه صرفاً ندانستن شکل ظاهری.,CORE,
b182d62b-44dc-4893-b88c-75ef935c0111,15,LES INDÉFINIS,e4b502e3-1e86-437b-9f13-5489dedacd88,L15-S01,Adjectifs indéfinis,صفات نامعین,CAT05,SUB13,DETERMINER_ARTICLE,تعیین‌کننده و حرف تعریف,Lesson 15; printed p. 68,Stage1 rule text + Stage2 classification; error frequency not claimed by source,misconception-catalogue-recovered-v1.0.0,CANDIDATE_PREDEPLOY_CONTENT_REVIEW,NOT_YET_OBSERVED__STAGE27_CALIBRATION,6faa0830-f9f3-52d5-af36-8f13ad2ff6c8,OVERGENERALIZATION,تعمیم بیش‌ازحد قاعده,"قاعدهٔ هدف «quelques, plusieurs, chaque, tout/toute/tous/toutes, certain(e)s, d’autres, aucun کمیت/توزیع نامعین را بیان می‌کنند.» را بدون توجه به شرط، نقش یا محدودیت بافتی زیرموضوع «صفات نامعین» به همهٔ موارد مشابه تعمیم می‌دهد.",ساخت distractor با اجرای قاعدهٔ عمومی در جایی که شرط دقیق subtopic آن را مجاز نمی‌کند.,اگر کاربر این گزینه را انتخاب کند، احتمالاً قاعده را می‌داند اما دامنهٔ کاربرد آن را بیش از حد گسترده گرفته است.,CORE,
b182d62b-44dc-4893-b88c-75ef935c0111,15,LES INDÉFINIS,e4b502e3-1e86-437b-9f13-5489dedacd88,L15-S01,Adjectifs indéfinis,صفات نامعین,CAT05,SUB13,DETERMINER_ARTICLE,تعیین‌کننده و حرف تعریف,Lesson 15; printed p. 68,Stage1 rule text + Stage2 classification; error frequency not claimed by source,misconception-catalogue-recovered-v1.0.0,CANDIDATE_PREDEPLOY_CONTENT_REVIEW,NOT_YET_OBSERVED__STAGE27_CALIBRATION,79bc4a82-f30c-5505-99da-d3afe01e5e6e,NEAR_FORM_CONFUSION,اشتباه با فرم/قاعده نزدیک,article یا déterminant نزدیک را بدون توجه به معرفه/نکره، جنس/شمار یا ساخت هدف جایگزین می‌کند.,یک فرم واقعی و نزدیک از همان خانواده انتخاب شود؛ فرم باید در context دیگری معتبر باشد ولی اینجا به‌طور قطعی غلط باشد.,انتخاب آن نشان می‌دهد تمایز میان قاعده هدف و همسایهٔ نزدیک هنوز پایدار نشده است.,CORE,
b182d62b-44dc-4893-b88c-75ef935c0111,15,LES INDÉFINIS,e4b502e3-1e86-437b-9f13-5489dedacd88,L15-S01,Adjectifs indéfinis,صفات نامعین,CAT05,SUB13,DETERMINER_ARTICLE,تعیین‌کننده و حرف تعریف,Lesson 15; printed p. 68,Stage1 rule text + Stage2 classification; error frequency not claimed by source,misconception-catalogue-recovered-v1.0.0,CANDIDATE_PREDEPLOY_CONTENT_REVIEW,NOT_YET_OBSERVED__STAGE27_CALIBRATION,729c2711-27bc-5dae-bc90-0c38eb2119df,CONTEXT_ROLE_MISMATCH,انتقال قاعده درست به context نادرست,determiner/article درست در بافت دیگری را بدون توجه به معرفگی، شمار یا ساخت فعلی منتقل می‌کند.,distractor از قاعده‌ای ساخته شود که به‌خودی‌خود معتبر است، اما نقش/مرجع/زمان/register این context با آن سازگار نیست.,انتخاب آن نشانهٔ تحلیل ناکافی context یا نقش دستوری است، نه صرفاً ندانستن شکل ظاهری.,CORE,
b182d62b-44dc-4893-b88c-75ef935c0111,15,LES INDÉFINIS,d1a1e426-69fc-426d-bbec-7fac686417bd,L15-S02,« aucun » sans « pas »,aucun بدون pas,CAT05,SUB13,NEGATION_POLARITY,نفی و قطبیت,Lesson 15; printed p. 68,Stage1 rule text + Stage2 classification; error frequency not claimed by source,misconception-catalogue-recovered-v1.0.0,CANDIDATE_PREDEPLOY_CONTENT_REVIEW,NOT_YET_OBSERVED__STAGE27_CALIBRATION,cade9d59-4ab7-5b9c-a17f-35ab45105002,OVERGENERALIZATION,تعمیم بیش‌ازحد قاعده,قاعدهٔ هدف «aucun/aucune در نفی با ne می‌آید و pas نمی‌گیرد.» را بدون توجه به شرط، نقش یا محدودیت بافتی زیرموضوع «aucun بدون pas» به همهٔ موارد مشابه تعمیم می‌دهد.,ساخت distractor با اجرای قاعدهٔ عمومی در جایی که شرط دقیق subtopic آن را مجاز نمی‌کند.,اگر کاربر این گزینه را انتخاب کند، احتمالاً قاعده را می‌داند اما دامنهٔ کاربرد آن را بیش از حد گسترده گرفته است.,CORE,
b182d62b-44dc-4893-b88c-75ef935c0111,15,LES INDÉFINIS,d1a1e426-69fc-426d-bbec-7fac686417bd,L15-S02,« aucun » sans « pas »,aucun بدون pas,CAT05,SUB13,NEGATION_POLARITY,نفی و قطبیت,Lesson 15; printed p. 68,Stage1 rule text + Stage2 classification; error frequency not claimed by source,misconception-catalogue-recovered-v1.0.0,CANDIDATE_PREDEPLOY_CONTENT_REVIEW,NOT_YET_OBSERVED__STAGE27_CALIBRATION,7df9fdcc-48f4-5a56-93e6-64e7018da63c,NEAR_FORM_CONFUSION,اشتباه با فرم/قاعده نزدیک,ساخت نفی نزدیک را با دامنه، واژه منفی یا article نامتناسب جایگزین می‌کند.,یک فرم واقعی و نزدیک از همان خانواده انتخاب شود؛ فرم باید در context دیگری معتبر باشد ولی اینجا به‌طور قطعی غلط باشد.,انتخاب آن نشان می‌دهد تمایز میان قاعده هدف و همسایهٔ نزدیک هنوز پایدار نشده است.,CORE,
b182d62b-44dc-4893-b88c-75ef935c0111,15,LES INDÉFINIS,d1a1e426-69fc-426d-bbec-7fac686417bd,L15-S02,« aucun » sans « pas »,aucun بدون pas,CAT05,SUB13,NEGATION_POLARITY,نفی و قطبیت,Lesson 15; printed p. 68,Stage1 rule text + Stage2 classification; error frequency not claimed by source,misconception-catalogue-recovered-v1.0.0,CANDIDATE_PREDEPLOY_CONTENT_REVIEW,NOT_YET_OBSERVED__STAGE27_CALIBRATION,498a9d1d-2b12-582a-be1f-d2a58a4a3daa,CONTEXT_ROLE_MISMATCH,انتقال قاعده درست به context نادرست,ساخت نفی معتبر در بافت دیگری را بدون توجه به دامنه نفی/کمیت/قطبیت جمله فعلی به‌کار می‌برد.,distractor از قاعده‌ای ساخته شود که به‌خودی‌خود معتبر است، اما نقش/مرجع/زمان/register این context با آن سازگار نیست.,انتخاب آن نشانهٔ تحلیل ناکافی context یا نقش دستوری است، نه صرفاً ندانستن شکل ظاهری.,CORE,
b182d62b-44dc-4893-b88c-75ef935c0111,15,LES INDÉFINIS,d9e529ef-39ee-4d9c-985d-1458f5649d83,L15-S03,Pronoms indéfinis,ضمیرهای نامعین,CAT05,SUB13,PRONOUN_REFERENCE,ضمیر و ارجاع,Lesson 15; printed p. 70,Stage1 rule text + Stage2 classification; error frequency not claimed by source,misconception-catalogue-recovered-v1.0.0,CANDIDATE_PREDEPLOY_CONTENT_REVIEW,NOT_YET_OBSERVED__STAGE27_CALIBRATION,06e47734-1240-53ab-bf6c-261a2b5c4f20,OVERGENERALIZATION,تعمیم بیش‌ازحد قاعده,"قاعدهٔ هدف «quelques-un(e)s, chacun(e), tous/toutes و tout می‌توانند مستقل از اسم بیایند.» را بدون توجه به شرط، نقش یا محدودیت بافتی زیرموضوع «ضمیرهای نامعین» به همهٔ موارد مشابه تعمیم می‌دهد.",ساخت distractor با اجرای قاعدهٔ عمومی در جایی که شرط دقیق subtopic آن را مجاز نمی‌کند.,اگر کاربر این گزینه را انتخاب کند، احتمالاً قاعده را می‌داند اما دامنهٔ کاربرد آن را بیش از حد گسترده گرفته است.,CORE,
b182d62b-44dc-4893-b88c-75ef935c0111,15,LES INDÉFINIS,d9e529ef-39ee-4d9c-985d-1458f5649d83,L15-S03,Pronoms indéfinis,ضمیرهای نامعین,CAT05,SUB13,PRONOUN_REFERENCE,ضمیر و ارجاع,Lesson 15; printed p. 70,Stage1 rule text + Stage2 classification; error frequency not claimed by source,misconception-catalogue-recovered-v1.0.0,CANDIDATE_PREDEPLOY_CONTENT_REVIEW,NOT_YET_OBSERVED__STAGE27_CALIBRATION,78af3dfe-81c0-540c-a8e2-2ca9ab50ac3a,NEAR_FORM_CONFUSION,اشتباه با فرم/قاعده نزدیک,نوع یا صورت ضمیر نزدیک (نقش، شخص، جنس/شمار یا نوع متمم متفاوت) را به‌جای ضمیر هدف انتخاب می‌کند.,یک فرم واقعی و نزدیک از همان خانواده انتخاب شود؛ فرم باید در context دیگری معتبر باشد ولی اینجا به‌طور قطعی غلط باشد.,انتخاب آن نشان می‌دهد تمایز میان قاعده هدف و همسایهٔ نزدیک هنوز پایدار نشده است.,CORE,
b182d62b-44dc-4893-b88c-75ef935c0111,15,LES INDÉFINIS,d9e529ef-39ee-4d9c-985d-1458f5649d83,L15-S03,Pronoms indéfinis,ضمیرهای نامعین,CAT05,SUB13,PRONOUN_REFERENCE,ضمیر و ارجاع,Lesson 15; printed p. 70,Stage1 rule text + Stage2 classification; error frequency not claimed by source,misconception-catalogue-recovered-v1.0.0,CANDIDATE_PREDEPLOY_CONTENT_REVIEW,NOT_YET_OBSERVED__STAGE27_CALIBRATION,8b46e81e-2eb0-5af6-8eee-87465df9ddfa,CONTEXT_ROLE_MISMATCH,انتقال قاعده درست به context نادرست,ضمیر درست برای مرجع یا متمم دیگری را به این جمله منتقل می‌کند و antecedent/رکسیون فعلی را نادیده می‌گیرد.,distractor از قاعده‌ای ساخته شود که به‌خودی‌خود معتبر است، اما نقش/مرجع/زمان/register این context با آن سازگار نیست.,انتخاب آن نشانهٔ تحلیل ناکافی context یا نقش دستوری است، نه صرفاً ندانستن شکل ظاهری.,CORE,
b182d62b-44dc-4893-b88c-75ef935c0111,15,LES INDÉFINIS,3ed479d1-f9d2-4bdf-a96d-c29c8d6c76ab,L15-S04,Quelqu’un/quelque chose/quelque part,نامعین‌های مثبت,CAT05,SUB13,DETERMINER_ARTICLE,تعیین‌کننده و حرف تعریف,Lesson 15; printed p. 70,Stage1 rule text + Stage2 classification; error frequency not claimed by source,misconception-catalogue-recovered-v1.0.0,CANDIDATE_PREDEPLOY_CONTENT_REVIEW,NOT_YET_OBSERVED__STAGE27_CALIBRATION,54739000-ebe1-52cf-8763-7441fe87d54c,OVERGENERALIZATION,تعمیم بیش‌ازحد قاعده,قاعدهٔ هدف «این شکل‌ها به شخص/چیز/مکان نامشخص اشاره می‌کنند.» را بدون توجه به شرط، نقش یا محدودیت بافتی زیرموضوع «نامعین‌های مثبت» به همهٔ موارد مشابه تعمیم می‌دهد.,ساخت distractor با اجرای قاعدهٔ عمومی در جایی که شرط دقیق subtopic آن را مجاز نمی‌کند.,اگر کاربر این گزینه را انتخاب کند، احتمالاً قاعده را می‌داند اما دامنهٔ کاربرد آن را بیش از حد گسترده گرفته است.,CORE,
b182d62b-44dc-4893-b88c-75ef935c0111,15,LES INDÉFINIS,3ed479d1-f9d2-4bdf-a96d-c29c8d6c76ab,L15-S04,Quelqu’un/quelque chose/quelque part,نامعین‌های مثبت,CAT05,SUB13,DETERMINER_ARTICLE,تعیین‌کننده و حرف تعریف,Lesson 15; printed p. 70,Stage1 rule text + Stage2 classification; error frequency not claimed by source,misconception-catalogue-recovered-v1.0.0,CANDIDATE_PREDEPLOY_CONTENT_REVIEW,NOT_YET_OBSERVED__STAGE27_CALIBRATION,a191bdd3-5063-567c-9ae1-9a06fd98b7e6,NEAR_FORM_CONFUSION,اشتباه با فرم/قاعده نزدیک,article یا déterminant نزدیک را بدون توجه به معرفه/نکره، جنس/شمار یا ساخت هدف جایگزین می‌کند.,یک فرم واقعی و نزدیک از همان خانواده انتخاب شود؛ فرم باید در context دیگری معتبر باشد ولی اینجا به‌طور قطعی غلط باشد.,انتخاب آن نشان می‌دهد تمایز میان قاعده هدف و همسایهٔ نزدیک هنوز پایدار نشده است.,CORE,
b182d62b-44dc-4893-b88c-75ef935c0111,15,LES INDÉFINIS,3ed479d1-f9d2-4bdf-a96d-c29c8d6c76ab,L15-S04,Quelqu’un/quelque chose/quelque part,نامعین‌های مثبت,CAT05,SUB13,DETERMINER_ARTICLE,تعیین‌کننده و حرف تعریف,Lesson 15; printed p. 70,Stage1 rule text + Stage2 classification; error frequency not claimed by source,misconception-catalogue-recovered-v1.0.0,CANDIDATE_PREDEPLOY_CONTENT_REVIEW,NOT_YET_OBSERVED__STAGE27_CALIBRATION,fa7e9701-2c7b-5a00-a2bf-3d840856d05b,CONTEXT_ROLE_MISMATCH,انتقال قاعده درست به context نادرست,determiner/article درست در بافت دیگری را بدون توجه به معرفگی، شمار یا ساخت فعلی منتقل می‌کند.,distractor از قاعده‌ای ساخته شود که به‌خودی‌خود معتبر است، اما نقش/مرجع/زمان/register این context با آن سازگار نیست.,انتخاب آن نشانهٔ تحلیل ناکافی context یا نقش دستوری است، نه صرفاً ندانستن شکل ظاهری.,CORE,
b182d62b-44dc-4893-b88c-75ef935c0111,15,LES INDÉFINIS,500d5ebf-e858-4fd3-bb03-749bdf808783,L15-S05,Personne/rien/nulle part,نامعین‌های منفی,CAT05,SUB13,NEGATION_POLARITY,نفی و قطبیت,Lesson 15; printed p. 70,Stage1 rule text + Stage2 classification; error frequency not claimed by source,misconception-catalogue-recovered-v1.0.0,CANDIDATE_PREDEPLOY_CONTENT_REVIEW,NOT_YET_OBSERVED__STAGE27_CALIBRATION,5f6a9b27-b570-5dff-a9e5-3197069b659e,OVERGENERALIZATION,تعمیم بیش‌ازحد قاعده,قاعدهٔ هدف «personne، rien و nulle part معادل‌های منفی برای شخص/چیز/مکان‌اند.» را بدون توجه به شرط، نقش یا محدودیت بافتی زیرموضوع «نامعین‌های منفی» به همهٔ موارد مشابه تعمیم می‌دهد.,ساخت distractor با اجرای قاعدهٔ عمومی در جایی که شرط دقیق subtopic آن را مجاز نمی‌کند.,اگر کاربر این گزینه را انتخاب کند، احتمالاً قاعده را می‌داند اما دامنهٔ کاربرد آن را بیش از حد گسترده گرفته است.,CORE,
b182d62b-44dc-4893-b88c-75ef935c0111,15,LES INDÉFINIS,500d5ebf-e858-4fd3-bb03-749bdf808783,L15-S05,Personne/rien/nulle part,نامعین‌های منفی,CAT05,SUB13,NEGATION_POLARITY,نفی و قطبیت,Lesson 15; printed p. 70,Stage1 rule text + Stage2 classification; error frequency not claimed by source,misconception-catalogue-recovered-v1.0.0,CANDIDATE_PREDEPLOY_CONTENT_REVIEW,NOT_YET_OBSERVED__STAGE27_CALIBRATION,fdd744c7-0b59-54b4-9485-f016ee543b43,NEAR_FORM_CONFUSION,اشتباه با فرم/قاعده نزدیک,ساخت نفی نزدیک را با دامنه، واژه منفی یا article نامتناسب جایگزین می‌کند.,یک فرم واقعی و نزدیک از همان خانواده انتخاب شود؛ فرم باید در context دیگری معتبر باشد ولی اینجا به‌طور قطعی غلط باشد.,انتخاب آن نشان می‌دهد تمایز میان قاعده هدف و همسایهٔ نزدیک هنوز پایدار نشده است.,CORE,
b182d62b-44dc-4893-b88c-75ef935c0111,15,LES INDÉFINIS,500d5ebf-e858-4fd3-bb03-749bdf808783,L15-S05,Personne/rien/nulle part,نامعین‌های منفی,CAT05,SUB13,NEGATION_POLARITY,نفی و قطبیت,Lesson 15; printed p. 70,Stage1 rule text + Stage2 classification; error frequency not claimed by source,misconception-catalogue-recovered-v1.0.0,CANDIDATE_PREDEPLOY_CONTENT_REVIEW,NOT_YET_OBSERVED__STAGE27_CALIBRATION,ca84906c-6ccb-5a63-b4e9-40a314390edd,CONTEXT_ROLE_MISMATCH,انتقال قاعده درست به context نادرست,ساخت نفی معتبر در بافت دیگری را بدون توجه به دامنه نفی/کمیت/قطبیت جمله فعلی به‌کار می‌برد.,distractor از قاعده‌ای ساخته شود که به‌خودی‌خود معتبر است، اما نقش/مرجع/زمان/register این context با آن سازگار نیست.,انتخاب آن نشانهٔ تحلیل ناکافی context یا نقش دستوری است، نه صرفاً ندانستن شکل ظاهری.,CORE,
619fe3c8-586f-4038-8ea0-e5ad5085412d,16,LES VERBES en « -ER » au PRÉSENT,d6ff73a9-773e-4f48-9665-927f73921c87,L16-S01,Conjugaison régulière des verbes en -er,صرف منظم -er,CAT01,SUB02,CONJUGATION_FORM,صرف و صورت فعل,Lesson 16; printed p. 74,Stage1 rule text + Stage2 classification; error frequency not claimed by source,misconception-catalogue-recovered-v1.0.0,CANDIDATE_PREDEPLOY_CONTENT_REVIEW,NOT_YET_OBSERVED__STAGE27_CALIBRATION,97e5fae4-d741-5267-ac08-c1d66e3ac57f,OVERGENERALIZATION,تعمیم بیش‌ازحد قاعده,"قاعدهٔ هدف «ریشهٔ مصدر + e, es, e, ons, ez, ent الگوی غالب افعال -er است.» را بدون توجه به شرط، نقش یا محدودیت بافتی زیرموضوع «صرف منظم -er» به همهٔ موارد مشابه تعمیم می‌دهد.",ساخت distractor با اجرای قاعدهٔ عمومی در جایی که شرط دقیق subtopic آن را مجاز نمی‌کند.,اگر کاربر این گزینه را انتخاب کند، احتمالاً قاعده را می‌داند اما دامنهٔ کاربرد آن را بیش از حد گسترده گرفته است.,CORE,
619fe3c8-586f-4038-8ea0-e5ad5085412d,16,LES VERBES en « -ER » au PRÉSENT,d6ff73a9-773e-4f48-9665-927f73921c87,L16-S01,Conjugaison régulière des verbes en -er,صرف منظم -er,CAT01,SUB02,CONJUGATION_FORM,صرف و صورت فعل,Lesson 16; printed p. 74,Stage1 rule text + Stage2 classification; error frequency not claimed by source,misconception-catalogue-recovered-v1.0.0,CANDIDATE_PREDEPLOY_CONTENT_REVIEW,NOT_YET_OBSERVED__STAGE27_CALIBRATION,fa59a58e-d917-5f95-9ca0-e10961980c20,NEAR_FORM_CONFUSION,اشتباه با فرم/قاعده نزدیک,صورت صرفی نزدیک همان فعل (شخص، ریشه یا پایانه دیگر) را به‌جای صورت هدف انتخاب می‌کند.,یک فرم واقعی و نزدیک از همان خانواده انتخاب شود؛ فرم باید در context دیگری معتبر باشد ولی اینجا به‌طور قطعی غلط باشد.,انتخاب آن نشان می‌دهد تمایز میان قاعده هدف و همسایهٔ نزدیک هنوز پایدار نشده است.,CORE,
619fe3c8-586f-4038-8ea0-e5ad5085412d,16,LES VERBES en « -ER » au PRÉSENT,d6ff73a9-773e-4f48-9665-927f73921c87,L16-S01,Conjugaison régulière des verbes en -er,صرف منظم -er,CAT01,SUB02,CONJUGATION_FORM,صرف و صورت فعل,Lesson 16; printed p. 74,Stage1 rule text + Stage2 classification; error frequency not claimed by source,misconception-catalogue-recovered-v1.0.0,CANDIDATE_PREDEPLOY_CONTENT_REVIEW,NOT_YET_OBSERVED__STAGE27_CALIBRATION,c241928d-5ecd-579c-8ebd-9c1c8277328b,CONTEXT_ROLE_MISMATCH,انتقال قاعده درست به context نادرست,صورت صرفی‌ای را که برای فاعل/زمان دیگری درست است به context فعلی منتقل می‌کند.,distractor از قاعده‌ای ساخته شود که به‌خودی‌خود معتبر است، اما نقش/مرجع/زمان/register این context با آن سازگار نیست.,انتخاب آن نشانهٔ تحلیل ناکافی context یا نقش دستوری است، نه صرفاً ندانستن شکل ظاهری.,CORE,
619fe3c8-586f-4038-8ea0-e5ad5085412d,16,LES VERBES en « -ER » au PRÉSENT,a386c013-d99b-432f-a72d-df5419d9da2e,L16-S02,Prononciation des terminaisons,تلفظ پایان‌ها,CAT01,SUB02,ORTHOGRAPHY,املا/صورت نوشتاری,Lesson 16; printed p. 74,Stage1 rule text + Stage2 classification; error frequency not claimed by source,misconception-catalogue-recovered-v1.0.0,CANDIDATE_PREDEPLOY_CONTENT_REVIEW,NOT_YET_OBSERVED__STAGE27_CALIBRATION,06335538-b76e-55c0-b1de-1fc2d13288fb,OVERGENERALIZATION,تعمیم بیش‌ازحد قاعده,قاعدهٔ هدف «نظام نوشتاری و شنیداریِ صرف -er یکسان نیست.» را بدون توجه به شرط، نقش یا محدودیت بافتی زیرموضوع «تلفظ پایان‌ها» به همهٔ موارد مشابه تعمیم می‌دهد.,ساخت distractor با اجرای قاعدهٔ عمومی در جایی که شرط دقیق subtopic آن را مجاز نمی‌کند.,اگر کاربر این گزینه را انتخاب کند، احتمالاً قاعده را می‌داند اما دامنهٔ کاربرد آن را بیش از حد گسترده گرفته است.,CORE,
619fe3c8-586f-4038-8ea0-e5ad5085412d,16,LES VERBES en « -ER » au PRÉSENT,a386c013-d99b-432f-a72d-df5419d9da2e,L16-S02,Prononciation des terminaisons,تلفظ پایان‌ها,CAT01,SUB02,ORTHOGRAPHY,املا/صورت نوشتاری,Lesson 16; printed p. 74,Stage1 rule text + Stage2 classification; error frequency not claimed by source,misconception-catalogue-recovered-v1.0.0,CANDIDATE_PREDEPLOY_CONTENT_REVIEW,NOT_YET_OBSERVED__STAGE27_CALIBRATION,cf5bb261-f702-55e7-9aa4-68c9cb81a9be,NEAR_FORM_CONFUSION,اشتباه با فرم/قاعده نزدیک,صورت نوشتاری یا شکل نزدیک را به‌جای فرم استاندارد هدف انتخاب می‌کند.,یک فرم واقعی و نزدیک از همان خانواده انتخاب شود؛ فرم باید در context دیگری معتبر باشد ولی اینجا به‌طور قطعی غلط باشد.,انتخاب آن نشان می‌دهد تمایز میان قاعده هدف و همسایهٔ نزدیک هنوز پایدار نشده است.,CORE,
619fe3c8-586f-4038-8ea0-e5ad5085412d,16,LES VERBES en « -ER » au PRÉSENT,a386c013-d99b-432f-a72d-df5419d9da2e,L16-S02,Prononciation des terminaisons,تلفظ پایان‌ها,CAT01,SUB02,ORTHOGRAPHY,املا/صورت نوشتاری,Lesson 16; printed p. 74,Stage1 rule text + Stage2 classification; error frequency not claimed by source,misconception-catalogue-recovered-v1.0.0,CANDIDATE_PREDEPLOY_CONTENT_REVIEW,NOT_YET_OBSERVED__STAGE27_CALIBRATION,a4a046f4-bca2-587f-927e-88dde0ee8238,CONTEXT_ROLE_MISMATCH,انتقال قاعده درست به context نادرست,صورت نوشتاری معتبر در محیط دیگری را به محیط صرفی/آوایی فعلی منتقل می‌کند.,distractor از قاعده‌ای ساخته شود که به‌خودی‌خود معتبر است، اما نقش/مرجع/زمان/register این context با آن سازگار نیست.,انتخاب آن نشانهٔ تحلیل ناکافی context یا نقش دستوری است، نه صرفاً ندانستن شکل ظاهری.,CORE,
619fe3c8-586f-4038-8ea0-e5ad5085412d,16,LES VERBES en « -ER » au PRÉSENT,400e9556-f5bc-412e-a8b2-b61639a90199,L16-S03,Verbes en -ier,افعال -ier,CAT01,SUB02,CONJUGATION_FORM,صرف و صورت فعل,Lesson 16; printed p. 76,Stage1 rule text + Stage2 classification; error frequency not claimed by source,misconception-catalogue-recovered-v1.0.0,CANDIDATE_PREDEPLOY_CONTENT_REVIEW,NOT_YET_OBSERVED__STAGE27_CALIBRATION,371eb548-b164-5778-85ca-4b50b4328163,OVERGENERALIZATION,تعمیم بیش‌ازحد قاعده,قاعدهٔ هدف «در افعالی مانند étudier، i ریشه حفظ می‌شود.» را بدون توجه به شرط، نقش یا محدودیت بافتی زیرموضوع «افعال -ier» به همهٔ موارد مشابه تعمیم می‌دهد.,ساخت distractor با اجرای قاعدهٔ عمومی در جایی که شرط دقیق subtopic آن را مجاز نمی‌کند.,اگر کاربر این گزینه را انتخاب کند، احتمالاً قاعده را می‌داند اما دامنهٔ کاربرد آن را بیش از حد گسترده گرفته است.,CORE,
619fe3c8-586f-4038-8ea0-e5ad5085412d,16,LES VERBES en « -ER » au PRÉSENT,400e9556-f5bc-412e-a8b2-b61639a90199,L16-S03,Verbes en -ier,افعال -ier,CAT01,SUB02,CONJUGATION_FORM,صرف و صورت فعل,Lesson 16; printed p. 76,Stage1 rule text + Stage2 classification; error frequency not claimed by source,misconception-catalogue-recovered-v1.0.0,CANDIDATE_PREDEPLOY_CONTENT_REVIEW,NOT_YET_OBSERVED__STAGE27_CALIBRATION,3bdd51d6-a3a9-5fb2-a0c2-c0039813cf15,NEAR_FORM_CONFUSION,اشتباه با فرم/قاعده نزدیک,صورت صرفی نزدیک همان فعل (شخص، ریشه یا پایانه دیگر) را به‌جای صورت هدف انتخاب می‌کند.,یک فرم واقعی و نزدیک از همان خانواده انتخاب شود؛ فرم باید در context دیگری معتبر باشد ولی اینجا به‌طور قطعی غلط باشد.,انتخاب آن نشان می‌دهد تمایز میان قاعده هدف و همسایهٔ نزدیک هنوز پایدار نشده است.,CORE,
619fe3c8-586f-4038-8ea0-e5ad5085412d,16,LES VERBES en « -ER » au PRÉSENT,400e9556-f5bc-412e-a8b2-b61639a90199,L16-S03,Verbes en -ier,افعال -ier,CAT01,SUB02,CONJUGATION_FORM,صرف و صورت فعل,Lesson 16; printed p. 76,Stage1 rule text + Stage2 classification; error frequency not claimed by source,misconception-catalogue-recovered-v1.0.0,CANDIDATE_PREDEPLOY_CONTENT_REVIEW,NOT_YET_OBSERVED__STAGE27_CALIBRATION,6fd743a6-3fa7-572f-8506-8104fdfcbf5a,CONTEXT_ROLE_MISMATCH,انتقال قاعده درست به context نادرست,صورت صرفی‌ای را که برای فاعل/زمان دیگری درست است به context فعلی منتقل می‌کند.,distractor از قاعده‌ای ساخته شود که به‌خودی‌خود معتبر است، اما نقش/مرجع/زمان/register این context با آن سازگار نیست.,انتخاب آن نشانهٔ تحلیل ناکافی context یا نقش دستوری است، نه صرفاً ندانستن شکل ظاهری.,CORE,
619fe3c8-586f-4038-8ea0-e5ad5085412d,16,LES VERBES en « -ER » au PRÉSENT,c34a4ef8-40e3-41a7-8b68-4492dee1305e,L16-S04,Modifications orthographiques,تغییرات املایی -er,CAT01,SUB02,ORTHOGRAPHY,املا/صورت نوشتاری,Lesson 16; printed p. 76,Stage1 rule text + Stage2 classification; error frequency not claimed by source,misconception-catalogue-recovered-v1.0.0,CANDIDATE_PREDEPLOY_CONTENT_REVIEW,NOT_YET_OBSERVED__STAGE27_CALIBRATION,397020b0-e508-5c81-8a0b-851087f86621,OVERGENERALIZATION,تعمیم بیش‌ازحد قاعده,قاعدهٔ هدف «برای حفظ تلفظ، برخی ریشه‌ها در صرف تغییر املایی دارند.» را بدون توجه به شرط، نقش یا محدودیت بافتی زیرموضوع «تغییرات املایی -er» به همهٔ موارد مشابه تعمیم می‌دهد.,ساخت distractor با اجرای قاعدهٔ عمومی در جایی که شرط دقیق subtopic آن را مجاز نمی‌کند.,اگر کاربر این گزینه را انتخاب کند، احتمالاً قاعده را می‌داند اما دامنهٔ کاربرد آن را بیش از حد گسترده گرفته است.,CORE,acheter/lever، préférer/espérer، appeler/jeter، employer/essuyer؛ در -ayer دو شکل ممکن.
619fe3c8-586f-4038-8ea0-e5ad5085412d,16,LES VERBES en « -ER » au PRÉSENT,c34a4ef8-40e3-41a7-8b68-4492dee1305e,L16-S04,Modifications orthographiques,تغییرات املایی -er,CAT01,SUB02,ORTHOGRAPHY,املا/صورت نوشتاری,Lesson 16; printed p. 76,Stage1 rule text + Stage2 classification; error frequency not claimed by source,misconception-catalogue-recovered-v1.0.0,CANDIDATE_PREDEPLOY_CONTENT_REVIEW,NOT_YET_OBSERVED__STAGE27_CALIBRATION,5be929ad-cba3-5aa8-a7d4-ff0822e212bf,NEAR_FORM_CONFUSION,اشتباه با فرم/قاعده نزدیک,صورت نوشتاری یا شکل نزدیک را به‌جای فرم استاندارد هدف انتخاب می‌کند.,یک فرم واقعی و نزدیک از همان خانواده انتخاب شود؛ فرم باید در context دیگری معتبر باشد ولی اینجا به‌طور قطعی غلط باشد.,انتخاب آن نشان می‌دهد تمایز میان قاعده هدف و همسایهٔ نزدیک هنوز پایدار نشده است.,CORE,acheter/lever، préférer/espérer، appeler/jeter، employer/essuyer؛ در -ayer دو شکل ممکن.
619fe3c8-586f-4038-8ea0-e5ad5085412d,16,LES VERBES en « -ER » au PRÉSENT,c34a4ef8-40e3-41a7-8b68-4492dee1305e,L16-S04,Modifications orthographiques,تغییرات املایی -er,CAT01,SUB02,ORTHOGRAPHY,املا/صورت نوشتاری,Lesson 16; printed p. 76,Stage1 rule text + Stage2 classification; error frequency not claimed by source,misconception-catalogue-recovered-v1.0.0,CANDIDATE_PREDEPLOY_CONTENT_REVIEW,NOT_YET_OBSERVED__STAGE27_CALIBRATION,e608df8e-28e2-59e1-a5ad-ab38bd4c5d73,CONTEXT_ROLE_MISMATCH,انتقال قاعده درست به context نادرست,صورت نوشتاری معتبر در محیط دیگری را به محیط صرفی/آوایی فعلی منتقل می‌کند.,distractor از قاعده‌ای ساخته شود که به‌خودی‌خود معتبر است، اما نقش/مرجع/زمان/register این context با آن سازگار نیست.,انتخاب آن نشانهٔ تحلیل ناکافی context یا نقش دستوری است، نه صرفاً ندانستن شکل ظاهری.,CORE,acheter/lever، préférer/espérer، appeler/jeter، employer/essuyer؛ در -ayer دو شکل ممکن.
619fe3c8-586f-4038-8ea0-e5ad5085412d,16,LES VERBES en « -ER » au PRÉSENT,c34a4ef8-40e3-41a7-8b68-4492dee1305e,L16-S04,Modifications orthographiques,تغییرات املایی -er,CAT01,SUB02,ORTHOGRAPHY,املا/صورت نوشتاری,Lesson 16; printed p. 76,Stage1 rule text + Stage2 classification; error frequency not claimed by source,misconception-catalogue-recovered-v1.0.0,CANDIDATE_PREDEPLOY_CONTENT_REVIEW,NOT_YET_OBSERVED__STAGE27_CALIBRATION,4f33aae9-7c36-52fa-a0e6-4806fd639880,EXCEPTION_NEGLECT,نادیده‌گرفتن استثنا/محدودیت صریح,قاعدهٔ عمومی زیرموضوع «تغییرات املایی -er» را اعمال می‌کند اما نکته/استثنای صریح ثبت‌شده را نادیده می‌گیرد: acheter/lever، préférer/espérer، appeler/jeter، employer/essuyer؛ در -ayer دو شکل ممکن.,گزینه از خروجی قاعدهٔ عمومی ساخته شود؛ تنها تفاوت باید همان استثنا/محدودیت ثبت‌شده باشد.,انتخاب آن به‌طور مستقیم نشان می‌دهد قاعده عمومی بازیابی شده ولی استثنای کتاب تثبیت نشده است.,HIGH_EXCEPTION,acheter/lever، préférer/espérer، appeler/jeter، employer/essuyer؛ در -ayer دو شکل ممکن.
e3b8941a-3506-4903-b9f5-ede88a288def,17,LE TEMPS (2),d556be68-4c55-4e89-92c1-f3966aa5a6ed,L17-S01,« depuis » et durée en cours,depuis و مدت ادامه‌دار,CAT08,SUB20,PREPOSITION_RECTION,حرف اضافه/رکسیون/ارجاع مکانی-زمانی,Lesson 17; printed p. 80,Stage1 rule text + Stage2 classification; error frequency not claimed by source,misconception-catalogue-recovered-v1.0.0,CANDIDATE_PREDEPLOY_CONTENT_REVIEW,NOT_YET_OBSERVED__STAGE27_CALIBRATION,970ddb85-45d8-5a96-b4df-60ff7a4baf68,OVERGENERALIZATION,تعمیم بیش‌ازحد قاعده,قاعدهٔ هدف «depuis مبدأ یا مدتی را بیان می‌کند که از گذشته شروع شده و تا حال ادامه دارد.» را بدون توجه به شرط، نقش یا محدودیت بافتی زیرموضوع «depuis و مدت ادامه‌دار» به همهٔ موارد مشابه تعمیم می‌دهد.,ساخت distractor با اجرای قاعدهٔ عمومی در جایی که شرط دقیق subtopic آن را مجاز نمی‌کند.,اگر کاربر این گزینه را انتخاب کند، احتمالاً قاعده را می‌داند اما دامنهٔ کاربرد آن را بیش از حد گسترده گرفته است.,CORE,
e3b8941a-3506-4903-b9f5-ede88a288def,17,LE TEMPS (2),d556be68-4c55-4e89-92c1-f3966aa5a6ed,L17-S01,« depuis » et durée en cours,depuis و مدت ادامه‌دار,CAT08,SUB20,PREPOSITION_RECTION,حرف اضافه/رکسیون/ارجاع مکانی-زمانی,Lesson 17; printed p. 80,Stage1 rule text + Stage2 classification; error frequency not claimed by source,misconception-catalogue-recovered-v1.0.0,CANDIDATE_PREDEPLOY_CONTENT_REVIEW,NOT_YET_OBSERVED__STAGE27_CALIBRATION,6bab19fe-c0ba-5a44-a987-26097e737a3a,NEAR_FORM_CONFUSION,اشتباه با فرم/قاعده نزدیک,حرف اضافهٔ پرتکرار یا نزدیک را بدون توجه به رکسیون، مکان/زمان یا معنای مکمل جایگزین می‌کند.,یک فرم واقعی و نزدیک از همان خانواده انتخاب شود؛ فرم باید در context دیگری معتبر باشد ولی اینجا به‌طور قطعی غلط باشد.,انتخاب آن نشان می‌دهد تمایز میان قاعده هدف و همسایهٔ نزدیک هنوز پایدار نشده است.,CORE,
e3b8941a-3506-4903-b9f5-ede88a288def,17,LE TEMPS (2),d556be68-4c55-4e89-92c1-f3966aa5a6ed,L17-S01,« depuis » et durée en cours,depuis و مدت ادامه‌دار,CAT08,SUB20,PREPOSITION_RECTION,حرف اضافه/رکسیون/ارجاع مکانی-زمانی,Lesson 17; printed p. 80,Stage1 rule text + Stage2 classification; error frequency not claimed by source,misconception-catalogue-recovered-v1.0.0,CANDIDATE_PREDEPLOY_CONTENT_REVIEW,NOT_YET_OBSERVED__STAGE27_CALIBRATION,67a0f891-4b4b-5852-960a-f45705702c20,CONTEXT_ROLE_MISMATCH,انتقال قاعده درست به context نادرست,حرف اضافه‌ای را که در context مکانی/زمانی یا با فعل دیگری درست است، به ساخت هدف منتقل می‌کند.,distractor از قاعده‌ای ساخته شود که به‌خودی‌خود معتبر است، اما نقش/مرجع/زمان/register این context با آن سازگار نیست.,انتخاب آن نشانهٔ تحلیل ناکافی context یا نقش دستوری است، نه صرفاً ندانستن شکل ظاهری.,CORE,
e3b8941a-3506-4903-b9f5-ede88a288def,17,LE TEMPS (2),fffc6ff1-b978-49fb-93e1-39175463ecb5,L17-S02,« pour » et durée prévue,pour و مدت پیش‌بینی‌شده,CAT08,SUB20,PREPOSITION_RECTION,حرف اضافه/رکسیون/ارجاع مکانی-زمانی,Lesson 17; printed p. 80,Stage1 rule text + Stage2 classification; error frequency not claimed by source,misconception-catalogue-recovered-v1.0.0,CANDIDATE_PREDEPLOY_CONTENT_REVIEW,NOT_YET_OBSERVED__STAGE27_CALIBRATION,58700dd0-e6e6-5fdf-8817-5ec99dae2aa8,OVERGENERALIZATION,تعمیم بیش‌ازحد قاعده,قاعدهٔ هدف «pour مدت برنامه‌ریزی‌شده یا قصدشده را بیان می‌کند.» را بدون توجه به شرط، نقش یا محدودیت بافتی زیرموضوع «pour و مدت پیش‌بینی‌شده» به همهٔ موارد مشابه تعمیم می‌دهد.,ساخت distractor با اجرای قاعدهٔ عمومی در جایی که شرط دقیق subtopic آن را مجاز نمی‌کند.,اگر کاربر این گزینه را انتخاب کند، احتمالاً قاعده را می‌داند اما دامنهٔ کاربرد آن را بیش از حد گسترده گرفته است.,CORE,
e3b8941a-3506-4903-b9f5-ede88a288def,17,LE TEMPS (2),fffc6ff1-b978-49fb-93e1-39175463ecb5,L17-S02,« pour » et durée prévue,pour و مدت پیش‌بینی‌شده,CAT08,SUB20,PREPOSITION_RECTION,حرف اضافه/رکسیون/ارجاع مکانی-زمانی,Lesson 17; printed p. 80,Stage1 rule text + Stage2 classification; error frequency not claimed by source,misconception-catalogue-recovered-v1.0.0,CANDIDATE_PREDEPLOY_CONTENT_REVIEW,NOT_YET_OBSERVED__STAGE27_CALIBRATION,0c79b137-da04-5819-9502-4d682436571d,NEAR_FORM_CONFUSION,اشتباه با فرم/قاعده نزدیک,حرف اضافهٔ پرتکرار یا نزدیک را بدون توجه به رکسیون، مکان/زمان یا معنای مکمل جایگزین می‌کند.,یک فرم واقعی و نزدیک از همان خانواده انتخاب شود؛ فرم باید در context دیگری معتبر باشد ولی اینجا به‌طور قطعی غلط باشد.,انتخاب آن نشان می‌دهد تمایز میان قاعده هدف و همسایهٔ نزدیک هنوز پایدار نشده است.,CORE,
e3b8941a-3506-4903-b9f5-ede88a288def,17,LE TEMPS (2),fffc6ff1-b978-49fb-93e1-39175463ecb5,L17-S02,« pour » et durée prévue,pour و مدت پیش‌بینی‌شده,CAT08,SUB20,PREPOSITION_RECTION,حرف اضافه/رکسیون/ارجاع مکانی-زمانی,Lesson 17; printed p. 80,Stage1 rule text + Stage2 classification; error frequency not claimed by source,misconception-catalogue-recovered-v1.0.0,CANDIDATE_PREDEPLOY_CONTENT_REVIEW,NOT_YET_OBSERVED__STAGE27_CALIBRATION,37498e1e-84e5-5991-9656-03c734c0bbe2,CONTEXT_ROLE_MISMATCH,انتقال قاعده درست به context نادرست,حرف اضافه‌ای را که در context مکانی/زمانی یا با فعل دیگری درست است، به ساخت هدف منتقل می‌کند.,distractor از قاعده‌ای ساخته شود که به‌خودی‌خود معتبر است، اما نقش/مرجع/زمان/register این context با آن سازگار نیست.,انتخاب آن نشانهٔ تحلیل ناکافی context یا نقش دستوری است، نه صرفاً ندانستن شکل ظاهری.,CORE,
e3b8941a-3506-4903-b9f5-ede88a288def,17,LE TEMPS (2),3638e28d-815f-4bce-b3c2-27e5826d8159,L17-S03,« pendant » et durée finie,pendant و مدت محدود,CAT08,SUB20,PREPOSITION_RECTION,حرف اضافه/رکسیون/ارجاع مکانی-زمانی,Lesson 17; printed p. 80,Stage1 rule text + Stage2 classification; error frequency not claimed by source,misconception-catalogue-recovered-v1.0.0,CANDIDATE_PREDEPLOY_CONTENT_REVIEW,NOT_YET_OBSERVED__STAGE27_CALIBRATION,37809513-4727-52db-957f-b50e85a59406,OVERGENERALIZATION,تعمیم بیش‌ازحد قاعده,قاعدهٔ هدف «pendant مدت دارای شروع و پایان را بیان می‌کند.» را بدون توجه به شرط، نقش یا محدودیت بافتی زیرموضوع «pendant و مدت محدود» به همهٔ موارد مشابه تعمیم می‌دهد.,ساخت distractor با اجرای قاعدهٔ عمومی در جایی که شرط دقیق subtopic آن را مجاز نمی‌کند.,اگر کاربر این گزینه را انتخاب کند، احتمالاً قاعده را می‌داند اما دامنهٔ کاربرد آن را بیش از حد گسترده گرفته است.,CORE,
e3b8941a-3506-4903-b9f5-ede88a288def,17,LE TEMPS (2),3638e28d-815f-4bce-b3c2-27e5826d8159,L17-S03,« pendant » et durée finie,pendant و مدت محدود,CAT08,SUB20,PREPOSITION_RECTION,حرف اضافه/رکسیون/ارجاع مکانی-زمانی,Lesson 17; printed p. 80,Stage1 rule text + Stage2 classification; error frequency not claimed by source,misconception-catalogue-recovered-v1.0.0,CANDIDATE_PREDEPLOY_CONTENT_REVIEW,NOT_YET_OBSERVED__STAGE27_CALIBRATION,012fd54c-345c-57bc-a232-3f5b85ae0bb6,NEAR_FORM_CONFUSION,اشتباه با فرم/قاعده نزدیک,حرف اضافهٔ پرتکرار یا نزدیک را بدون توجه به رکسیون، مکان/زمان یا معنای مکمل جایگزین می‌کند.,یک فرم واقعی و نزدیک از همان خانواده انتخاب شود؛ فرم باید در context دیگری معتبر باشد ولی اینجا به‌طور قطعی غلط باشد.,انتخاب آن نشان می‌دهد تمایز میان قاعده هدف و همسایهٔ نزدیک هنوز پایدار نشده است.,CORE,
e3b8941a-3506-4903-b9f5-ede88a288def,17,LE TEMPS (2),3638e28d-815f-4bce-b3c2-27e5826d8159,L17-S03,« pendant » et durée finie,pendant و مدت محدود,CAT08,SUB20,PREPOSITION_RECTION,حرف اضافه/رکسیون/ارجاع مکانی-زمانی,Lesson 17; printed p. 80,Stage1 rule text + Stage2 classification; error frequency not claimed by source,misconception-catalogue-recovered-v1.0.0,CANDIDATE_PREDEPLOY_CONTENT_REVIEW,NOT_YET_OBSERVED__STAGE27_CALIBRATION,b81a5ee2-be07-56fd-ae8c-a6d1b708cb29,CONTEXT_ROLE_MISMATCH,انتقال قاعده درست به context نادرست,حرف اضافه‌ای را که در context مکانی/زمانی یا با فعل دیگری درست است، به ساخت هدف منتقل می‌کند.,distractor از قاعده‌ای ساخته شود که به‌خودی‌خود معتبر است، اما نقش/مرجع/زمان/register این context با آن سازگار نیست.,انتخاب آن نشانهٔ تحلیل ناکافی context یا نقش دستوری است، نه صرفاً ندانستن شکل ظاهری.,CORE,
e3b8941a-3506-4903-b9f5-ede88a288def,17,LE TEMPS (2),a09a724f-5cb0-45ae-b88c-8cb07f335f4a,L17-S04,« en » et temps nécessaire,en و زمان لازم,CAT08,SUB20,PREPOSITION_RECTION,حرف اضافه/رکسیون/ارجاع مکانی-زمانی,Lesson 17; printed p. 80,Stage1 rule text + Stage2 classification; error frequency not claimed by source,misconception-catalogue-recovered-v1.0.0,CANDIDATE_PREDEPLOY_CONTENT_REVIEW,NOT_YET_OBSERVED__STAGE27_CALIBRATION,86a81ad2-dcfa-5189-8dc4-30131a299b97,OVERGENERALIZATION,تعمیم بیش‌ازحد قاعده,قاعدهٔ هدف «en مقدار زمان لازم برای انجام کامل کاری را بیان می‌کند.» را بدون توجه به شرط، نقش یا محدودیت بافتی زیرموضوع «en و زمان لازم» به همهٔ موارد مشابه تعمیم می‌دهد.,ساخت distractor با اجرای قاعدهٔ عمومی در جایی که شرط دقیق subtopic آن را مجاز نمی‌کند.,اگر کاربر این گزینه را انتخاب کند، احتمالاً قاعده را می‌داند اما دامنهٔ کاربرد آن را بیش از حد گسترده گرفته است.,CORE,
e3b8941a-3506-4903-b9f5-ede88a288def,17,LE TEMPS (2),a09a724f-5cb0-45ae-b88c-8cb07f335f4a,L17-S04,« en » et temps nécessaire,en و زمان لازم,CAT08,SUB20,PREPOSITION_RECTION,حرف اضافه/رکسیون/ارجاع مکانی-زمانی,Lesson 17; printed p. 80,Stage1 rule text + Stage2 classification; error frequency not claimed by source,misconception-catalogue-recovered-v1.0.0,CANDIDATE_PREDEPLOY_CONTENT_REVIEW,NOT_YET_OBSERVED__STAGE27_CALIBRATION,4e2fafce-e967-592a-9646-f1be2820804f,NEAR_FORM_CONFUSION,اشتباه با فرم/قاعده نزدیک,حرف اضافهٔ پرتکرار یا نزدیک را بدون توجه به رکسیون، مکان/زمان یا معنای مکمل جایگزین می‌کند.,یک فرم واقعی و نزدیک از همان خانواده انتخاب شود؛ فرم باید در context دیگری معتبر باشد ولی اینجا به‌طور قطعی غلط باشد.,انتخاب آن نشان می‌دهد تمایز میان قاعده هدف و همسایهٔ نزدیک هنوز پایدار نشده است.,CORE,
e3b8941a-3506-4903-b9f5-ede88a288def,17,LE TEMPS (2),a09a724f-5cb0-45ae-b88c-8cb07f335f4a,L17-S04,« en » et temps nécessaire,en و زمان لازم,CAT08,SUB20,PREPOSITION_RECTION,حرف اضافه/رکسیون/ارجاع مکانی-زمانی,Lesson 17; printed p. 80,Stage1 rule text + Stage2 classification; error frequency not claimed by source,misconception-catalogue-recovered-v1.0.0,CANDIDATE_PREDEPLOY_CONTENT_REVIEW,NOT_YET_OBSERVED__STAGE27_CALIBRATION,7ec38bed-0ee2-5c33-bf6f-0da7bdb30c76,CONTEXT_ROLE_MISMATCH,انتقال قاعده درست به context نادرست,حرف اضافه‌ای را که در context مکانی/زمانی یا با فعل دیگری درست است، به ساخت هدف منتقل می‌کند.,distractor از قاعده‌ای ساخته شود که به‌خودی‌خود معتبر است، اما نقش/مرجع/زمان/register این context با آن سازگار نیست.,انتخاب آن نشانهٔ تحلیل ناکافی context یا نقش دستوری است، نه صرفاً ندانستن شکل ظاهری.,CORE,
ec290ee6-f705-4b74-98db-7e4079c54d60,18,L’ADVERBE,9f65916f-0c81-4b75-a82a-eca35eebb24b,L18-S01,Adjectif vs adverbe,صفت در برابر قید,CAT06,SUB15,MODIFICATION_COMPARISON,صفت، قید و مقایسه,Lesson 18; printed p. 82,Stage1 rule text + Stage2 classification; error frequency not claimed by source,misconception-catalogue-recovered-v1.0.0,CANDIDATE_PREDEPLOY_CONTENT_REVIEW,NOT_YET_OBSERVED__STAGE27_CALIBRATION,a6dde892-62fb-56d2-a9b3-78e5e4fb8119,OVERGENERALIZATION,تعمیم بیش‌ازحد قاعده,قاعدهٔ هدف «صفت اسم را و قید فعل/صفت/قید دیگر را توصیف می‌کند.» را بدون توجه به شرط، نقش یا محدودیت بافتی زیرموضوع «صفت در برابر قید» به همهٔ موارد مشابه تعمیم می‌دهد.,ساخت distractor با اجرای قاعدهٔ عمومی در جایی که شرط دقیق subtopic آن را مجاز نمی‌کند.,اگر کاربر این گزینه را انتخاب کند، احتمالاً قاعده را می‌داند اما دامنهٔ کاربرد آن را بیش از حد گسترده گرفته است.,CORE,
ec290ee6-f705-4b74-98db-7e4079c54d60,18,L’ADVERBE,9f65916f-0c81-4b75-a82a-eca35eebb24b,L18-S01,Adjectif vs adverbe,صفت در برابر قید,CAT06,SUB15,MODIFICATION_COMPARISON,صفت، قید و مقایسه,Lesson 18; printed p. 82,Stage1 rule text + Stage2 classification; error frequency not claimed by source,misconception-catalogue-recovered-v1.0.0,CANDIDATE_PREDEPLOY_CONTENT_REVIEW,NOT_YET_OBSERVED__STAGE27_CALIBRATION,884867bb-2462-59b9-9b1b-2328c145743f,NEAR_FORM_CONFUSION,اشتباه با فرم/قاعده نزدیک,صفت/قید یا ساخت مقایسهٔ نزدیک را بدون توجه به نقش، درجه یا معنای هدف انتخاب می‌کند.,یک فرم واقعی و نزدیک از همان خانواده انتخاب شود؛ فرم باید در context دیگری معتبر باشد ولی اینجا به‌طور قطعی غلط باشد.,انتخاب آن نشان می‌دهد تمایز میان قاعده هدف و همسایهٔ نزدیک هنوز پایدار نشده است.,CORE,
ec290ee6-f705-4b74-98db-7e4079c54d60,18,L’ADVERBE,9f65916f-0c81-4b75-a82a-eca35eebb24b,L18-S01,Adjectif vs adverbe,صفت در برابر قید,CAT06,SUB15,MODIFICATION_COMPARISON,صفت، قید و مقایسه,Lesson 18; printed p. 82,Stage1 rule text + Stage2 classification; error frequency not claimed by source,misconception-catalogue-recovered-v1.0.0,CANDIDATE_PREDEPLOY_CONTENT_REVIEW,NOT_YET_OBSERVED__STAGE27_CALIBRATION,d255768b-e73f-5469-8127-15c57b1e3453,CONTEXT_ROLE_MISMATCH,انتقال قاعده درست به context نادرست,قاعده صفت/قید/مقایسه درست را در نقشی با درجه یا مرجع متفاوت به context فعلی منتقل می‌کند.,distractor از قاعده‌ای ساخته شود که به‌خودی‌خود معتبر است، اما نقش/مرجع/زمان/register این context با آن سازگار نیست.,انتخاب آن نشانهٔ تحلیل ناکافی context یا نقش دستوری است، نه صرفاً ندانستن شکل ظاهری.,CORE,
ec290ee6-f705-4b74-98db-7e4079c54d60,18,L’ADVERBE,ecea5ee1-14a0-48db-aa25-28d9d108d203,L18-S02,« bon » vs « bien »,bon در برابر bien,CAT06,SUB15,MODIFICATION_COMPARISON,صفت، قید و مقایسه,Lesson 18; printed p. 82,Stage1 rule text + Stage2 classification; error frequency not claimed by source,misconception-catalogue-recovered-v1.0.0,CANDIDATE_PREDEPLOY_CONTENT_REVIEW,NOT_YET_OBSERVED__STAGE27_CALIBRATION,ab8c6221-4bb9-5fa5-a769-ab4f1f6f1885,OVERGENERALIZATION,تعمیم بیش‌ازحد قاعده,قاعدهٔ هدف «bon معمولاً صفت و bien معمولاً قید است، با چند کاربرد ثابت.» را بدون توجه به شرط، نقش یا محدودیت بافتی زیرموضوع «bon در برابر bien» به همهٔ موارد مشابه تعمیم می‌دهد.,ساخت distractor با اجرای قاعدهٔ عمومی در جایی که شرط دقیق subtopic آن را مجاز نمی‌کند.,اگر کاربر این گزینه را انتخاب کند، احتمالاً قاعده را می‌داند اما دامنهٔ کاربرد آن را بیش از حد گسترده گرفته است.,CORE,
ec290ee6-f705-4b74-98db-7e4079c54d60,18,L’ADVERBE,ecea5ee1-14a0-48db-aa25-28d9d108d203,L18-S02,« bon » vs « bien »,bon در برابر bien,CAT06,SUB15,MODIFICATION_COMPARISON,صفت، قید و مقایسه,Lesson 18; printed p. 82,Stage1 rule text + Stage2 classification; error frequency not claimed by source,misconception-catalogue-recovered-v1.0.0,CANDIDATE_PREDEPLOY_CONTENT_REVIEW,NOT_YET_OBSERVED__STAGE27_CALIBRATION,06c17533-db22-5adb-8644-9f48e8c1de0f,NEAR_FORM_CONFUSION,اشتباه با فرم/قاعده نزدیک,صفت/قید یا ساخت مقایسهٔ نزدیک را بدون توجه به نقش، درجه یا معنای هدف انتخاب می‌کند.,یک فرم واقعی و نزدیک از همان خانواده انتخاب شود؛ فرم باید در context دیگری معتبر باشد ولی اینجا به‌طور قطعی غلط باشد.,انتخاب آن نشان می‌دهد تمایز میان قاعده هدف و همسایهٔ نزدیک هنوز پایدار نشده است.,CORE,
ec290ee6-f705-4b74-98db-7e4079c54d60,18,L’ADVERBE,ecea5ee1-14a0-48db-aa25-28d9d108d203,L18-S02,« bon » vs « bien »,bon در برابر bien,CAT06,SUB15,MODIFICATION_COMPARISON,صفت، قید و مقایسه,Lesson 18; printed p. 82,Stage1 rule text + Stage2 classification; error frequency not claimed by source,misconception-catalogue-recovered-v1.0.0,CANDIDATE_PREDEPLOY_CONTENT_REVIEW,NOT_YET_OBSERVED__STAGE27_CALIBRATION,2d2047e5-5588-5070-9706-86f05609a9c5,CONTEXT_ROLE_MISMATCH,انتقال قاعده درست به context نادرست,قاعده صفت/قید/مقایسه درست را در نقشی با درجه یا مرجع متفاوت به context فعلی منتقل می‌کند.,distractor از قاعده‌ای ساخته شود که به‌خودی‌خود معتبر است، اما نقش/مرجع/زمان/register این context با آن سازگار نیست.,انتخاب آن نشانهٔ تحلیل ناکافی context یا نقش دستوری است، نه صرفاً ندانستن شکل ظاهری.,CORE,
ec290ee6-f705-4b74-98db-7e4079c54d60,18,L’ADVERBE,64f455fa-d39a-48c5-8216-c72eaeecec3a,L18-S03,« très » vs « beaucoup »,très در برابر beaucoup,CAT06,SUB15,MODIFICATION_COMPARISON,صفت، قید و مقایسه,Lesson 18; printed p. 82,Stage1 rule text + Stage2 classification; error frequency not claimed by source,misconception-catalogue-recovered-v1.0.0,CANDIDATE_PREDEPLOY_CONTENT_REVIEW,NOT_YET_OBSERVED__STAGE27_CALIBRATION,51969b9f-9159-5178-bba0-27da95766d72,OVERGENERALIZATION,تعمیم بیش‌ازحد قاعده,قاعدهٔ هدف «très صفت/قید را تقویت می‌کند؛ beaucoup معمولاً مقدارِ فعل را.» را بدون توجه به شرط، نقش یا محدودیت بافتی زیرموضوع «très در برابر beaucoup» به همهٔ موارد مشابه تعمیم می‌دهد.,ساخت distractor با اجرای قاعدهٔ عمومی در جایی که شرط دقیق subtopic آن را مجاز نمی‌کند.,اگر کاربر این گزینه را انتخاب کند، احتمالاً قاعده را می‌داند اما دامنهٔ کاربرد آن را بیش از حد گسترده گرفته است.,CORE,
ec290ee6-f705-4b74-98db-7e4079c54d60,18,L’ADVERBE,64f455fa-d39a-48c5-8216-c72eaeecec3a,L18-S03,« très » vs « beaucoup »,très در برابر beaucoup,CAT06,SUB15,MODIFICATION_COMPARISON,صفت، قید و مقایسه,Lesson 18; printed p. 82,Stage1 rule text + Stage2 classification; error frequency not claimed by source,misconception-catalogue-recovered-v1.0.0,CANDIDATE_PREDEPLOY_CONTENT_REVIEW,NOT_YET_OBSERVED__STAGE27_CALIBRATION,54443c6a-b6e3-5418-957a-d695818ff621,NEAR_FORM_CONFUSION,اشتباه با فرم/قاعده نزدیک,صفت/قید یا ساخت مقایسهٔ نزدیک را بدون توجه به نقش، درجه یا معنای هدف انتخاب می‌کند.,یک فرم واقعی و نزدیک از همان خانواده انتخاب شود؛ فرم باید در context دیگری معتبر باشد ولی اینجا به‌طور قطعی غلط باشد.,انتخاب آن نشان می‌دهد تمایز میان قاعده هدف و همسایهٔ نزدیک هنوز پایدار نشده است.,CORE,
ec290ee6-f705-4b74-98db-7e4079c54d60,18,L’ADVERBE,64f455fa-d39a-48c5-8216-c72eaeecec3a,L18-S03,« très » vs « beaucoup »,très در برابر beaucoup,CAT06,SUB15,MODIFICATION_COMPARISON,صفت، قید و مقایسه,Lesson 18; printed p. 82,Stage1 rule text + Stage2 classification; error frequency not claimed by source,misconception-catalogue-recovered-v1.0.0,CANDIDATE_PREDEPLOY_CONTENT_REVIEW,NOT_YET_OBSERVED__STAGE27_CALIBRATION,c1b4fa2b-27b3-5085-9255-d940063b9cc2,CONTEXT_ROLE_MISMATCH,انتقال قاعده درست به context نادرست,قاعده صفت/قید/مقایسه درست را در نقشی با درجه یا مرجع متفاوت به context فعلی منتقل می‌کند.,distractor از قاعده‌ای ساخته شود که به‌خودی‌خود معتبر است، اما نقش/مرجع/زمان/register این context با آن سازگار نیست.,انتخاب آن نشانهٔ تحلیل ناکافی context یا نقش دستوری است، نه صرفاً ندانستن شکل ظاهری.,CORE,
ec290ee6-f705-4b74-98db-7e4079c54d60,18,L’ADVERBE,1d7fbf82-c298-48b7-9a8b-c1d5ed9c59b9,L18-S04,« aimer bien/beaucoup »,درجه‌های aimer,CAT06,SUB15,MODIFICATION_COMPARISON,صفت، قید و مقایسه,Lesson 18; printed p. 82,Stage1 rule text + Stage2 classification; error frequency not claimed by source,misconception-catalogue-recovered-v1.0.0,CANDIDATE_PREDEPLOY_CONTENT_REVIEW,NOT_YET_OBSERVED__STAGE27_CALIBRATION,faa63ea2-c483-51c9-9d19-201d5784fe5d,OVERGENERALIZATION,تعمیم بیش‌ازحد قاعده,قاعدهٔ هدف «aimer bien، aimer beaucoup و aimer شدت/نوع علاقه متفاوتی القا می‌کنند.» را بدون توجه به شرط، نقش یا محدودیت بافتی زیرموضوع «درجه‌های aimer» به همهٔ موارد مشابه تعمیم می‌دهد.,ساخت distractor با اجرای قاعدهٔ عمومی در جایی که شرط دقیق subtopic آن را مجاز نمی‌کند.,اگر کاربر این گزینه را انتخاب کند، احتمالاً قاعده را می‌داند اما دامنهٔ کاربرد آن را بیش از حد گسترده گرفته است.,CORE,
ec290ee6-f705-4b74-98db-7e4079c54d60,18,L’ADVERBE,1d7fbf82-c298-48b7-9a8b-c1d5ed9c59b9,L18-S04,« aimer bien/beaucoup »,درجه‌های aimer,CAT06,SUB15,MODIFICATION_COMPARISON,صفت، قید و مقایسه,Lesson 18; printed p. 82,Stage1 rule text + Stage2 classification; error frequency not claimed by source,misconception-catalogue-recovered-v1.0.0,CANDIDATE_PREDEPLOY_CONTENT_REVIEW,NOT_YET_OBSERVED__STAGE27_CALIBRATION,de3883f2-2289-5815-9ab9-77af41931997,NEAR_FORM_CONFUSION,اشتباه با فرم/قاعده نزدیک,صفت/قید یا ساخت مقایسهٔ نزدیک را بدون توجه به نقش، درجه یا معنای هدف انتخاب می‌کند.,یک فرم واقعی و نزدیک از همان خانواده انتخاب شود؛ فرم باید در context دیگری معتبر باشد ولی اینجا به‌طور قطعی غلط باشد.,انتخاب آن نشان می‌دهد تمایز میان قاعده هدف و همسایهٔ نزدیک هنوز پایدار نشده است.,CORE,
ec290ee6-f705-4b74-98db-7e4079c54d60,18,L’ADVERBE,1d7fbf82-c298-48b7-9a8b-c1d5ed9c59b9,L18-S04,« aimer bien/beaucoup »,درجه‌های aimer,CAT06,SUB15,MODIFICATION_COMPARISON,صفت، قید و مقایسه,Lesson 18; printed p. 82,Stage1 rule text + Stage2 classification; error frequency not claimed by source,misconception-catalogue-recovered-v1.0.0,CANDIDATE_PREDEPLOY_CONTENT_REVIEW,NOT_YET_OBSERVED__STAGE27_CALIBRATION,0bb4d432-0544-5ecb-aa41-0ec248f69c38,CONTEXT_ROLE_MISMATCH,انتقال قاعده درست به context نادرست,قاعده صفت/قید/مقایسه درست را در نقشی با درجه یا مرجع متفاوت به context فعلی منتقل می‌کند.,distractor از قاعده‌ای ساخته شود که به‌خودی‌خود معتبر است، اما نقش/مرجع/زمان/register این context با آن سازگار نیست.,انتخاب آن نشانهٔ تحلیل ناکافی context یا نقش دستوری است، نه صرفاً ندانستن شکل ظاهری.,CORE,
ec290ee6-f705-4b74-98db-7e4079c54d60,18,L’ADVERBE,7b326a24-2848-47ad-905f-601470d0f656,L18-S05,Formation des adverbes en -ment,ساخت قید -ment,CAT06,SUB15,MODIFICATION_COMPARISON,صفت، قید و مقایسه,Lesson 18; printed p. 84,Stage1 rule text + Stage2 classification; error frequency not claimed by source,misconception-catalogue-recovered-v1.0.0,CANDIDATE_PREDEPLOY_CONTENT_REVIEW,NOT_YET_OBSERVED__STAGE27_CALIBRATION,257a1d92-f1ed-5348-b72f-e30f28c05d4e,OVERGENERALIZATION,تعمیم بیش‌ازحد قاعده,قاعدهٔ هدف «اغلب feminine adjective + -ment قید می‌سازد؛ پایان‌های خاص الگوهای ویژه دارند.» را بدون توجه به شرط، نقش یا محدودیت بافتی زیرموضوع «ساخت قید -ment» به همهٔ موارد مشابه تعمیم می‌دهد.,ساخت distractor با اجرای قاعدهٔ عمومی در جایی که شرط دقیق subtopic آن را مجاز نمی‌کند.,اگر کاربر این گزینه را انتخاب کند، احتمالاً قاعده را می‌داند اما دامنهٔ کاربرد آن را بیش از حد گسترده گرفته است.,CORE,"gentiment, gaiement و چند شکل با تغییر/accents باید موردی یاد گرفته شوند."
ec290ee6-f705-4b74-98db-7e4079c54d60,18,L’ADVERBE,7b326a24-2848-47ad-905f-601470d0f656,L18-S05,Formation des adverbes en -ment,ساخت قید -ment,CAT06,SUB15,MODIFICATION_COMPARISON,صفت، قید و مقایسه,Lesson 18; printed p. 84,Stage1 rule text + Stage2 classification; error frequency not claimed by source,misconception-catalogue-recovered-v1.0.0,CANDIDATE_PREDEPLOY_CONTENT_REVIEW,NOT_YET_OBSERVED__STAGE27_CALIBRATION,275341f0-6bc8-5206-bdac-55c88788ea37,NEAR_FORM_CONFUSION,اشتباه با فرم/قاعده نزدیک,صفت/قید یا ساخت مقایسهٔ نزدیک را بدون توجه به نقش، درجه یا معنای هدف انتخاب می‌کند.,یک فرم واقعی و نزدیک از همان خانواده انتخاب شود؛ فرم باید در context دیگری معتبر باشد ولی اینجا به‌طور قطعی غلط باشد.,انتخاب آن نشان می‌دهد تمایز میان قاعده هدف و همسایهٔ نزدیک هنوز پایدار نشده است.,CORE,"gentiment, gaiement و چند شکل با تغییر/accents باید موردی یاد گرفته شوند."
ec290ee6-f705-4b74-98db-7e4079c54d60,18,L’ADVERBE,7b326a24-2848-47ad-905f-601470d0f656,L18-S05,Formation des adverbes en -ment,ساخت قید -ment,CAT06,SUB15,MODIFICATION_COMPARISON,صفت، قید و مقایسه,Lesson 18; printed p. 84,Stage1 rule text + Stage2 classification; error frequency not claimed by source,misconception-catalogue-recovered-v1.0.0,CANDIDATE_PREDEPLOY_CONTENT_REVIEW,NOT_YET_OBSERVED__STAGE27_CALIBRATION,c75e1b46-956c-596e-8f99-5da8b1f3d91c,CONTEXT_ROLE_MISMATCH,انتقال قاعده درست به context نادرست,قاعده صفت/قید/مقایسه درست را در نقشی با درجه یا مرجع متفاوت به context فعلی منتقل می‌کند.,distractor از قاعده‌ای ساخته شود که به‌خودی‌خود معتبر است، اما نقش/مرجع/زمان/register این context با آن سازگار نیست.,انتخاب آن نشانهٔ تحلیل ناکافی context یا نقش دستوری است، نه صرفاً ندانستن شکل ظاهری.,CORE,"gentiment, gaiement و چند شکل با تغییر/accents باید موردی یاد گرفته شوند."
ec290ee6-f705-4b74-98db-7e4079c54d60,18,L’ADVERBE,7b326a24-2848-47ad-905f-601470d0f656,L18-S05,Formation des adverbes en -ment,ساخت قید -ment,CAT06,SUB15,MODIFICATION_COMPARISON,صفت، قید و مقایسه,Lesson 18; printed p. 84,Stage1 rule text + Stage2 classification; error frequency not claimed by source,misconception-catalogue-recovered-v1.0.0,CANDIDATE_PREDEPLOY_CONTENT_REVIEW,NOT_YET_OBSERVED__STAGE27_CALIBRATION,0d3eff4d-d3da-526d-8bc9-c7cf77d9e243,EXCEPTION_NEGLECT,نادیده‌گرفتن استثنا/محدودیت صریح,"قاعدهٔ عمومی زیرموضوع «ساخت قید -ment» را اعمال می‌کند اما نکته/استثنای صریح ثبت‌شده را نادیده می‌گیرد: gentiment, gaiement و چند شکل با تغییر/accents باید موردی یاد گرفته شوند.",گزینه از خروجی قاعدهٔ عمومی ساخته شود؛ تنها تفاوت باید همان استثنا/محدودیت ثبت‌شده باشد.,انتخاب آن به‌طور مستقیم نشان می‌دهد قاعده عمومی بازیابی شده ولی استثنای کتاب تثبیت نشده است.,HIGH_EXCEPTION,"gentiment, gaiement و چند شکل با تغییر/accents باید موردی یاد گرفته شوند."
ec290ee6-f705-4b74-98db-7e4079c54d60,18,L’ADVERBE,2b915634-931b-42b4-8b19-b3c4c62eba27,L18-S06,Adverbes de temps et de lieu,قیدهای زمان و مکان,CAT06,SUB15,PREPOSITION_RECTION,حرف اضافه/رکسیون/ارجاع مکانی-زمانی,Lesson 18; printed p. 84,Stage1 rule text + Stage2 classification; error frequency not claimed by source,misconception-catalogue-recovered-v1.0.0,CANDIDATE_PREDEPLOY_CONTENT_REVIEW,NOT_YET_OBSERVED__STAGE27_CALIBRATION,e6c3d3df-df0c-5e30-a870-5575bad8b985,OVERGENERALIZATION,تعمیم بیش‌ازحد قاعده,قاعدهٔ هدف «قیدهای بسامد و مکان مانند toujours/souvent/parfois/jamais و dedans/dehors/là نقش قیدی دارند.» را بدون توجه به شرط، نقش یا محدودیت بافتی زیرموضوع «قیدهای زمان و مکان» به همهٔ موارد مشابه تعمیم می‌دهد.,ساخت distractor با اجرای قاعدهٔ عمومی در جایی که شرط دقیق subtopic آن را مجاز نمی‌کند.,اگر کاربر این گزینه را انتخاب کند، احتمالاً قاعده را می‌داند اما دامنهٔ کاربرد آن را بیش از حد گسترده گرفته است.,CORE,
ec290ee6-f705-4b74-98db-7e4079c54d60,18,L’ADVERBE,2b915634-931b-42b4-8b19-b3c4c62eba27,L18-S06,Adverbes de temps et de lieu,قیدهای زمان و مکان,CAT06,SUB15,PREPOSITION_RECTION,حرف اضافه/رکسیون/ارجاع مکانی-زمانی,Lesson 18; printed p. 84,Stage1 rule text + Stage2 classification; error frequency not claimed by source,misconception-catalogue-recovered-v1.0.0,CANDIDATE_PREDEPLOY_CONTENT_REVIEW,NOT_YET_OBSERVED__STAGE27_CALIBRATION,8565924f-a7c6-5ecd-b8cd-5ad185743ff4,NEAR_FORM_CONFUSION,اشتباه با فرم/قاعده نزدیک,حرف اضافهٔ پرتکرار یا نزدیک را بدون توجه به رکسیون، مکان/زمان یا معنای مکمل جایگزین می‌کند.,یک فرم واقعی و نزدیک از همان خانواده انتخاب شود؛ فرم باید در context دیگری معتبر باشد ولی اینجا به‌طور قطعی غلط باشد.,انتخاب آن نشان می‌دهد تمایز میان قاعده هدف و همسایهٔ نزدیک هنوز پایدار نشده است.,CORE,
ec290ee6-f705-4b74-98db-7e4079c54d60,18,L’ADVERBE,2b915634-931b-42b4-8b19-b3c4c62eba27,L18-S06,Adverbes de temps et de lieu,قیدهای زمان و مکان,CAT06,SUB15,PREPOSITION_RECTION,حرف اضافه/رکسیون/ارجاع مکانی-زمانی,Lesson 18; printed p. 84,Stage1 rule text + Stage2 classification; error frequency not claimed by source,misconception-catalogue-recovered-v1.0.0,CANDIDATE_PREDEPLOY_CONTENT_REVIEW,NOT_YET_OBSERVED__STAGE27_CALIBRATION,cce64aac-4ee2-5d04-b99c-6f4343bc3aa6,CONTEXT_ROLE_MISMATCH,انتقال قاعده درست به context نادرست,حرف اضافه‌ای را که در context مکانی/زمانی یا با فعل دیگری درست است، به ساخت هدف منتقل می‌کند.,distractor از قاعده‌ای ساخته شود که به‌خودی‌خود معتبر است، اما نقش/مرجع/زمان/register این context با آن سازگار نیست.,انتخاب آن نشانهٔ تحلیل ناکافی context یا نقش دستوری است، نه صرفاً ندانستن شکل ظاهری.,CORE,
cb9bdbbf-0955-46a6-b979-69203ff4d988,19,L’EXPRESSION de la QUANTITÉ,ad40bfa1-3c4c-45e6-a013-9e075058b382,L19-S01,Partitif et quantité indéterminée,partitif و مقدار نامعین,CAT07,SUB18,DETERMINER_ARTICLE,تعیین‌کننده و حرف تعریف,Lesson 19; printed p. 86,Stage1 rule text + Stage2 classification; error frequency not claimed by source,misconception-catalogue-recovered-v1.0.0,CANDIDATE_PREDEPLOY_CONTENT_REVIEW,NOT_YET_OBSERVED__STAGE27_CALIBRATION,a137c40e-13ee-528b-8e6f-db42ea5563fc,OVERGENERALIZATION,تعمیم بیش‌ازحد قاعده,قاعدهٔ هدف «du/de la/de l’/des برای بخشی نامعین از ماده/مفهوم استفاده می‌شود.» را بدون توجه به شرط، نقش یا محدودیت بافتی زیرموضوع «partitif و مقدار نامعین» به همهٔ موارد مشابه تعمیم می‌دهد.,ساخت distractor با اجرای قاعدهٔ عمومی در جایی که شرط دقیق subtopic آن را مجاز نمی‌کند.,اگر کاربر این گزینه را انتخاب کند، احتمالاً قاعده را می‌داند اما دامنهٔ کاربرد آن را بیش از حد گسترده گرفته است.,CORE,
cb9bdbbf-0955-46a6-b979-69203ff4d988,19,L’EXPRESSION de la QUANTITÉ,ad40bfa1-3c4c-45e6-a013-9e075058b382,L19-S01,Partitif et quantité indéterminée,partitif و مقدار نامعین,CAT07,SUB18,DETERMINER_ARTICLE,تعیین‌کننده و حرف تعریف,Lesson 19; printed p. 86,Stage1 rule text + Stage2 classification; error frequency not claimed by source,misconception-catalogue-recovered-v1.0.0,CANDIDATE_PREDEPLOY_CONTENT_REVIEW,NOT_YET_OBSERVED__STAGE27_CALIBRATION,7de917b6-8caa-5b02-be12-59f842ae0eda,NEAR_FORM_CONFUSION,اشتباه با فرم/قاعده نزدیک,article یا déterminant نزدیک را بدون توجه به معرفه/نکره، جنس/شمار یا ساخت هدف جایگزین می‌کند.,یک فرم واقعی و نزدیک از همان خانواده انتخاب شود؛ فرم باید در context دیگری معتبر باشد ولی اینجا به‌طور قطعی غلط باشد.,انتخاب آن نشان می‌دهد تمایز میان قاعده هدف و همسایهٔ نزدیک هنوز پایدار نشده است.,CORE,
cb9bdbbf-0955-46a6-b979-69203ff4d988,19,L’EXPRESSION de la QUANTITÉ,ad40bfa1-3c4c-45e6-a013-9e075058b382,L19-S01,Partitif et quantité indéterminée,partitif و مقدار نامعین,CAT07,SUB18,DETERMINER_ARTICLE,تعیین‌کننده و حرف تعریف,Lesson 19; printed p. 86,Stage1 rule text + Stage2 classification; error frequency not claimed by source,misconception-catalogue-recovered-v1.0.0,CANDIDATE_PREDEPLOY_CONTENT_REVIEW,NOT_YET_OBSERVED__STAGE27_CALIBRATION,e7c6bb02-4767-54f8-8c2b-6335c798fda8,CONTEXT_ROLE_MISMATCH,انتقال قاعده درست به context نادرست,determiner/article درست در بافت دیگری را بدون توجه به معرفگی، شمار یا ساخت فعلی منتقل می‌کند.,distractor از قاعده‌ای ساخته شود که به‌خودی‌خود معتبر است، اما نقش/مرجع/زمان/register این context با آن سازگار نیست.,انتخاب آن نشانهٔ تحلیل ناکافی context یا نقش دستوری است، نه صرفاً ندانستن شکل ظاهری.,CORE,
cb9bdbbf-0955-46a6-b979-69203ff4d988,19,L’EXPRESSION de la QUANTITÉ,7f685463-b199-4b30-96de-42dfd32feced,L19-S02,« des » indéfini vs contracté,دو نقش des,CAT07,SUB18,DETERMINER_ARTICLE,تعیین‌کننده و حرف تعریف,Lesson 19; printed p. 86,Stage1 rule text + Stage2 classification; error frequency not claimed by source,misconception-catalogue-recovered-v1.0.0,CANDIDATE_PREDEPLOY_CONTENT_REVIEW,NOT_YET_OBSERVED__STAGE27_CALIBRATION,69fd52a4-d581-5801-896e-535f7752cec0,OVERGENERALIZATION,تعمیم بیش‌ازحد قاعده,قاعدهٔ هدف «des می‌تواند article نامعین جمع یا حاصل de+les باشد.» را بدون توجه به شرط، نقش یا محدودیت بافتی زیرموضوع «دو نقش des» به همهٔ موارد مشابه تعمیم می‌دهد.,ساخت distractor با اجرای قاعدهٔ عمومی در جایی که شرط دقیق subtopic آن را مجاز نمی‌کند.,اگر کاربر این گزینه را انتخاب کند، احتمالاً قاعده را می‌داند اما دامنهٔ کاربرد آن را بیش از حد گسترده گرفته است.,CORE,
cb9bdbbf-0955-46a6-b979-69203ff4d988,19,L’EXPRESSION de la QUANTITÉ,7f685463-b199-4b30-96de-42dfd32feced,L19-S02,« des » indéfini vs contracté,دو نقش des,CAT07,SUB18,DETERMINER_ARTICLE,تعیین‌کننده و حرف تعریف,Lesson 19; printed p. 86,Stage1 rule text + Stage2 classification; error frequency not claimed by source,misconception-catalogue-recovered-v1.0.0,CANDIDATE_PREDEPLOY_CONTENT_REVIEW,NOT_YET_OBSERVED__STAGE27_CALIBRATION,b68343d5-b60d-555f-b1d0-ec9b58667709,NEAR_FORM_CONFUSION,اشتباه با فرم/قاعده نزدیک,article یا déterminant نزدیک را بدون توجه به معرفه/نکره، جنس/شمار یا ساخت هدف جایگزین می‌کند.,یک فرم واقعی و نزدیک از همان خانواده انتخاب شود؛ فرم باید در context دیگری معتبر باشد ولی اینجا به‌طور قطعی غلط باشد.,انتخاب آن نشان می‌دهد تمایز میان قاعده هدف و همسایهٔ نزدیک هنوز پایدار نشده است.,CORE,
cb9bdbbf-0955-46a6-b979-69203ff4d988,19,L’EXPRESSION de la QUANTITÉ,7f685463-b199-4b30-96de-42dfd32feced,L19-S02,« des » indéfini vs contracté,دو نقش des,CAT07,SUB18,DETERMINER_ARTICLE,تعیین‌کننده و حرف تعریف,Lesson 19; printed p. 86,Stage1 rule text + Stage2 classification; error frequency not claimed by source,misconception-catalogue-recovered-v1.0.0,CANDIDATE_PREDEPLOY_CONTENT_REVIEW,NOT_YET_OBSERVED__STAGE27_CALIBRATION,2c3d8000-9064-5b2f-adc4-3505c06a6005,CONTEXT_ROLE_MISMATCH,انتقال قاعده درست به context نادرست,determiner/article درست در بافت دیگری را بدون توجه به معرفگی، شمار یا ساخت فعلی منتقل می‌کند.,distractor از قاعده‌ای ساخته شود که به‌خودی‌خود معتبر است، اما نقش/مرجع/زمان/register این context با آن سازگار نیست.,انتخاب آن نشانهٔ تحلیل ناکافی context یا نقش دستوری است، نه صرفاً ندانستن شکل ظاهری.,CORE,
cb9bdbbf-0955-46a6-b979-69203ff4d988,19,L’EXPRESSION de la QUANTITÉ,123a04f1-09f8-45d6-b6ab-34fcc0b7b778,L19-S03,Quantité exprimée + « de »,کمیت + de,CAT07,SUB18,QUANTIFICATION,کمیت و عدد,Lesson 19; printed p. 88,Stage1 rule text + Stage2 classification; error frequency not claimed by source,misconception-catalogue-recovered-v1.0.0,CANDIDATE_PREDEPLOY_CONTENT_REVIEW,NOT_YET_OBSERVED__STAGE27_CALIBRATION,15319091-1d23-56e9-8211-47e713b1d84d,OVERGENERALIZATION,تعمیم بیش‌ازحد قاعده,قاعدهٔ هدف «پس از مقدار دقیق/کلی/واژهٔ کمیت، de جای partitif را می‌گیرد.» را بدون توجه به شرط، نقش یا محدودیت بافتی زیرموضوع «کمیت + de» به همهٔ موارد مشابه تعمیم می‌دهد.,ساخت distractor با اجرای قاعدهٔ عمومی در جایی که شرط دقیق subtopic آن را مجاز نمی‌کند.,اگر کاربر این گزینه را انتخاب کند، احتمالاً قاعده را می‌داند اما دامنهٔ کاربرد آن را بیش از حد گسترده گرفته است.,CORE,
cb9bdbbf-0955-46a6-b979-69203ff4d988,19,L’EXPRESSION de la QUANTITÉ,123a04f1-09f8-45d6-b6ab-34fcc0b7b778,L19-S03,Quantité exprimée + « de »,کمیت + de,CAT07,SUB18,QUANTIFICATION,کمیت و عدد,Lesson 19; printed p. 88,Stage1 rule text + Stage2 classification; error frequency not claimed by source,misconception-catalogue-recovered-v1.0.0,CANDIDATE_PREDEPLOY_CONTENT_REVIEW,NOT_YET_OBSERVED__STAGE27_CALIBRATION,65c96162-1db3-5193-b29a-17628f0fa59b,NEAR_FORM_CONFUSION,اشتباه با فرم/قاعده نزدیک,کمیت‌نما، عدد، partitif یا ساخت مقدار نزدیک را بدون توجه به نوع مقدار و article انتخاب می‌کند.,یک فرم واقعی و نزدیک از همان خانواده انتخاب شود؛ فرم باید در context دیگری معتبر باشد ولی اینجا به‌طور قطعی غلط باشد.,انتخاب آن نشان می‌دهد تمایز میان قاعده هدف و همسایهٔ نزدیک هنوز پایدار نشده است.,CORE,
cb9bdbbf-0955-46a6-b979-69203ff4d988,19,L’EXPRESSION de la QUANTITÉ,123a04f1-09f8-45d6-b6ab-34fcc0b7b778,L19-S03,Quantité exprimée + « de »,کمیت + de,CAT07,SUB18,QUANTIFICATION,کمیت و عدد,Lesson 19; printed p. 88,Stage1 rule text + Stage2 classification; error frequency not claimed by source,misconception-catalogue-recovered-v1.0.0,CANDIDATE_PREDEPLOY_CONTENT_REVIEW,NOT_YET_OBSERVED__STAGE27_CALIBRATION,0dcb8e0d-1df0-502e-b646-38b28b54a5d6,CONTEXT_ROLE_MISMATCH,انتقال قاعده درست به context نادرست,قاعده کمیت درست در ساخت دیگری را بدون توجه به article/مقدار/نوع اسم در context فعلی اعمال می‌کند.,distractor از قاعده‌ای ساخته شود که به‌خودی‌خود معتبر است، اما نقش/مرجع/زمان/register این context با آن سازگار نیست.,انتخاب آن نشانهٔ تحلیل ناکافی context یا نقش دستوری است، نه صرفاً ندانستن شکل ظاهری.,CORE,
cb9bdbbf-0955-46a6-b979-69203ff4d988,19,L’EXPRESSION de la QUANTITÉ,0cefe77c-491e-4176-b539-4fc913604c14,L19-S04,Négation et quantité,نفی و کمیت,CAT07,SUB18,NEGATION_POLARITY,نفی و قطبیت,Lesson 19; printed p. 88,Stage1 rule text + Stage2 classification; error frequency not claimed by source,misconception-catalogue-recovered-v1.0.0,CANDIDATE_PREDEPLOY_CONTENT_REVIEW,NOT_YET_OBSERVED__STAGE27_CALIBRATION,bb1c3fdc-f8c2-5690-a859-c7ac0455164d,OVERGENERALIZATION,تعمیم بیش‌ازحد قاعده,قاعدهٔ هدف «در نفیِ صفر، article نامعین/partitif معمولاً به de تبدیل می‌شود.» را بدون توجه به شرط، نقش یا محدودیت بافتی زیرموضوع «نفی و کمیت» به همهٔ موارد مشابه تعمیم می‌دهد.,ساخت distractor با اجرای قاعدهٔ عمومی در جایی که شرط دقیق subtopic آن را مجاز نمی‌کند.,اگر کاربر این گزینه را انتخاب کند، احتمالاً قاعده را می‌داند اما دامنهٔ کاربرد آن را بیش از حد گسترده گرفته است.,CORE,
cb9bdbbf-0955-46a6-b979-69203ff4d988,19,L’EXPRESSION de la QUANTITÉ,0cefe77c-491e-4176-b539-4fc913604c14,L19-S04,Négation et quantité,نفی و کمیت,CAT07,SUB18,NEGATION_POLARITY,نفی و قطبیت,Lesson 19; printed p. 88,Stage1 rule text + Stage2 classification; error frequency not claimed by source,misconception-catalogue-recovered-v1.0.0,CANDIDATE_PREDEPLOY_CONTENT_REVIEW,NOT_YET_OBSERVED__STAGE27_CALIBRATION,191f6245-5c16-5268-b19f-c60b3e6b72e6,NEAR_FORM_CONFUSION,اشتباه با فرم/قاعده نزدیک,ساخت نفی نزدیک را با دامنه، واژه منفی یا article نامتناسب جایگزین می‌کند.,یک فرم واقعی و نزدیک از همان خانواده انتخاب شود؛ فرم باید در context دیگری معتبر باشد ولی اینجا به‌طور قطعی غلط باشد.,انتخاب آن نشان می‌دهد تمایز میان قاعده هدف و همسایهٔ نزدیک هنوز پایدار نشده است.,CORE,
cb9bdbbf-0955-46a6-b979-69203ff4d988,19,L’EXPRESSION de la QUANTITÉ,0cefe77c-491e-4176-b539-4fc913604c14,L19-S04,Négation et quantité,نفی و کمیت,CAT07,SUB18,NEGATION_POLARITY,نفی و قطبیت,Lesson 19; printed p. 88,Stage1 rule text + Stage2 classification; error frequency not claimed by source,misconception-catalogue-recovered-v1.0.0,CANDIDATE_PREDEPLOY_CONTENT_REVIEW,NOT_YET_OBSERVED__STAGE27_CALIBRATION,5c24b5ce-6f19-5d61-9f31-bf0b4ac29cb9,CONTEXT_ROLE_MISMATCH,انتقال قاعده درست به context نادرست,ساخت نفی معتبر در بافت دیگری را بدون توجه به دامنه نفی/کمیت/قطبیت جمله فعلی به‌کار می‌برد.,distractor از قاعده‌ای ساخته شود که به‌خودی‌خود معتبر است، اما نقش/مرجع/زمان/register این context با آن سازگار نیست.,انتخاب آن نشانهٔ تحلیل ناکافی context یا نقش دستوری است، نه صرفاً ندانستن شکل ظاهری.,CORE,
cb9bdbbf-0955-46a6-b979-69203ff4d988,19,L’EXPRESSION de la QUANTITÉ,c3aa4aea-ddab-4b7d-bbb2-6dc965a6b246,L19-S05,« sans » et article,sans و article,CAT07,SUB18,DETERMINER_ARTICLE,تعیین‌کننده و حرف تعریف,Lesson 19; printed p. 86,Stage1 rule text + Stage2 classification; error frequency not claimed by source,misconception-catalogue-recovered-v1.0.0,CANDIDATE_PREDEPLOY_CONTENT_REVIEW,NOT_YET_OBSERVED__STAGE27_CALIBRATION,5adb9cce-79a6-53b5-9a87-5057be4d2149,OVERGENERALIZATION,تعمیم بیش‌ازحد قاعده,قاعدهٔ هدف «پس از sans معمولاً partitif نمی‌آید.» را بدون توجه به شرط، نقش یا محدودیت بافتی زیرموضوع «sans و article» به همهٔ موارد مشابه تعمیم می‌دهد.,ساخت distractor با اجرای قاعدهٔ عمومی در جایی که شرط دقیق subtopic آن را مجاز نمی‌کند.,اگر کاربر این گزینه را انتخاب کند، احتمالاً قاعده را می‌داند اما دامنهٔ کاربرد آن را بیش از حد گسترده گرفته است.,CORE,
cb9bdbbf-0955-46a6-b979-69203ff4d988,19,L’EXPRESSION de la QUANTITÉ,c3aa4aea-ddab-4b7d-bbb2-6dc965a6b246,L19-S05,« sans » et article,sans و article,CAT07,SUB18,DETERMINER_ARTICLE,تعیین‌کننده و حرف تعریف,Lesson 19; printed p. 86,Stage1 rule text + Stage2 classification; error frequency not claimed by source,misconception-catalogue-recovered-v1.0.0,CANDIDATE_PREDEPLOY_CONTENT_REVIEW,NOT_YET_OBSERVED__STAGE27_CALIBRATION,9c6f98ea-eedc-5b6b-b45d-fde43a69b09d,NEAR_FORM_CONFUSION,اشتباه با فرم/قاعده نزدیک,article یا déterminant نزدیک را بدون توجه به معرفه/نکره، جنس/شمار یا ساخت هدف جایگزین می‌کند.,یک فرم واقعی و نزدیک از همان خانواده انتخاب شود؛ فرم باید در context دیگری معتبر باشد ولی اینجا به‌طور قطعی غلط باشد.,انتخاب آن نشان می‌دهد تمایز میان قاعده هدف و همسایهٔ نزدیک هنوز پایدار نشده است.,CORE,
cb9bdbbf-0955-46a6-b979-69203ff4d988,19,L’EXPRESSION de la QUANTITÉ,c3aa4aea-ddab-4b7d-bbb2-6dc965a6b246,L19-S05,« sans » et article,sans و article,CAT07,SUB18,DETERMINER_ARTICLE,تعیین‌کننده و حرف تعریف,Lesson 19; printed p. 86,Stage1 rule text + Stage2 classification; error frequency not claimed by source,misconception-catalogue-recovered-v1.0.0,CANDIDATE_PREDEPLOY_CONTENT_REVIEW,NOT_YET_OBSERVED__STAGE27_CALIBRATION,afbb277c-cc1d-56fa-9d1d-e9161e1592b2,CONTEXT_ROLE_MISMATCH,انتقال قاعده درست به context نادرست,determiner/article درست در بافت دیگری را بدون توجه به معرفگی، شمار یا ساخت فعلی منتقل می‌کند.,distractor از قاعده‌ای ساخته شود که به‌خودی‌خود معتبر است، اما نقش/مرجع/زمان/register این context با آن سازگار نیست.,انتخاب آن نشانهٔ تحلیل ناکافی context یا نقش دستوری است، نه صرفاً ندانستن شکل ظاهری.,CORE,
cb9bdbbf-0955-46a6-b979-69203ff4d988,19,L’EXPRESSION de la QUANTITÉ,4fec3f13-dc42-4049-b312-c1b7af05db3c,L19-S06,« besoin/envie de » sans partitif,besoin/envie de بدون partitif,CAT07,SUB18,DETERMINER_ARTICLE,تعیین‌کننده و حرف تعریف,Lesson 19; printed p. 88,Stage1 rule text + Stage2 classification; error frequency not claimed by source,misconception-catalogue-recovered-v1.0.0,CANDIDATE_PREDEPLOY_CONTENT_REVIEW,NOT_YET_OBSERVED__STAGE27_CALIBRATION,5bffedb9-ae2e-5b1e-9592-0cd7b9073f29,OVERGENERALIZATION,تعمیم بیش‌ازحد قاعده,قاعدهٔ هدف «پس از avoir besoin de / avoir envie de، de جزو ساخت است و partitif اضافه نمی‌شود.» را بدون توجه به شرط، نقش یا محدودیت بافتی زیرموضوع «besoin/envie de بدون partitif» به همهٔ موارد مشابه تعمیم می‌دهد.,ساخت distractor با اجرای قاعدهٔ عمومی در جایی که شرط دقیق subtopic آن را مجاز نمی‌کند.,اگر کاربر این گزینه را انتخاب کند، احتمالاً قاعده را می‌داند اما دامنهٔ کاربرد آن را بیش از حد گسترده گرفته است.,CORE,
cb9bdbbf-0955-46a6-b979-69203ff4d988,19,L’EXPRESSION de la QUANTITÉ,4fec3f13-dc42-4049-b312-c1b7af05db3c,L19-S06,« besoin/envie de » sans partitif,besoin/envie de بدون partitif,CAT07,SUB18,DETERMINER_ARTICLE,تعیین‌کننده و حرف تعریف,Lesson 19; printed p. 88,Stage1 rule text + Stage2 classification; error frequency not claimed by source,misconception-catalogue-recovered-v1.0.0,CANDIDATE_PREDEPLOY_CONTENT_REVIEW,NOT_YET_OBSERVED__STAGE27_CALIBRATION,3a1fd4b7-a092-5078-aeb4-9d4991627f11,NEAR_FORM_CONFUSION,اشتباه با فرم/قاعده نزدیک,article یا déterminant نزدیک را بدون توجه به معرفه/نکره، جنس/شمار یا ساخت هدف جایگزین می‌کند.,یک فرم واقعی و نزدیک از همان خانواده انتخاب شود؛ فرم باید در context دیگری معتبر باشد ولی اینجا به‌طور قطعی غلط باشد.,انتخاب آن نشان می‌دهد تمایز میان قاعده هدف و همسایهٔ نزدیک هنوز پایدار نشده است.,CORE,
cb9bdbbf-0955-46a6-b979-69203ff4d988,19,L’EXPRESSION de la QUANTITÉ,4fec3f13-dc42-4049-b312-c1b7af05db3c,L19-S06,« besoin/envie de » sans partitif,besoin/envie de بدون partitif,CAT07,SUB18,DETERMINER_ARTICLE,تعیین‌کننده و حرف تعریف,Lesson 19; printed p. 88,Stage1 rule text + Stage2 classification; error frequency not claimed by source,misconception-catalogue-recovered-v1.0.0,CANDIDATE_PREDEPLOY_CONTENT_REVIEW,NOT_YET_OBSERVED__STAGE27_CALIBRATION,e06c742d-0e9d-50a9-a88b-3bf598254a47,CONTEXT_ROLE_MISMATCH,انتقال قاعده درست به context نادرست,determiner/article درست در بافت دیگری را بدون توجه به معرفگی، شمار یا ساخت فعلی منتقل می‌کند.,distractor از قاعده‌ای ساخته شود که به‌خودی‌خود معتبر است، اما نقش/مرجع/زمان/register این context با آن سازگار نیست.,انتخاب آن نشانهٔ تحلیل ناکافی context یا نقش دستوری است، نه صرفاً ندانستن شکل ظاهری.,CORE,
dd8aa1ed-067c-4e17-a9db-10d3b630688a,20,LE PRONOM « EN »,ca464ada-46fe-413a-b5ea-86e9b46350f7,L20-S01,« en » remplace « de + nom »,en به‌جای de+اسم,CAT04,SUB08,PRONOUN_REFERENCE,ضمیر و ارجاع,"Lesson 20; printed p. 90,92",Stage1 rule text + Stage2 classification; error frequency not claimed by source,misconception-catalogue-recovered-v1.0.0,CANDIDATE_PREDEPLOY_CONTENT_REVIEW,NOT_YET_OBSERVED__STAGE27_CALIBRATION,e02b4bae-260c-539e-9541-51bdf554b94b,OVERGENERALIZATION,تعمیم بیش‌ازحد قاعده,قاعدهٔ هدف «en مکمل‌های ساخته‌شده با de را، به‌ویژه برای چیزها، جایگزین می‌کند.» را بدون توجه به شرط، نقش یا محدودیت بافتی زیرموضوع «en به‌جای de+اسم» به همهٔ موارد مشابه تعمیم می‌دهد.,ساخت distractor با اجرای قاعدهٔ عمومی در جایی که شرط دقیق subtopic آن را مجاز نمی‌کند.,اگر کاربر این گزینه را انتخاب کند، احتمالاً قاعده را می‌داند اما دامنهٔ کاربرد آن را بیش از حد گسترده گرفته است.,CORE,
dd8aa1ed-067c-4e17-a9db-10d3b630688a,20,LE PRONOM « EN »,ca464ada-46fe-413a-b5ea-86e9b46350f7,L20-S01,« en » remplace « de + nom »,en به‌جای de+اسم,CAT04,SUB08,PRONOUN_REFERENCE,ضمیر و ارجاع,"Lesson 20; printed p. 90,92",Stage1 rule text + Stage2 classification; error frequency not claimed by source,misconception-catalogue-recovered-v1.0.0,CANDIDATE_PREDEPLOY_CONTENT_REVIEW,NOT_YET_OBSERVED__STAGE27_CALIBRATION,f9b2c2f4-eecb-54a7-b951-1c60884d7d03,NEAR_FORM_CONFUSION,اشتباه با فرم/قاعده نزدیک,نوع یا صورت ضمیر نزدیک (نقش، شخص، جنس/شمار یا نوع متمم متفاوت) را به‌جای ضمیر هدف انتخاب می‌کند.,یک فرم واقعی و نزدیک از همان خانواده انتخاب شود؛ فرم باید در context دیگری معتبر باشد ولی اینجا به‌طور قطعی غلط باشد.,انتخاب آن نشان می‌دهد تمایز میان قاعده هدف و همسایهٔ نزدیک هنوز پایدار نشده است.,CORE,
dd8aa1ed-067c-4e17-a9db-10d3b630688a,20,LE PRONOM « EN »,ca464ada-46fe-413a-b5ea-86e9b46350f7,L20-S01,« en » remplace « de + nom »,en به‌جای de+اسم,CAT04,SUB08,PRONOUN_REFERENCE,ضمیر و ارجاع,"Lesson 20; printed p. 90,92",Stage1 rule text + Stage2 classification; error frequency not claimed by source,misconception-catalogue-recovered-v1.0.0,CANDIDATE_PREDEPLOY_CONTENT_REVIEW,NOT_YET_OBSERVED__STAGE27_CALIBRATION,cb28c5be-6afb-5244-8998-207aed7939a5,CONTEXT_ROLE_MISMATCH,انتقال قاعده درست به context نادرست,ضمیر درست برای مرجع یا متمم دیگری را به این جمله منتقل می‌کند و antecedent/رکسیون فعلی را نادیده می‌گیرد.,distractor از قاعده‌ای ساخته شود که به‌خودی‌خود معتبر است، اما نقش/مرجع/زمان/register این context با آن سازگار نیست.,انتخاب آن نشانهٔ تحلیل ناکافی context یا نقش دستوری است، نه صرفاً ندانستن شکل ظاهری.,CORE,
dd8aa1ed-067c-4e17-a9db-10d3b630688a,20,LE PRONOM « EN »,b6d899ef-5bd9-4fe9-b1a3-64ce4703fc62,L20-S02,« en » et partitif,en و partitif,CAT04,SUB08,DETERMINER_ARTICLE,تعیین‌کننده و حرف تعریف,Lesson 20; printed p. 90,Stage1 rule text + Stage2 classification; error frequency not claimed by source,misconception-catalogue-recovered-v1.0.0,CANDIDATE_PREDEPLOY_CONTENT_REVIEW,NOT_YET_OBSERVED__STAGE27_CALIBRATION,6417ef35-86fe-503a-8a39-69406737509d,OVERGENERALIZATION,تعمیم بیش‌ازحد قاعده,قاعدهٔ هدف «en اسم همراه partitif/کمیت نامعین را جایگزین می‌کند.» را بدون توجه به شرط، نقش یا محدودیت بافتی زیرموضوع «en و partitif» به همهٔ موارد مشابه تعمیم می‌دهد.,ساخت distractor با اجرای قاعدهٔ عمومی در جایی که شرط دقیق subtopic آن را مجاز نمی‌کند.,اگر کاربر این گزینه را انتخاب کند، احتمالاً قاعده را می‌داند اما دامنهٔ کاربرد آن را بیش از حد گسترده گرفته است.,CORE,un/une نیز می‌تواند مقدار 1 باشد؛ در نفی ممکن است حذف شود.
dd8aa1ed-067c-4e17-a9db-10d3b630688a,20,LE PRONOM « EN »,b6d899ef-5bd9-4fe9-b1a3-64ce4703fc62,L20-S02,« en » et partitif,en و partitif,CAT04,SUB08,DETERMINER_ARTICLE,تعیین‌کننده و حرف تعریف,Lesson 20; printed p. 90,Stage1 rule text + Stage2 classification; error frequency not claimed by source,misconception-catalogue-recovered-v1.0.0,CANDIDATE_PREDEPLOY_CONTENT_REVIEW,NOT_YET_OBSERVED__STAGE27_CALIBRATION,cf01d355-7293-5cf4-8b83-047bc7caa6b9,NEAR_FORM_CONFUSION,اشتباه با فرم/قاعده نزدیک,article یا déterminant نزدیک را بدون توجه به معرفه/نکره، جنس/شمار یا ساخت هدف جایگزین می‌کند.,یک فرم واقعی و نزدیک از همان خانواده انتخاب شود؛ فرم باید در context دیگری معتبر باشد ولی اینجا به‌طور قطعی غلط باشد.,انتخاب آن نشان می‌دهد تمایز میان قاعده هدف و همسایهٔ نزدیک هنوز پایدار نشده است.,CORE,un/une نیز می‌تواند مقدار 1 باشد؛ در نفی ممکن است حذف شود.
dd8aa1ed-067c-4e17-a9db-10d3b630688a,20,LE PRONOM « EN »,b6d899ef-5bd9-4fe9-b1a3-64ce4703fc62,L20-S02,« en » et partitif,en و partitif,CAT04,SUB08,DETERMINER_ARTICLE,تعیین‌کننده و حرف تعریف,Lesson 20; printed p. 90,Stage1 rule text + Stage2 classification; error frequency not claimed by source,misconception-catalogue-recovered-v1.0.0,CANDIDATE_PREDEPLOY_CONTENT_REVIEW,NOT_YET_OBSERVED__STAGE27_CALIBRATION,2244a25b-405c-5a03-8b3a-eb33d11eaaa4,CONTEXT_ROLE_MISMATCH,انتقال قاعده درست به context نادرست,determiner/article درست در بافت دیگری را بدون توجه به معرفگی، شمار یا ساخت فعلی منتقل می‌کند.,distractor از قاعده‌ای ساخته شود که به‌خودی‌خود معتبر است، اما نقش/مرجع/زمان/register این context با آن سازگار نیست.,انتخاب آن نشانهٔ تحلیل ناکافی context یا نقش دستوری است، نه صرفاً ندانستن شکل ظاهری.,CORE,un/une نیز می‌تواند مقدار 1 باشد؛ در نفی ممکن است حذف شود.
dd8aa1ed-067c-4e17-a9db-10d3b630688a,20,LE PRONOM « EN »,b6d899ef-5bd9-4fe9-b1a3-64ce4703fc62,L20-S02,« en » et partitif,en و partitif,CAT04,SUB08,DETERMINER_ARTICLE,تعیین‌کننده و حرف تعریف,Lesson 20; printed p. 90,Stage1 rule text + Stage2 classification; error frequency not claimed by source,misconception-catalogue-recovered-v1.0.0,CANDIDATE_PREDEPLOY_CONTENT_REVIEW,NOT_YET_OBSERVED__STAGE27_CALIBRATION,b7398522-8c4b-57bd-bbe7-7f25da4fd72e,EXCEPTION_NEGLECT,نادیده‌گرفتن استثنا/محدودیت صریح,قاعدهٔ عمومی زیرموضوع «en و partitif» را اعمال می‌کند اما نکته/استثنای صریح ثبت‌شده را نادیده می‌گیرد: un/une نیز می‌تواند مقدار 1 باشد؛ در نفی ممکن است حذف شود.,گزینه از خروجی قاعدهٔ عمومی ساخته شود؛ تنها تفاوت باید همان استثنا/محدودیت ثبت‌شده باشد.,انتخاب آن به‌طور مستقیم نشان می‌دهد قاعده عمومی بازیابی شده ولی استثنای کتاب تثبیت نشده است.,HIGH_EXCEPTION,un/une نیز می‌تواند مقدار 1 باشد؛ در نفی ممکن است حذف شود.
dd8aa1ed-067c-4e17-a9db-10d3b630688a,20,LE PRONOM « EN »,00ed869e-93f9-40b0-9ec0-321dcd6b278e,L20-S03,« en » avec verbes en « de »,en با افعال de,CAT04,SUB08,PRONOUN_REFERENCE,ضمیر و ارجاع,Lesson 20; printed p. 92,Stage1 rule text + Stage2 classification; error frequency not claimed by source,misconception-catalogue-recovered-v1.0.0,CANDIDATE_PREDEPLOY_CONTENT_REVIEW,NOT_YET_OBSERVED__STAGE27_CALIBRATION,2bbea696-be2d-57c6-807d-6675dc3da165,OVERGENERALIZATION,تعمیم بیش‌ازحد قاعده,"قاعدهٔ هدف «افعالی مانند parler de, rêver de, s’occuper de و ساخت‌های مشابه برای چیزها با en جایگزین می‌شوند.» را بدون توجه به شرط، نقش یا محدودیت بافتی زیرموضوع «en با افعال de» به همهٔ موارد مشابه تعمیم می‌دهد.",ساخت distractor با اجرای قاعدهٔ عمومی در جایی که شرط دقیق subtopic آن را مجاز نمی‌کند.,اگر کاربر این گزینه را انتخاب کند، احتمالاً قاعده را می‌داند اما دامنهٔ کاربرد آن را بیش از حد گسترده گرفته است.,CORE,
dd8aa1ed-067c-4e17-a9db-10d3b630688a,20,LE PRONOM « EN »,00ed869e-93f9-40b0-9ec0-321dcd6b278e,L20-S03,« en » avec verbes en « de »,en با افعال de,CAT04,SUB08,PRONOUN_REFERENCE,ضمیر و ارجاع,Lesson 20; printed p. 92,Stage1 rule text + Stage2 classification; error frequency not claimed by source,misconception-catalogue-recovered-v1.0.0,CANDIDATE_PREDEPLOY_CONTENT_REVIEW,NOT_YET_OBSERVED__STAGE27_CALIBRATION,b0abdd92-27a8-554e-931f-bb03a0ed0a99,NEAR_FORM_CONFUSION,اشتباه با فرم/قاعده نزدیک,نوع یا صورت ضمیر نزدیک (نقش، شخص، جنس/شمار یا نوع متمم متفاوت) را به‌جای ضمیر هدف انتخاب می‌کند.,یک فرم واقعی و نزدیک از همان خانواده انتخاب شود؛ فرم باید در context دیگری معتبر باشد ولی اینجا به‌طور قطعی غلط باشد.,انتخاب آن نشان می‌دهد تمایز میان قاعده هدف و همسایهٔ نزدیک هنوز پایدار نشده است.,CORE,
dd8aa1ed-067c-4e17-a9db-10d3b630688a,20,LE PRONOM « EN »,00ed869e-93f9-40b0-9ec0-321dcd6b278e,L20-S03,« en » avec verbes en « de »,en با افعال de,CAT04,SUB08,PRONOUN_REFERENCE,ضمیر و ارجاع,Lesson 20; printed p. 92,Stage1 rule text + Stage2 classification; error frequency not claimed by source,misconception-catalogue-recovered-v1.0.0,CANDIDATE_PREDEPLOY_CONTENT_REVIEW,NOT_YET_OBSERVED__STAGE27_CALIBRATION,0b4400a6-6b0e-5864-849e-d132fae0ba44,CONTEXT_ROLE_MISMATCH,انتقال قاعده درست به context نادرست,ضمیر درست برای مرجع یا متمم دیگری را به این جمله منتقل می‌کند و antecedent/رکسیون فعلی را نادیده می‌گیرد.,distractor از قاعده‌ای ساخته شود که به‌خودی‌خود معتبر است، اما نقش/مرجع/زمان/register این context با آن سازگار نیست.,انتخاب آن نشانهٔ تحلیل ناکافی context یا نقش دستوری است، نه صرفاً ندانستن شکل ظاهری.,CORE,
dd8aa1ed-067c-4e17-a9db-10d3b630688a,20,LE PRONOM « EN »,3dea5185-7931-40ed-b50d-56f004a9d2ae,L20-S04,« en » d’origine,en برای مبدأ,CAT04,SUB08,PRONOUN_REFERENCE,ضمیر و ارجاع,Lesson 20; printed p. 92,Stage1 rule text + Stage2 classification; error frequency not claimed by source,misconception-catalogue-recovered-v1.0.0,CANDIDATE_PREDEPLOY_CONTENT_REVIEW,NOT_YET_OBSERVED__STAGE27_CALIBRATION,164039bf-ea21-5b5d-884e-d51c6808249b,OVERGENERALIZATION,تعمیم بیش‌ازحد قاعده,قاعدهٔ هدف «en می‌تواند مکمل مکانی de را در venir de و ساخت مشابه جایگزین کند.» را بدون توجه به شرط، نقش یا محدودیت بافتی زیرموضوع «en برای مبدأ» به همهٔ موارد مشابه تعمیم می‌دهد.,ساخت distractor با اجرای قاعدهٔ عمومی در جایی که شرط دقیق subtopic آن را مجاز نمی‌کند.,اگر کاربر این گزینه را انتخاب کند، احتمالاً قاعده را می‌داند اما دامنهٔ کاربرد آن را بیش از حد گسترده گرفته است.,CORE,
dd8aa1ed-067c-4e17-a9db-10d3b630688a,20,LE PRONOM « EN »,3dea5185-7931-40ed-b50d-56f004a9d2ae,L20-S04,« en » d’origine,en برای مبدأ,CAT04,SUB08,PRONOUN_REFERENCE,ضمیر و ارجاع,Lesson 20; printed p. 92,Stage1 rule text + Stage2 classification; error frequency not claimed by source,misconception-catalogue-recovered-v1.0.0,CANDIDATE_PREDEPLOY_CONTENT_REVIEW,NOT_YET_OBSERVED__STAGE27_CALIBRATION,2ab5927c-e131-5bae-adec-12c255654916,NEAR_FORM_CONFUSION,اشتباه با فرم/قاعده نزدیک,نوع یا صورت ضمیر نزدیک (نقش، شخص، جنس/شمار یا نوع متمم متفاوت) را به‌جای ضمیر هدف انتخاب می‌کند.,یک فرم واقعی و نزدیک از همان خانواده انتخاب شود؛ فرم باید در context دیگری معتبر باشد ولی اینجا به‌طور قطعی غلط باشد.,انتخاب آن نشان می‌دهد تمایز میان قاعده هدف و همسایهٔ نزدیک هنوز پایدار نشده است.,CORE,
dd8aa1ed-067c-4e17-a9db-10d3b630688a,20,LE PRONOM « EN »,3dea5185-7931-40ed-b50d-56f004a9d2ae,L20-S04,« en » d’origine,en برای مبدأ,CAT04,SUB08,PRONOUN_REFERENCE,ضمیر و ارجاع,Lesson 20; printed p. 92,Stage1 rule text + Stage2 classification; error frequency not claimed by source,misconception-catalogue-recovered-v1.0.0,CANDIDATE_PREDEPLOY_CONTENT_REVIEW,NOT_YET_OBSERVED__STAGE27_CALIBRATION,8048fd24-02bd-528f-8d4e-9b78b6e728d7,CONTEXT_ROLE_MISMATCH,انتقال قاعده درست به context نادرست,ضمیر درست برای مرجع یا متمم دیگری را به این جمله منتقل می‌کند و antecedent/رکسیون فعلی را نادیده می‌گیرد.,distractor از قاعده‌ای ساخته شود که به‌خودی‌خود معتبر است، اما نقش/مرجع/زمان/register این context با آن سازگار نیست.,انتخاب آن نشانهٔ تحلیل ناکافی context یا نقش دستوری است، نه صرفاً ندانستن شکل ظاهری.,CORE,
dd8aa1ed-067c-4e17-a9db-10d3b630688a,20,LE PRONOM « EN »,c3b56302-aae5-4362-9963-416e7d8e8d71,L20-S05,Expressions figées avec « en »,عبارت‌های ثابت en,CAT04,SUB08,PRONOUN_REFERENCE,ضمیر و ارجاع,Lesson 20; printed p. 92,Stage1 rule text + Stage2 classification; error frequency not claimed by source,misconception-catalogue-recovered-v1.0.0,CANDIDATE_PREDEPLOY_CONTENT_REVIEW,NOT_YET_OBSERVED__STAGE27_CALIBRATION,a646ac93-65a4-59a6-9bd0-6037edabdb87,OVERGENERALIZATION,تعمیم بیش‌ازحد قاعده,"قاعدهٔ هدف «s’en aller, en avoir assez/marre, n’en pouvoir plus, s’en occuper و مانند آن واحدهای واژگانی‌اند.» را بدون توجه به شرط، نقش یا محدودیت بافتی زیرموضوع «عبارت‌های ثابت en» به همهٔ موارد مشابه تعمیم می‌دهد.",ساخت distractor با اجرای قاعدهٔ عمومی در جایی که شرط دقیق subtopic آن را مجاز نمی‌کند.,اگر کاربر این گزینه را انتخاب کند، احتمالاً قاعده را می‌داند اما دامنهٔ کاربرد آن را بیش از حد گسترده گرفته است.,CORE,en avoir marre محاوره‌ای است.
dd8aa1ed-067c-4e17-a9db-10d3b630688a,20,LE PRONOM « EN »,c3b56302-aae5-4362-9963-416e7d8e8d71,L20-S05,Expressions figées avec « en »,عبارت‌های ثابت en,CAT04,SUB08,PRONOUN_REFERENCE,ضمیر و ارجاع,Lesson 20; printed p. 92,Stage1 rule text + Stage2 classification; error frequency not claimed by source,misconception-catalogue-recovered-v1.0.0,CANDIDATE_PREDEPLOY_CONTENT_REVIEW,NOT_YET_OBSERVED__STAGE27_CALIBRATION,1ca765ec-ce05-5f9d-943c-3f3ff19e6b12,NEAR_FORM_CONFUSION,اشتباه با فرم/قاعده نزدیک,نوع یا صورت ضمیر نزدیک (نقش، شخص، جنس/شمار یا نوع متمم متفاوت) را به‌جای ضمیر هدف انتخاب می‌کند.,یک فرم واقعی و نزدیک از همان خانواده انتخاب شود؛ فرم باید در context دیگری معتبر باشد ولی اینجا به‌طور قطعی غلط باشد.,انتخاب آن نشان می‌دهد تمایز میان قاعده هدف و همسایهٔ نزدیک هنوز پایدار نشده است.,CORE,en avoir marre محاوره‌ای است.
dd8aa1ed-067c-4e17-a9db-10d3b630688a,20,LE PRONOM « EN »,c3b56302-aae5-4362-9963-416e7d8e8d71,L20-S05,Expressions figées avec « en »,عبارت‌های ثابت en,CAT04,SUB08,PRONOUN_REFERENCE,ضمیر و ارجاع,Lesson 20; printed p. 92,Stage1 rule text + Stage2 classification; error frequency not claimed by source,misconception-catalogue-recovered-v1.0.0,CANDIDATE_PREDEPLOY_CONTENT_REVIEW,NOT_YET_OBSERVED__STAGE27_CALIBRATION,1cf72acc-bc48-5ef9-b2f3-63f41b616261,CONTEXT_ROLE_MISMATCH,انتقال قاعده درست به context نادرست,ضمیر درست برای مرجع یا متمم دیگری را به این جمله منتقل می‌کند و antecedent/رکسیون فعلی را نادیده می‌گیرد.,distractor از قاعده‌ای ساخته شود که به‌خودی‌خود معتبر است، اما نقش/مرجع/زمان/register این context با آن سازگار نیست.,انتخاب آن نشانهٔ تحلیل ناکافی context یا نقش دستوری است، نه صرفاً ندانستن شکل ظاهری.,CORE,en avoir marre محاوره‌ای است.
dd8aa1ed-067c-4e17-a9db-10d3b630688a,20,LE PRONOM « EN »,c3b56302-aae5-4362-9963-416e7d8e8d71,L20-S05,Expressions figées avec « en »,عبارت‌های ثابت en,CAT04,SUB08,PRONOUN_REFERENCE,ضمیر و ارجاع,Lesson 20; printed p. 92,Stage1 rule text + Stage2 classification; error frequency not claimed by source,misconception-catalogue-recovered-v1.0.0,CANDIDATE_PREDEPLOY_CONTENT_REVIEW,NOT_YET_OBSERVED__STAGE27_CALIBRATION,8ddd2510-6199-5ae1-9da4-3a681d47f91f,EXCEPTION_NEGLECT,نادیده‌گرفتن استثنا/محدودیت صریح,قاعدهٔ عمومی زیرموضوع «عبارت‌های ثابت en» را اعمال می‌کند اما نکته/استثنای صریح ثبت‌شده را نادیده می‌گیرد: en avoir marre محاوره‌ای است.,گزینه از خروجی قاعدهٔ عمومی ساخته شود؛ تنها تفاوت باید همان استثنا/محدودیت ثبت‌شده باشد.,انتخاب آن به‌طور مستقیم نشان می‌دهد قاعده عمومی بازیابی شده ولی استثنای کتاب تثبیت نشده است.,HIGH_EXCEPTION,en avoir marre محاوره‌ای است.
a7d4b7ab-babf-44fd-8d1b-09d273f60704,21,LA SITUATION dans l’ESPACE (2),1db8bf87-fde9-4af4-8813-d4d94427b8d5,L21-S01,Régions/départements/États: en/dans le/dans les,مکان در ناحیه/استان/ایالت,CAT08,SUB19,PREPOSITION_RECTION,حرف اضافه/رکسیون/ارجاع مکانی-زمانی,Lesson 21; printed p. 94,Stage1 rule text + Stage2 classification; error frequency not claimed by source,misconception-catalogue-recovered-v1.0.0,CANDIDATE_PREDEPLOY_CONTENT_REVIEW,NOT_YET_OBSERVED__STAGE27_CALIBRATION,92474720-838c-5754-9d67-ca2be279846a,OVERGENERALIZATION,تعمیم بیش‌ازحد قاعده,قاعدهٔ هدف «برای واحدهای جغرافیایی، en با مؤنث، dans le با مذکر و dans les با جمع به‌کار می‌رود.» را بدون توجه به شرط، نقش یا محدودیت بافتی زیرموضوع «مکان در ناحیه/استان/ایالت» به همهٔ موارد مشابه تعمیم می‌دهد.,ساخت distractor با اجرای قاعدهٔ عمومی در جایی که شرط دقیق subtopic آن را مجاز نمی‌کند.,اگر کاربر این گزینه را انتخاب کند، احتمالاً قاعده را می‌داند اما دامنهٔ کاربرد آن را بیش از حد گسترده گرفته است.,CORE,
a7d4b7ab-babf-44fd-8d1b-09d273f60704,21,LA SITUATION dans l’ESPACE (2),1db8bf87-fde9-4af4-8813-d4d94427b8d5,L21-S01,Régions/départements/États: en/dans le/dans les,مکان در ناحیه/استان/ایالت,CAT08,SUB19,PREPOSITION_RECTION,حرف اضافه/رکسیون/ارجاع مکانی-زمانی,Lesson 21; printed p. 94,Stage1 rule text + Stage2 classification; error frequency not claimed by source,misconception-catalogue-recovered-v1.0.0,CANDIDATE_PREDEPLOY_CONTENT_REVIEW,NOT_YET_OBSERVED__STAGE27_CALIBRATION,ebb5bcb0-7182-5da7-9baa-aa42f468f91b,NEAR_FORM_CONFUSION,اشتباه با فرم/قاعده نزدیک,حرف اضافهٔ پرتکرار یا نزدیک را بدون توجه به رکسیون، مکان/زمان یا معنای مکمل جایگزین می‌کند.,یک فرم واقعی و نزدیک از همان خانواده انتخاب شود؛ فرم باید در context دیگری معتبر باشد ولی اینجا به‌طور قطعی غلط باشد.,انتخاب آن نشان می‌دهد تمایز میان قاعده هدف و همسایهٔ نزدیک هنوز پایدار نشده است.,CORE,
a7d4b7ab-babf-44fd-8d1b-09d273f60704,21,LA SITUATION dans l’ESPACE (2),1db8bf87-fde9-4af4-8813-d4d94427b8d5,L21-S01,Régions/départements/États: en/dans le/dans les,مکان در ناحیه/استان/ایالت,CAT08,SUB19,PREPOSITION_RECTION,حرف اضافه/رکسیون/ارجاع مکانی-زمانی,Lesson 21; printed p. 94,Stage1 rule text + Stage2 classification; error frequency not claimed by source,misconception-catalogue-recovered-v1.0.0,CANDIDATE_PREDEPLOY_CONTENT_REVIEW,NOT_YET_OBSERVED__STAGE27_CALIBRATION,87337538-f947-5809-ad42-bcda780cf812,CONTEXT_ROLE_MISMATCH,انتقال قاعده درست به context نادرست,حرف اضافه‌ای را که در context مکانی/زمانی یا با فعل دیگری درست است، به ساخت هدف منتقل می‌کند.,distractor از قاعده‌ای ساخته شود که به‌خودی‌خود معتبر است، اما نقش/مرجع/زمان/register این context با آن سازگار نیست.,انتخاب آن نشانهٔ تحلیل ناکافی context یا نقش دستوری است، نه صرفاً ندانستن شکل ظاهری.,CORE,
a7d4b7ab-babf-44fd-8d1b-09d273f60704,21,LA SITUATION dans l’ESPACE (2),52869adf-d799-4acc-bb0f-fcf07319a3cc,L21-S02,Origine géographique: du/de/d’,مبدأ جغرافیایی,CAT08,SUB19,PREPOSITION_RECTION,حرف اضافه/رکسیون/ارجاع مکانی-زمانی,Lesson 21; printed p. 94,Stage1 rule text + Stage2 classification; error frequency not claimed by source,misconception-catalogue-recovered-v1.0.0,CANDIDATE_PREDEPLOY_CONTENT_REVIEW,NOT_YET_OBSERVED__STAGE27_CALIBRATION,b0c3b624-27a2-58b8-aa0c-818b0f359ebe,OVERGENERALIZATION,تعمیم بیش‌ازحد قاعده,قاعدهٔ هدف «مبدأ با du برای مذکر، de برای مؤنث و d’ پیش از واکه بیان می‌شود.» را بدون توجه به شرط، نقش یا محدودیت بافتی زیرموضوع «مبدأ جغرافیایی» به همهٔ موارد مشابه تعمیم می‌دهد.,ساخت distractor با اجرای قاعدهٔ عمومی در جایی که شرط دقیق subtopic آن را مجاز نمی‌کند.,اگر کاربر این گزینه را انتخاب کند، احتمالاً قاعده را می‌داند اما دامنهٔ کاربرد آن را بیش از حد گسترده گرفته است.,CORE,کتاب تأکید می‌کند de Chine درست است، نه *du Chine.
a7d4b7ab-babf-44fd-8d1b-09d273f60704,21,LA SITUATION dans l’ESPACE (2),52869adf-d799-4acc-bb0f-fcf07319a3cc,L21-S02,Origine géographique: du/de/d’,مبدأ جغرافیایی,CAT08,SUB19,PREPOSITION_RECTION,حرف اضافه/رکسیون/ارجاع مکانی-زمانی,Lesson 21; printed p. 94,Stage1 rule text + Stage2 classification; error frequency not claimed by source,misconception-catalogue-recovered-v1.0.0,CANDIDATE_PREDEPLOY_CONTENT_REVIEW,NOT_YET_OBSERVED__STAGE27_CALIBRATION,76365f38-a5e2-50ad-b627-97260396d728,NEAR_FORM_CONFUSION,اشتباه با فرم/قاعده نزدیک,حرف اضافهٔ پرتکرار یا نزدیک را بدون توجه به رکسیون، مکان/زمان یا معنای مکمل جایگزین می‌کند.,یک فرم واقعی و نزدیک از همان خانواده انتخاب شود؛ فرم باید در context دیگری معتبر باشد ولی اینجا به‌طور قطعی غلط باشد.,انتخاب آن نشان می‌دهد تمایز میان قاعده هدف و همسایهٔ نزدیک هنوز پایدار نشده است.,CORE,کتاب تأکید می‌کند de Chine درست است، نه *du Chine.
a7d4b7ab-babf-44fd-8d1b-09d273f60704,21,LA SITUATION dans l’ESPACE (2),52869adf-d799-4acc-bb0f-fcf07319a3cc,L21-S02,Origine géographique: du/de/d’,مبدأ جغرافیایی,CAT08,SUB19,PREPOSITION_RECTION,حرف اضافه/رکسیون/ارجاع مکانی-زمانی,Lesson 21; printed p. 94,Stage1 rule text + Stage2 classification; error frequency not claimed by source,misconception-catalogue-recovered-v1.0.0,CANDIDATE_PREDEPLOY_CONTENT_REVIEW,NOT_YET_OBSERVED__STAGE27_CALIBRATION,4997aac2-fd24-523d-9eac-4fa4dd2e93dd,CONTEXT_ROLE_MISMATCH,انتقال قاعده درست به context نادرست,حرف اضافه‌ای را که در context مکانی/زمانی یا با فعل دیگری درست است، به ساخت هدف منتقل می‌کند.,distractor از قاعده‌ای ساخته شود که به‌خودی‌خود معتبر است، اما نقش/مرجع/زمان/register این context با آن سازگار نیست.,انتخاب آن نشانهٔ تحلیل ناکافی context یا نقش دستوری است، نه صرفاً ندانستن شکل ظاهری.,CORE,کتاب تأکید می‌کند de Chine درست است، نه *du Chine.
a7d4b7ab-babf-44fd-8d1b-09d273f60704,21,LA SITUATION dans l’ESPACE (2),52869adf-d799-4acc-bb0f-fcf07319a3cc,L21-S02,Origine géographique: du/de/d’,مبدأ جغرافیایی,CAT08,SUB19,PREPOSITION_RECTION,حرف اضافه/رکسیون/ارجاع مکانی-زمانی,Lesson 21; printed p. 94,Stage1 rule text + Stage2 classification; error frequency not claimed by source,misconception-catalogue-recovered-v1.0.0,CANDIDATE_PREDEPLOY_CONTENT_REVIEW,NOT_YET_OBSERVED__STAGE27_CALIBRATION,5cc01893-a197-5e08-868b-860cbf7c7587,EXCEPTION_NEGLECT,نادیده‌گرفتن استثنا/محدودیت صریح,قاعدهٔ عمومی زیرموضوع «مبدأ جغرافیایی» را اعمال می‌کند اما نکته/استثنای صریح ثبت‌شده را نادیده می‌گیرد: کتاب تأکید می‌کند de Chine درست است، نه *du Chine.,گزینه از خروجی قاعدهٔ عمومی ساخته شود؛ تنها تفاوت باید همان استثنا/محدودیت ثبت‌شده باشد.,انتخاب آن به‌طور مستقیم نشان می‌دهد قاعده عمومی بازیابی شده ولی استثنای کتاب تثبیت نشده است.,HIGH_EXCEPTION,کتاب تأکید می‌کند de Chine درست است، نه *du Chine.
526ffab9-fc9b-4221-997e-e57dfbf9694a,22,LE COMPARATIF et LE SUPERLATIF,0ab52be9-3159-469a-81f1-4edec55f47a1,L22-S01,Comparatif de qualité,مقایسهٔ کیفیت,CAT06,SUB16,MODIFICATION_COMPARISON,صفت، قید و مقایسه,Lesson 22; printed p. 96,Stage1 rule text + Stage2 classification; error frequency not claimed by source,misconception-catalogue-recovered-v1.0.0,CANDIDATE_PREDEPLOY_CONTENT_REVIEW,NOT_YET_OBSERVED__STAGE27_CALIBRATION,aa99942f-c510-5ae8-8c1e-d7568a34468f,OVERGENERALIZATION,تعمیم بیش‌ازحد قاعده,قاعدهٔ هدف «plus/aussi/moins + adjectif/adverbe + que شدت کیفیت را مقایسه می‌کند.» را بدون توجه به شرط، نقش یا محدودیت بافتی زیرموضوع «مقایسهٔ کیفیت» به همهٔ موارد مشابه تعمیم می‌دهد.,ساخت distractor با اجرای قاعدهٔ عمومی در جایی که شرط دقیق subtopic آن را مجاز نمی‌کند.,اگر کاربر این گزینه را انتخاب کند، احتمالاً قاعده را می‌داند اما دامنهٔ کاربرد آن را بیش از حد گسترده گرفته است.,CORE,
526ffab9-fc9b-4221-997e-e57dfbf9694a,22,LE COMPARATIF et LE SUPERLATIF,0ab52be9-3159-469a-81f1-4edec55f47a1,L22-S01,Comparatif de qualité,مقایسهٔ کیفیت,CAT06,SUB16,MODIFICATION_COMPARISON,صفت، قید و مقایسه,Lesson 22; printed p. 96,Stage1 rule text + Stage2 classification; error frequency not claimed by source,misconception-catalogue-recovered-v1.0.0,CANDIDATE_PREDEPLOY_CONTENT_REVIEW,NOT_YET_OBSERVED__STAGE27_CALIBRATION,e503703d-4836-55ca-9e51-d6ef237415a9,NEAR_FORM_CONFUSION,اشتباه با فرم/قاعده نزدیک,صفت/قید یا ساخت مقایسهٔ نزدیک را بدون توجه به نقش، درجه یا معنای هدف انتخاب می‌کند.,یک فرم واقعی و نزدیک از همان خانواده انتخاب شود؛ فرم باید در context دیگری معتبر باشد ولی اینجا به‌طور قطعی غلط باشد.,انتخاب آن نشان می‌دهد تمایز میان قاعده هدف و همسایهٔ نزدیک هنوز پایدار نشده است.,CORE,
526ffab9-fc9b-4221-997e-e57dfbf9694a,22,LE COMPARATIF et LE SUPERLATIF,0ab52be9-3159-469a-81f1-4edec55f47a1,L22-S01,Comparatif de qualité,مقایسهٔ کیفیت,CAT06,SUB16,MODIFICATION_COMPARISON,صفت، قید و مقایسه,Lesson 22; printed p. 96,Stage1 rule text + Stage2 classification; error frequency not claimed by source,misconception-catalogue-recovered-v1.0.0,CANDIDATE_PREDEPLOY_CONTENT_REVIEW,NOT_YET_OBSERVED__STAGE27_CALIBRATION,1f06908d-ebb1-5dcd-8a12-aa23c5dea3ae,CONTEXT_ROLE_MISMATCH,انتقال قاعده درست به context نادرست,قاعده صفت/قید/مقایسه درست را در نقشی با درجه یا مرجع متفاوت به context فعلی منتقل می‌کند.,distractor از قاعده‌ای ساخته شود که به‌خودی‌خود معتبر است، اما نقش/مرجع/زمان/register این context با آن سازگار نیست.,انتخاب آن نشانهٔ تحلیل ناکافی context یا نقش دستوری است، نه صرفاً ندانستن شکل ظاهری.,CORE,
526ffab9-fc9b-4221-997e-e57dfbf9694a,22,LE COMPARATIF et LE SUPERLATIF,558004ad-110c-443c-80f4-f203de1e60ac,L22-S02,Comparatif de quantité,مقایسهٔ کمیت,CAT06,SUB16,MODIFICATION_COMPARISON,صفت، قید و مقایسه,Lesson 22; printed p. 96,Stage1 rule text + Stage2 classification; error frequency not claimed by source,misconception-catalogue-recovered-v1.0.0,CANDIDATE_PREDEPLOY_CONTENT_REVIEW,NOT_YET_OBSERVED__STAGE27_CALIBRATION,51a46fee-3ea6-5371-9138-982f5c51800b,OVERGENERALIZATION,تعمیم بیش‌ازحد قاعده,قاعدهٔ هدف «با فعل یا اسم، plus/autant/moins برای مقایسهٔ مقدار استفاده می‌شود.» را بدون توجه به شرط، نقش یا محدودیت بافتی زیرموضوع «مقایسهٔ کمیت» به همهٔ موارد مشابه تعمیم می‌دهد.,ساخت distractor با اجرای قاعدهٔ عمومی در جایی که شرط دقیق subtopic آن را مجاز نمی‌کند.,اگر کاربر این گزینه را انتخاب کند، احتمالاً قاعده را می‌داند اما دامنهٔ کاربرد آن را بیش از حد گسترده گرفته است.,CORE,
526ffab9-fc9b-4221-997e-e57dfbf9694a,22,LE COMPARATIF et LE SUPERLATIF,558004ad-110c-443c-80f4-f203de1e60ac,L22-S02,Comparatif de quantité,مقایسهٔ کمیت,CAT06,SUB16,MODIFICATION_COMPARISON,صفت، قید و مقایسه,Lesson 22; printed p. 96,Stage1 rule text + Stage2 classification; error frequency not claimed by source,misconception-catalogue-recovered-v1.0.0,CANDIDATE_PREDEPLOY_CONTENT_REVIEW,NOT_YET_OBSERVED__STAGE27_CALIBRATION,96196f83-b180-5ccd-aa77-bd70835858f2,NEAR_FORM_CONFUSION,اشتباه با فرم/قاعده نزدیک,صفت/قید یا ساخت مقایسهٔ نزدیک را بدون توجه به نقش، درجه یا معنای هدف انتخاب می‌کند.,یک فرم واقعی و نزدیک از همان خانواده انتخاب شود؛ فرم باید در context دیگری معتبر باشد ولی اینجا به‌طور قطعی غلط باشد.,انتخاب آن نشان می‌دهد تمایز میان قاعده هدف و همسایهٔ نزدیک هنوز پایدار نشده است.,CORE,
526ffab9-fc9b-4221-997e-e57dfbf9694a,22,LE COMPARATIF et LE SUPERLATIF,558004ad-110c-443c-80f4-f203de1e60ac,L22-S02,Comparatif de quantité,مقایسهٔ کمیت,CAT06,SUB16,MODIFICATION_COMPARISON,صفت، قید و مقایسه,Lesson 22; printed p. 96,Stage1 rule text + Stage2 classification; error frequency not claimed by source,misconception-catalogue-recovered-v1.0.0,CANDIDATE_PREDEPLOY_CONTENT_REVIEW,NOT_YET_OBSERVED__STAGE27_CALIBRATION,75efa3bd-9368-52c4-bbdf-9cfd2745ac43,CONTEXT_ROLE_MISMATCH,انتقال قاعده درست به context نادرست,قاعده صفت/قید/مقایسه درست را در نقشی با درجه یا مرجع متفاوت به context فعلی منتقل می‌کند.,distractor از قاعده‌ای ساخته شود که به‌خودی‌خود معتبر است، اما نقش/مرجع/زمان/register این context با آن سازگار نیست.,انتخاب آن نشانهٔ تحلیل ناکافی context یا نقش دستوری است، نه صرفاً ندانستن شکل ظاهری.,CORE,
526ffab9-fc9b-4221-997e-e57dfbf9694a,22,LE COMPARATIF et LE SUPERLATIF,5e3c38ea-1fa3-44ac-a8a9-d9371584e59f,L22-S03,Comparaison avec « comme »,شباهت با comme,CAT06,SUB16,MODIFICATION_COMPARISON,صفت، قید و مقایسه,Lesson 22; printed p. 96,Stage1 rule text + Stage2 classification; error frequency not claimed by source,misconception-catalogue-recovered-v1.0.0,CANDIDATE_PREDEPLOY_CONTENT_REVIEW,NOT_YET_OBSERVED__STAGE27_CALIBRATION,965b6436-deec-50ed-b91a-8521d0d21880,OVERGENERALIZATION,تعمیم بیش‌ازحد قاعده,قاعدهٔ هدف «comme همانندی/شباهت کیفی را بیان می‌کند.» را بدون توجه به شرط، نقش یا محدودیت بافتی زیرموضوع «شباهت با comme» به همهٔ موارد مشابه تعمیم می‌دهد.,ساخت distractor با اجرای قاعدهٔ عمومی در جایی که شرط دقیق subtopic آن را مجاز نمی‌کند.,اگر کاربر این گزینه را انتخاب کند، احتمالاً قاعده را می‌داند اما دامنهٔ کاربرد آن را بیش از حد گسترده گرفته است.,CORE,
526ffab9-fc9b-4221-997e-e57dfbf9694a,22,LE COMPARATIF et LE SUPERLATIF,5e3c38ea-1fa3-44ac-a8a9-d9371584e59f,L22-S03,Comparaison avec « comme »,شباهت با comme,CAT06,SUB16,MODIFICATION_COMPARISON,صفت، قید و مقایسه,Lesson 22; printed p. 96,Stage1 rule text + Stage2 classification; error frequency not claimed by source,misconception-catalogue-recovered-v1.0.0,CANDIDATE_PREDEPLOY_CONTENT_REVIEW,NOT_YET_OBSERVED__STAGE27_CALIBRATION,77a2316f-6474-5f01-abdf-279165b5eaaa,NEAR_FORM_CONFUSION,اشتباه با فرم/قاعده نزدیک,صفت/قید یا ساخت مقایسهٔ نزدیک را بدون توجه به نقش، درجه یا معنای هدف انتخاب می‌کند.,یک فرم واقعی و نزدیک از همان خانواده انتخاب شود؛ فرم باید در context دیگری معتبر باشد ولی اینجا به‌طور قطعی غلط باشد.,انتخاب آن نشان می‌دهد تمایز میان قاعده هدف و همسایهٔ نزدیک هنوز پایدار نشده است.,CORE,
526ffab9-fc9b-4221-997e-e57dfbf9694a,22,LE COMPARATIF et LE SUPERLATIF,5e3c38ea-1fa3-44ac-a8a9-d9371584e59f,L22-S03,Comparaison avec « comme »,شباهت با comme,CAT06,SUB16,MODIFICATION_COMPARISON,صفت، قید و مقایسه,Lesson 22; printed p. 96,Stage1 rule text + Stage2 classification; error frequency not claimed by source,misconception-catalogue-recovered-v1.0.0,CANDIDATE_PREDEPLOY_CONTENT_REVIEW,NOT_YET_OBSERVED__STAGE27_CALIBRATION,cb748c37-16aa-58fa-bdc7-744adaf2a473,CONTEXT_ROLE_MISMATCH,انتقال قاعده درست به context نادرست,قاعده صفت/قید/مقایسه درست را در نقشی با درجه یا مرجع متفاوت به context فعلی منتقل می‌کند.,distractor از قاعده‌ای ساخته شود که به‌خودی‌خود معتبر است، اما نقش/مرجع/زمان/register این context با آن سازگار نیست.,انتخاب آن نشانهٔ تحلیل ناکافی context یا نقش دستوری است، نه صرفاً ندانستن شکل ظاهری.,CORE,
526ffab9-fc9b-4221-997e-e57dfbf9694a,22,LE COMPARATIF et LE SUPERLATIF,c446cd47-6800-408e-bdf8-78cb2c529870,L22-S04,Superlatif,عالی‌ترین/کمترین,CAT06,SUB16,MODIFICATION_COMPARISON,صفت، قید و مقایسه,Lesson 22; printed p. 96,Stage1 rule text + Stage2 classification; error frequency not claimed by source,misconception-catalogue-recovered-v1.0.0,CANDIDATE_PREDEPLOY_CONTENT_REVIEW,NOT_YET_OBSERVED__STAGE27_CALIBRATION,5a65d543-12ad-5061-acf1-57f4a5f35499,OVERGENERALIZATION,تعمیم بیش‌ازحد قاعده,قاعدهٔ هدف «le/la/les + plus/moins + adjectif برای superlatif است.» را بدون توجه به شرط، نقش یا محدودیت بافتی زیرموضوع «عالی‌ترین/کمترین» به همهٔ موارد مشابه تعمیم می‌دهد.,ساخت distractor با اجرای قاعدهٔ عمومی در جایی که شرط دقیق subtopic آن را مجاز نمی‌کند.,اگر کاربر این گزینه را انتخاب کند، احتمالاً قاعده را می‌داند اما دامنهٔ کاربرد آن را بیش از حد گسترده گرفته است.,CORE,
526ffab9-fc9b-4221-997e-e57dfbf9694a,22,LE COMPARATIF et LE SUPERLATIF,c446cd47-6800-408e-bdf8-78cb2c529870,L22-S04,Superlatif,عالی‌ترین/کمترین,CAT06,SUB16,MODIFICATION_COMPARISON,صفت، قید و مقایسه,Lesson 22; printed p. 96,Stage1 rule text + Stage2 classification; error frequency not claimed by source,misconception-catalogue-recovered-v1.0.0,CANDIDATE_PREDEPLOY_CONTENT_REVIEW,NOT_YET_OBSERVED__STAGE27_CALIBRATION,a6e9d41b-3f68-5052-9a77-86957c0814ef,NEAR_FORM_CONFUSION,اشتباه با فرم/قاعده نزدیک,صفت/قید یا ساخت مقایسهٔ نزدیک را بدون توجه به نقش، درجه یا معنای هدف انتخاب می‌کند.,یک فرم واقعی و نزدیک از همان خانواده انتخاب شود؛ فرم باید در context دیگری معتبر باشد ولی اینجا به‌طور قطعی غلط باشد.,انتخاب آن نشان می‌دهد تمایز میان قاعده هدف و همسایهٔ نزدیک هنوز پایدار نشده است.,CORE,
526ffab9-fc9b-4221-997e-e57dfbf9694a,22,LE COMPARATIF et LE SUPERLATIF,c446cd47-6800-408e-bdf8-78cb2c529870,L22-S04,Superlatif,عالی‌ترین/کمترین,CAT06,SUB16,MODIFICATION_COMPARISON,صفت، قید و مقایسه,Lesson 22; printed p. 96,Stage1 rule text + Stage2 classification; error frequency not claimed by source,misconception-catalogue-recovered-v1.0.0,CANDIDATE_PREDEPLOY_CONTENT_REVIEW,NOT_YET_OBSERVED__STAGE27_CALIBRATION,14268f87-9804-59b2-a4eb-eaf53e5125cf,CONTEXT_ROLE_MISMATCH,انتقال قاعده درست به context نادرست,قاعده صفت/قید/مقایسه درست را در نقشی با درجه یا مرجع متفاوت به context فعلی منتقل می‌کند.,distractor از قاعده‌ای ساخته شود که به‌خودی‌خود معتبر است، اما نقش/مرجع/زمان/register این context با آن سازگار نیست.,انتخاب آن نشانهٔ تحلیل ناکافی context یا نقش دستوری است، نه صرفاً ندانستن شکل ظاهری.,CORE,
526ffab9-fc9b-4221-997e-e57dfbf9694a,22,LE COMPARATIF et LE SUPERLATIF,735c66e5-9ca8-405b-ae1c-1d5e8a533580,L22-S05,« meilleur » vs « mieux »,meilleur در برابر mieux,CAT06,SUB16,MODIFICATION_COMPARISON,صفت، قید و مقایسه,Lesson 22; printed p. 100,Stage1 rule text + Stage2 classification; error frequency not claimed by source,misconception-catalogue-recovered-v1.0.0,CANDIDATE_PREDEPLOY_CONTENT_REVIEW,NOT_YET_OBSERVED__STAGE27_CALIBRATION,dde59da2-7b9e-5eab-8c5a-ddb3983c9332,OVERGENERALIZATION,تعمیم بیش‌ازحد قاعده,قاعدهٔ هدف «meilleur شکل مقایسه‌ای bon و mieux شکل مقایسه‌ای bien است.» را بدون توجه به شرط، نقش یا محدودیت بافتی زیرموضوع «meilleur در برابر mieux» به همهٔ موارد مشابه تعمیم می‌دهد.,ساخت distractor با اجرای قاعدهٔ عمومی در جایی که شرط دقیق subtopic آن را مجاز نمی‌کند.,اگر کاربر این گزینه را انتخاب کند، احتمالاً قاعده را می‌داند اما دامنهٔ کاربرد آن را بیش از حد گسترده گرفته است.,CORE,il vaut mieux ساخت رایج برای توصیه/ترجیح است.
526ffab9-fc9b-4221-997e-e57dfbf9694a,22,LE COMPARATIF et LE SUPERLATIF,735c66e5-9ca8-405b-ae1c-1d5e8a533580,L22-S05,« meilleur » vs « mieux »,meilleur در برابر mieux,CAT06,SUB16,MODIFICATION_COMPARISON,صفت، قید و مقایسه,Lesson 22; printed p. 100,Stage1 rule text + Stage2 classification; error frequency not claimed by source,misconception-catalogue-recovered-v1.0.0,CANDIDATE_PREDEPLOY_CONTENT_REVIEW,NOT_YET_OBSERVED__STAGE27_CALIBRATION,4e56d99a-3c1b-574e-9004-87251440243b,NEAR_FORM_CONFUSION,اشتباه با فرم/قاعده نزدیک,صفت/قید یا ساخت مقایسهٔ نزدیک را بدون توجه به نقش، درجه یا معنای هدف انتخاب می‌کند.,یک فرم واقعی و نزدیک از همان خانواده انتخاب شود؛ فرم باید در context دیگری معتبر باشد ولی اینجا به‌طور قطعی غلط باشد.,انتخاب آن نشان می‌دهد تمایز میان قاعده هدف و همسایهٔ نزدیک هنوز پایدار نشده است.,CORE,il vaut mieux ساخت رایج برای توصیه/ترجیح است.
526ffab9-fc9b-4221-997e-e57dfbf9694a,22,LE COMPARATIF et LE SUPERLATIF,735c66e5-9ca8-405b-ae1c-1d5e8a533580,L22-S05,« meilleur » vs « mieux »,meilleur در برابر mieux,CAT06,SUB16,MODIFICATION_COMPARISON,صفت، قید و مقایسه,Lesson 22; printed p. 100,Stage1 rule text + Stage2 classification; error frequency not claimed by source,misconception-catalogue-recovered-v1.0.0,CANDIDATE_PREDEPLOY_CONTENT_REVIEW,NOT_YET_OBSERVED__STAGE27_CALIBRATION,edc882e9-bf72-5684-917a-1500b87f57ff,CONTEXT_ROLE_MISMATCH,انتقال قاعده درست به context نادرست,قاعده صفت/قید/مقایسه درست را در نقشی با درجه یا مرجع متفاوت به context فعلی منتقل می‌کند.,distractor از قاعده‌ای ساخته شود که به‌خودی‌خود معتبر است، اما نقش/مرجع/زمان/register این context با آن سازگار نیست.,انتخاب آن نشانهٔ تحلیل ناکافی context یا نقش دستوری است، نه صرفاً ندانستن شکل ظاهری.,CORE,il vaut mieux ساخت رایج برای توصیه/ترجیح است.
526ffab9-fc9b-4221-997e-e57dfbf9694a,22,LE COMPARATIF et LE SUPERLATIF,735c66e5-9ca8-405b-ae1c-1d5e8a533580,L22-S05,« meilleur » vs « mieux »,meilleur در برابر mieux,CAT06,SUB16,MODIFICATION_COMPARISON,صفت، قید و مقایسه,Lesson 22; printed p. 100,Stage1 rule text + Stage2 classification; error frequency not claimed by source,misconception-catalogue-recovered-v1.0.0,CANDIDATE_PREDEPLOY_CONTENT_REVIEW,NOT_YET_OBSERVED__STAGE27_CALIBRATION,4dca28a4-c3a9-597d-9541-b6238df93a6b,EXCEPTION_NEGLECT,نادیده‌گرفتن استثنا/محدودیت صریح,قاعدهٔ عمومی زیرموضوع «meilleur در برابر mieux» را اعمال می‌کند اما نکته/استثنای صریح ثبت‌شده را نادیده می‌گیرد: il vaut mieux ساخت رایج برای توصیه/ترجیح است.,گزینه از خروجی قاعدهٔ عمومی ساخته شود؛ تنها تفاوت باید همان استثنا/محدودیت ثبت‌شده باشد.,انتخاب آن به‌طور مستقیم نشان می‌دهد قاعده عمومی بازیابی شده ولی استثنای کتاب تثبیت نشده است.,HIGH_EXCEPTION,il vaut mieux ساخت رایج برای توصیه/ترجیح است.
327c43bc-8757-4e51-aff0-9c04775c57cf,23,LE VERBE « ALLER »,50607a6d-4c46-43eb-9631-704ca3f1a8a4,L23-S01,Conjugaison de « aller »,صرف aller,CAT01,SUB01,CONJUGATION_FORM,صرف و صورت فعل,Lesson 23; printed p. 102,Stage1 rule text + Stage2 classification; error frequency not claimed by source,misconception-catalogue-recovered-v1.0.0,CANDIDATE_PREDEPLOY_CONTENT_REVIEW,NOT_YET_OBSERVED__STAGE27_CALIBRATION,1fff3adc-c15a-54f6-b9fe-103459bbef13,OVERGENERALIZATION,تعمیم بیش‌ازحد قاعده,"قاعدهٔ هدف «aller فعل نامنظم با vais, vas, va, allons, allez, vont است.» را بدون توجه به شرط، نقش یا محدودیت بافتی زیرموضوع «صرف aller» به همهٔ موارد مشابه تعمیم می‌دهد.",ساخت distractor با اجرای قاعدهٔ عمومی در جایی که شرط دقیق subtopic آن را مجاز نمی‌کند.,اگر کاربر این گزینه را انتخاب کند، احتمالاً قاعده را می‌داند اما دامنهٔ کاربرد آن را بیش از حد گسترده گرفته است.,CORE,
327c43bc-8757-4e51-aff0-9c04775c57cf,23,LE VERBE « ALLER »,50607a6d-4c46-43eb-9631-704ca3f1a8a4,L23-S01,Conjugaison de « aller »,صرف aller,CAT01,SUB01,CONJUGATION_FORM,صرف و صورت فعل,Lesson 23; printed p. 102,Stage1 rule text + Stage2 classification; error frequency not claimed by source,misconception-catalogue-recovered-v1.0.0,CANDIDATE_PREDEPLOY_CONTENT_REVIEW,NOT_YET_OBSERVED__STAGE27_CALIBRATION,da40702d-039f-58cd-a390-b28eb4b07b71,NEAR_FORM_CONFUSION,اشتباه با فرم/قاعده نزدیک,صورت صرفی نزدیک همان فعل (شخص، ریشه یا پایانه دیگر) را به‌جای صورت هدف انتخاب می‌کند.,یک فرم واقعی و نزدیک از همان خانواده انتخاب شود؛ فرم باید در context دیگری معتبر باشد ولی اینجا به‌طور قطعی غلط باشد.,انتخاب آن نشان می‌دهد تمایز میان قاعده هدف و همسایهٔ نزدیک هنوز پایدار نشده است.,CORE,
327c43bc-8757-4e51-aff0-9c04775c57cf,23,LE VERBE « ALLER »,50607a6d-4c46-43eb-9631-704ca3f1a8a4,L23-S01,Conjugaison de « aller »,صرف aller,CAT01,SUB01,CONJUGATION_FORM,صرف و صورت فعل,Lesson 23; printed p. 102,Stage1 rule text + Stage2 classification; error frequency not claimed by source,misconception-catalogue-recovered-v1.0.0,CANDIDATE_PREDEPLOY_CONTENT_REVIEW,NOT_YET_OBSERVED__STAGE27_CALIBRATION,24c3de78-3246-5e13-b69d-63c07c38955e,CONTEXT_ROLE_MISMATCH,انتقال قاعده درست به context نادرست,صورت صرفی‌ای را که برای فاعل/زمان دیگری درست است به context فعلی منتقل می‌کند.,distractor از قاعده‌ای ساخته شود که به‌خودی‌خود معتبر است، اما نقش/مرجع/زمان/register این context با آن سازگار نیست.,انتخاب آن نشانهٔ تحلیل ناکافی context یا نقش دستوری است، نه صرفاً ندانستن شکل ظاهری.,CORE,
327c43bc-8757-4e51-aff0-9c04775c57cf,23,LE VERBE « ALLER »,15620efc-5c97-48a8-a7d4-6437cbb2ada7,L23-S02,Aller + lieu / chez,aller با مقصد و chez,CAT01,SUB01,PREPOSITION_RECTION,حرف اضافه/رکسیون/ارجاع مکانی-زمانی,Lesson 23; printed p. 102,Stage1 rule text + Stage2 classification; error frequency not claimed by source,misconception-catalogue-recovered-v1.0.0,CANDIDATE_PREDEPLOY_CONTENT_REVIEW,NOT_YET_OBSERVED__STAGE27_CALIBRATION,d6140c5c-8990-5d4f-b69d-77f76fd1676b,OVERGENERALIZATION,تعمیم بیش‌ازحد قاعده,قاعدهٔ هدف «aller به مقصد با حرف اضافهٔ مناسب و به نزد شخص/حرفه با chez می‌آید.» را بدون توجه به شرط، نقش یا محدودیت بافتی زیرموضوع «aller با مقصد و chez» به همهٔ موارد مشابه تعمیم می‌دهد.,ساخت distractor با اجرای قاعدهٔ عمومی در جایی که شرط دقیق subtopic آن را مجاز نمی‌کند.,اگر کاربر این گزینه را انتخاب کند، احتمالاً قاعده را می‌داند اما دامنهٔ کاربرد آن را بیش از حد گسترده گرفته است.,CORE,
327c43bc-8757-4e51-aff0-9c04775c57cf,23,LE VERBE « ALLER »,15620efc-5c97-48a8-a7d4-6437cbb2ada7,L23-S02,Aller + lieu / chez,aller با مقصد و chez,CAT01,SUB01,PREPOSITION_RECTION,حرف اضافه/رکسیون/ارجاع مکانی-زمانی,Lesson 23; printed p. 102,Stage1 rule text + Stage2 classification; error frequency not claimed by source,misconception-catalogue-recovered-v1.0.0,CANDIDATE_PREDEPLOY_CONTENT_REVIEW,NOT_YET_OBSERVED__STAGE27_CALIBRATION,5112274f-96f3-5d58-9b80-65aa8c7f75be,NEAR_FORM_CONFUSION,اشتباه با فرم/قاعده نزدیک,حرف اضافهٔ پرتکرار یا نزدیک را بدون توجه به رکسیون، مکان/زمان یا معنای مکمل جایگزین می‌کند.,یک فرم واقعی و نزدیک از همان خانواده انتخاب شود؛ فرم باید در context دیگری معتبر باشد ولی اینجا به‌طور قطعی غلط باشد.,انتخاب آن نشان می‌دهد تمایز میان قاعده هدف و همسایهٔ نزدیک هنوز پایدار نشده است.,CORE,
327c43bc-8757-4e51-aff0-9c04775c57cf,23,LE VERBE « ALLER »,15620efc-5c97-48a8-a7d4-6437cbb2ada7,L23-S02,Aller + lieu / chez,aller با مقصد و chez,CAT01,SUB01,PREPOSITION_RECTION,حرف اضافه/رکسیون/ارجاع مکانی-زمانی,Lesson 23; printed p. 102,Stage1 rule text + Stage2 classification; error frequency not claimed by source,misconception-catalogue-recovered-v1.0.0,CANDIDATE_PREDEPLOY_CONTENT_REVIEW,NOT_YET_OBSERVED__STAGE27_CALIBRATION,faee2ff0-e605-5681-8142-adac8964db76,CONTEXT_ROLE_MISMATCH,انتقال قاعده درست به context نادرست,حرف اضافه‌ای را که در context مکانی/زمانی یا با فعل دیگری درست است، به ساخت هدف منتقل می‌کند.,distractor از قاعده‌ای ساخته شود که به‌خودی‌خود معتبر است، اما نقش/مرجع/زمان/register این context با آن سازگار نیست.,انتخاب آن نشانهٔ تحلیل ناکافی context یا نقش دستوری است، نه صرفاً ندانستن شکل ظاهری.,CORE,
327c43bc-8757-4e51-aff0-9c04775c57cf,23,LE VERBE « ALLER »,c0070cde-3262-46b8-a554-d9ed856927d0,L23-S03,Moyens de transport,وسیلهٔ حمل‌ونقل,CAT01,SUB01,CONJUGATION_FORM,صرف و صورت فعل,Lesson 23; printed p. 102,Stage1 rule text + Stage2 classification; error frequency not claimed by source,misconception-catalogue-recovered-v1.0.0,CANDIDATE_PREDEPLOY_CONTENT_REVIEW,NOT_YET_OBSERVED__STAGE27_CALIBRATION,c9457829-3ab4-5198-a6ed-f42dd4cab211,OVERGENERALIZATION,تعمیم بیش‌ازحد قاعده,قاعدهٔ هدف «en با بیشتر وسایل حمل‌ونقل می‌آید.» را بدون توجه به شرط، نقش یا محدودیت بافتی زیرموضوع «وسیلهٔ حمل‌ونقل» به همهٔ موارد مشابه تعمیم می‌دهد.,ساخت distractor با اجرای قاعدهٔ عمومی در جایی که شرط دقیق subtopic آن را مجاز نمی‌کند.,اگر کاربر این گزینه را انتخاب کند، احتمالاً قاعده را می‌داند اما دامنهٔ کاربرد آن را بیش از حد گسترده گرفته است.,CORE,"à pied, à bicyclette, à cheval."
327c43bc-8757-4e51-aff0-9c04775c57cf,23,LE VERBE « ALLER »,c0070cde-3262-46b8-a554-d9ed856927d0,L23-S03,Moyens de transport,وسیلهٔ حمل‌ونقل,CAT01,SUB01,CONJUGATION_FORM,صرف و صورت فعل,Lesson 23; printed p. 102,Stage1 rule text + Stage2 classification; error frequency not claimed by source,misconception-catalogue-recovered-v1.0.0,CANDIDATE_PREDEPLOY_CONTENT_REVIEW,NOT_YET_OBSERVED__STAGE27_CALIBRATION,92e703d4-16a7-5958-af32-1d3ff82396fc,NEAR_FORM_CONFUSION,اشتباه با فرم/قاعده نزدیک,صورت صرفی نزدیک همان فعل (شخص، ریشه یا پایانه دیگر) را به‌جای صورت هدف انتخاب می‌کند.,یک فرم واقعی و نزدیک از همان خانواده انتخاب شود؛ فرم باید در context دیگری معتبر باشد ولی اینجا به‌طور قطعی غلط باشد.,انتخاب آن نشان می‌دهد تمایز میان قاعده هدف و همسایهٔ نزدیک هنوز پایدار نشده است.,CORE,"à pied, à bicyclette, à cheval."
327c43bc-8757-4e51-aff0-9c04775c57cf,23,LE VERBE « ALLER »,c0070cde-3262-46b8-a554-d9ed856927d0,L23-S03,Moyens de transport,وسیلهٔ حمل‌ونقل,CAT01,SUB01,CONJUGATION_FORM,صرف و صورت فعل,Lesson 23; printed p. 102,Stage1 rule text + Stage2 classification; error frequency not claimed by source,misconception-catalogue-recovered-v1.0.0,CANDIDATE_PREDEPLOY_CONTENT_REVIEW,NOT_YET_OBSERVED__STAGE27_CALIBRATION,4b4987ec-41c2-5d4f-ba9a-d5cc08278686,CONTEXT_ROLE_MISMATCH,انتقال قاعده درست به context نادرست,صورت صرفی‌ای را که برای فاعل/زمان دیگری درست است به context فعلی منتقل می‌کند.,distractor از قاعده‌ای ساخته شود که به‌خودی‌خود معتبر است، اما نقش/مرجع/زمان/register این context با آن سازگار نیست.,انتخاب آن نشانهٔ تحلیل ناکافی context یا نقش دستوری است، نه صرفاً ندانستن شکل ظاهری.,CORE,"à pied, à bicyclette, à cheval."
327c43bc-8757-4e51-aff0-9c04775c57cf,23,LE VERBE « ALLER »,c0070cde-3262-46b8-a554-d9ed856927d0,L23-S03,Moyens de transport,وسیلهٔ حمل‌ونقل,CAT01,SUB01,CONJUGATION_FORM,صرف و صورت فعل,Lesson 23; printed p. 102,Stage1 rule text + Stage2 classification; error frequency not claimed by source,misconception-catalogue-recovered-v1.0.0,CANDIDATE_PREDEPLOY_CONTENT_REVIEW,NOT_YET_OBSERVED__STAGE27_CALIBRATION,92e9318e-34ec-5ab3-95e8-1557c461d26a,EXCEPTION_NEGLECT,نادیده‌گرفتن استثنا/محدودیت صریح,"قاعدهٔ عمومی زیرموضوع «وسیلهٔ حمل‌ونقل» را اعمال می‌کند اما نکته/استثنای صریح ثبت‌شده را نادیده می‌گیرد: à pied, à bicyclette, à cheval.",گزینه از خروجی قاعدهٔ عمومی ساخته شود؛ تنها تفاوت باید همان استثنا/محدودیت ثبت‌شده باشد.,انتخاب آن به‌طور مستقیم نشان می‌دهد قاعده عمومی بازیابی شده ولی استثنای کتاب تثبیت نشده است.,HIGH_EXCEPTION,"à pied, à bicyclette, à cheval."
e3b468de-4bc2-4b96-b4dc-0bfa0c3d5a85,24,LE PRONOM « Y »,d74d7c3e-9a72-4491-a758-a4247310b6f9,L24-S01,« y » remplace un lieu,y به‌جای مکان,CAT04,SUB08,PREPOSITION_RECTION,حرف اضافه/رکسیون/ارجاع مکانی-زمانی,Lesson 24; printed p. 104,Stage1 rule text + Stage2 classification; error frequency not claimed by source,misconception-catalogue-recovered-v1.0.0,CANDIDATE_PREDEPLOY_CONTENT_REVIEW,NOT_YET_OBSERVED__STAGE27_CALIBRATION,dc559f43-245a-5437-93a8-d873cf96fcb5,OVERGENERALIZATION,تعمیم بیش‌ازحد قاعده,قاعدهٔ هدف «y مکمل مکانی را جایگزین می‌کند.» را بدون توجه به شرط، نقش یا محدودیت بافتی زیرموضوع «y به‌جای مکان» به همهٔ موارد مشابه تعمیم می‌دهد.,ساخت distractor با اجرای قاعدهٔ عمومی در جایی که شرط دقیق subtopic آن را مجاز نمی‌کند.,اگر کاربر این گزینه را انتخاب کند، احتمالاً قاعده را می‌داند اما دامنهٔ کاربرد آن را بیش از حد گسترده گرفته است.,CORE,
e3b468de-4bc2-4b96-b4dc-0bfa0c3d5a85,24,LE PRONOM « Y »,d74d7c3e-9a72-4491-a758-a4247310b6f9,L24-S01,« y » remplace un lieu,y به‌جای مکان,CAT04,SUB08,PREPOSITION_RECTION,حرف اضافه/رکسیون/ارجاع مکانی-زمانی,Lesson 24; printed p. 104,Stage1 rule text + Stage2 classification; error frequency not claimed by source,misconception-catalogue-recovered-v1.0.0,CANDIDATE_PREDEPLOY_CONTENT_REVIEW,NOT_YET_OBSERVED__STAGE27_CALIBRATION,fdbae9e1-8738-5c90-8ece-eadb670de7e7,NEAR_FORM_CONFUSION,اشتباه با فرم/قاعده نزدیک,حرف اضافهٔ پرتکرار یا نزدیک را بدون توجه به رکسیون، مکان/زمان یا معنای مکمل جایگزین می‌کند.,یک فرم واقعی و نزدیک از همان خانواده انتخاب شود؛ فرم باید در context دیگری معتبر باشد ولی اینجا به‌طور قطعی غلط باشد.,انتخاب آن نشان می‌دهد تمایز میان قاعده هدف و همسایهٔ نزدیک هنوز پایدار نشده است.,CORE,
e3b468de-4bc2-4b96-b4dc-0bfa0c3d5a85,24,LE PRONOM « Y »,d74d7c3e-9a72-4491-a758-a4247310b6f9,L24-S01,« y » remplace un lieu,y به‌جای مکان,CAT04,SUB08,PREPOSITION_RECTION,حرف اضافه/رکسیون/ارجاع مکانی-زمانی,Lesson 24; printed p. 104,Stage1 rule text + Stage2 classification; error frequency not claimed by source,misconception-catalogue-recovered-v1.0.0,CANDIDATE_PREDEPLOY_CONTENT_REVIEW,NOT_YET_OBSERVED__STAGE27_CALIBRATION,80f7d338-6399-5d9c-aa37-44b1eb37c869,CONTEXT_ROLE_MISMATCH,انتقال قاعده درست به context نادرست,حرف اضافه‌ای را که در context مکانی/زمانی یا با فعل دیگری درست است، به ساخت هدف منتقل می‌کند.,distractor از قاعده‌ای ساخته شود که به‌خودی‌خود معتبر است، اما نقش/مرجع/زمان/register این context با آن سازگار نیست.,انتخاب آن نشانهٔ تحلیل ناکافی context یا نقش دستوری است، نه صرفاً ندانستن شکل ظاهری.,CORE,
e3b468de-4bc2-4b96-b4dc-0bfa0c3d5a85,24,LE PRONOM « Y »,e89d41ea-ec9e-4647-9ddc-d1e1def897fb,L24-S02,« y » remplace « à + chose »,y به‌جای à+چیز,CAT04,SUB08,PRONOUN_REFERENCE,ضمیر و ارجاع,Lesson 24; printed p. 104,Stage1 rule text + Stage2 classification; error frequency not claimed by source,misconception-catalogue-recovered-v1.0.0,CANDIDATE_PREDEPLOY_CONTENT_REVIEW,NOT_YET_OBSERVED__STAGE27_CALIBRATION,1b3e9d59-0b9f-5a8f-9309-daf8c224a3eb,OVERGENERALIZATION,تعمیم بیش‌ازحد قاعده,"قاعدهٔ هدف «برای چیزها در penser à, participer à, s’intéresser à و مشابه، y مکمل را جایگزین می‌کند.» را بدون توجه به شرط، نقش یا محدودیت بافتی زیرموضوع «y به‌جای à+چیز» به همهٔ موارد مشابه تعمیم می‌دهد.",ساخت distractor با اجرای قاعدهٔ عمومی در جایی که شرط دقیق subtopic آن را مجاز نمی‌کند.,اگر کاربر این گزینه را انتخاب کند، احتمالاً قاعده را می‌داند اما دامنهٔ کاربرد آن را بیش از حد گسترده گرفته است.,CORE,
e3b468de-4bc2-4b96-b4dc-0bfa0c3d5a85,24,LE PRONOM « Y »,e89d41ea-ec9e-4647-9ddc-d1e1def897fb,L24-S02,« y » remplace « à + chose »,y به‌جای à+چیز,CAT04,SUB08,PRONOUN_REFERENCE,ضمیر و ارجاع,Lesson 24; printed p. 104,Stage1 rule text + Stage2 classification; error frequency not claimed by source,misconception-catalogue-recovered-v1.0.0,CANDIDATE_PREDEPLOY_CONTENT_REVIEW,NOT_YET_OBSERVED__STAGE27_CALIBRATION,1e61a610-bc66-555b-9e1c-1a198278c795,NEAR_FORM_CONFUSION,اشتباه با فرم/قاعده نزدیک,نوع یا صورت ضمیر نزدیک (نقش، شخص، جنس/شمار یا نوع متمم متفاوت) را به‌جای ضمیر هدف انتخاب می‌کند.,یک فرم واقعی و نزدیک از همان خانواده انتخاب شود؛ فرم باید در context دیگری معتبر باشد ولی اینجا به‌طور قطعی غلط باشد.,انتخاب آن نشان می‌دهد تمایز میان قاعده هدف و همسایهٔ نزدیک هنوز پایدار نشده است.,CORE,
e3b468de-4bc2-4b96-b4dc-0bfa0c3d5a85,24,LE PRONOM « Y »,e89d41ea-ec9e-4647-9ddc-d1e1def897fb,L24-S02,« y » remplace « à + chose »,y به‌جای à+چیز,CAT04,SUB08,PRONOUN_REFERENCE,ضمیر و ارجاع,Lesson 24; printed p. 104,Stage1 rule text + Stage2 classification; error frequency not claimed by source,misconception-catalogue-recovered-v1.0.0,CANDIDATE_PREDEPLOY_CONTENT_REVIEW,NOT_YET_OBSERVED__STAGE27_CALIBRATION,b82b6cd0-d05b-577c-b566-2318e46262a4,CONTEXT_ROLE_MISMATCH,انتقال قاعده درست به context نادرست,ضمیر درست برای مرجع یا متمم دیگری را به این جمله منتقل می‌کند و antecedent/رکسیون فعلی را نادیده می‌گیرد.,distractor از قاعده‌ای ساخته شود که به‌خودی‌خود معتبر است، اما نقش/مرجع/زمان/register این context با آن سازگار نیست.,انتخاب آن نشانهٔ تحلیل ناکافی context یا نقش دستوری است، نه صرفاً ندانستن شکل ظاهری.,CORE,
e3b468de-4bc2-4b96-b4dc-0bfa0c3d5a85,24,LE PRONOM « Y »,60e31850-bea1-4205-ae5e-b2744e1e5164,L24-S03,Personnes après « à »,شخص پس از à,CAT04,SUB08,PRONOUN_REFERENCE,ضمیر و ارجاع,Lesson 24; printed p. 104,Stage1 rule text + Stage2 classification; error frequency not claimed by source,misconception-catalogue-recovered-v1.0.0,CANDIDATE_PREDEPLOY_CONTENT_REVIEW,NOT_YET_OBSERVED__STAGE27_CALIBRATION,c47fdae3-0f36-57da-b155-e11731434586,OVERGENERALIZATION,تعمیم بیش‌ازحد قاعده,قاعدهٔ هدف «برای شخص، بسیاری از ساخت‌ها به‌جای y از pronom tonique یا lui/leur استفاده می‌کنند.» را بدون توجه به شرط، نقش یا محدودیت بافتی زیرموضوع «شخص پس از à» به همهٔ موارد مشابه تعمیم می‌دهد.,ساخت distractor با اجرای قاعدهٔ عمومی در جایی که شرط دقیق subtopic آن را مجاز نمی‌کند.,اگر کاربر این گزینه را انتخاب کند، احتمالاً قاعده را می‌داند اما دامنهٔ کاربرد آن را بیش از حد گسترده گرفته است.,CORE,
e3b468de-4bc2-4b96-b4dc-0bfa0c3d5a85,24,LE PRONOM « Y »,60e31850-bea1-4205-ae5e-b2744e1e5164,L24-S03,Personnes après « à »,شخص پس از à,CAT04,SUB08,PRONOUN_REFERENCE,ضمیر و ارجاع,Lesson 24; printed p. 104,Stage1 rule text + Stage2 classification; error frequency not claimed by source,misconception-catalogue-recovered-v1.0.0,CANDIDATE_PREDEPLOY_CONTENT_REVIEW,NOT_YET_OBSERVED__STAGE27_CALIBRATION,dda357ba-8221-5524-9952-ff8264c96e18,NEAR_FORM_CONFUSION,اشتباه با فرم/قاعده نزدیک,نوع یا صورت ضمیر نزدیک (نقش، شخص، جنس/شمار یا نوع متمم متفاوت) را به‌جای ضمیر هدف انتخاب می‌کند.,یک فرم واقعی و نزدیک از همان خانواده انتخاب شود؛ فرم باید در context دیگری معتبر باشد ولی اینجا به‌طور قطعی غلط باشد.,انتخاب آن نشان می‌دهد تمایز میان قاعده هدف و همسایهٔ نزدیک هنوز پایدار نشده است.,CORE,
e3b468de-4bc2-4b96-b4dc-0bfa0c3d5a85,24,LE PRONOM « Y »,60e31850-bea1-4205-ae5e-b2744e1e5164,L24-S03,Personnes après « à »,شخص پس از à,CAT04,SUB08,PRONOUN_REFERENCE,ضمیر و ارجاع,Lesson 24; printed p. 104,Stage1 rule text + Stage2 classification; error frequency not claimed by source,misconception-catalogue-recovered-v1.0.0,CANDIDATE_PREDEPLOY_CONTENT_REVIEW,NOT_YET_OBSERVED__STAGE27_CALIBRATION,94bc5d72-775c-5d1d-948e-e06b8cab62e6,CONTEXT_ROLE_MISMATCH,انتقال قاعده درست به context نادرست,ضمیر درست برای مرجع یا متمم دیگری را به این جمله منتقل می‌کند و antecedent/رکسیون فعلی را نادیده می‌گیرد.,distractor از قاعده‌ای ساخته شود که به‌خودی‌خود معتبر است، اما نقش/مرجع/زمان/register این context با آن سازگار نیست.,انتخاب آن نشانهٔ تحلیل ناکافی context یا نقش دستوری است، نه صرفاً ندانستن شکل ظاهری.,CORE,
e3b468de-4bc2-4b96-b4dc-0bfa0c3d5a85,24,LE PRONOM « Y »,fce5c8b2-31b5-42ee-81ac-e1624d60de14,L24-S04,Expressions figées avec « y »,عبارت‌های ثابت y,CAT04,SUB08,PRONOUN_REFERENCE,ضمیر و ارجاع,Lesson 24; printed p. 104,Stage1 rule text + Stage2 classification; error frequency not claimed by source,misconception-catalogue-recovered-v1.0.0,CANDIDATE_PREDEPLOY_CONTENT_REVIEW,NOT_YET_OBSERVED__STAGE27_CALIBRATION,08645d4e-e3e0-55e8-8d77-756596c6b438,OVERGENERALIZATION,تعمیم بیش‌ازحد قاعده,قاعدهٔ هدف «چند عبارت رایج y را به‌صورت جزء تثبیت‌شده دارند.» را بدون توجه به شرط، نقش یا محدودیت بافتی زیرموضوع «عبارت‌های ثابت y» به همهٔ موارد مشابه تعمیم می‌دهد.,ساخت distractor با اجرای قاعدهٔ عمومی در جایی که شرط دقیق subtopic آن را مجاز نمی‌کند.,اگر کاربر این گزینه را انتخاب کند، احتمالاً قاعده را می‌داند اما دامنهٔ کاربرد آن را بیش از حد گسترده گرفته است.,CORE,
e3b468de-4bc2-4b96-b4dc-0bfa0c3d5a85,24,LE PRONOM « Y »,fce5c8b2-31b5-42ee-81ac-e1624d60de14,L24-S04,Expressions figées avec « y »,عبارت‌های ثابت y,CAT04,SUB08,PRONOUN_REFERENCE,ضمیر و ارجاع,Lesson 24; printed p. 104,Stage1 rule text + Stage2 classification; error frequency not claimed by source,misconception-catalogue-recovered-v1.0.0,CANDIDATE_PREDEPLOY_CONTENT_REVIEW,NOT_YET_OBSERVED__STAGE27_CALIBRATION,3932b123-5c87-5e5b-9def-4b6f743f9cad,NEAR_FORM_CONFUSION,اشتباه با فرم/قاعده نزدیک,نوع یا صورت ضمیر نزدیک (نقش، شخص، جنس/شمار یا نوع متمم متفاوت) را به‌جای ضمیر هدف انتخاب می‌کند.,یک فرم واقعی و نزدیک از همان خانواده انتخاب شود؛ فرم باید در context دیگری معتبر باشد ولی اینجا به‌طور قطعی غلط باشد.,انتخاب آن نشان می‌دهد تمایز میان قاعده هدف و همسایهٔ نزدیک هنوز پایدار نشده است.,CORE,
e3b468de-4bc2-4b96-b4dc-0bfa0c3d5a85,24,LE PRONOM « Y »,fce5c8b2-31b5-42ee-81ac-e1624d60de14,L24-S04,Expressions figées avec « y »,عبارت‌های ثابت y,CAT04,SUB08,PRONOUN_REFERENCE,ضمیر و ارجاع,Lesson 24; printed p. 104,Stage1 rule text + Stage2 classification; error frequency not claimed by source,misconception-catalogue-recovered-v1.0.0,CANDIDATE_PREDEPLOY_CONTENT_REVIEW,NOT_YET_OBSERVED__STAGE27_CALIBRATION,83cfcf29-90a0-51f8-b1e3-f28705acdc80,CONTEXT_ROLE_MISMATCH,انتقال قاعده درست به context نادرست,ضمیر درست برای مرجع یا متمم دیگری را به این جمله منتقل می‌کند و antecedent/رکسیون فعلی را نادیده می‌گیرد.,distractor از قاعده‌ای ساخته شود که به‌خودی‌خود معتبر است، اما نقش/مرجع/زمان/register این context با آن سازگار نیست.,انتخاب آن نشانهٔ تحلیل ناکافی context یا نقش دستوری است، نه صرفاً ندانستن شکل ظاهری.,CORE,
aece8fe7-c303-4257-a531-a3d6e0f242de,25,LA SITUATION dans l’ESPACE et le TEMPS (3),6116a265-0854-47df-bd77-e8497f5ded0f,L25-S01,« à » point spatial/temporel,à برای نقطهٔ مکان/زمان,CAT08,SUB21,PREPOSITION_RECTION,حرف اضافه/رکسیون/ارجاع مکانی-زمانی,Lesson 25; printed p. 106,Stage1 rule text + Stage2 classification; error frequency not claimed by source,misconception-catalogue-recovered-v1.0.0,CANDIDATE_PREDEPLOY_CONTENT_REVIEW,NOT_YET_OBSERVED__STAGE27_CALIBRATION,f2e5f7be-db9c-516f-9971-7e6f38d386fd,OVERGENERALIZATION,تعمیم بیش‌ازحد قاعده,قاعدهٔ هدف «à نقطهٔ مشخص در مکان یا زمان را معرفی می‌کند.» را بدون توجه به شرط، نقش یا محدودیت بافتی زیرموضوع «à برای نقطهٔ مکان/زمان» به همهٔ موارد مشابه تعمیم می‌دهد.,ساخت distractor با اجرای قاعدهٔ عمومی در جایی که شرط دقیق subtopic آن را مجاز نمی‌کند.,اگر کاربر این گزینه را انتخاب کند، احتمالاً قاعده را می‌داند اما دامنهٔ کاربرد آن را بیش از حد گسترده گرفته است.,CORE,
aece8fe7-c303-4257-a531-a3d6e0f242de,25,LA SITUATION dans l’ESPACE et le TEMPS (3),6116a265-0854-47df-bd77-e8497f5ded0f,L25-S01,« à » point spatial/temporel,à برای نقطهٔ مکان/زمان,CAT08,SUB21,PREPOSITION_RECTION,حرف اضافه/رکسیون/ارجاع مکانی-زمانی,Lesson 25; printed p. 106,Stage1 rule text + Stage2 classification; error frequency not claimed by source,misconception-catalogue-recovered-v1.0.0,CANDIDATE_PREDEPLOY_CONTENT_REVIEW,NOT_YET_OBSERVED__STAGE27_CALIBRATION,9a384ec0-a81e-50d7-9c2b-955fc95064ba,NEAR_FORM_CONFUSION,اشتباه با فرم/قاعده نزدیک,حرف اضافهٔ پرتکرار یا نزدیک را بدون توجه به رکسیون، مکان/زمان یا معنای مکمل جایگزین می‌کند.,یک فرم واقعی و نزدیک از همان خانواده انتخاب شود؛ فرم باید در context دیگری معتبر باشد ولی اینجا به‌طور قطعی غلط باشد.,انتخاب آن نشان می‌دهد تمایز میان قاعده هدف و همسایهٔ نزدیک هنوز پایدار نشده است.,CORE,
aece8fe7-c303-4257-a531-a3d6e0f242de,25,LA SITUATION dans l’ESPACE et le TEMPS (3),6116a265-0854-47df-bd77-e8497f5ded0f,L25-S01,« à » point spatial/temporel,à برای نقطهٔ مکان/زمان,CAT08,SUB21,PREPOSITION_RECTION,حرف اضافه/رکسیون/ارجاع مکانی-زمانی,Lesson 25; printed p. 106,Stage1 rule text + Stage2 classification; error frequency not claimed by source,misconception-catalogue-recovered-v1.0.0,CANDIDATE_PREDEPLOY_CONTENT_REVIEW,NOT_YET_OBSERVED__STAGE27_CALIBRATION,888371a5-0738-5f56-8f11-06b3a11b5ad9,CONTEXT_ROLE_MISMATCH,انتقال قاعده درست به context نادرست,حرف اضافه‌ای را که در context مکانی/زمانی یا با فعل دیگری درست است، به ساخت هدف منتقل می‌کند.,distractor از قاعده‌ای ساخته شود که به‌خودی‌خود معتبر است، اما نقش/مرجع/زمان/register این context با آن سازگار نیست.,انتخاب آن نشانهٔ تحلیل ناکافی context یا نقش دستوری است، نه صرفاً ندانستن شکل ظاهری.,CORE,
aece8fe7-c303-4257-a531-a3d6e0f242de,25,LA SITUATION dans l’ESPACE et le TEMPS (3),b44a169b-4f28-4d4e-8fe2-bd68a14bec40,L25-S02,« de…à… » intervalle,بازهٔ de…à,CAT08,SUB21,PREPOSITION_RECTION,حرف اضافه/رکسیون/ارجاع مکانی-زمانی,Lesson 25; printed p. 106,Stage1 rule text + Stage2 classification; error frequency not claimed by source,misconception-catalogue-recovered-v1.0.0,CANDIDATE_PREDEPLOY_CONTENT_REVIEW,NOT_YET_OBSERVED__STAGE27_CALIBRATION,ede3b43f-2cf4-5031-9829-a3fdb0e45ae0,OVERGENERALIZATION,تعمیم بیش‌ازحد قاعده,قاعدهٔ هدف «de…à فاصله یا بازهٔ میان دو نقطه را بیان می‌کند.» را بدون توجه به شرط، نقش یا محدودیت بافتی زیرموضوع «بازهٔ de…à» به همهٔ موارد مشابه تعمیم می‌دهد.,ساخت distractor با اجرای قاعدهٔ عمومی در جایی که شرط دقیق subtopic آن را مجاز نمی‌کند.,اگر کاربر این گزینه را انتخاب کند، احتمالاً قاعده را می‌داند اما دامنهٔ کاربرد آن را بیش از حد گسترده گرفته است.,CORE,
aece8fe7-c303-4257-a531-a3d6e0f242de,25,LA SITUATION dans l’ESPACE et le TEMPS (3),b44a169b-4f28-4d4e-8fe2-bd68a14bec40,L25-S02,« de…à… » intervalle,بازهٔ de…à,CAT08,SUB21,PREPOSITION_RECTION,حرف اضافه/رکسیون/ارجاع مکانی-زمانی,Lesson 25; printed p. 106,Stage1 rule text + Stage2 classification; error frequency not claimed by source,misconception-catalogue-recovered-v1.0.0,CANDIDATE_PREDEPLOY_CONTENT_REVIEW,NOT_YET_OBSERVED__STAGE27_CALIBRATION,cfa29221-42c2-507f-b1ac-0c32214f9d12,NEAR_FORM_CONFUSION,اشتباه با فرم/قاعده نزدیک,حرف اضافهٔ پرتکرار یا نزدیک را بدون توجه به رکسیون، مکان/زمان یا معنای مکمل جایگزین می‌کند.,یک فرم واقعی و نزدیک از همان خانواده انتخاب شود؛ فرم باید در context دیگری معتبر باشد ولی اینجا به‌طور قطعی غلط باشد.,انتخاب آن نشان می‌دهد تمایز میان قاعده هدف و همسایهٔ نزدیک هنوز پایدار نشده است.,CORE,
aece8fe7-c303-4257-a531-a3d6e0f242de,25,LA SITUATION dans l’ESPACE et le TEMPS (3),b44a169b-4f28-4d4e-8fe2-bd68a14bec40,L25-S02,« de…à… » intervalle,بازهٔ de…à,CAT08,SUB21,PREPOSITION_RECTION,حرف اضافه/رکسیون/ارجاع مکانی-زمانی,Lesson 25; printed p. 106,Stage1 rule text + Stage2 classification; error frequency not claimed by source,misconception-catalogue-recovered-v1.0.0,CANDIDATE_PREDEPLOY_CONTENT_REVIEW,NOT_YET_OBSERVED__STAGE27_CALIBRATION,6ad2b8a6-4af0-5bcd-9f20-35e6e1b447cc,CONTEXT_ROLE_MISMATCH,انتقال قاعده درست به context نادرست,حرف اضافه‌ای را که در context مکانی/زمانی یا با فعل دیگری درست است، به ساخت هدف منتقل می‌کند.,distractor از قاعده‌ای ساخته شود که به‌خودی‌خود معتبر است، اما نقش/مرجع/زمان/register این context با آن سازگار نیست.,انتخاب آن نشانهٔ تحلیل ناکافی context یا نقش دستوری است، نه صرفاً ندانستن شکل ظاهری.,CORE,
aece8fe7-c303-4257-a531-a3d6e0f242de,25,LA SITUATION dans l’ESPACE et le TEMPS (3),ce9efb13-98f1-4f9c-b71a-15411574732b,L25-S03,« jusqu’à » limite finale,حد نهایی با jusqu’à,CAT08,SUB21,PREPOSITION_RECTION,حرف اضافه/رکسیون/ارجاع مکانی-زمانی,Lesson 25; printed p. 106,Stage1 rule text + Stage2 classification; error frequency not claimed by source,misconception-catalogue-recovered-v1.0.0,CANDIDATE_PREDEPLOY_CONTENT_REVIEW,NOT_YET_OBSERVED__STAGE27_CALIBRATION,e2a07297-014e-55c1-a068-ad588a8297bf,OVERGENERALIZATION,تعمیم بیش‌ازحد قاعده,قاعدهٔ هدف «jusqu’à پایان/مرز نهایی حرکت یا زمان را مشخص می‌کند.» را بدون توجه به شرط، نقش یا محدودیت بافتی زیرموضوع «حد نهایی با jusqu’à» به همهٔ موارد مشابه تعمیم می‌دهد.,ساخت distractor با اجرای قاعدهٔ عمومی در جایی که شرط دقیق subtopic آن را مجاز نمی‌کند.,اگر کاربر این گزینه را انتخاب کند، احتمالاً قاعده را می‌داند اما دامنهٔ کاربرد آن را بیش از حد گسترده گرفته است.,CORE,
aece8fe7-c303-4257-a531-a3d6e0f242de,25,LA SITUATION dans l’ESPACE et le TEMPS (3),ce9efb13-98f1-4f9c-b71a-15411574732b,L25-S03,« jusqu’à » limite finale,حد نهایی با jusqu’à,CAT08,SUB21,PREPOSITION_RECTION,حرف اضافه/رکسیون/ارجاع مکانی-زمانی,Lesson 25; printed p. 106,Stage1 rule text + Stage2 classification; error frequency not claimed by source,misconception-catalogue-recovered-v1.0.0,CANDIDATE_PREDEPLOY_CONTENT_REVIEW,NOT_YET_OBSERVED__STAGE27_CALIBRATION,adf7f097-54e0-5ffb-abfa-6a5431db6797,NEAR_FORM_CONFUSION,اشتباه با فرم/قاعده نزدیک,حرف اضافهٔ پرتکرار یا نزدیک را بدون توجه به رکسیون، مکان/زمان یا معنای مکمل جایگزین می‌کند.,یک فرم واقعی و نزدیک از همان خانواده انتخاب شود؛ فرم باید در context دیگری معتبر باشد ولی اینجا به‌طور قطعی غلط باشد.,انتخاب آن نشان می‌دهد تمایز میان قاعده هدف و همسایهٔ نزدیک هنوز پایدار نشده است.,CORE,
aece8fe7-c303-4257-a531-a3d6e0f242de,25,LA SITUATION dans l’ESPACE et le TEMPS (3),ce9efb13-98f1-4f9c-b71a-15411574732b,L25-S03,« jusqu’à » limite finale,حد نهایی با jusqu’à,CAT08,SUB21,PREPOSITION_RECTION,حرف اضافه/رکسیون/ارجاع مکانی-زمانی,Lesson 25; printed p. 106,Stage1 rule text + Stage2 classification; error frequency not claimed by source,misconception-catalogue-recovered-v1.0.0,CANDIDATE_PREDEPLOY_CONTENT_REVIEW,NOT_YET_OBSERVED__STAGE27_CALIBRATION,fe4b38ec-db53-5caa-88b2-b7b7d50cbf6d,CONTEXT_ROLE_MISMATCH,انتقال قاعده درست به context نادرست,حرف اضافه‌ای را که در context مکانی/زمانی یا با فعل دیگری درست است، به ساخت هدف منتقل می‌کند.,distractor از قاعده‌ای ساخته شود که به‌خودی‌خود معتبر است، اما نقش/مرجع/زمان/register این context با آن سازگار نیست.,انتخاب آن نشانهٔ تحلیل ناکافی context یا نقش دستوری است، نه صرفاً ندانستن شکل ظاهری.,CORE,
aece8fe7-c303-4257-a531-a3d6e0f242de,25,LA SITUATION dans l’ESPACE et le TEMPS (3),a7b92bcb-fb8b-4cbe-864e-ba7d91cf86a2,L25-S04,« à partir de » point de départ,آغاز با à partir de,CAT08,SUB21,PREPOSITION_RECTION,حرف اضافه/رکسیون/ارجاع مکانی-زمانی,Lesson 25; printed p. 106,Stage1 rule text + Stage2 classification; error frequency not claimed by source,misconception-catalogue-recovered-v1.0.0,CANDIDATE_PREDEPLOY_CONTENT_REVIEW,NOT_YET_OBSERVED__STAGE27_CALIBRATION,110ae664-6771-5a74-b445-545bf862a011,OVERGENERALIZATION,تعمیم بیش‌ازحد قاعده,قاعدهٔ هدف «à partir de شروع یک بازه یا وضعیت را بیان می‌کند.» را بدون توجه به شرط، نقش یا محدودیت بافتی زیرموضوع «آغاز با à partir de» به همهٔ موارد مشابه تعمیم می‌دهد.,ساخت distractor با اجرای قاعدهٔ عمومی در جایی که شرط دقیق subtopic آن را مجاز نمی‌کند.,اگر کاربر این گزینه را انتخاب کند، احتمالاً قاعده را می‌داند اما دامنهٔ کاربرد آن را بیش از حد گسترده گرفته است.,CORE,
aece8fe7-c303-4257-a531-a3d6e0f242de,25,LA SITUATION dans l’ESPACE et le TEMPS (3),a7b92bcb-fb8b-4cbe-864e-ba7d91cf86a2,L25-S04,« à partir de » point de départ,آغاز با à partir de,CAT08,SUB21,PREPOSITION_RECTION,حرف اضافه/رکسیون/ارجاع مکانی-زمانی,Lesson 25; printed p. 106,Stage1 rule text + Stage2 classification; error frequency not claimed by source,misconception-catalogue-recovered-v1.0.0,CANDIDATE_PREDEPLOY_CONTENT_REVIEW,NOT_YET_OBSERVED__STAGE27_CALIBRATION,6f22a99a-567e-504f-8d44-1a87a73bbf0e,NEAR_FORM_CONFUSION,اشتباه با فرم/قاعده نزدیک,حرف اضافهٔ پرتکرار یا نزدیک را بدون توجه به رکسیون، مکان/زمان یا معنای مکمل جایگزین می‌کند.,یک فرم واقعی و نزدیک از همان خانواده انتخاب شود؛ فرم باید در context دیگری معتبر باشد ولی اینجا به‌طور قطعی غلط باشد.,انتخاب آن نشان می‌دهد تمایز میان قاعده هدف و همسایهٔ نزدیک هنوز پایدار نشده است.,CORE,
aece8fe7-c303-4257-a531-a3d6e0f242de,25,LA SITUATION dans l’ESPACE et le TEMPS (3),a7b92bcb-fb8b-4cbe-864e-ba7d91cf86a2,L25-S04,« à partir de » point de départ,آغاز با à partir de,CAT08,SUB21,PREPOSITION_RECTION,حرف اضافه/رکسیون/ارجاع مکانی-زمانی,Lesson 25; printed p. 106,Stage1 rule text + Stage2 classification; error frequency not claimed by source,misconception-catalogue-recovered-v1.0.0,CANDIDATE_PREDEPLOY_CONTENT_REVIEW,NOT_YET_OBSERVED__STAGE27_CALIBRATION,89ee4248-fdf6-561b-baa2-5949cdc44183,CONTEXT_ROLE_MISMATCH,انتقال قاعده درست به context نادرست,حرف اضافه‌ای را که در context مکانی/زمانی یا با فعل دیگری درست است، به ساخت هدف منتقل می‌کند.,distractor از قاعده‌ای ساخته شود که به‌خودی‌خود معتبر است، اما نقش/مرجع/زمان/register این context با آن سازگار نیست.,انتخاب آن نشانهٔ تحلیل ناکافی context یا نقش دستوری است، نه صرفاً ندانستن شکل ظاهری.,CORE,
aece8fe7-c303-4257-a531-a3d6e0f242de,25,LA SITUATION dans l’ESPACE et le TEMPS (3),5f6c62e9-ec9a-4e8f-87cb-bbde0201628d,L25-S05,Approximation « vers/environ »,تقریب vers/environ,CAT08,SUB21,PREPOSITION_RECTION,حرف اضافه/رکسیون/ارجاع مکانی-زمانی,Lesson 25; printed p. 106,Stage1 rule text + Stage2 classification; error frequency not claimed by source,misconception-catalogue-recovered-v1.0.0,CANDIDATE_PREDEPLOY_CONTENT_REVIEW,NOT_YET_OBSERVED__STAGE27_CALIBRATION,b3769273-f545-5539-847c-dfc55b28553e,OVERGENERALIZATION,تعمیم بیش‌ازحد قاعده,قاعدهٔ هدف «vers برای زمان تقریبی و environ برای کمیت/زمان تقریبی به‌کار می‌رود.» را بدون توجه به شرط، نقش یا محدودیت بافتی زیرموضوع «تقریب vers/environ» به همهٔ موارد مشابه تعمیم می‌دهد.,ساخت distractor با اجرای قاعدهٔ عمومی در جایی که شرط دقیق subtopic آن را مجاز نمی‌کند.,اگر کاربر این گزینه را انتخاب کند، احتمالاً قاعده را می‌داند اما دامنهٔ کاربرد آن را بیش از حد گسترده گرفته است.,CORE,
aece8fe7-c303-4257-a531-a3d6e0f242de,25,LA SITUATION dans l’ESPACE et le TEMPS (3),5f6c62e9-ec9a-4e8f-87cb-bbde0201628d,L25-S05,Approximation « vers/environ »,تقریب vers/environ,CAT08,SUB21,PREPOSITION_RECTION,حرف اضافه/رکسیون/ارجاع مکانی-زمانی,Lesson 25; printed p. 106,Stage1 rule text + Stage2 classification; error frequency not claimed by source,misconception-catalogue-recovered-v1.0.0,CANDIDATE_PREDEPLOY_CONTENT_REVIEW,NOT_YET_OBSERVED__STAGE27_CALIBRATION,7a8b3f5f-13bd-586d-bdea-40d28944570c,NEAR_FORM_CONFUSION,اشتباه با فرم/قاعده نزدیک,حرف اضافهٔ پرتکرار یا نزدیک را بدون توجه به رکسیون، مکان/زمان یا معنای مکمل جایگزین می‌کند.,یک فرم واقعی و نزدیک از همان خانواده انتخاب شود؛ فرم باید در context دیگری معتبر باشد ولی اینجا به‌طور قطعی غلط باشد.,انتخاب آن نشان می‌دهد تمایز میان قاعده هدف و همسایهٔ نزدیک هنوز پایدار نشده است.,CORE,
aece8fe7-c303-4257-a531-a3d6e0f242de,25,LA SITUATION dans l’ESPACE et le TEMPS (3),5f6c62e9-ec9a-4e8f-87cb-bbde0201628d,L25-S05,Approximation « vers/environ »,تقریب vers/environ,CAT08,SUB21,PREPOSITION_RECTION,حرف اضافه/رکسیون/ارجاع مکانی-زمانی,Lesson 25; printed p. 106,Stage1 rule text + Stage2 classification; error frequency not claimed by source,misconception-catalogue-recovered-v1.0.0,CANDIDATE_PREDEPLOY_CONTENT_REVIEW,NOT_YET_OBSERVED__STAGE27_CALIBRATION,9ee4f919-4664-5268-9e81-a9d0248d7dc7,CONTEXT_ROLE_MISMATCH,انتقال قاعده درست به context نادرست,حرف اضافه‌ای را که در context مکانی/زمانی یا با فعل دیگری درست است، به ساخت هدف منتقل می‌کند.,distractor از قاعده‌ای ساخته شود که به‌خودی‌خود معتبر است، اما نقش/مرجع/زمان/register این context با آن سازگار نیست.,انتخاب آن نشانهٔ تحلیل ناکافی context یا نقش دستوری است، نه صرفاً ندانستن شکل ظاهری.,CORE,
aece8fe7-c303-4257-a531-a3d6e0f242de,25,LA SITUATION dans l’ESPACE et le TEMPS (3),b852b77d-c1dd-4271-8fb9-fa5e05b5f60f,L25-S06,« entre » vs « parmi »,entre در برابر parmi,CAT08,SUB21,PREPOSITION_RECTION,حرف اضافه/رکسیون/ارجاع مکانی-زمانی,Lesson 25; printed p. 106,Stage1 rule text + Stage2 classification; error frequency not claimed by source,misconception-catalogue-recovered-v1.0.0,CANDIDATE_PREDEPLOY_CONTENT_REVIEW,NOT_YET_OBSERVED__STAGE27_CALIBRATION,5020ae96-309c-500b-9f55-90f358c7923a,OVERGENERALIZATION,تعمیم بیش‌ازحد قاعده,قاعدهٔ هدف «entre میان دو عنصر یا رابطهٔ دوتایی و parmi در میان چند عنصر/گروه استفاده می‌شود.» را بدون توجه به شرط، نقش یا محدودیت بافتی زیرموضوع «entre در برابر parmi» به همهٔ موارد مشابه تعمیم می‌دهد.,ساخت distractor با اجرای قاعدهٔ عمومی در جایی که شرط دقیق subtopic آن را مجاز نمی‌کند.,اگر کاربر این گزینه را انتخاب کند، احتمالاً قاعده را می‌داند اما دامنهٔ کاربرد آن را بیش از حد گسترده گرفته است.,CORE,
aece8fe7-c303-4257-a531-a3d6e0f242de,25,LA SITUATION dans l’ESPACE et le TEMPS (3),b852b77d-c1dd-4271-8fb9-fa5e05b5f60f,L25-S06,« entre » vs « parmi »,entre در برابر parmi,CAT08,SUB21,PREPOSITION_RECTION,حرف اضافه/رکسیون/ارجاع مکانی-زمانی,Lesson 25; printed p. 106,Stage1 rule text + Stage2 classification; error frequency not claimed by source,misconception-catalogue-recovered-v1.0.0,CANDIDATE_PREDEPLOY_CONTENT_REVIEW,NOT_YET_OBSERVED__STAGE27_CALIBRATION,2d503b96-33b8-5eb4-a1a5-31eaa6871902,NEAR_FORM_CONFUSION,اشتباه با فرم/قاعده نزدیک,حرف اضافهٔ پرتکرار یا نزدیک را بدون توجه به رکسیون، مکان/زمان یا معنای مکمل جایگزین می‌کند.,یک فرم واقعی و نزدیک از همان خانواده انتخاب شود؛ فرم باید در context دیگری معتبر باشد ولی اینجا به‌طور قطعی غلط باشد.,انتخاب آن نشان می‌دهد تمایز میان قاعده هدف و همسایهٔ نزدیک هنوز پایدار نشده است.,CORE,
aece8fe7-c303-4257-a531-a3d6e0f242de,25,LA SITUATION dans l’ESPACE et le TEMPS (3),b852b77d-c1dd-4271-8fb9-fa5e05b5f60f,L25-S06,« entre » vs « parmi »,entre در برابر parmi,CAT08,SUB21,PREPOSITION_RECTION,حرف اضافه/رکسیون/ارجاع مکانی-زمانی,Lesson 25; printed p. 106,Stage1 rule text + Stage2 classification; error frequency not claimed by source,misconception-catalogue-recovered-v1.0.0,CANDIDATE_PREDEPLOY_CONTENT_REVIEW,NOT_YET_OBSERVED__STAGE27_CALIBRATION,973e0108-732c-50e8-ab45-2fcb44ea7ff6,CONTEXT_ROLE_MISMATCH,انتقال قاعده درست به context نادرست,حرف اضافه‌ای را که در context مکانی/زمانی یا با فعل دیگری درست است، به ساخت هدف منتقل می‌کند.,distractor از قاعده‌ای ساخته شود که به‌خودی‌خود معتبر است، اما نقش/مرجع/زمان/register این context با آن سازگار نیست.,انتخاب آن نشانهٔ تحلیل ناکافی context یا نقش دستوری است، نه صرفاً ندانستن شکل ظاهری.,CORE,
6ad0bf53-cab8-4037-8548-6e73441d1620,26,"LES VERBES en « -IR », « -OIR » et « -RE » au PRÉSENT",46729a03-c290-4b0a-95fd-4bcdadd158e6,L26-S01,Verbes en -ir à deux radicaux: type finir,افعال -ir نوع finir,CAT01,SUB02,CONJUGATION_FORM,صرف و صورت فعل,Lesson 26; printed p. 108,Stage1 rule text + Stage2 classification; error frequency not claimed by source,misconception-catalogue-recovered-v1.0.0,CANDIDATE_PREDEPLOY_CONTENT_REVIEW,NOT_YET_OBSERVED__STAGE27_CALIBRATION,5fb1c1e0-5739-5a3f-8d39-5102bc093509,OVERGENERALIZATION,تعمیم بیش‌ازحد قاعده,قاعدهٔ هدف «در نوع finir، ریشهٔ مفرد و جمع متفاوت است: fini- / finiss-.» را بدون توجه به شرط، نقش یا محدودیت بافتی زیرموضوع «افعال -ir نوع finir» به همهٔ موارد مشابه تعمیم می‌دهد.,ساخت distractor با اجرای قاعدهٔ عمومی در جایی که شرط دقیق subtopic آن را مجاز نمی‌کند.,اگر کاربر این گزینه را انتخاب کند، احتمالاً قاعده را می‌داند اما دامنهٔ کاربرد آن را بیش از حد گسترده گرفته است.,CORE,
6ad0bf53-cab8-4037-8548-6e73441d1620,26,"LES VERBES en « -IR », « -OIR » et « -RE » au PRÉSENT",46729a03-c290-4b0a-95fd-4bcdadd158e6,L26-S01,Verbes en -ir à deux radicaux: type finir,افعال -ir نوع finir,CAT01,SUB02,CONJUGATION_FORM,صرف و صورت فعل,Lesson 26; printed p. 108,Stage1 rule text + Stage2 classification; error frequency not claimed by source,misconception-catalogue-recovered-v1.0.0,CANDIDATE_PREDEPLOY_CONTENT_REVIEW,NOT_YET_OBSERVED__STAGE27_CALIBRATION,b066c193-7cb1-584e-b5e8-2633ef768219,NEAR_FORM_CONFUSION,اشتباه با فرم/قاعده نزدیک,صورت صرفی نزدیک همان فعل (شخص، ریشه یا پایانه دیگر) را به‌جای صورت هدف انتخاب می‌کند.,یک فرم واقعی و نزدیک از همان خانواده انتخاب شود؛ فرم باید در context دیگری معتبر باشد ولی اینجا به‌طور قطعی غلط باشد.,انتخاب آن نشان می‌دهد تمایز میان قاعده هدف و همسایهٔ نزدیک هنوز پایدار نشده است.,CORE,
6ad0bf53-cab8-4037-8548-6e73441d1620,26,"LES VERBES en « -IR », « -OIR » et « -RE » au PRÉSENT",46729a03-c290-4b0a-95fd-4bcdadd158e6,L26-S01,Verbes en -ir à deux radicaux: type finir,افعال -ir نوع finir,CAT01,SUB02,CONJUGATION_FORM,صرف و صورت فعل,Lesson 26; printed p. 108,Stage1 rule text + Stage2 classification; error frequency not claimed by source,misconception-catalogue-recovered-v1.0.0,CANDIDATE_PREDEPLOY_CONTENT_REVIEW,NOT_YET_OBSERVED__STAGE27_CALIBRATION,1e331291-0d61-5ee4-81d9-bceeaf9e343c,CONTEXT_ROLE_MISMATCH,انتقال قاعده درست به context نادرست,صورت صرفی‌ای را که برای فاعل/زمان دیگری درست است به context فعلی منتقل می‌کند.,distractor از قاعده‌ای ساخته شود که به‌خودی‌خود معتبر است، اما نقش/مرجع/زمان/register این context با آن سازگار نیست.,انتخاب آن نشانهٔ تحلیل ناکافی context یا نقش دستوری است، نه صرفاً ندانستن شکل ظاهری.,CORE,
6ad0bf53-cab8-4037-8548-6e73441d1620,26,"LES VERBES en « -IR », « -OIR » et « -RE » au PRÉSENT",b0af8955-a70b-479c-ae4c-d8620dc91a33,L26-S02,Type dormir/partir/servir,الگوی dormir/partir/servir,CAT01,SUB02,CONJUGATION_FORM,صرف و صورت فعل,Lesson 26; printed p. 108,Stage1 rule text + Stage2 classification; error frequency not claimed by source,misconception-catalogue-recovered-v1.0.0,CANDIDATE_PREDEPLOY_CONTENT_REVIEW,NOT_YET_OBSERVED__STAGE27_CALIBRATION,01b9d2c4-0a6e-5f1c-9d30-7f6794ef0739,OVERGENERALIZATION,تعمیم بیش‌ازحد قاعده,قاعدهٔ هدف «در برخی افعال -ir ریشهٔ مفرد کوتاه‌تر از جمع است.» را بدون توجه به شرط، نقش یا محدودیت بافتی زیرموضوع «الگوی dormir/partir/servir» به همهٔ موارد مشابه تعمیم می‌دهد.,ساخت distractor با اجرای قاعدهٔ عمومی در جایی که شرط دقیق subtopic آن را مجاز نمی‌کند.,اگر کاربر این گزینه را انتخاب کند، احتمالاً قاعده را می‌داند اما دامنهٔ کاربرد آن را بیش از حد گسترده گرفته است.,CORE,
6ad0bf53-cab8-4037-8548-6e73441d1620,26,"LES VERBES en « -IR », « -OIR » et « -RE » au PRÉSENT",b0af8955-a70b-479c-ae4c-d8620dc91a33,L26-S02,Type dormir/partir/servir,الگوی dormir/partir/servir,CAT01,SUB02,CONJUGATION_FORM,صرف و صورت فعل,Lesson 26; printed p. 108,Stage1 rule text + Stage2 classification; error frequency not claimed by source,misconception-catalogue-recovered-v1.0.0,CANDIDATE_PREDEPLOY_CONTENT_REVIEW,NOT_YET_OBSERVED__STAGE27_CALIBRATION,7bbede53-bc97-5c93-85c1-11288c3e34f6,NEAR_FORM_CONFUSION,اشتباه با فرم/قاعده نزدیک,صورت صرفی نزدیک همان فعل (شخص، ریشه یا پایانه دیگر) را به‌جای صورت هدف انتخاب می‌کند.,یک فرم واقعی و نزدیک از همان خانواده انتخاب شود؛ فرم باید در context دیگری معتبر باشد ولی اینجا به‌طور قطعی غلط باشد.,انتخاب آن نشان می‌دهد تمایز میان قاعده هدف و همسایهٔ نزدیک هنوز پایدار نشده است.,CORE,
6ad0bf53-cab8-4037-8548-6e73441d1620,26,"LES VERBES en « -IR », « -OIR » et « -RE » au PRÉSENT",b0af8955-a70b-479c-ae4c-d8620dc91a33,L26-S02,Type dormir/partir/servir,الگوی dormir/partir/servir,CAT01,SUB02,CONJUGATION_FORM,صرف و صورت فعل,Lesson 26; printed p. 108,Stage1 rule text + Stage2 classification; error frequency not claimed by source,misconception-catalogue-recovered-v1.0.0,CANDIDATE_PREDEPLOY_CONTENT_REVIEW,NOT_YET_OBSERVED__STAGE27_CALIBRATION,076f6a9a-a495-598f-88ad-7b0fb7020f2a,CONTEXT_ROLE_MISMATCH,انتقال قاعده درست به context نادرست,صورت صرفی‌ای را که برای فاعل/زمان دیگری درست است به context فعلی منتقل می‌کند.,distractor از قاعده‌ای ساخته شود که به‌خودی‌خود معتبر است، اما نقش/مرجع/زمان/register این context با آن سازگار نیست.,انتخاب آن نشانهٔ تحلیل ناکافی context یا نقش دستوری است، نه صرفاً ندانستن شکل ظاهری.,CORE,
6ad0bf53-cab8-4037-8548-6e73441d1620,26,"LES VERBES en « -IR », « -OIR » et « -RE » au PRÉSENT",a639f7d8-d6c4-49c0-955e-ec660e3de47e,L26-S03,Verbes en -ir à un radical,افعال -ir یک‌ریشه‌ای,CAT01,SUB02,CONJUGATION_FORM,صرف و صورت فعل,Lesson 26; printed p. 110,Stage1 rule text + Stage2 classification; error frequency not claimed by source,misconception-catalogue-recovered-v1.0.0,CANDIDATE_PREDEPLOY_CONTENT_REVIEW,NOT_YET_OBSERVED__STAGE27_CALIBRATION,ec231db0-d7ef-58ff-8d94-d8918809a645,OVERGENERALIZATION,تعمیم بیش‌ازحد قاعده,قاعدهٔ هدف «برخی افعال مانند ouvrir/offrir/cueillir/souffrir یک ریشه دارند و از نظر پایان شبیه -er صرف می‌شوند.» را بدون توجه به شرط، نقش یا محدودیت بافتی زیرموضوع «افعال -ir یک‌ریشه‌ای» به همهٔ موارد مشابه تعمیم می‌دهد.,ساخت distractor با اجرای قاعدهٔ عمومی در جایی که شرط دقیق subtopic آن را مجاز نمی‌کند.,اگر کاربر این گزینه را انتخاب کند، احتمالاً قاعده را می‌داند اما دامنهٔ کاربرد آن را بیش از حد گسترده گرفته است.,CORE,
6ad0bf53-cab8-4037-8548-6e73441d1620,26,"LES VERBES en « -IR », « -OIR » et « -RE » au PRÉSENT",a639f7d8-d6c4-49c0-955e-ec660e3de47e,L26-S03,Verbes en -ir à un radical,افعال -ir یک‌ریشه‌ای,CAT01,SUB02,CONJUGATION_FORM,صرف و صورت فعل,Lesson 26; printed p. 110,Stage1 rule text + Stage2 classification; error frequency not claimed by source,misconception-catalogue-recovered-v1.0.0,CANDIDATE_PREDEPLOY_CONTENT_REVIEW,NOT_YET_OBSERVED__STAGE27_CALIBRATION,5cf9214d-862a-5cc5-8bc3-cf85247727d7,NEAR_FORM_CONFUSION,اشتباه با فرم/قاعده نزدیک,صورت صرفی نزدیک همان فعل (شخص، ریشه یا پایانه دیگر) را به‌جای صورت هدف انتخاب می‌کند.,یک فرم واقعی و نزدیک از همان خانواده انتخاب شود؛ فرم باید در context دیگری معتبر باشد ولی اینجا به‌طور قطعی غلط باشد.,انتخاب آن نشان می‌دهد تمایز میان قاعده هدف و همسایهٔ نزدیک هنوز پایدار نشده است.,CORE,
6ad0bf53-cab8-4037-8548-6e73441d1620,26,"LES VERBES en « -IR », « -OIR » et « -RE » au PRÉSENT",a639f7d8-d6c4-49c0-955e-ec660e3de47e,L26-S03,Verbes en -ir à un radical,افعال -ir یک‌ریشه‌ای,CAT01,SUB02,CONJUGATION_FORM,صرف و صورت فعل,Lesson 26; printed p. 110,Stage1 rule text + Stage2 classification; error frequency not claimed by source,misconception-catalogue-recovered-v1.0.0,CANDIDATE_PREDEPLOY_CONTENT_REVIEW,NOT_YET_OBSERVED__STAGE27_CALIBRATION,a131dca6-f51d-59e6-9d6b-3fee61669ed6,CONTEXT_ROLE_MISMATCH,انتقال قاعده درست به context نادرست,صورت صرفی‌ای را که برای فاعل/زمان دیگری درست است به context فعلی منتقل می‌کند.,distractor از قاعده‌ای ساخته شود که به‌خودی‌خود معتبر است، اما نقش/مرجع/زمان/register این context با آن سازگار نیست.,انتخاب آن نشانهٔ تحلیل ناکافی context یا نقش دستوری است، نه صرفاً ندانستن شکل ظاهری.,CORE,
6ad0bf53-cab8-4037-8548-6e73441d1620,26,"LES VERBES en « -IR », « -OIR » et « -RE » au PRÉSENT",e2a4eabe-1307-4ae0-a26f-7aaade830a89,L26-S04,Verbes en -re/-oir à deux radicaux,افعال -re/-oir دو‌ریشه‌ای,CAT01,SUB02,CONJUGATION_FORM,صرف و صورت فعل,Lesson 26; printed p. 110,Stage1 rule text + Stage2 classification; error frequency not claimed by source,misconception-catalogue-recovered-v1.0.0,CANDIDATE_PREDEPLOY_CONTENT_REVIEW,NOT_YET_OBSERVED__STAGE27_CALIBRATION,75b8de5e-8b67-5a64-a23c-3f8ba3bcceaa,OVERGENERALIZATION,تعمیم بیش‌ازحد قاعده,قاعدهٔ هدف «گروه‌هایی مانند mettre/entendre و افعال با ریشهٔ طولانی‌تر در جمع الگوهای چندریشه‌ای دارند.» را بدون توجه به شرط، نقش یا محدودیت بافتی زیرموضوع «افعال -re/-oir دو‌ریشه‌ای» به همهٔ موارد مشابه تعمیم می‌دهد.,ساخت distractor با اجرای قاعدهٔ عمومی در جایی که شرط دقیق subtopic آن را مجاز نمی‌کند.,اگر کاربر این گزینه را انتخاب کند، احتمالاً قاعده را می‌داند اما دامنهٔ کاربرد آن را بیش از حد گسترده گرفته است.,CORE,
6ad0bf53-cab8-4037-8548-6e73441d1620,26,"LES VERBES en « -IR », « -OIR » et « -RE » au PRÉSENT",e2a4eabe-1307-4ae0-a26f-7aaade830a89,L26-S04,Verbes en -re/-oir à deux radicaux,افعال -re/-oir دو‌ریشه‌ای,CAT01,SUB02,CONJUGATION_FORM,صرف و صورت فعل,Lesson 26; printed p. 110,Stage1 rule text + Stage2 classification; error frequency not claimed by source,misconception-catalogue-recovered-v1.0.0,CANDIDATE_PREDEPLOY_CONTENT_REVIEW,NOT_YET_OBSERVED__STAGE27_CALIBRATION,f97257df-caa9-5fb2-9e2b-fedd4375e523,NEAR_FORM_CONFUSION,اشتباه با فرم/قاعده نزدیک,صورت صرفی نزدیک همان فعل (شخص، ریشه یا پایانه دیگر) را به‌جای صورت هدف انتخاب می‌کند.,یک فرم واقعی و نزدیک از همان خانواده انتخاب شود؛ فرم باید در context دیگری معتبر باشد ولی اینجا به‌طور قطعی غلط باشد.,انتخاب آن نشان می‌دهد تمایز میان قاعده هدف و همسایهٔ نزدیک هنوز پایدار نشده است.,CORE,
6ad0bf53-cab8-4037-8548-6e73441d1620,26,"LES VERBES en « -IR », « -OIR » et « -RE » au PRÉSENT",e2a4eabe-1307-4ae0-a26f-7aaade830a89,L26-S04,Verbes en -re/-oir à deux radicaux,افعال -re/-oir دو‌ریشه‌ای,CAT01,SUB02,CONJUGATION_FORM,صرف و صورت فعل,Lesson 26; printed p. 110,Stage1 rule text + Stage2 classification; error frequency not claimed by source,misconception-catalogue-recovered-v1.0.0,CANDIDATE_PREDEPLOY_CONTENT_REVIEW,NOT_YET_OBSERVED__STAGE27_CALIBRATION,7d5ca5c6-e7e4-5c41-9539-0808659e8b76,CONTEXT_ROLE_MISMATCH,انتقال قاعده درست به context نادرست,صورت صرفی‌ای را که برای فاعل/زمان دیگری درست است به context فعلی منتقل می‌کند.,distractor از قاعده‌ای ساخته شود که به‌خودی‌خود معتبر است، اما نقش/مرجع/زمان/register این context با آن سازگار نیست.,انتخاب آن نشانهٔ تحلیل ناکافی context یا نقش دستوری است، نه صرفاً ندانستن شکل ظاهری.,CORE,
6ad0bf53-cab8-4037-8548-6e73441d1620,26,"LES VERBES en « -IR », « -OIR » et « -RE » au PRÉSENT",cd06c365-6e9d-40e5-891a-61c0762144b9,L26-S05,Verbes à trois radicaux,افعال سه‌ریشه‌ای,CAT01,SUB02,CONJUGATION_FORM,صرف و صورت فعل,Lesson 26; printed p. 112,Stage1 rule text + Stage2 classification; error frequency not claimed by source,misconception-catalogue-recovered-v1.0.0,CANDIDATE_PREDEPLOY_CONTENT_REVIEW,NOT_YET_OBSERVED__STAGE27_CALIBRATION,a4423c26-8428-54a6-93a0-4a8c46af26fc,OVERGENERALIZATION,تعمیم بیش‌ازحد قاعده,"قاعدهٔ هدف «prendre, boire, venir, tenir, recevoir, devoir, vouloir, pouvoir از افعال سه‌ریشه‌ای‌اند.» را بدون توجه به شرط، نقش یا محدودیت بافتی زیرموضوع «افعال سه‌ریشه‌ای» به همهٔ موارد مشابه تعمیم می‌دهد.",ساخت distractor با اجرای قاعدهٔ عمومی در جایی که شرط دقیق subtopic آن را مجاز نمی‌کند.,اگر کاربر این گزینه را انتخاب کند، احتمالاً قاعده را می‌داند اما دامنهٔ کاربرد آن را بیش از حد گسترده گرفته است.,CORE,
6ad0bf53-cab8-4037-8548-6e73441d1620,26,"LES VERBES en « -IR », « -OIR » et « -RE » au PRÉSENT",cd06c365-6e9d-40e5-891a-61c0762144b9,L26-S05,Verbes à trois radicaux,افعال سه‌ریشه‌ای,CAT01,SUB02,CONJUGATION_FORM,صرف و صورت فعل,Lesson 26; printed p. 112,Stage1 rule text + Stage2 classification; error frequency not claimed by source,misconception-catalogue-recovered-v1.0.0,CANDIDATE_PREDEPLOY_CONTENT_REVIEW,NOT_YET_OBSERVED__STAGE27_CALIBRATION,1f0e0d96-477b-5735-8b1a-a23f4266c897,NEAR_FORM_CONFUSION,اشتباه با فرم/قاعده نزدیک,صورت صرفی نزدیک همان فعل (شخص، ریشه یا پایانه دیگر) را به‌جای صورت هدف انتخاب می‌کند.,یک فرم واقعی و نزدیک از همان خانواده انتخاب شود؛ فرم باید در context دیگری معتبر باشد ولی اینجا به‌طور قطعی غلط باشد.,انتخاب آن نشان می‌دهد تمایز میان قاعده هدف و همسایهٔ نزدیک هنوز پایدار نشده است.,CORE,
6ad0bf53-cab8-4037-8548-6e73441d1620,26,"LES VERBES en « -IR », « -OIR » et « -RE » au PRÉSENT",cd06c365-6e9d-40e5-891a-61c0762144b9,L26-S05,Verbes à trois radicaux,افعال سه‌ریشه‌ای,CAT01,SUB02,CONJUGATION_FORM,صرف و صورت فعل,Lesson 26; printed p. 112,Stage1 rule text + Stage2 classification; error frequency not claimed by source,misconception-catalogue-recovered-v1.0.0,CANDIDATE_PREDEPLOY_CONTENT_REVIEW,NOT_YET_OBSERVED__STAGE27_CALIBRATION,22c85ff7-7854-543f-96b1-6278f40c9029,CONTEXT_ROLE_MISMATCH,انتقال قاعده درست به context نادرست,صورت صرفی‌ای را که برای فاعل/زمان دیگری درست است به context فعلی منتقل می‌کند.,distractor از قاعده‌ای ساخته شود که به‌خودی‌خود معتبر است، اما نقش/مرجع/زمان/register این context با آن سازگار نیست.,انتخاب آن نشانهٔ تحلیل ناکافی context یا نقش دستوری است، نه صرفاً ندانستن شکل ظاهری.,CORE,
6ad0bf53-cab8-4037-8548-6e73441d1620,26,"LES VERBES en « -IR », « -OIR » et « -RE » au PRÉSENT",a6e8c239-446c-440c-ac12-e034c6668d61,L26-S06,Verbes très irréguliers,افعال بسیار نامنظم,CAT01,SUB02,CONJUGATION_FORM,صرف و صورت فعل,Lesson 26; printed p. 112,Stage1 rule text + Stage2 classification; error frequency not claimed by source,misconception-catalogue-recovered-v1.0.0,CANDIDATE_PREDEPLOY_CONTENT_REVIEW,NOT_YET_OBSERVED__STAGE27_CALIBRATION,f841faa3-ef36-5f21-8179-67778306ce73,OVERGENERALIZATION,تعمیم بیش‌ازحد قاعده,"قاعدهٔ هدف «être, avoir, aller, faire, dire صورت‌های بسیار نامنظم دارند.» را بدون توجه به شرط، نقش یا محدودیت بافتی زیرموضوع «افعال بسیار نامنظم» به همهٔ موارد مشابه تعمیم می‌دهد.",ساخت distractor با اجرای قاعدهٔ عمومی در جایی که شرط دقیق subtopic آن را مجاز نمی‌کند.,اگر کاربر این گزینه را انتخاب کند، احتمالاً قاعده را می‌داند اما دامنهٔ کاربرد آن را بیش از حد گسترده گرفته است.,CORE,
6ad0bf53-cab8-4037-8548-6e73441d1620,26,"LES VERBES en « -IR », « -OIR » et « -RE » au PRÉSENT",a6e8c239-446c-440c-ac12-e034c6668d61,L26-S06,Verbes très irréguliers,افعال بسیار نامنظم,CAT01,SUB02,CONJUGATION_FORM,صرف و صورت فعل,Lesson 26; printed p. 112,Stage1 rule text + Stage2 classification; error frequency not claimed by source,misconception-catalogue-recovered-v1.0.0,CANDIDATE_PREDEPLOY_CONTENT_REVIEW,NOT_YET_OBSERVED__STAGE27_CALIBRATION,3f5f84ce-ce67-5b1a-9277-916cfcdf32fa,NEAR_FORM_CONFUSION,اشتباه با فرم/قاعده نزدیک,صورت صرفی نزدیک همان فعل (شخص، ریشه یا پایانه دیگر) را به‌جای صورت هدف انتخاب می‌کند.,یک فرم واقعی و نزدیک از همان خانواده انتخاب شود؛ فرم باید در context دیگری معتبر باشد ولی اینجا به‌طور قطعی غلط باشد.,انتخاب آن نشان می‌دهد تمایز میان قاعده هدف و همسایهٔ نزدیک هنوز پایدار نشده است.,CORE,
6ad0bf53-cab8-4037-8548-6e73441d1620,26,"LES VERBES en « -IR », « -OIR » et « -RE » au PRÉSENT",a6e8c239-446c-440c-ac12-e034c6668d61,L26-S06,Verbes très irréguliers,افعال بسیار نامنظم,CAT01,SUB02,CONJUGATION_FORM,صرف و صورت فعل,Lesson 26; printed p. 112,Stage1 rule text + Stage2 classification; error frequency not claimed by source,misconception-catalogue-recovered-v1.0.0,CANDIDATE_PREDEPLOY_CONTENT_REVIEW,NOT_YET_OBSERVED__STAGE27_CALIBRATION,bb8d5e7d-1234-5124-aebf-48307420226b,CONTEXT_ROLE_MISMATCH,انتقال قاعده درست به context نادرست,صورت صرفی‌ای را که برای فاعل/زمان دیگری درست است به context فعلی منتقل می‌کند.,distractor از قاعده‌ای ساخته شود که به‌خودی‌خود معتبر است، اما نقش/مرجع/زمان/register این context با آن سازگار نیست.,انتخاب آن نشانهٔ تحلیل ناکافی context یا نقش دستوری است، نه صرفاً ندانستن شکل ظاهری.,CORE,
6ad0bf53-cab8-4037-8548-6e73441d1620,26,"LES VERBES en « -IR », « -OIR » et « -RE » au PRÉSENT",8945b0c2-b476-4f50-a2cd-1a51bc0a5304,L26-S07,« prendre »: emplois,کاربردهای prendre,CAT01,SUB02,CONJUGATION_FORM,صرف و صورت فعل,Lesson 26; printed p. 116,Stage1 rule text + Stage2 classification; error frequency not claimed by source,misconception-catalogue-recovered-v1.0.0,CANDIDATE_PREDEPLOY_CONTENT_REVIEW,NOT_YET_OBSERVED__STAGE27_CALIBRATION,4a956a0c-a359-50d2-a827-82d218063817,OVERGENERALIZATION,تعمیم بیش‌ازحد قاعده,قاعدهٔ هدف «prendre با اشیا، حمل‌ونقل، غذا/نوشیدنی و چند عبارت ثابت به‌کار می‌رود.» را بدون توجه به شرط، نقش یا محدودیت بافتی زیرموضوع «کاربردهای prendre» به همهٔ موارد مشابه تعمیم می‌دهد.,ساخت distractor با اجرای قاعدهٔ عمومی در جایی که شرط دقیق subtopic آن را مجاز نمی‌کند.,اگر کاربر این گزینه را انتخاب کند، احتمالاً قاعده را می‌داند اما دامنهٔ کاربرد آن را بیش از حد گسترده گرفته است.,CORE,
6ad0bf53-cab8-4037-8548-6e73441d1620,26,"LES VERBES en « -IR », « -OIR » et « -RE » au PRÉSENT",8945b0c2-b476-4f50-a2cd-1a51bc0a5304,L26-S07,« prendre »: emplois,کاربردهای prendre,CAT01,SUB02,CONJUGATION_FORM,صرف و صورت فعل,Lesson 26; printed p. 116,Stage1 rule text + Stage2 classification; error frequency not claimed by source,misconception-catalogue-recovered-v1.0.0,CANDIDATE_PREDEPLOY_CONTENT_REVIEW,NOT_YET_OBSERVED__STAGE27_CALIBRATION,831ccc1a-289c-5320-bb63-f5af95576f9b,NEAR_FORM_CONFUSION,اشتباه با فرم/قاعده نزدیک,صورت صرفی نزدیک همان فعل (شخص، ریشه یا پایانه دیگر) را به‌جای صورت هدف انتخاب می‌کند.,یک فرم واقعی و نزدیک از همان خانواده انتخاب شود؛ فرم باید در context دیگری معتبر باشد ولی اینجا به‌طور قطعی غلط باشد.,انتخاب آن نشان می‌دهد تمایز میان قاعده هدف و همسایهٔ نزدیک هنوز پایدار نشده است.,CORE,
6ad0bf53-cab8-4037-8548-6e73441d1620,26,"LES VERBES en « -IR », « -OIR » et « -RE » au PRÉSENT",8945b0c2-b476-4f50-a2cd-1a51bc0a5304,L26-S07,« prendre »: emplois,کاربردهای prendre,CAT01,SUB02,CONJUGATION_FORM,صرف و صورت فعل,Lesson 26; printed p. 116,Stage1 rule text + Stage2 classification; error frequency not claimed by source,misconception-catalogue-recovered-v1.0.0,CANDIDATE_PREDEPLOY_CONTENT_REVIEW,NOT_YET_OBSERVED__STAGE27_CALIBRATION,9f724ba3-396c-5ea0-a2f3-81ca54b8693d,CONTEXT_ROLE_MISMATCH,انتقال قاعده درست به context نادرست,صورت صرفی‌ای را که برای فاعل/زمان دیگری درست است به context فعلی منتقل می‌کند.,distractor از قاعده‌ای ساخته شود که به‌خودی‌خود معتبر است، اما نقش/مرجع/زمان/register این context با آن سازگار نیست.,انتخاب آن نشانهٔ تحلیل ناکافی context یا نقش دستوری است، نه صرفاً ندانستن شکل ظاهری.,CORE,
6ad0bf53-cab8-4037-8548-6e73441d1620,26,"LES VERBES en « -IR », « -OIR » et « -RE » au PRÉSENT",598ce67e-c399-4104-929d-f800e1dca8be,L26-S08,« mettre » et temps/vêtements,mettre و زمان/پوشاک,CAT01,SUB02,CONJUGATION_FORM,صرف و صورت فعل,Lesson 26; printed p. 116,Stage1 rule text + Stage2 classification; error frequency not claimed by source,misconception-catalogue-recovered-v1.0.0,CANDIDATE_PREDEPLOY_CONTENT_REVIEW,NOT_YET_OBSERVED__STAGE27_CALIBRATION,94a772af-c3fd-52ac-8b5e-96e765a0cfa5,OVERGENERALIZATION,تعمیم بیش‌ازحد قاعده,قاعدهٔ هدف «mettre برای قرار دادن/پوشیدن و نیز بیان مدت لازم در ساخت‌هایی مانند ça met… به‌کار می‌رود.» را بدون توجه به شرط، نقش یا محدودیت بافتی زیرموضوع «mettre و زمان/پوشاک» به همهٔ موارد مشابه تعمیم می‌دهد.,ساخت distractor با اجرای قاعدهٔ عمومی در جایی که شرط دقیق subtopic آن را مجاز نمی‌کند.,اگر کاربر این گزینه را انتخاب کند، احتمالاً قاعده را می‌داند اما دامنهٔ کاربرد آن را بیش از حد گسترده گرفته است.,CORE,
6ad0bf53-cab8-4037-8548-6e73441d1620,26,"LES VERBES en « -IR », « -OIR » et « -RE » au PRÉSENT",598ce67e-c399-4104-929d-f800e1dca8be,L26-S08,« mettre » et temps/vêtements,mettre و زمان/پوشاک,CAT01,SUB02,CONJUGATION_FORM,صرف و صورت فعل,Lesson 26; printed p. 116,Stage1 rule text + Stage2 classification; error frequency not claimed by source,misconception-catalogue-recovered-v1.0.0,CANDIDATE_PREDEPLOY_CONTENT_REVIEW,NOT_YET_OBSERVED__STAGE27_CALIBRATION,b11eabab-85b6-51e2-bec4-cdd6b4fdee93,NEAR_FORM_CONFUSION,اشتباه با فرم/قاعده نزدیک,صورت صرفی نزدیک همان فعل (شخص، ریشه یا پایانه دیگر) را به‌جای صورت هدف انتخاب می‌کند.,یک فرم واقعی و نزدیک از همان خانواده انتخاب شود؛ فرم باید در context دیگری معتبر باشد ولی اینجا به‌طور قطعی غلط باشد.,انتخاب آن نشان می‌دهد تمایز میان قاعده هدف و همسایهٔ نزدیک هنوز پایدار نشده است.,CORE,
6ad0bf53-cab8-4037-8548-6e73441d1620,26,"LES VERBES en « -IR », « -OIR » et « -RE » au PRÉSENT",598ce67e-c399-4104-929d-f800e1dca8be,L26-S08,« mettre » et temps/vêtements,mettre و زمان/پوشاک,CAT01,SUB02,CONJUGATION_FORM,صرف و صورت فعل,Lesson 26; printed p. 116,Stage1 rule text + Stage2 classification; error frequency not claimed by source,misconception-catalogue-recovered-v1.0.0,CANDIDATE_PREDEPLOY_CONTENT_REVIEW,NOT_YET_OBSERVED__STAGE27_CALIBRATION,a9cc897a-5b1a-523b-9925-f2ae55e99cca,CONTEXT_ROLE_MISMATCH,انتقال قاعده درست به context نادرست,صورت صرفی‌ای را که برای فاعل/زمان دیگری درست است به context فعلی منتقل می‌کند.,distractor از قاعده‌ای ساخته شود که به‌خودی‌خود معتبر است، اما نقش/مرجع/زمان/register این context با آن سازگار نیست.,انتخاب آن نشانهٔ تحلیل ناکافی context یا نقش دستوری است، نه صرفاً ندانستن شکل ظاهری.,CORE,
6ad0bf53-cab8-4037-8548-6e73441d1620,26,"LES VERBES en « -IR », « -OIR » et « -RE » au PRÉSENT",4f709e29-e3e2-48b6-aac6-219482d35c05,L26-S09,« faire » + activité / causatif,faire با فعالیت و سببی,CAT01,SUB02,CONJUGATION_FORM,صرف و صورت فعل,Lesson 26; printed p. 116,Stage1 rule text + Stage2 classification; error frequency not claimed by source,misconception-catalogue-recovered-v1.0.0,CANDIDATE_PREDEPLOY_CONTENT_REVIEW,NOT_YET_OBSERVED__STAGE27_CALIBRATION,6b1f6333-837b-5cac-8621-89a0ee34b2c5,OVERGENERALIZATION,تعمیم بیش‌ازحد قاعده,قاعدهٔ هدف «faire de + ورزش، jouer à + بازی/ورزش گروهی، jouer de + ساز و faire + infinitif برای سببی‌کردن است.» را بدون توجه به شرط، نقش یا محدودیت بافتی زیرموضوع «faire با فعالیت و سببی» به همهٔ موارد مشابه تعمیم می‌دهد.,ساخت distractor با اجرای قاعدهٔ عمومی در جایی که شرط دقیق subtopic آن را مجاز نمی‌کند.,اگر کاربر این گزینه را انتخاب کند، احتمالاً قاعده را می‌داند اما دامنهٔ کاربرد آن را بیش از حد گسترده گرفته است.,CORE,
6ad0bf53-cab8-4037-8548-6e73441d1620,26,"LES VERBES en « -IR », « -OIR » et « -RE » au PRÉSENT",4f709e29-e3e2-48b6-aac6-219482d35c05,L26-S09,« faire » + activité / causatif,faire با فعالیت و سببی,CAT01,SUB02,CONJUGATION_FORM,صرف و صورت فعل,Lesson 26; printed p. 116,Stage1 rule text + Stage2 classification; error frequency not claimed by source,misconception-catalogue-recovered-v1.0.0,CANDIDATE_PREDEPLOY_CONTENT_REVIEW,NOT_YET_OBSERVED__STAGE27_CALIBRATION,de87efd4-9781-5f38-9b49-b63b916d9dfa,NEAR_FORM_CONFUSION,اشتباه با فرم/قاعده نزدیک,صورت صرفی نزدیک همان فعل (شخص، ریشه یا پایانه دیگر) را به‌جای صورت هدف انتخاب می‌کند.,یک فرم واقعی و نزدیک از همان خانواده انتخاب شود؛ فرم باید در context دیگری معتبر باشد ولی اینجا به‌طور قطعی غلط باشد.,انتخاب آن نشان می‌دهد تمایز میان قاعده هدف و همسایهٔ نزدیک هنوز پایدار نشده است.,CORE,
6ad0bf53-cab8-4037-8548-6e73441d1620,26,"LES VERBES en « -IR », « -OIR » et « -RE » au PRÉSENT",4f709e29-e3e2-48b6-aac6-219482d35c05,L26-S09,« faire » + activité / causatif,faire با فعالیت و سببی,CAT01,SUB02,CONJUGATION_FORM,صرف و صورت فعل,Lesson 26; printed p. 116,Stage1 rule text + Stage2 classification; error frequency not claimed by source,misconception-catalogue-recovered-v1.0.0,CANDIDATE_PREDEPLOY_CONTENT_REVIEW,NOT_YET_OBSERVED__STAGE27_CALIBRATION,221d8254-7c85-50c1-8ed8-c0acb097c97e,CONTEXT_ROLE_MISMATCH,انتقال قاعده درست به context نادرست,صورت صرفی‌ای را که برای فاعل/زمان دیگری درست است به context فعلی منتقل می‌کند.,distractor از قاعده‌ای ساخته شود که به‌خودی‌خود معتبر است، اما نقش/مرجع/زمان/register این context با آن سازگار نیست.,انتخاب آن نشانهٔ تحلیل ناکافی context یا نقش دستوری است، نه صرفاً ندانستن شکل ظاهری.,CORE,
6ad0bf53-cab8-4037-8548-6e73441d1620,26,"LES VERBES en « -IR », « -OIR » et « -RE » au PRÉSENT",46bba0e5-9062-4cde-87b1-a45278d55245,L26-S10,« pouvoir » capacité/permission,pouvoir: توانایی/اجازه,CAT01,SUB02,CONJUGATION_FORM,صرف و صورت فعل,Lesson 26; printed p. 118,Stage1 rule text + Stage2 classification; error frequency not claimed by source,misconception-catalogue-recovered-v1.0.0,CANDIDATE_PREDEPLOY_CONTENT_REVIEW,NOT_YET_OBSERVED__STAGE27_CALIBRATION,7f283abb-9bfb-5581-8dcb-e61ef6367708,OVERGENERALIZATION,تعمیم بیش‌ازحد قاعده,قاعدهٔ هدف «pouvoir + infinitif توانایی جسمی/ذهنی، امکان یا اجازه را بیان می‌کند.» را بدون توجه به شرط، نقش یا محدودیت بافتی زیرموضوع «pouvoir: توانایی/اجازه» به همهٔ موارد مشابه تعمیم می‌دهد.,ساخت distractor با اجرای قاعدهٔ عمومی در جایی که شرط دقیق subtopic آن را مجاز نمی‌کند.,اگر کاربر این گزینه را انتخاب کند، احتمالاً قاعده را می‌داند اما دامنهٔ کاربرد آن را بیش از حد گسترده گرفته است.,CORE,
6ad0bf53-cab8-4037-8548-6e73441d1620,26,"LES VERBES en « -IR », « -OIR » et « -RE » au PRÉSENT",46bba0e5-9062-4cde-87b1-a45278d55245,L26-S10,« pouvoir » capacité/permission,pouvoir: توانایی/اجازه,CAT01,SUB02,CONJUGATION_FORM,صرف و صورت فعل,Lesson 26; printed p. 118,Stage1 rule text + Stage2 classification; error frequency not claimed by source,misconception-catalogue-recovered-v1.0.0,CANDIDATE_PREDEPLOY_CONTENT_REVIEW,NOT_YET_OBSERVED__STAGE27_CALIBRATION,e0f1a3d6-1228-552e-becf-821c38859ec1,NEAR_FORM_CONFUSION,اشتباه با فرم/قاعده نزدیک,صورت صرفی نزدیک همان فعل (شخص، ریشه یا پایانه دیگر) را به‌جای صورت هدف انتخاب می‌کند.,یک فرم واقعی و نزدیک از همان خانواده انتخاب شود؛ فرم باید در context دیگری معتبر باشد ولی اینجا به‌طور قطعی غلط باشد.,انتخاب آن نشان می‌دهد تمایز میان قاعده هدف و همسایهٔ نزدیک هنوز پایدار نشده است.,CORE,
6ad0bf53-cab8-4037-8548-6e73441d1620,26,"LES VERBES en « -IR », « -OIR » et « -RE » au PRÉSENT",46bba0e5-9062-4cde-87b1-a45278d55245,L26-S10,« pouvoir » capacité/permission,pouvoir: توانایی/اجازه,CAT01,SUB02,CONJUGATION_FORM,صرف و صورت فعل,Lesson 26; printed p. 118,Stage1 rule text + Stage2 classification; error frequency not claimed by source,misconception-catalogue-recovered-v1.0.0,CANDIDATE_PREDEPLOY_CONTENT_REVIEW,NOT_YET_OBSERVED__STAGE27_CALIBRATION,c89a9f64-a40e-5cc9-bb10-c93885212969,CONTEXT_ROLE_MISMATCH,انتقال قاعده درست به context نادرست,صورت صرفی‌ای را که برای فاعل/زمان دیگری درست است به context فعلی منتقل می‌کند.,distractor از قاعده‌ای ساخته شود که به‌خودی‌خود معتبر است، اما نقش/مرجع/زمان/register این context با آن سازگار نیست.,انتخاب آن نشانهٔ تحلیل ناکافی context یا نقش دستوری است، نه صرفاً ندانستن شکل ظاهری.,CORE,
6ad0bf53-cab8-4037-8548-6e73441d1620,26,"LES VERBES en « -IR », « -OIR » et « -RE » au PRÉSENT",d06f2960-4d1d-49c2-8785-e679d57207de,L26-S11,« devoir » obligation/probabilité,devoir: الزام/احتمال,CAT01,SUB02,CONJUGATION_FORM,صرف و صورت فعل,Lesson 26; printed p. 118,Stage1 rule text + Stage2 classification; error frequency not claimed by source,misconception-catalogue-recovered-v1.0.0,CANDIDATE_PREDEPLOY_CONTENT_REVIEW,NOT_YET_OBSERVED__STAGE27_CALIBRATION,420c020b-e1c8-50a5-ad50-caf4656a70f0,OVERGENERALIZATION,تعمیم بیش‌ازحد قاعده,قاعدهٔ هدف «devoir + infinitif می‌تواند الزام یا احتمال/استنباط باشد.» را بدون توجه به شرط، نقش یا محدودیت بافتی زیرموضوع «devoir: الزام/احتمال» به همهٔ موارد مشابه تعمیم می‌دهد.,ساخت distractor با اجرای قاعدهٔ عمومی در جایی که شرط دقیق subtopic آن را مجاز نمی‌کند.,اگر کاربر این گزینه را انتخاب کند، احتمالاً قاعده را می‌داند اما دامنهٔ کاربرد آن را بیش از حد گسترده گرفته است.,CORE,
6ad0bf53-cab8-4037-8548-6e73441d1620,26,"LES VERBES en « -IR », « -OIR » et « -RE » au PRÉSENT",d06f2960-4d1d-49c2-8785-e679d57207de,L26-S11,« devoir » obligation/probabilité,devoir: الزام/احتمال,CAT01,SUB02,CONJUGATION_FORM,صرف و صورت فعل,Lesson 26; printed p. 118,Stage1 rule text + Stage2 classification; error frequency not claimed by source,misconception-catalogue-recovered-v1.0.0,CANDIDATE_PREDEPLOY_CONTENT_REVIEW,NOT_YET_OBSERVED__STAGE27_CALIBRATION,975535b6-6714-57e1-aa1e-7cb4450b15d7,NEAR_FORM_CONFUSION,اشتباه با فرم/قاعده نزدیک,صورت صرفی نزدیک همان فعل (شخص، ریشه یا پایانه دیگر) را به‌جای صورت هدف انتخاب می‌کند.,یک فرم واقعی و نزدیک از همان خانواده انتخاب شود؛ فرم باید در context دیگری معتبر باشد ولی اینجا به‌طور قطعی غلط باشد.,انتخاب آن نشان می‌دهد تمایز میان قاعده هدف و همسایهٔ نزدیک هنوز پایدار نشده است.,CORE,
6ad0bf53-cab8-4037-8548-6e73441d1620,26,"LES VERBES en « -IR », « -OIR » et « -RE » au PRÉSENT",d06f2960-4d1d-49c2-8785-e679d57207de,L26-S11,« devoir » obligation/probabilité,devoir: الزام/احتمال,CAT01,SUB02,CONJUGATION_FORM,صرف و صورت فعل,Lesson 26; printed p. 118,Stage1 rule text + Stage2 classification; error frequency not claimed by source,misconception-catalogue-recovered-v1.0.0,CANDIDATE_PREDEPLOY_CONTENT_REVIEW,NOT_YET_OBSERVED__STAGE27_CALIBRATION,da4ac2e9-5b31-5962-b00c-d523b1ce747c,CONTEXT_ROLE_MISMATCH,انتقال قاعده درست به context نادرست,صورت صرفی‌ای را که برای فاعل/زمان دیگری درست است به context فعلی منتقل می‌کند.,distractor از قاعده‌ای ساخته شود که به‌خودی‌خود معتبر است، اما نقش/مرجع/زمان/register این context با آن سازگار نیست.,انتخاب آن نشانهٔ تحلیل ناکافی context یا نقش دستوری است، نه صرفاً ندانستن شکل ظاهری.,CORE,
6ad0bf53-cab8-4037-8548-6e73441d1620,26,"LES VERBES en « -IR », « -OIR » et « -RE » au PRÉSENT",9de8d9be-db3b-42d4-9d36-91c715a90b26,L26-S12,« falloir » nécessité impersonnelle,falloir بی‌شخص,CAT01,SUB02,CONJUGATION_FORM,صرف و صورت فعل,Lesson 26; printed p. 118,Stage1 rule text + Stage2 classification; error frequency not claimed by source,misconception-catalogue-recovered-v1.0.0,CANDIDATE_PREDEPLOY_CONTENT_REVIEW,NOT_YET_OBSERVED__STAGE27_CALIBRATION,564d17bc-c5d4-5358-891e-7a750a8ac549,OVERGENERALIZATION,تعمیم بیش‌ازحد قاعده,قاعدهٔ هدف «il faut + infinitif ضرورت عمومی را بیان می‌کند و فقط بی‌شخص صرف می‌شود.» را بدون توجه به شرط، نقش یا محدودیت بافتی زیرموضوع «falloir بی‌شخص» به همهٔ موارد مشابه تعمیم می‌دهد.,ساخت distractor با اجرای قاعدهٔ عمومی در جایی که شرط دقیق subtopic آن را مجاز نمی‌کند.,اگر کاربر این گزینه را انتخاب کند، احتمالاً قاعده را می‌داند اما دامنهٔ کاربرد آن را بیش از حد گسترده گرفته است.,CORE,
6ad0bf53-cab8-4037-8548-6e73441d1620,26,"LES VERBES en « -IR », « -OIR » et « -RE » au PRÉSENT",9de8d9be-db3b-42d4-9d36-91c715a90b26,L26-S12,« falloir » nécessité impersonnelle,falloir بی‌شخص,CAT01,SUB02,CONJUGATION_FORM,صرف و صورت فعل,Lesson 26; printed p. 118,Stage1 rule text + Stage2 classification; error frequency not claimed by source,misconception-catalogue-recovered-v1.0.0,CANDIDATE_PREDEPLOY_CONTENT_REVIEW,NOT_YET_OBSERVED__STAGE27_CALIBRATION,1beea690-5d14-5c67-84f9-57b6c56efcc2,NEAR_FORM_CONFUSION,اشتباه با فرم/قاعده نزدیک,صورت صرفی نزدیک همان فعل (شخص، ریشه یا پایانه دیگر) را به‌جای صورت هدف انتخاب می‌کند.,یک فرم واقعی و نزدیک از همان خانواده انتخاب شود؛ فرم باید در context دیگری معتبر باشد ولی اینجا به‌طور قطعی غلط باشد.,انتخاب آن نشان می‌دهد تمایز میان قاعده هدف و همسایهٔ نزدیک هنوز پایدار نشده است.,CORE,
6ad0bf53-cab8-4037-8548-6e73441d1620,26,"LES VERBES en « -IR », « -OIR » et « -RE » au PRÉSENT",9de8d9be-db3b-42d4-9d36-91c715a90b26,L26-S12,« falloir » nécessité impersonnelle,falloir بی‌شخص,CAT01,SUB02,CONJUGATION_FORM,صرف و صورت فعل,Lesson 26; printed p. 118,Stage1 rule text + Stage2 classification; error frequency not claimed by source,misconception-catalogue-recovered-v1.0.0,CANDIDATE_PREDEPLOY_CONTENT_REVIEW,NOT_YET_OBSERVED__STAGE27_CALIBRATION,ab25db91-9f06-5e2d-9ce8-327fd8282594,CONTEXT_ROLE_MISMATCH,انتقال قاعده درست به context نادرست,صورت صرفی‌ای را که برای فاعل/زمان دیگری درست است به context فعلی منتقل می‌کند.,distractor از قاعده‌ای ساخته شود که به‌خودی‌خود معتبر است، اما نقش/مرجع/زمان/register این context با آن سازگار نیست.,انتخاب آن نشانهٔ تحلیل ناکافی context یا نقش دستوری است، نه صرفاً ندانستن شکل ظاهری.,CORE,
6ad0bf53-cab8-4037-8548-6e73441d1620,26,"LES VERBES en « -IR », « -OIR » et « -RE » au PRÉSENT",6b87d60a-cf04-4170-8c76-09837ef23780,L26-S13,« savoir » vs « connaître »,savoir در برابر connaître,CAT01,SUB02,CONJUGATION_FORM,صرف و صورت فعل,Lesson 26; printed p. 120,Stage1 rule text + Stage2 classification; error frequency not claimed by source,misconception-catalogue-recovered-v1.0.0,CANDIDATE_PREDEPLOY_CONTENT_REVIEW,NOT_YET_OBSERVED__STAGE27_CALIBRATION,c16cf30b-25fd-5577-8aee-93b13734e68d,OVERGENERALIZATION,تعمیم بیش‌ازحد قاعده,قاعدهٔ هدف «savoir با فعل/گزاره/مهارت و connaître با اسم/آشنایی می‌آید.» را بدون توجه به شرط، نقش یا محدودیت بافتی زیرموضوع «savoir در برابر connaître» به همهٔ موارد مشابه تعمیم می‌دهد.,ساخت distractor با اجرای قاعدهٔ عمومی در جایی که شرط دقیق subtopic آن را مجاز نمی‌کند.,اگر کاربر این گزینه را انتخاب کند، احتمالاً قاعده را می‌داند اما دامنهٔ کاربرد آن را بیش از حد گسترده گرفته است.,CORE,
6ad0bf53-cab8-4037-8548-6e73441d1620,26,"LES VERBES en « -IR », « -OIR » et « -RE » au PRÉSENT",6b87d60a-cf04-4170-8c76-09837ef23780,L26-S13,« savoir » vs « connaître »,savoir در برابر connaître,CAT01,SUB02,CONJUGATION_FORM,صرف و صورت فعل,Lesson 26; printed p. 120,Stage1 rule text + Stage2 classification; error frequency not claimed by source,misconception-catalogue-recovered-v1.0.0,CANDIDATE_PREDEPLOY_CONTENT_REVIEW,NOT_YET_OBSERVED__STAGE27_CALIBRATION,0bc73385-ca57-56af-ad5a-9bf269198c08,NEAR_FORM_CONFUSION,اشتباه با فرم/قاعده نزدیک,صورت صرفی نزدیک همان فعل (شخص، ریشه یا پایانه دیگر) را به‌جای صورت هدف انتخاب می‌کند.,یک فرم واقعی و نزدیک از همان خانواده انتخاب شود؛ فرم باید در context دیگری معتبر باشد ولی اینجا به‌طور قطعی غلط باشد.,انتخاب آن نشان می‌دهد تمایز میان قاعده هدف و همسایهٔ نزدیک هنوز پایدار نشده است.,CORE,
6ad0bf53-cab8-4037-8548-6e73441d1620,26,"LES VERBES en « -IR », « -OIR » et « -RE » au PRÉSENT",6b87d60a-cf04-4170-8c76-09837ef23780,L26-S13,« savoir » vs « connaître »,savoir در برابر connaître,CAT01,SUB02,CONJUGATION_FORM,صرف و صورت فعل,Lesson 26; printed p. 120,Stage1 rule text + Stage2 classification; error frequency not claimed by source,misconception-catalogue-recovered-v1.0.0,CANDIDATE_PREDEPLOY_CONTENT_REVIEW,NOT_YET_OBSERVED__STAGE27_CALIBRATION,3f086106-ff67-5073-be4f-ffde0da25ffe,CONTEXT_ROLE_MISMATCH,انتقال قاعده درست به context نادرست,صورت صرفی‌ای را که برای فاعل/زمان دیگری درست است به context فعلی منتقل می‌کند.,distractor از قاعده‌ای ساخته شود که به‌خودی‌خود معتبر است، اما نقش/مرجع/زمان/register این context با آن سازگار نیست.,انتخاب آن نشانهٔ تحلیل ناکافی context یا نقش دستوری است، نه صرفاً ندانستن شکل ظاهری.,CORE,
6ad0bf53-cab8-4037-8548-6e73441d1620,26,"LES VERBES en « -IR », « -OIR » et « -RE » au PRÉSENT",ba7d0590-05db-4cb6-a00a-dce0b31e56df,L26-S14,« vouloir » + infinitif,vouloir + مصدر,CAT01,SUB02,NONFINITE_ASPECT,ساخت‌های غیرصرفی و نمود,Lesson 26; printed p. 120,Stage1 rule text + Stage2 classification; error frequency not claimed by source,misconception-catalogue-recovered-v1.0.0,CANDIDATE_PREDEPLOY_CONTENT_REVIEW,NOT_YET_OBSERVED__STAGE27_CALIBRATION,b39f41b7-04e4-5dc3-bbbe-7faf591f3eb7,OVERGENERALIZATION,تعمیم بیش‌ازحد قاعده,قاعدهٔ هدف «vouloir + infinitif خواست/اراده را بیان می‌کند و حرف اضافه نمی‌گیرد.» را بدون توجه به شرط، نقش یا محدودیت بافتی زیرموضوع «vouloir + مصدر» به همهٔ موارد مشابه تعمیم می‌دهد.,ساخت distractor با اجرای قاعدهٔ عمومی در جایی که شرط دقیق subtopic آن را مجاز نمی‌کند.,اگر کاربر این گزینه را انتخاب کند، احتمالاً قاعده را می‌داند اما دامنهٔ کاربرد آن را بیش از حد گسترده گرفته است.,CORE,
6ad0bf53-cab8-4037-8548-6e73441d1620,26,"LES VERBES en « -IR », « -OIR » et « -RE » au PRÉSENT",ba7d0590-05db-4cb6-a00a-dce0b31e56df,L26-S14,« vouloir » + infinitif,vouloir + مصدر,CAT01,SUB02,NONFINITE_ASPECT,ساخت‌های غیرصرفی و نمود,Lesson 26; printed p. 120,Stage1 rule text + Stage2 classification; error frequency not claimed by source,misconception-catalogue-recovered-v1.0.0,CANDIDATE_PREDEPLOY_CONTENT_REVIEW,NOT_YET_OBSERVED__STAGE27_CALIBRATION,b23e8614-ac3c-5608-a419-8ef97dbff041,NEAR_FORM_CONFUSION,اشتباه با فرم/قاعده نزدیک,مصدر، gérondif، participe یا periphrase نزدیک را بدون توجه به فاعل/هم‌زمانی/نمود انتخاب می‌کند.,یک فرم واقعی و نزدیک از همان خانواده انتخاب شود؛ فرم باید در context دیگری معتبر باشد ولی اینجا به‌طور قطعی غلط باشد.,انتخاب آن نشان می‌دهد تمایز میان قاعده هدف و همسایهٔ نزدیک هنوز پایدار نشده است.,CORE,
6ad0bf53-cab8-4037-8548-6e73441d1620,26,"LES VERBES en « -IR », « -OIR » et « -RE » au PRÉSENT",ba7d0590-05db-4cb6-a00a-dce0b31e56df,L26-S14,« vouloir » + infinitif,vouloir + مصدر,CAT01,SUB02,NONFINITE_ASPECT,ساخت‌های غیرصرفی و نمود,Lesson 26; printed p. 120,Stage1 rule text + Stage2 classification; error frequency not claimed by source,misconception-catalogue-recovered-v1.0.0,CANDIDATE_PREDEPLOY_CONTENT_REVIEW,NOT_YET_OBSERVED__STAGE27_CALIBRATION,aed309b2-b3ee-52c7-b108-e5b5191ee8c3,CONTEXT_ROLE_MISMATCH,انتقال قاعده درست به context نادرست,ساخت غیرصرفی درست در بافت دیگری را با فاعل، توالی یا aspect نامتناسب به جمله فعلی منتقل می‌کند.,distractor از قاعده‌ای ساخته شود که به‌خودی‌خود معتبر است، اما نقش/مرجع/زمان/register این context با آن سازگار نیست.,انتخاب آن نشانهٔ تحلیل ناکافی context یا نقش دستوری است، نه صرفاً ندانستن شکل ظاهری.,CORE,
e5bfdde7-6889-4829-ad65-06a572af5f97,27,LES VERBES PRONOMINAUX,3f02a6fe-03ab-4d22-9681-421ba4abb712,L27-S01,Verbes réfléchis,افعال بازتابی,CAT01,SUB03,GENERAL_GRAMMAR,گرامر عمومی,Lesson 27; printed p. 122,Stage1 rule text + Stage2 classification; error frequency not claimed by source,misconception-catalogue-recovered-v1.0.0,CANDIDATE_PREDEPLOY_CONTENT_REVIEW,NOT_YET_OBSERVED__STAGE27_CALIBRATION,d74817de-4bc3-5c55-87ed-a867edf98a79,OVERGENERALIZATION,تعمیم بیش‌ازحد قاعده,قاعدهٔ هدف «در فعل بازتابی فاعل و مفعول به یک مرجع اشاره می‌کنند.» را بدون توجه به شرط، نقش یا محدودیت بافتی زیرموضوع «افعال بازتابی» به همهٔ موارد مشابه تعمیم می‌دهد.,ساخت distractor با اجرای قاعدهٔ عمومی در جایی که شرط دقیق subtopic آن را مجاز نمی‌کند.,اگر کاربر این گزینه را انتخاب کند، احتمالاً قاعده را می‌داند اما دامنهٔ کاربرد آن را بیش از حد گسترده گرفته است.,CORE,
e5bfdde7-6889-4829-ad65-06a572af5f97,27,LES VERBES PRONOMINAUX,3f02a6fe-03ab-4d22-9681-421ba4abb712,L27-S01,Verbes réfléchis,افعال بازتابی,CAT01,SUB03,GENERAL_GRAMMAR,گرامر عمومی,Lesson 27; printed p. 122,Stage1 rule text + Stage2 classification; error frequency not claimed by source,misconception-catalogue-recovered-v1.0.0,CANDIDATE_PREDEPLOY_CONTENT_REVIEW,NOT_YET_OBSERVED__STAGE27_CALIBRATION,d611be92-37b6-53a3-8807-e028849dbcc8,NEAR_FORM_CONFUSION,اشتباه با فرم/قاعده نزدیک,ساخت گرامری نزدیک و در ظاهر معتبر را به‌جای ساخت هدف انتخاب می‌کند.,یک فرم واقعی و نزدیک از همان خانواده انتخاب شود؛ فرم باید در context دیگری معتبر باشد ولی اینجا به‌طور قطعی غلط باشد.,انتخاب آن نشان می‌دهد تمایز میان قاعده هدف و همسایهٔ نزدیک هنوز پایدار نشده است.,CORE,
e5bfdde7-6889-4829-ad65-06a572af5f97,27,LES VERBES PRONOMINAUX,3f02a6fe-03ab-4d22-9681-421ba4abb712,L27-S01,Verbes réfléchis,افعال بازتابی,CAT01,SUB03,GENERAL_GRAMMAR,گرامر عمومی,Lesson 27; printed p. 122,Stage1 rule text + Stage2 classification; error frequency not claimed by source,misconception-catalogue-recovered-v1.0.0,CANDIDATE_PREDEPLOY_CONTENT_REVIEW,NOT_YET_OBSERVED__STAGE27_CALIBRATION,8dc86604-db5f-5f7b-8d37-d634f5ddba75,CONTEXT_ROLE_MISMATCH,انتقال قاعده درست به context نادرست,قاعده‌ای که به‌خودی‌خود معتبر است را در نقش، زمان، مرجع یا context نامتناسب به‌کار می‌برد.,distractor از قاعده‌ای ساخته شود که به‌خودی‌خود معتبر است، اما نقش/مرجع/زمان/register این context با آن سازگار نیست.,انتخاب آن نشانهٔ تحلیل ناکافی context یا نقش دستوری است، نه صرفاً ندانستن شکل ظاهری.,CORE,
e5bfdde7-6889-4829-ad65-06a572af5f97,27,LES VERBES PRONOMINAUX,29b519f6-c143-41ae-88ff-3cff61fbe731,L27-S02,Verbes réciproques,افعال متقابل,CAT01,SUB03,GENERAL_GRAMMAR,گرامر عمومی,Lesson 27; printed p. 122,Stage1 rule text + Stage2 classification; error frequency not claimed by source,misconception-catalogue-recovered-v1.0.0,CANDIDATE_PREDEPLOY_CONTENT_REVIEW,NOT_YET_OBSERVED__STAGE27_CALIBRATION,84c52516-180d-56bb-b2b9-508f57e6c1b1,OVERGENERALIZATION,تعمیم بیش‌ازحد قاعده,قاعدهٔ هدف «در ساخت متقابل اعضای فاعل جمع عمل را نسبت به یکدیگر انجام می‌دهند.» را بدون توجه به شرط، نقش یا محدودیت بافتی زیرموضوع «افعال متقابل» به همهٔ موارد مشابه تعمیم می‌دهد.,ساخت distractor با اجرای قاعدهٔ عمومی در جایی که شرط دقیق subtopic آن را مجاز نمی‌کند.,اگر کاربر این گزینه را انتخاب کند، احتمالاً قاعده را می‌داند اما دامنهٔ کاربرد آن را بیش از حد گسترده گرفته است.,CORE,
e5bfdde7-6889-4829-ad65-06a572af5f97,27,LES VERBES PRONOMINAUX,29b519f6-c143-41ae-88ff-3cff61fbe731,L27-S02,Verbes réciproques,افعال متقابل,CAT01,SUB03,GENERAL_GRAMMAR,گرامر عمومی,Lesson 27; printed p. 122,Stage1 rule text + Stage2 classification; error frequency not claimed by source,misconception-catalogue-recovered-v1.0.0,CANDIDATE_PREDEPLOY_CONTENT_REVIEW,NOT_YET_OBSERVED__STAGE27_CALIBRATION,010f9e81-999b-520a-acda-d0269460b802,NEAR_FORM_CONFUSION,اشتباه با فرم/قاعده نزدیک,ساخت گرامری نزدیک و در ظاهر معتبر را به‌جای ساخت هدف انتخاب می‌کند.,یک فرم واقعی و نزدیک از همان خانواده انتخاب شود؛ فرم باید در context دیگری معتبر باشد ولی اینجا به‌طور قطعی غلط باشد.,انتخاب آن نشان می‌دهد تمایز میان قاعده هدف و همسایهٔ نزدیک هنوز پایدار نشده است.,CORE,
e5bfdde7-6889-4829-ad65-06a572af5f97,27,LES VERBES PRONOMINAUX,29b519f6-c143-41ae-88ff-3cff61fbe731,L27-S02,Verbes réciproques,افعال متقابل,CAT01,SUB03,GENERAL_GRAMMAR,گرامر عمومی,Lesson 27; printed p. 122,Stage1 rule text + Stage2 classification; error frequency not claimed by source,misconception-catalogue-recovered-v1.0.0,CANDIDATE_PREDEPLOY_CONTENT_REVIEW,NOT_YET_OBSERVED__STAGE27_CALIBRATION,564c7854-75f8-5ef1-9fd2-1421f327611c,CONTEXT_ROLE_MISMATCH,انتقال قاعده درست به context نادرست,قاعده‌ای که به‌خودی‌خود معتبر است را در نقش، زمان، مرجع یا context نامتناسب به‌کار می‌برد.,distractor از قاعده‌ای ساخته شود که به‌خودی‌خود معتبر است، اما نقش/مرجع/زمان/register این context با آن سازگار نیست.,انتخاب آن نشانهٔ تحلیل ناکافی context یا نقش دستوری است، نه صرفاً ندانستن شکل ظاهری.,CORE,
e5bfdde7-6889-4829-ad65-06a572af5f97,27,LES VERBES PRONOMINAUX,cedf15b4-abf7-4d04-ba1c-180dd546d565,L27-S03,Verbes pronominaux lexicaux,افعال pronominal واژگانی,CAT01,SUB03,PRONOUN_REFERENCE,ضمیر و ارجاع,Lesson 27; printed p. 122,Stage1 rule text + Stage2 classification; error frequency not claimed by source,misconception-catalogue-recovered-v1.0.0,CANDIDATE_PREDEPLOY_CONTENT_REVIEW,NOT_YET_OBSERVED__STAGE27_CALIBRATION,1145d186-4e60-5685-ad4d-b25cbfbd1a84,OVERGENERALIZATION,تعمیم بیش‌ازحد قاعده,قاعدهٔ هدف «برخی افعال pronominal معنای مستقیم بازتابی ندارند و باید واحد واژگانی باشند.» را بدون توجه به شرط، نقش یا محدودیت بافتی زیرموضوع «افعال pronominal واژگانی» به همهٔ موارد مشابه تعمیم می‌دهد.,ساخت distractor با اجرای قاعدهٔ عمومی در جایی که شرط دقیق subtopic آن را مجاز نمی‌کند.,اگر کاربر این گزینه را انتخاب کند، احتمالاً قاعده را می‌داند اما دامنهٔ کاربرد آن را بیش از حد گسترده گرفته است.,CORE,
e5bfdde7-6889-4829-ad65-06a572af5f97,27,LES VERBES PRONOMINAUX,cedf15b4-abf7-4d04-ba1c-180dd546d565,L27-S03,Verbes pronominaux lexicaux,افعال pronominal واژگانی,CAT01,SUB03,PRONOUN_REFERENCE,ضمیر و ارجاع,Lesson 27; printed p. 122,Stage1 rule text + Stage2 classification; error frequency not claimed by source,misconception-catalogue-recovered-v1.0.0,CANDIDATE_PREDEPLOY_CONTENT_REVIEW,NOT_YET_OBSERVED__STAGE27_CALIBRATION,08ec6e91-db39-5c93-ba1d-dded8c7c7c45,NEAR_FORM_CONFUSION,اشتباه با فرم/قاعده نزدیک,نوع یا صورت ضمیر نزدیک (نقش، شخص، جنس/شمار یا نوع متمم متفاوت) را به‌جای ضمیر هدف انتخاب می‌کند.,یک فرم واقعی و نزدیک از همان خانواده انتخاب شود؛ فرم باید در context دیگری معتبر باشد ولی اینجا به‌طور قطعی غلط باشد.,انتخاب آن نشان می‌دهد تمایز میان قاعده هدف و همسایهٔ نزدیک هنوز پایدار نشده است.,CORE,
e5bfdde7-6889-4829-ad65-06a572af5f97,27,LES VERBES PRONOMINAUX,cedf15b4-abf7-4d04-ba1c-180dd546d565,L27-S03,Verbes pronominaux lexicaux,افعال pronominal واژگانی,CAT01,SUB03,PRONOUN_REFERENCE,ضمیر و ارجاع,Lesson 27; printed p. 122,Stage1 rule text + Stage2 classification; error frequency not claimed by source,misconception-catalogue-recovered-v1.0.0,CANDIDATE_PREDEPLOY_CONTENT_REVIEW,NOT_YET_OBSERVED__STAGE27_CALIBRATION,f6e59c97-ec73-583b-85f1-00e4e6fc9881,CONTEXT_ROLE_MISMATCH,انتقال قاعده درست به context نادرست,ضمیر درست برای مرجع یا متمم دیگری را به این جمله منتقل می‌کند و antecedent/رکسیون فعلی را نادیده می‌گیرد.,distractor از قاعده‌ای ساخته شود که به‌خودی‌خود معتبر است، اما نقش/مرجع/زمان/register این context با آن سازگار نیست.,انتخاب آن نشانهٔ تحلیل ناکافی context یا نقش دستوری است، نه صرفاً ندانستن شکل ظاهری.,CORE,
e5bfdde7-6889-4829-ad65-06a572af5f97,27,LES VERBES PRONOMINAUX,3dce4650-243b-4059-8d60-e64ed6a66215,L27-S04,Négation des verbes pronominaux,نفی افعال pronominal,CAT01,SUB03,NEGATION_POLARITY,نفی و قطبیت,Lesson 27; printed p. 122,Stage1 rule text + Stage2 classification; error frequency not claimed by source,misconception-catalogue-recovered-v1.0.0,CANDIDATE_PREDEPLOY_CONTENT_REVIEW,NOT_YET_OBSERVED__STAGE27_CALIBRATION,d94898e4-b41f-5b2b-b6ac-510d380020f0,OVERGENERALIZATION,تعمیم بیش‌ازحد قاعده,قاعدهٔ هدف «در نفی، ne و pas پیرامون بلوک pronom + verbe قرار می‌گیرند.» را بدون توجه به شرط، نقش یا محدودیت بافتی زیرموضوع «نفی افعال pronominal» به همهٔ موارد مشابه تعمیم می‌دهد.,ساخت distractor با اجرای قاعدهٔ عمومی در جایی که شرط دقیق subtopic آن را مجاز نمی‌کند.,اگر کاربر این گزینه را انتخاب کند، احتمالاً قاعده را می‌داند اما دامنهٔ کاربرد آن را بیش از حد گسترده گرفته است.,CORE,
e5bfdde7-6889-4829-ad65-06a572af5f97,27,LES VERBES PRONOMINAUX,3dce4650-243b-4059-8d60-e64ed6a66215,L27-S04,Négation des verbes pronominaux,نفی افعال pronominal,CAT01,SUB03,NEGATION_POLARITY,نفی و قطبیت,Lesson 27; printed p. 122,Stage1 rule text + Stage2 classification; error frequency not claimed by source,misconception-catalogue-recovered-v1.0.0,CANDIDATE_PREDEPLOY_CONTENT_REVIEW,NOT_YET_OBSERVED__STAGE27_CALIBRATION,2c10974a-0625-5672-9bf5-3b39a2b77da9,NEAR_FORM_CONFUSION,اشتباه با فرم/قاعده نزدیک,ساخت نفی نزدیک را با دامنه، واژه منفی یا article نامتناسب جایگزین می‌کند.,یک فرم واقعی و نزدیک از همان خانواده انتخاب شود؛ فرم باید در context دیگری معتبر باشد ولی اینجا به‌طور قطعی غلط باشد.,انتخاب آن نشان می‌دهد تمایز میان قاعده هدف و همسایهٔ نزدیک هنوز پایدار نشده است.,CORE,
e5bfdde7-6889-4829-ad65-06a572af5f97,27,LES VERBES PRONOMINAUX,3dce4650-243b-4059-8d60-e64ed6a66215,L27-S04,Négation des verbes pronominaux,نفی افعال pronominal,CAT01,SUB03,NEGATION_POLARITY,نفی و قطبیت,Lesson 27; printed p. 122,Stage1 rule text + Stage2 classification; error frequency not claimed by source,misconception-catalogue-recovered-v1.0.0,CANDIDATE_PREDEPLOY_CONTENT_REVIEW,NOT_YET_OBSERVED__STAGE27_CALIBRATION,388a17af-9cb8-519b-b86d-798390053750,CONTEXT_ROLE_MISMATCH,انتقال قاعده درست به context نادرست,ساخت نفی معتبر در بافت دیگری را بدون توجه به دامنه نفی/کمیت/قطبیت جمله فعلی به‌کار می‌برد.,distractor از قاعده‌ای ساخته شود که به‌خودی‌خود معتبر است، اما نقش/مرجع/زمان/register این context با آن سازگار نیست.,انتخاب آن نشانهٔ تحلیل ناکافی context یا نقش دستوری است، نه صرفاً ندانستن شکل ظاهری.,CORE,
2ad099b6-e9f4-4b96-8883-d88977fc94b4,28,LES PRONOMS COMPLÉMENTS,cd160413-905e-4e55-9b1e-d5836b788b9e,L28-S01,Pronoms compléments directs,ضمیر مفعولی مستقیم,CAT04,SUB08,PRONOUN_REFERENCE,ضمیر و ارجاع,Lesson 28; printed p. 124,Stage1 rule text + Stage2 classification; error frequency not claimed by source,misconception-catalogue-recovered-v1.0.0,CANDIDATE_PREDEPLOY_CONTENT_REVIEW,NOT_YET_OBSERVED__STAGE27_CALIBRATION,77841b0d-74a5-56c5-ab58-65e079c71341,OVERGENERALIZATION,تعمیم بیش‌ازحد قاعده,قاعدهٔ هدف «me/te/le/la/nous/vous/les مفعول مستقیم شخص یا چیز را جایگزین می‌کنند.» را بدون توجه به شرط، نقش یا محدودیت بافتی زیرموضوع «ضمیر مفعولی مستقیم» به همهٔ موارد مشابه تعمیم می‌دهد.,ساخت distractor با اجرای قاعدهٔ عمومی در جایی که شرط دقیق subtopic آن را مجاز نمی‌کند.,اگر کاربر این گزینه را انتخاب کند، احتمالاً قاعده را می‌داند اما دامنهٔ کاربرد آن را بیش از حد گسترده گرفته است.,CORE,
2ad099b6-e9f4-4b96-8883-d88977fc94b4,28,LES PRONOMS COMPLÉMENTS,cd160413-905e-4e55-9b1e-d5836b788b9e,L28-S01,Pronoms compléments directs,ضمیر مفعولی مستقیم,CAT04,SUB08,PRONOUN_REFERENCE,ضمیر و ارجاع,Lesson 28; printed p. 124,Stage1 rule text + Stage2 classification; error frequency not claimed by source,misconception-catalogue-recovered-v1.0.0,CANDIDATE_PREDEPLOY_CONTENT_REVIEW,NOT_YET_OBSERVED__STAGE27_CALIBRATION,8d808297-9ad6-566f-aff9-97de2274489e,NEAR_FORM_CONFUSION,اشتباه با فرم/قاعده نزدیک,نوع یا صورت ضمیر نزدیک (نقش، شخص، جنس/شمار یا نوع متمم متفاوت) را به‌جای ضمیر هدف انتخاب می‌کند.,یک فرم واقعی و نزدیک از همان خانواده انتخاب شود؛ فرم باید در context دیگری معتبر باشد ولی اینجا به‌طور قطعی غلط باشد.,انتخاب آن نشان می‌دهد تمایز میان قاعده هدف و همسایهٔ نزدیک هنوز پایدار نشده است.,CORE,
2ad099b6-e9f4-4b96-8883-d88977fc94b4,28,LES PRONOMS COMPLÉMENTS,cd160413-905e-4e55-9b1e-d5836b788b9e,L28-S01,Pronoms compléments directs,ضمیر مفعولی مستقیم,CAT04,SUB08,PRONOUN_REFERENCE,ضمیر و ارجاع,Lesson 28; printed p. 124,Stage1 rule text + Stage2 classification; error frequency not claimed by source,misconception-catalogue-recovered-v1.0.0,CANDIDATE_PREDEPLOY_CONTENT_REVIEW,NOT_YET_OBSERVED__STAGE27_CALIBRATION,f208f092-d252-5752-bf61-03a444859577,CONTEXT_ROLE_MISMATCH,انتقال قاعده درست به context نادرست,ضمیر درست برای مرجع یا متمم دیگری را به این جمله منتقل می‌کند و antecedent/رکسیون فعلی را نادیده می‌گیرد.,distractor از قاعده‌ای ساخته شود که به‌خودی‌خود معتبر است، اما نقش/مرجع/زمان/register این context با آن سازگار نیست.,انتخاب آن نشانهٔ تحلیل ناکافی context یا نقش دستوری است، نه صرفاً ندانستن شکل ظاهری.,CORE,
2ad099b6-e9f4-4b96-8883-d88977fc94b4,28,LES PRONOMS COMPLÉMENTS,1062ddfc-79a8-4a33-a3f7-c2fa0ef6ad25,L28-S02,Le/la/les avec personnes,le/la/les برای شخص,CAT04,SUB08,PRONOUN_REFERENCE,ضمیر و ارجاع,Lesson 28; printed p. 124,Stage1 rule text + Stage2 classification; error frequency not claimed by source,misconception-catalogue-recovered-v1.0.0,CANDIDATE_PREDEPLOY_CONTENT_REVIEW,NOT_YET_OBSERVED__STAGE27_CALIBRATION,2291d8a1-f246-55ee-9ac8-33b707f418ef,OVERGENERALIZATION,تعمیم بیش‌ازحد قاعده,قاعدهٔ هدف «با افعالی مانند aimer/connaître، شخصِ مفعول مستقیم با le/la/les جایگزین می‌شود.» را بدون توجه به شرط، نقش یا محدودیت بافتی زیرموضوع «le/la/les برای شخص» به همهٔ موارد مشابه تعمیم می‌دهد.,ساخت distractor با اجرای قاعدهٔ عمومی در جایی که شرط دقیق subtopic آن را مجاز نمی‌کند.,اگر کاربر این گزینه را انتخاب کند، احتمالاً قاعده را می‌داند اما دامنهٔ کاربرد آن را بیش از حد گسترده گرفته است.,CORE,
2ad099b6-e9f4-4b96-8883-d88977fc94b4,28,LES PRONOMS COMPLÉMENTS,1062ddfc-79a8-4a33-a3f7-c2fa0ef6ad25,L28-S02,Le/la/les avec personnes,le/la/les برای شخص,CAT04,SUB08,PRONOUN_REFERENCE,ضمیر و ارجاع,Lesson 28; printed p. 124,Stage1 rule text + Stage2 classification; error frequency not claimed by source,misconception-catalogue-recovered-v1.0.0,CANDIDATE_PREDEPLOY_CONTENT_REVIEW,NOT_YET_OBSERVED__STAGE27_CALIBRATION,8be13f91-c5e6-5fa2-abd3-ebb7ea5c6a23,NEAR_FORM_CONFUSION,اشتباه با فرم/قاعده نزدیک,نوع یا صورت ضمیر نزدیک (نقش، شخص، جنس/شمار یا نوع متمم متفاوت) را به‌جای ضمیر هدف انتخاب می‌کند.,یک فرم واقعی و نزدیک از همان خانواده انتخاب شود؛ فرم باید در context دیگری معتبر باشد ولی اینجا به‌طور قطعی غلط باشد.,انتخاب آن نشان می‌دهد تمایز میان قاعده هدف و همسایهٔ نزدیک هنوز پایدار نشده است.,CORE,
2ad099b6-e9f4-4b96-8883-d88977fc94b4,28,LES PRONOMS COMPLÉMENTS,1062ddfc-79a8-4a33-a3f7-c2fa0ef6ad25,L28-S02,Le/la/les avec personnes,le/la/les برای شخص,CAT04,SUB08,PRONOUN_REFERENCE,ضمیر و ارجاع,Lesson 28; printed p. 124,Stage1 rule text + Stage2 classification; error frequency not claimed by source,misconception-catalogue-recovered-v1.0.0,CANDIDATE_PREDEPLOY_CONTENT_REVIEW,NOT_YET_OBSERVED__STAGE27_CALIBRATION,8b39f9d4-73df-527c-8751-b4c98c79302e,CONTEXT_ROLE_MISMATCH,انتقال قاعده درست به context نادرست,ضمیر درست برای مرجع یا متمم دیگری را به این جمله منتقل می‌کند و antecedent/رکسیون فعلی را نادیده می‌گیرد.,distractor از قاعده‌ای ساخته شود که به‌خودی‌خود معتبر است، اما نقش/مرجع/زمان/register این context با آن سازگار نیست.,انتخاب آن نشانهٔ تحلیل ناکافی context یا نقش دستوری است، نه صرفاً ندانستن شکل ظاهری.,CORE,
2ad099b6-e9f4-4b96-8883-d88977fc94b4,28,LES PRONOMS COMPLÉMENTS,1d9cdcf6-5215-4855-a653-085f927b707d,L28-S03,Pronoms indirects « lui/leur »,lui/leur,CAT04,SUB08,PRONOUN_REFERENCE,ضمیر و ارجاع,Lesson 28; printed p. 126,Stage1 rule text + Stage2 classification; error frequency not claimed by source,misconception-catalogue-recovered-v1.0.0,CANDIDATE_PREDEPLOY_CONTENT_REVIEW,NOT_YET_OBSERVED__STAGE27_CALIBRATION,9a1e40ae-7836-5ebf-99a9-f58cf34cb5de,OVERGENERALIZATION,تعمیم بیش‌ازحد قاعده,قاعدهٔ هدف «lui/leur برای شخصی که با à به افعال ارتباطی و مشابه وصل است به‌کار می‌رود.» را بدون توجه به شرط، نقش یا محدودیت بافتی زیرموضوع «lui/leur» به همهٔ موارد مشابه تعمیم می‌دهد.,ساخت distractor با اجرای قاعدهٔ عمومی در جایی که شرط دقیق subtopic آن را مجاز نمی‌کند.,اگر کاربر این گزینه را انتخاب کند، احتمالاً قاعده را می‌داند اما دامنهٔ کاربرد آن را بیش از حد گسترده گرفته است.,CORE,
2ad099b6-e9f4-4b96-8883-d88977fc94b4,28,LES PRONOMS COMPLÉMENTS,1d9cdcf6-5215-4855-a653-085f927b707d,L28-S03,Pronoms indirects « lui/leur »,lui/leur,CAT04,SUB08,PRONOUN_REFERENCE,ضمیر و ارجاع,Lesson 28; printed p. 126,Stage1 rule text + Stage2 classification; error frequency not claimed by source,misconception-catalogue-recovered-v1.0.0,CANDIDATE_PREDEPLOY_CONTENT_REVIEW,NOT_YET_OBSERVED__STAGE27_CALIBRATION,76450b27-6774-5058-9d7c-421eb0bb1d6a,NEAR_FORM_CONFUSION,اشتباه با فرم/قاعده نزدیک,نوع یا صورت ضمیر نزدیک (نقش، شخص، جنس/شمار یا نوع متمم متفاوت) را به‌جای ضمیر هدف انتخاب می‌کند.,یک فرم واقعی و نزدیک از همان خانواده انتخاب شود؛ فرم باید در context دیگری معتبر باشد ولی اینجا به‌طور قطعی غلط باشد.,انتخاب آن نشان می‌دهد تمایز میان قاعده هدف و همسایهٔ نزدیک هنوز پایدار نشده است.,CORE,
2ad099b6-e9f4-4b96-8883-d88977fc94b4,28,LES PRONOMS COMPLÉMENTS,1d9cdcf6-5215-4855-a653-085f927b707d,L28-S03,Pronoms indirects « lui/leur »,lui/leur,CAT04,SUB08,PRONOUN_REFERENCE,ضمیر و ارجاع,Lesson 28; printed p. 126,Stage1 rule text + Stage2 classification; error frequency not claimed by source,misconception-catalogue-recovered-v1.0.0,CANDIDATE_PREDEPLOY_CONTENT_REVIEW,NOT_YET_OBSERVED__STAGE27_CALIBRATION,0e78214e-2cf6-5e57-af6e-b5ce58162be8,CONTEXT_ROLE_MISMATCH,انتقال قاعده درست به context نادرست,ضمیر درست برای مرجع یا متمم دیگری را به این جمله منتقل می‌کند و antecedent/رکسیون فعلی را نادیده می‌گیرد.,distractor از قاعده‌ای ساخته شود که به‌خودی‌خود معتبر است، اما نقش/مرجع/زمان/register این context با آن سازگار نیست.,انتخاب آن نشانهٔ تحلیل ناکافی context یا نقش دستوری است، نه صرفاً ندانستن شکل ظاهری.,CORE,
2ad099b6-e9f4-4b96-8883-d88977fc94b4,28,LES PRONOMS COMPLÉMENTS,c84d13cb-164e-43de-bbad-4f83bf7291ba,L28-S04,Verbes avec pronom tonique après « à »,افعال با ضمیر تونیک پس از à,CAT04,SUB08,PRONOUN_REFERENCE,ضمیر و ارجاع,Lesson 28; printed p. 126,Stage1 rule text + Stage2 classification; error frequency not claimed by source,misconception-catalogue-recovered-v1.0.0,CANDIDATE_PREDEPLOY_CONTENT_REVIEW,NOT_YET_OBSERVED__STAGE27_CALIBRATION,2e1623a3-fc76-5d92-b76d-2d79d4e292cd,OVERGENERALIZATION,تعمیم بیش‌ازحد قاعده,قاعدهٔ هدف «برخی افعال مانند penser à و s’intéresser à برای شخص pronom tonique می‌گیرند نه lui/leur.» را بدون توجه به شرط، نقش یا محدودیت بافتی زیرموضوع «افعال با ضمیر تونیک پس از à» به همهٔ موارد مشابه تعمیم می‌دهد.,ساخت distractor با اجرای قاعدهٔ عمومی در جایی که شرط دقیق subtopic آن را مجاز نمی‌کند.,اگر کاربر این گزینه را انتخاب کند، احتمالاً قاعده را می‌داند اما دامنهٔ کاربرد آن را بیش از حد گسترده گرفته است.,CORE,
2ad099b6-e9f4-4b96-8883-d88977fc94b4,28,LES PRONOMS COMPLÉMENTS,c84d13cb-164e-43de-bbad-4f83bf7291ba,L28-S04,Verbes avec pronom tonique après « à »,افعال با ضمیر تونیک پس از à,CAT04,SUB08,PRONOUN_REFERENCE,ضمیر و ارجاع,Lesson 28; printed p. 126,Stage1 rule text + Stage2 classification; error frequency not claimed by source,misconception-catalogue-recovered-v1.0.0,CANDIDATE_PREDEPLOY_CONTENT_REVIEW,NOT_YET_OBSERVED__STAGE27_CALIBRATION,40f1b789-2c57-59eb-8e15-e2bf2f067fa1,NEAR_FORM_CONFUSION,اشتباه با فرم/قاعده نزدیک,نوع یا صورت ضمیر نزدیک (نقش، شخص، جنس/شمار یا نوع متمم متفاوت) را به‌جای ضمیر هدف انتخاب می‌کند.,یک فرم واقعی و نزدیک از همان خانواده انتخاب شود؛ فرم باید در context دیگری معتبر باشد ولی اینجا به‌طور قطعی غلط باشد.,انتخاب آن نشان می‌دهد تمایز میان قاعده هدف و همسایهٔ نزدیک هنوز پایدار نشده است.,CORE,
2ad099b6-e9f4-4b96-8883-d88977fc94b4,28,LES PRONOMS COMPLÉMENTS,c84d13cb-164e-43de-bbad-4f83bf7291ba,L28-S04,Verbes avec pronom tonique après « à »,افعال با ضمیر تونیک پس از à,CAT04,SUB08,PRONOUN_REFERENCE,ضمیر و ارجاع,Lesson 28; printed p. 126,Stage1 rule text + Stage2 classification; error frequency not claimed by source,misconception-catalogue-recovered-v1.0.0,CANDIDATE_PREDEPLOY_CONTENT_REVIEW,NOT_YET_OBSERVED__STAGE27_CALIBRATION,ce21f255-9b67-513c-ba3a-4aa0e4264576,CONTEXT_ROLE_MISMATCH,انتقال قاعده درست به context نادرست,ضمیر درست برای مرجع یا متمم دیگری را به این جمله منتقل می‌کند و antecedent/رکسیون فعلی را نادیده می‌گیرد.,distractor از قاعده‌ای ساخته شود که به‌خودی‌خود معتبر است، اما نقش/مرجع/زمان/register این context با آن سازگار نیست.,انتخاب آن نشانهٔ تحلیل ناکافی context یا نقش دستوری است، نه صرفاً ندانستن شکل ظاهری.,CORE,
2ad099b6-e9f4-4b96-8883-d88977fc94b4,28,LES PRONOMS COMPLÉMENTS,2abd1f5c-264e-463b-826d-0cd0a34c5147,L28-S05,Résumé le/la/les - lui/leur - y - en,نقشهٔ انتخاب ضمیر,CAT04,SUB08,PRONOUN_REFERENCE,ضمیر و ارجاع,Lesson 28; printed p. 128,Stage1 rule text + Stage2 classification; error frequency not claimed by source,misconception-catalogue-recovered-v1.0.0,CANDIDATE_PREDEPLOY_CONTENT_REVIEW,NOT_YET_OBSERVED__STAGE27_CALIBRATION,6920f594-c7ff-56de-8960-0693cce8e2df,OVERGENERALIZATION,تعمیم بیش‌ازحد قاعده,قاعدهٔ هدف «COD→le/la/les؛ à+شخص در افعال مناسب→lui/leur؛ à+چیز→y؛ de+چیز/partitif→en.» را بدون توجه به شرط، نقش یا محدودیت بافتی زیرموضوع «نقشهٔ انتخاب ضمیر» به همهٔ موارد مشابه تعمیم می‌دهد.,ساخت distractor با اجرای قاعدهٔ عمومی در جایی که شرط دقیق subtopic آن را مجاز نمی‌کند.,اگر کاربر این گزینه را انتخاب کند، احتمالاً قاعده را می‌داند اما دامنهٔ کاربرد آن را بیش از حد گسترده گرفته است.,CORE,
2ad099b6-e9f4-4b96-8883-d88977fc94b4,28,LES PRONOMS COMPLÉMENTS,2abd1f5c-264e-463b-826d-0cd0a34c5147,L28-S05,Résumé le/la/les - lui/leur - y - en,نقشهٔ انتخاب ضمیر,CAT04,SUB08,PRONOUN_REFERENCE,ضمیر و ارجاع,Lesson 28; printed p. 128,Stage1 rule text + Stage2 classification; error frequency not claimed by source,misconception-catalogue-recovered-v1.0.0,CANDIDATE_PREDEPLOY_CONTENT_REVIEW,NOT_YET_OBSERVED__STAGE27_CALIBRATION,f4aecf55-eb3a-59d7-b2a8-847b1b267ed4,NEAR_FORM_CONFUSION,اشتباه با فرم/قاعده نزدیک,نوع یا صورت ضمیر نزدیک (نقش، شخص، جنس/شمار یا نوع متمم متفاوت) را به‌جای ضمیر هدف انتخاب می‌کند.,یک فرم واقعی و نزدیک از همان خانواده انتخاب شود؛ فرم باید در context دیگری معتبر باشد ولی اینجا به‌طور قطعی غلط باشد.,انتخاب آن نشان می‌دهد تمایز میان قاعده هدف و همسایهٔ نزدیک هنوز پایدار نشده است.,CORE,
2ad099b6-e9f4-4b96-8883-d88977fc94b4,28,LES PRONOMS COMPLÉMENTS,2abd1f5c-264e-463b-826d-0cd0a34c5147,L28-S05,Résumé le/la/les - lui/leur - y - en,نقشهٔ انتخاب ضمیر,CAT04,SUB08,PRONOUN_REFERENCE,ضمیر و ارجاع,Lesson 28; printed p. 128,Stage1 rule text + Stage2 classification; error frequency not claimed by source,misconception-catalogue-recovered-v1.0.0,CANDIDATE_PREDEPLOY_CONTENT_REVIEW,NOT_YET_OBSERVED__STAGE27_CALIBRATION,3f5f9b24-c047-51e0-90e4-669560e2ecb6,CONTEXT_ROLE_MISMATCH,انتقال قاعده درست به context نادرست,ضمیر درست برای مرجع یا متمم دیگری را به این جمله منتقل می‌کند و antecedent/رکسیون فعلی را نادیده می‌گیرد.,distractor از قاعده‌ای ساخته شود که به‌خودی‌خود معتبر است، اما نقش/مرجع/زمان/register این context با آن سازگار نیست.,انتخاب آن نشانهٔ تحلیل ناکافی context یا نقش دستوری است، نه صرفاً ندانستن شکل ظاهری.,CORE,
2ad099b6-e9f4-4b96-8883-d88977fc94b4,28,LES PRONOMS COMPLÉMENTS,963fc3ba-876c-4f68-bb46-a1813d9dcbda,L28-S06,Ordre de plusieurs pronoms,ترتیب چند ضمیر,CAT04,SUB08,PRONOUN_REFERENCE,ضمیر و ارجاع,Lesson 28; printed p. 128,Stage1 rule text + Stage2 classification; error frequency not claimed by source,misconception-catalogue-recovered-v1.0.0,CANDIDATE_PREDEPLOY_CONTENT_REVIEW,NOT_YET_OBSERVED__STAGE27_CALIBRATION,a326cb4c-8876-580f-8cd0-d630c466eaa9,OVERGENERALIZATION,تعمیم بیش‌ازحد قاعده,قاعدهٔ هدف «ترتیب استاندارد: me/te/se/nous/vous → le/la/les → lui/leur → y → en.» را بدون توجه به شرط، نقش یا محدودیت بافتی زیرموضوع «ترتیب چند ضمیر» به همهٔ موارد مشابه تعمیم می‌دهد.,ساخت distractor با اجرای قاعدهٔ عمومی در جایی که شرط دقیق subtopic آن را مجاز نمی‌کند.,اگر کاربر این گزینه را انتخاب کند، احتمالاً قاعده را می‌داند اما دامنهٔ کاربرد آن را بیش از حد گسترده گرفته است.,CORE,
2ad099b6-e9f4-4b96-8883-d88977fc94b4,28,LES PRONOMS COMPLÉMENTS,963fc3ba-876c-4f68-bb46-a1813d9dcbda,L28-S06,Ordre de plusieurs pronoms,ترتیب چند ضمیر,CAT04,SUB08,PRONOUN_REFERENCE,ضمیر و ارجاع,Lesson 28; printed p. 128,Stage1 rule text + Stage2 classification; error frequency not claimed by source,misconception-catalogue-recovered-v1.0.0,CANDIDATE_PREDEPLOY_CONTENT_REVIEW,NOT_YET_OBSERVED__STAGE27_CALIBRATION,04904cc8-905c-5241-8270-f388c7c70e7f,NEAR_FORM_CONFUSION,اشتباه با فرم/قاعده نزدیک,نوع یا صورت ضمیر نزدیک (نقش، شخص، جنس/شمار یا نوع متمم متفاوت) را به‌جای ضمیر هدف انتخاب می‌کند.,یک فرم واقعی و نزدیک از همان خانواده انتخاب شود؛ فرم باید در context دیگری معتبر باشد ولی اینجا به‌طور قطعی غلط باشد.,انتخاب آن نشان می‌دهد تمایز میان قاعده هدف و همسایهٔ نزدیک هنوز پایدار نشده است.,CORE,
2ad099b6-e9f4-4b96-8883-d88977fc94b4,28,LES PRONOMS COMPLÉMENTS,963fc3ba-876c-4f68-bb46-a1813d9dcbda,L28-S06,Ordre de plusieurs pronoms,ترتیب چند ضمیر,CAT04,SUB08,PRONOUN_REFERENCE,ضمیر و ارجاع,Lesson 28; printed p. 128,Stage1 rule text + Stage2 classification; error frequency not claimed by source,misconception-catalogue-recovered-v1.0.0,CANDIDATE_PREDEPLOY_CONTENT_REVIEW,NOT_YET_OBSERVED__STAGE27_CALIBRATION,76001a62-d0b9-50a8-b1d0-bf76aca08b3b,CONTEXT_ROLE_MISMATCH,انتقال قاعده درست به context نادرست,ضمیر درست برای مرجع یا متمم دیگری را به این جمله منتقل می‌کند و antecedent/رکسیون فعلی را نادیده می‌گیرد.,distractor از قاعده‌ای ساخته شود که به‌خودی‌خود معتبر است، اما نقش/مرجع/زمان/register این context با آن سازگار نیست.,انتخاب آن نشانهٔ تحلیل ناکافی context یا نقش دستوری است، نه صرفاً ندانستن شکل ظاهری.,CORE,
0259af3a-8df3-4f28-ad02-62a99368c409,29,LES PRONOMS TONIQUES,ab16147b-2958-467e-b95b-ab532ce6c812,L29-S01,Formes toniques,صورت‌های تونیک,CAT04,SUB09,PRONOUN_REFERENCE,ضمیر و ارجاع,Lesson 29; printed p. 132,Stage1 rule text + Stage2 classification; error frequency not claimed by source,misconception-catalogue-recovered-v1.0.0,CANDIDATE_PREDEPLOY_CONTENT_REVIEW,NOT_YET_OBSERVED__STAGE27_CALIBRATION,9235d1cc-3a5d-56c1-867a-4a5cf23b7a7d,OVERGENERALIZATION,تعمیم بیش‌ازحد قاعده,"قاعدهٔ هدف «moi, toi, lui, elle, nous, vous, eux, elles و soi ضمیرهای مستقل/تأکیدی‌اند.» را بدون توجه به شرط، نقش یا محدودیت بافتی زیرموضوع «صورت‌های تونیک» به همهٔ موارد مشابه تعمیم می‌دهد.",ساخت distractor با اجرای قاعدهٔ عمومی در جایی که شرط دقیق subtopic آن را مجاز نمی‌کند.,اگر کاربر این گزینه را انتخاب کند، احتمالاً قاعده را می‌داند اما دامنهٔ کاربرد آن را بیش از حد گسترده گرفته است.,CORE,
0259af3a-8df3-4f28-ad02-62a99368c409,29,LES PRONOMS TONIQUES,ab16147b-2958-467e-b95b-ab532ce6c812,L29-S01,Formes toniques,صورت‌های تونیک,CAT04,SUB09,PRONOUN_REFERENCE,ضمیر و ارجاع,Lesson 29; printed p. 132,Stage1 rule text + Stage2 classification; error frequency not claimed by source,misconception-catalogue-recovered-v1.0.0,CANDIDATE_PREDEPLOY_CONTENT_REVIEW,NOT_YET_OBSERVED__STAGE27_CALIBRATION,4c088667-7ee2-523c-8bc4-92d3aa172eab,NEAR_FORM_CONFUSION,اشتباه با فرم/قاعده نزدیک,نوع یا صورت ضمیر نزدیک (نقش، شخص، جنس/شمار یا نوع متمم متفاوت) را به‌جای ضمیر هدف انتخاب می‌کند.,یک فرم واقعی و نزدیک از همان خانواده انتخاب شود؛ فرم باید در context دیگری معتبر باشد ولی اینجا به‌طور قطعی غلط باشد.,انتخاب آن نشان می‌دهد تمایز میان قاعده هدف و همسایهٔ نزدیک هنوز پایدار نشده است.,CORE,
0259af3a-8df3-4f28-ad02-62a99368c409,29,LES PRONOMS TONIQUES,ab16147b-2958-467e-b95b-ab532ce6c812,L29-S01,Formes toniques,صورت‌های تونیک,CAT04,SUB09,PRONOUN_REFERENCE,ضمیر و ارجاع,Lesson 29; printed p. 132,Stage1 rule text + Stage2 classification; error frequency not claimed by source,misconception-catalogue-recovered-v1.0.0,CANDIDATE_PREDEPLOY_CONTENT_REVIEW,NOT_YET_OBSERVED__STAGE27_CALIBRATION,94a7d79b-961b-5c15-bea4-6334dc1baedf,CONTEXT_ROLE_MISMATCH,انتقال قاعده درست به context نادرست,ضمیر درست برای مرجع یا متمم دیگری را به این جمله منتقل می‌کند و antecedent/رکسیون فعلی را نادیده می‌گیرد.,distractor از قاعده‌ای ساخته شود که به‌خودی‌خود معتبر است، اما نقش/مرجع/زمان/register این context با آن سازگار نیست.,انتخاب آن نشانهٔ تحلیل ناکافی context یا نقش دستوری است، نه صرفاً ندانستن شکل ظاهری.,CORE,
0259af3a-8df3-4f28-ad02-62a99368c409,29,LES PRONOMS TONIQUES,5465e03e-910b-49cb-8e8b-355d78f2c887,L29-S02,Après préposition,پس از حرف اضافه,CAT04,SUB09,PREPOSITION_RECTION,حرف اضافه/رکسیون/ارجاع مکانی-زمانی,Lesson 29; printed p. 132,Stage1 rule text + Stage2 classification; error frequency not claimed by source,misconception-catalogue-recovered-v1.0.0,CANDIDATE_PREDEPLOY_CONTENT_REVIEW,NOT_YET_OBSERVED__STAGE27_CALIBRATION,632f6f50-3100-5a2b-b572-1e49e9ef84e0,OVERGENERALIZATION,تعمیم بیش‌ازحد قاعده,قاعدهٔ هدف «پس از بیشتر حروف اضافه برای شخص از pronom tonique استفاده می‌شود.» را بدون توجه به شرط، نقش یا محدودیت بافتی زیرموضوع «پس از حرف اضافه» به همهٔ موارد مشابه تعمیم می‌دهد.,ساخت distractor با اجرای قاعدهٔ عمومی در جایی که شرط دقیق subtopic آن را مجاز نمی‌کند.,اگر کاربر این گزینه را انتخاب کند، احتمالاً قاعده را می‌داند اما دامنهٔ کاربرد آن را بیش از حد گسترده گرفته است.,CORE,
0259af3a-8df3-4f28-ad02-62a99368c409,29,LES PRONOMS TONIQUES,5465e03e-910b-49cb-8e8b-355d78f2c887,L29-S02,Après préposition,پس از حرف اضافه,CAT04,SUB09,PREPOSITION_RECTION,حرف اضافه/رکسیون/ارجاع مکانی-زمانی,Lesson 29; printed p. 132,Stage1 rule text + Stage2 classification; error frequency not claimed by source,misconception-catalogue-recovered-v1.0.0,CANDIDATE_PREDEPLOY_CONTENT_REVIEW,NOT_YET_OBSERVED__STAGE27_CALIBRATION,628ba52b-5f66-5ee4-8791-22caee4929ec,NEAR_FORM_CONFUSION,اشتباه با فرم/قاعده نزدیک,حرف اضافهٔ پرتکرار یا نزدیک را بدون توجه به رکسیون، مکان/زمان یا معنای مکمل جایگزین می‌کند.,یک فرم واقعی و نزدیک از همان خانواده انتخاب شود؛ فرم باید در context دیگری معتبر باشد ولی اینجا به‌طور قطعی غلط باشد.,انتخاب آن نشان می‌دهد تمایز میان قاعده هدف و همسایهٔ نزدیک هنوز پایدار نشده است.,CORE,
0259af3a-8df3-4f28-ad02-62a99368c409,29,LES PRONOMS TONIQUES,5465e03e-910b-49cb-8e8b-355d78f2c887,L29-S02,Après préposition,پس از حرف اضافه,CAT04,SUB09,PREPOSITION_RECTION,حرف اضافه/رکسیون/ارجاع مکانی-زمانی,Lesson 29; printed p. 132,Stage1 rule text + Stage2 classification; error frequency not claimed by source,misconception-catalogue-recovered-v1.0.0,CANDIDATE_PREDEPLOY_CONTENT_REVIEW,NOT_YET_OBSERVED__STAGE27_CALIBRATION,319879e0-2634-5d51-9976-8302d8b01d1a,CONTEXT_ROLE_MISMATCH,انتقال قاعده درست به context نادرست,حرف اضافه‌ای را که در context مکانی/زمانی یا با فعل دیگری درست است، به ساخت هدف منتقل می‌کند.,distractor از قاعده‌ای ساخته شود که به‌خودی‌خود معتبر است، اما نقش/مرجع/زمان/register این context با آن سازگار نیست.,انتخاب آن نشانهٔ تحلیل ناکافی context یا نقش دستوری است، نه صرفاً ندانستن شکل ظاهری.,CORE,
0259af3a-8df3-4f28-ad02-62a99368c409,29,LES PRONOMS TONIQUES,45d4d31b-b955-4ae5-b375-b88d7cfedf95,L29-S03,Après « c’est »,پس از c’est,CAT04,SUB09,PRONOUN_REFERENCE,ضمیر و ارجاع,Lesson 29; printed p. 132,Stage1 rule text + Stage2 classification; error frequency not claimed by source,misconception-catalogue-recovered-v1.0.0,CANDIDATE_PREDEPLOY_CONTENT_REVIEW,NOT_YET_OBSERVED__STAGE27_CALIBRATION,740cb209-b87a-58fe-9020-dda9f4bb2e19,OVERGENERALIZATION,تعمیم بیش‌ازحد قاعده,قاعدهٔ هدف «برای شناسایی شخص با c’est ضمیر تونیک می‌آید.» را بدون توجه به شرط، نقش یا محدودیت بافتی زیرموضوع «پس از c’est» به همهٔ موارد مشابه تعمیم می‌دهد.,ساخت distractor با اجرای قاعدهٔ عمومی در جایی که شرط دقیق subtopic آن را مجاز نمی‌کند.,اگر کاربر این گزینه را انتخاب کند، احتمالاً قاعده را می‌داند اما دامنهٔ کاربرد آن را بیش از حد گسترده گرفته است.,CORE,
0259af3a-8df3-4f28-ad02-62a99368c409,29,LES PRONOMS TONIQUES,45d4d31b-b955-4ae5-b375-b88d7cfedf95,L29-S03,Après « c’est »,پس از c’est,CAT04,SUB09,PRONOUN_REFERENCE,ضمیر و ارجاع,Lesson 29; printed p. 132,Stage1 rule text + Stage2 classification; error frequency not claimed by source,misconception-catalogue-recovered-v1.0.0,CANDIDATE_PREDEPLOY_CONTENT_REVIEW,NOT_YET_OBSERVED__STAGE27_CALIBRATION,337916b0-380a-5ae6-800c-c844379d659d,NEAR_FORM_CONFUSION,اشتباه با فرم/قاعده نزدیک,نوع یا صورت ضمیر نزدیک (نقش، شخص، جنس/شمار یا نوع متمم متفاوت) را به‌جای ضمیر هدف انتخاب می‌کند.,یک فرم واقعی و نزدیک از همان خانواده انتخاب شود؛ فرم باید در context دیگری معتبر باشد ولی اینجا به‌طور قطعی غلط باشد.,انتخاب آن نشان می‌دهد تمایز میان قاعده هدف و همسایهٔ نزدیک هنوز پایدار نشده است.,CORE,
0259af3a-8df3-4f28-ad02-62a99368c409,29,LES PRONOMS TONIQUES,45d4d31b-b955-4ae5-b375-b88d7cfedf95,L29-S03,Après « c’est »,پس از c’est,CAT04,SUB09,PRONOUN_REFERENCE,ضمیر و ارجاع,Lesson 29; printed p. 132,Stage1 rule text + Stage2 classification; error frequency not claimed by source,misconception-catalogue-recovered-v1.0.0,CANDIDATE_PREDEPLOY_CONTENT_REVIEW,NOT_YET_OBSERVED__STAGE27_CALIBRATION,0b2c9f01-3796-58b2-9bde-360b8d9845b3,CONTEXT_ROLE_MISMATCH,انتقال قاعده درست به context نادرست,ضمیر درست برای مرجع یا متمم دیگری را به این جمله منتقل می‌کند و antecedent/رکسیون فعلی را نادیده می‌گیرد.,distractor از قاعده‌ای ساخته شود که به‌خودی‌خود معتبر است، اما نقش/مرجع/زمان/register این context با آن سازگار نیست.,انتخاب آن نشانهٔ تحلیل ناکافی context یا نقش دستوری است، نه صرفاً ندانستن شکل ظاهری.,CORE,
0259af3a-8df3-4f28-ad02-62a99368c409,29,LES PRONOMS TONIQUES,acba2620-92ec-40b2-a2e7-bdccc5dc76f8,L29-S04,Renforcement et coordination,تأکید و هماهنگی,CAT04,SUB09,PRONOUN_REFERENCE,ضمیر و ارجاع,Lesson 29; printed p. 132,Stage1 rule text + Stage2 classification; error frequency not claimed by source,misconception-catalogue-recovered-v1.0.0,CANDIDATE_PREDEPLOY_CONTENT_REVIEW,NOT_YET_OBSERVED__STAGE27_CALIBRATION,a07f23e5-a8de-5818-a19c-7e27f29c226e,OVERGENERALIZATION,تعمیم بیش‌ازحد قاعده,قاعدهٔ هدف «ضمیر تونیک برای تأکید، تقابل و پس از aussi/non plus/pas/et/ni استفاده می‌شود.» را بدون توجه به شرط، نقش یا محدودیت بافتی زیرموضوع «تأکید و هماهنگی» به همهٔ موارد مشابه تعمیم می‌دهد.,ساخت distractor با اجرای قاعدهٔ عمومی در جایی که شرط دقیق subtopic آن را مجاز نمی‌کند.,اگر کاربر این گزینه را انتخاب کند، احتمالاً قاعده را می‌داند اما دامنهٔ کاربرد آن را بیش از حد گسترده گرفته است.,CORE,"کتاب دربارهٔ آغاز نامناسب گفت‌وگو با Moi, je… هشدار کاربردی دارد."
0259af3a-8df3-4f28-ad02-62a99368c409,29,LES PRONOMS TONIQUES,acba2620-92ec-40b2-a2e7-bdccc5dc76f8,L29-S04,Renforcement et coordination,تأکید و هماهنگی,CAT04,SUB09,PRONOUN_REFERENCE,ضمیر و ارجاع,Lesson 29; printed p. 132,Stage1 rule text + Stage2 classification; error frequency not claimed by source,misconception-catalogue-recovered-v1.0.0,CANDIDATE_PREDEPLOY_CONTENT_REVIEW,NOT_YET_OBSERVED__STAGE27_CALIBRATION,2371e1b5-c470-5e6b-bc1a-71a1080dbd0a,NEAR_FORM_CONFUSION,اشتباه با فرم/قاعده نزدیک,نوع یا صورت ضمیر نزدیک (نقش، شخص، جنس/شمار یا نوع متمم متفاوت) را به‌جای ضمیر هدف انتخاب می‌کند.,یک فرم واقعی و نزدیک از همان خانواده انتخاب شود؛ فرم باید در context دیگری معتبر باشد ولی اینجا به‌طور قطعی غلط باشد.,انتخاب آن نشان می‌دهد تمایز میان قاعده هدف و همسایهٔ نزدیک هنوز پایدار نشده است.,CORE,"کتاب دربارهٔ آغاز نامناسب گفت‌وگو با Moi, je… هشدار کاربردی دارد."
0259af3a-8df3-4f28-ad02-62a99368c409,29,LES PRONOMS TONIQUES,acba2620-92ec-40b2-a2e7-bdccc5dc76f8,L29-S04,Renforcement et coordination,تأکید و هماهنگی,CAT04,SUB09,PRONOUN_REFERENCE,ضمیر و ارجاع,Lesson 29; printed p. 132,Stage1 rule text + Stage2 classification; error frequency not claimed by source,misconception-catalogue-recovered-v1.0.0,CANDIDATE_PREDEPLOY_CONTENT_REVIEW,NOT_YET_OBSERVED__STAGE27_CALIBRATION,ddec67d6-6130-5d13-855b-da2d4c12ceae,CONTEXT_ROLE_MISMATCH,انتقال قاعده درست به context نادرست,ضمیر درست برای مرجع یا متمم دیگری را به این جمله منتقل می‌کند و antecedent/رکسیون فعلی را نادیده می‌گیرد.,distractor از قاعده‌ای ساخته شود که به‌خودی‌خود معتبر است، اما نقش/مرجع/زمان/register این context با آن سازگار نیست.,انتخاب آن نشانهٔ تحلیل ناکافی context یا نقش دستوری است، نه صرفاً ندانستن شکل ظاهری.,CORE,"کتاب دربارهٔ آغاز نامناسب گفت‌وگو با Moi, je… هشدار کاربردی دارد."
0259af3a-8df3-4f28-ad02-62a99368c409,29,LES PRONOMS TONIQUES,acba2620-92ec-40b2-a2e7-bdccc5dc76f8,L29-S04,Renforcement et coordination,تأکید و هماهنگی,CAT04,SUB09,PRONOUN_REFERENCE,ضمیر و ارجاع,Lesson 29; printed p. 132,Stage1 rule text + Stage2 classification; error frequency not claimed by source,misconception-catalogue-recovered-v1.0.0,CANDIDATE_PREDEPLOY_CONTENT_REVIEW,NOT_YET_OBSERVED__STAGE27_CALIBRATION,a48b7a8c-d88a-5fe6-a89d-18872ce60815,EXCEPTION_NEGLECT,نادیده‌گرفتن استثنا/محدودیت صریح,"قاعدهٔ عمومی زیرموضوع «تأکید و هماهنگی» را اعمال می‌کند اما نکته/استثنای صریح ثبت‌شده را نادیده می‌گیرد: کتاب دربارهٔ آغاز نامناسب گفت‌وگو با Moi, je… هشدار کاربردی دارد.",گزینه از خروجی قاعدهٔ عمومی ساخته شود؛ تنها تفاوت باید همان استثنا/محدودیت ثبت‌شده باشد.,انتخاب آن به‌طور مستقیم نشان می‌دهد قاعده عمومی بازیابی شده ولی استثنای کتاب تثبیت نشده است.,HIGH_EXCEPTION,"کتاب دربارهٔ آغاز نامناسب گفت‌وگو با Moi, je… هشدار کاربردی دارد."
b24408b6-c9b4-4fbc-9b92-ad4d2ae13876,30,L’IMPÉRATIF,6651a116-8f31-4777-ae80-853d12ed626c,L30-S01,Formation de l’impératif,ساخت impératif,CAT03,SUB06,MOOD_CONDITION,وجه و شرط,Lesson 30; printed p. 134,Stage1 rule text + Stage2 classification; error frequency not claimed by source,misconception-catalogue-recovered-v1.0.0,CANDIDATE_PREDEPLOY_CONTENT_REVIEW,NOT_YET_OBSERVED__STAGE27_CALIBRATION,6563b2e7-4d1a-5c37-bc0f-b84379277e26,OVERGENERALIZATION,تعمیم بیش‌ازحد قاعده,قاعدهٔ هدف «imperatif بدون ضمیر فاعلی و فقط برای tu/nous/vous ساخته می‌شود.» را بدون توجه به شرط، نقش یا محدودیت بافتی زیرموضوع «ساخت impératif» به همهٔ موارد مشابه تعمیم می‌دهد.,ساخت distractor با اجرای قاعدهٔ عمومی در جایی که شرط دقیق subtopic آن را مجاز نمی‌کند.,اگر کاربر این گزینه را انتخاب کند، احتمالاً قاعده را می‌داند اما دامنهٔ کاربرد آن را بیش از حد گسترده گرفته است.,CORE,
b24408b6-c9b4-4fbc-9b92-ad4d2ae13876,30,L’IMPÉRATIF,6651a116-8f31-4777-ae80-853d12ed626c,L30-S01,Formation de l’impératif,ساخت impératif,CAT03,SUB06,MOOD_CONDITION,وجه و شرط,Lesson 30; printed p. 134,Stage1 rule text + Stage2 classification; error frequency not claimed by source,misconception-catalogue-recovered-v1.0.0,CANDIDATE_PREDEPLOY_CONTENT_REVIEW,NOT_YET_OBSERVED__STAGE27_CALIBRATION,64dfc046-cd14-57b3-87ef-a416993763ee,NEAR_FORM_CONFUSION,اشتباه با فرم/قاعده نزدیک,وجه یا ساخت شرطی نزدیک را در محیطی به‌کار می‌برد که شرط/نگرش جمله آن را مجاز نمی‌کند.,یک فرم واقعی و نزدیک از همان خانواده انتخاب شود؛ فرم باید در context دیگری معتبر باشد ولی اینجا به‌طور قطعی غلط باشد.,انتخاب آن نشان می‌دهد تمایز میان قاعده هدف و همسایهٔ نزدیک هنوز پایدار نشده است.,CORE,
b24408b6-c9b4-4fbc-9b92-ad4d2ae13876,30,L’IMPÉRATIF,6651a116-8f31-4777-ae80-853d12ed626c,L30-S01,Formation de l’impératif,ساخت impératif,CAT03,SUB06,MOOD_CONDITION,وجه و شرط,Lesson 30; printed p. 134,Stage1 rule text + Stage2 classification; error frequency not claimed by source,misconception-catalogue-recovered-v1.0.0,CANDIDATE_PREDEPLOY_CONTENT_REVIEW,NOT_YET_OBSERVED__STAGE27_CALIBRATION,c5f43302-02d5-5185-a486-4d5df45da4b8,CONTEXT_ROLE_MISMATCH,انتقال قاعده درست به context نادرست,قاعده درستِ یک نوع شرط/وجه را به نوع دیگری از شرط، نگرش یا واقعیت منتقل می‌کند.,distractor از قاعده‌ای ساخته شود که به‌خودی‌خود معتبر است، اما نقش/مرجع/زمان/register این context با آن سازگار نیست.,انتخاب آن نشانهٔ تحلیل ناکافی context یا نقش دستوری است، نه صرفاً ندانستن شکل ظاهری.,CORE,
b24408b6-c9b4-4fbc-9b92-ad4d2ae13876,30,L’IMPÉRATIF,13708ed1-36f7-4f05-aebd-f0f7bce36c00,L30-S02,Impératif des verbes en -er et « aller »,امر -er و aller,CAT03,SUB06,MOOD_CONDITION,وجه و شرط,Lesson 30; printed p. 134,Stage1 rule text + Stage2 classification; error frequency not claimed by source,misconception-catalogue-recovered-v1.0.0,CANDIDATE_PREDEPLOY_CONTENT_REVIEW,NOT_YET_OBSERVED__STAGE27_CALIBRATION,f5a6bb55-4042-5cd1-8c45-69a478ac0571,OVERGENERALIZATION,تعمیم بیش‌ازحد قاعده,قاعدهٔ هدف «در tu افعال -er و aller معمولاً -s حذف می‌شود.» را بدون توجه به شرط، نقش یا محدودیت بافتی زیرموضوع «امر -er و aller» به همهٔ موارد مشابه تعمیم می‌دهد.,ساخت distractor با اجرای قاعدهٔ عمومی در جایی که شرط دقیق subtopic آن را مجاز نمی‌کند.,اگر کاربر این گزینه را انتخاب کند، احتمالاً قاعده را می‌داند اما دامنهٔ کاربرد آن را بیش از حد گسترده گرفته است.,CORE,"parles-en, penses-y, vas-y."
b24408b6-c9b4-4fbc-9b92-ad4d2ae13876,30,L’IMPÉRATIF,13708ed1-36f7-4f05-aebd-f0f7bce36c00,L30-S02,Impératif des verbes en -er et « aller »,امر -er و aller,CAT03,SUB06,MOOD_CONDITION,وجه و شرط,Lesson 30; printed p. 134,Stage1 rule text + Stage2 classification; error frequency not claimed by source,misconception-catalogue-recovered-v1.0.0,CANDIDATE_PREDEPLOY_CONTENT_REVIEW,NOT_YET_OBSERVED__STAGE27_CALIBRATION,12a2b0e1-c923-59af-ad29-46f42e080c40,NEAR_FORM_CONFUSION,اشتباه با فرم/قاعده نزدیک,وجه یا ساخت شرطی نزدیک را در محیطی به‌کار می‌برد که شرط/نگرش جمله آن را مجاز نمی‌کند.,یک فرم واقعی و نزدیک از همان خانواده انتخاب شود؛ فرم باید در context دیگری معتبر باشد ولی اینجا به‌طور قطعی غلط باشد.,انتخاب آن نشان می‌دهد تمایز میان قاعده هدف و همسایهٔ نزدیک هنوز پایدار نشده است.,CORE,"parles-en, penses-y, vas-y."
b24408b6-c9b4-4fbc-9b92-ad4d2ae13876,30,L’IMPÉRATIF,13708ed1-36f7-4f05-aebd-f0f7bce36c00,L30-S02,Impératif des verbes en -er et « aller »,امر -er و aller,CAT03,SUB06,MOOD_CONDITION,وجه و شرط,Lesson 30; printed p. 134,Stage1 rule text + Stage2 classification; error frequency not claimed by source,misconception-catalogue-recovered-v1.0.0,CANDIDATE_PREDEPLOY_CONTENT_REVIEW,NOT_YET_OBSERVED__STAGE27_CALIBRATION,0ba94fb0-ed1d-5c53-8536-0d81c1b2a21c,CONTEXT_ROLE_MISMATCH,انتقال قاعده درست به context نادرست,قاعده درستِ یک نوع شرط/وجه را به نوع دیگری از شرط، نگرش یا واقعیت منتقل می‌کند.,distractor از قاعده‌ای ساخته شود که به‌خودی‌خود معتبر است، اما نقش/مرجع/زمان/register این context با آن سازگار نیست.,انتخاب آن نشانهٔ تحلیل ناکافی context یا نقش دستوری است، نه صرفاً ندانستن شکل ظاهری.,CORE,"parles-en, penses-y, vas-y."
b24408b6-c9b4-4fbc-9b92-ad4d2ae13876,30,L’IMPÉRATIF,13708ed1-36f7-4f05-aebd-f0f7bce36c00,L30-S02,Impératif des verbes en -er et « aller »,امر -er و aller,CAT03,SUB06,MOOD_CONDITION,وجه و شرط,Lesson 30; printed p. 134,Stage1 rule text + Stage2 classification; error frequency not claimed by source,misconception-catalogue-recovered-v1.0.0,CANDIDATE_PREDEPLOY_CONTENT_REVIEW,NOT_YET_OBSERVED__STAGE27_CALIBRATION,c1eff8bf-8f0f-5140-bdb2-dc01bbea1d8f,EXCEPTION_NEGLECT,نادیده‌گرفتن استثنا/محدودیت صریح,"قاعدهٔ عمومی زیرموضوع «امر -er و aller» را اعمال می‌کند اما نکته/استثنای صریح ثبت‌شده را نادیده می‌گیرد: parles-en, penses-y, vas-y.",گزینه از خروجی قاعدهٔ عمومی ساخته شود؛ تنها تفاوت باید همان استثنا/محدودیت ثبت‌شده باشد.,انتخاب آن به‌طور مستقیم نشان می‌دهد قاعده عمومی بازیابی شده ولی استثنای کتاب تثبیت نشده است.,HIGH_EXCEPTION,"parles-en, penses-y, vas-y."
b24408b6-c9b4-4fbc-9b92-ad4d2ae13876,30,L’IMPÉRATIF,0a4275e3-5726-48f8-b104-71f8f278da59,L30-S03,Impératifs irréguliers,امرهای نامنظم,CAT03,SUB06,CONJUGATION_FORM,صرف و صورت فعل,Lesson 30; printed p. 134,Stage1 rule text + Stage2 classification; error frequency not claimed by source,misconception-catalogue-recovered-v1.0.0,CANDIDATE_PREDEPLOY_CONTENT_REVIEW,NOT_YET_OBSERVED__STAGE27_CALIBRATION,fc4326ab-7fcf-5d1e-b7bd-6ab18b324771,OVERGENERALIZATION,تعمیم بیش‌ازحد قاعده,"قاعدهٔ هدف «être, avoir, savoir و vouloir شکل‌های امری نامنظم دارند.» را بدون توجه به شرط، نقش یا محدودیت بافتی زیرموضوع «امرهای نامنظم» به همهٔ موارد مشابه تعمیم می‌دهد.",ساخت distractor با اجرای قاعدهٔ عمومی در جایی که شرط دقیق subtopic آن را مجاز نمی‌کند.,اگر کاربر این گزینه را انتخاب کند، احتمالاً قاعده را می‌داند اما دامنهٔ کاربرد آن را بیش از حد گسترده گرفته است.,CORE,
b24408b6-c9b4-4fbc-9b92-ad4d2ae13876,30,L’IMPÉRATIF,0a4275e3-5726-48f8-b104-71f8f278da59,L30-S03,Impératifs irréguliers,امرهای نامنظم,CAT03,SUB06,CONJUGATION_FORM,صرف و صورت فعل,Lesson 30; printed p. 134,Stage1 rule text + Stage2 classification; error frequency not claimed by source,misconception-catalogue-recovered-v1.0.0,CANDIDATE_PREDEPLOY_CONTENT_REVIEW,NOT_YET_OBSERVED__STAGE27_CALIBRATION,524171ec-0d27-565f-94f5-9195e2781552,NEAR_FORM_CONFUSION,اشتباه با فرم/قاعده نزدیک,صورت صرفی نزدیک همان فعل (شخص، ریشه یا پایانه دیگر) را به‌جای صورت هدف انتخاب می‌کند.,یک فرم واقعی و نزدیک از همان خانواده انتخاب شود؛ فرم باید در context دیگری معتبر باشد ولی اینجا به‌طور قطعی غلط باشد.,انتخاب آن نشان می‌دهد تمایز میان قاعده هدف و همسایهٔ نزدیک هنوز پایدار نشده است.,CORE,
b24408b6-c9b4-4fbc-9b92-ad4d2ae13876,30,L’IMPÉRATIF,0a4275e3-5726-48f8-b104-71f8f278da59,L30-S03,Impératifs irréguliers,امرهای نامنظم,CAT03,SUB06,CONJUGATION_FORM,صرف و صورت فعل,Lesson 30; printed p. 134,Stage1 rule text + Stage2 classification; error frequency not claimed by source,misconception-catalogue-recovered-v1.0.0,CANDIDATE_PREDEPLOY_CONTENT_REVIEW,NOT_YET_OBSERVED__STAGE27_CALIBRATION,2e98aa75-1426-53dd-8692-6c6819801eed,CONTEXT_ROLE_MISMATCH,انتقال قاعده درست به context نادرست,صورت صرفی‌ای را که برای فاعل/زمان دیگری درست است به context فعلی منتقل می‌کند.,distractor از قاعده‌ای ساخته شود که به‌خودی‌خود معتبر است، اما نقش/مرجع/زمان/register این context با آن سازگار نیست.,انتخاب آن نشانهٔ تحلیل ناکافی context یا نقش دستوری است، نه صرفاً ندانستن شکل ظاهری.,CORE,
b24408b6-c9b4-4fbc-9b92-ad4d2ae13876,30,L’IMPÉRATIF,d91a28e5-86a9-4f5f-b20c-96201c02e8a6,L30-S04,Place des pronoms à l’impératif affirmatif,ضمیر در امر مثبت,CAT03,SUB06,MOOD_CONDITION,وجه و شرط,Lesson 30; printed p. 134,Stage1 rule text + Stage2 classification; error frequency not claimed by source,misconception-catalogue-recovered-v1.0.0,CANDIDATE_PREDEPLOY_CONTENT_REVIEW,NOT_YET_OBSERVED__STAGE27_CALIBRATION,a3ed7045-94b8-5966-8c6f-709df6ec1bab,OVERGENERALIZATION,تعمیم بیش‌ازحد قاعده,قاعدهٔ هدف «در امر مثبت ضمیرها پس از فعل و با خط تیره می‌آیند؛ me/te به moi/toi تبدیل می‌شوند.» را بدون توجه به شرط، نقش یا محدودیت بافتی زیرموضوع «ضمیر در امر مثبت» به همهٔ موارد مشابه تعمیم می‌دهد.,ساخت distractor با اجرای قاعدهٔ عمومی در جایی که شرط دقیق subtopic آن را مجاز نمی‌کند.,اگر کاربر این گزینه را انتخاب کند، احتمالاً قاعده را می‌داند اما دامنهٔ کاربرد آن را بیش از حد گسترده گرفته است.,CORE,
b24408b6-c9b4-4fbc-9b92-ad4d2ae13876,30,L’IMPÉRATIF,d91a28e5-86a9-4f5f-b20c-96201c02e8a6,L30-S04,Place des pronoms à l’impératif affirmatif,ضمیر در امر مثبت,CAT03,SUB06,MOOD_CONDITION,وجه و شرط,Lesson 30; printed p. 134,Stage1 rule text + Stage2 classification; error frequency not claimed by source,misconception-catalogue-recovered-v1.0.0,CANDIDATE_PREDEPLOY_CONTENT_REVIEW,NOT_YET_OBSERVED__STAGE27_CALIBRATION,53a67eed-af99-501b-9354-4c3cdfd12030,NEAR_FORM_CONFUSION,اشتباه با فرم/قاعده نزدیک,وجه یا ساخت شرطی نزدیک را در محیطی به‌کار می‌برد که شرط/نگرش جمله آن را مجاز نمی‌کند.,یک فرم واقعی و نزدیک از همان خانواده انتخاب شود؛ فرم باید در context دیگری معتبر باشد ولی اینجا به‌طور قطعی غلط باشد.,انتخاب آن نشان می‌دهد تمایز میان قاعده هدف و همسایهٔ نزدیک هنوز پایدار نشده است.,CORE,
b24408b6-c9b4-4fbc-9b92-ad4d2ae13876,30,L’IMPÉRATIF,d91a28e5-86a9-4f5f-b20c-96201c02e8a6,L30-S04,Place des pronoms à l’impératif affirmatif,ضمیر در امر مثبت,CAT03,SUB06,MOOD_CONDITION,وجه و شرط,Lesson 30; printed p. 134,Stage1 rule text + Stage2 classification; error frequency not claimed by source,misconception-catalogue-recovered-v1.0.0,CANDIDATE_PREDEPLOY_CONTENT_REVIEW,NOT_YET_OBSERVED__STAGE27_CALIBRATION,df1a0fda-ca7e-50b4-aa94-db7306f69021,CONTEXT_ROLE_MISMATCH,انتقال قاعده درست به context نادرست,قاعده درستِ یک نوع شرط/وجه را به نوع دیگری از شرط، نگرش یا واقعیت منتقل می‌کند.,distractor از قاعده‌ای ساخته شود که به‌خودی‌خود معتبر است، اما نقش/مرجع/زمان/register این context با آن سازگار نیست.,انتخاب آن نشانهٔ تحلیل ناکافی context یا نقش دستوری است، نه صرفاً ندانستن شکل ظاهری.,CORE,
b24408b6-c9b4-4fbc-9b92-ad4d2ae13876,30,L’IMPÉRATIF,3dbeab39-202d-4e70-8111-9ff12e9ae8b4,L30-S05,Place des pronoms à l’impératif négatif,ضمیر در امر منفی,CAT03,SUB06,NEGATION_POLARITY,نفی و قطبیت,Lesson 30; printed p. 134,Stage1 rule text + Stage2 classification; error frequency not claimed by source,misconception-catalogue-recovered-v1.0.0,CANDIDATE_PREDEPLOY_CONTENT_REVIEW,NOT_YET_OBSERVED__STAGE27_CALIBRATION,80734c75-e780-5b99-805c-16d0a5838a61,OVERGENERALIZATION,تعمیم بیش‌ازحد قاعده,قاعدهٔ هدف «در امر منفی ضمیرها مانند جملهٔ معمولی پیش از فعل می‌آیند و me/te تغییر نمی‌کنند.» را بدون توجه به شرط، نقش یا محدودیت بافتی زیرموضوع «ضمیر در امر منفی» به همهٔ موارد مشابه تعمیم می‌دهد.,ساخت distractor با اجرای قاعدهٔ عمومی در جایی که شرط دقیق subtopic آن را مجاز نمی‌کند.,اگر کاربر این گزینه را انتخاب کند، احتمالاً قاعده را می‌داند اما دامنهٔ کاربرد آن را بیش از حد گسترده گرفته است.,CORE,
b24408b6-c9b4-4fbc-9b92-ad4d2ae13876,30,L’IMPÉRATIF,3dbeab39-202d-4e70-8111-9ff12e9ae8b4,L30-S05,Place des pronoms à l’impératif négatif,ضمیر در امر منفی,CAT03,SUB06,NEGATION_POLARITY,نفی و قطبیت,Lesson 30; printed p. 134,Stage1 rule text + Stage2 classification; error frequency not claimed by source,misconception-catalogue-recovered-v1.0.0,CANDIDATE_PREDEPLOY_CONTENT_REVIEW,NOT_YET_OBSERVED__STAGE27_CALIBRATION,a00ff254-2c9a-5847-ab0e-d3869e316350,NEAR_FORM_CONFUSION,اشتباه با فرم/قاعده نزدیک,ساخت نفی نزدیک را با دامنه، واژه منفی یا article نامتناسب جایگزین می‌کند.,یک فرم واقعی و نزدیک از همان خانواده انتخاب شود؛ فرم باید در context دیگری معتبر باشد ولی اینجا به‌طور قطعی غلط باشد.,انتخاب آن نشان می‌دهد تمایز میان قاعده هدف و همسایهٔ نزدیک هنوز پایدار نشده است.,CORE,
b24408b6-c9b4-4fbc-9b92-ad4d2ae13876,30,L’IMPÉRATIF,3dbeab39-202d-4e70-8111-9ff12e9ae8b4,L30-S05,Place des pronoms à l’impératif négatif,ضمیر در امر منفی,CAT03,SUB06,NEGATION_POLARITY,نفی و قطبیت,Lesson 30; printed p. 134,Stage1 rule text + Stage2 classification; error frequency not claimed by source,misconception-catalogue-recovered-v1.0.0,CANDIDATE_PREDEPLOY_CONTENT_REVIEW,NOT_YET_OBSERVED__STAGE27_CALIBRATION,ff49025a-f395-5656-88de-ede98490c699,CONTEXT_ROLE_MISMATCH,انتقال قاعده درست به context نادرست,ساخت نفی معتبر در بافت دیگری را بدون توجه به دامنه نفی/کمیت/قطبیت جمله فعلی به‌کار می‌برد.,distractor از قاعده‌ای ساخته شود که به‌خودی‌خود معتبر است، اما نقش/مرجع/زمان/register این context با آن سازگار نیست.,انتخاب آن نشانهٔ تحلیل ناکافی context یا نقش دستوری است، نه صرفاً ندانستن شکل ظاهری.,CORE,
83d883bf-5242-4dc2-bed6-dad1585746db,31,LE CONDITIONNEL (1),0c56bd9f-a9f8-4e8b-9373-c7b8beba4aec,L31-S01,Conditionnel de politesse,conditionnel برای ادب,CAT03,SUB06,MOOD_CONDITION,وجه و شرط,Lesson 31; printed p. 136,Stage1 rule text + Stage2 classification; error frequency not claimed by source,misconception-catalogue-recovered-v1.0.0,CANDIDATE_PREDEPLOY_CONTENT_REVIEW,NOT_YET_OBSERVED__STAGE27_CALIBRATION,67b8f597-c54e-583b-8434-1c5c3367916f,OVERGENERALIZATION,تعمیم بیش‌ازحد قاعده,قاعدهٔ هدف «voudrais/pourrais و ساخت‌های مشابه درخواست را نرم و مؤدبانه می‌کنند.» را بدون توجه به شرط، نقش یا محدودیت بافتی زیرموضوع «conditionnel برای ادب» به همهٔ موارد مشابه تعمیم می‌دهد.,ساخت distractor با اجرای قاعدهٔ عمومی در جایی که شرط دقیق subtopic آن را مجاز نمی‌کند.,اگر کاربر این گزینه را انتخاب کند، احتمالاً قاعده را می‌داند اما دامنهٔ کاربرد آن را بیش از حد گسترده گرفته است.,CORE,
83d883bf-5242-4dc2-bed6-dad1585746db,31,LE CONDITIONNEL (1),0c56bd9f-a9f8-4e8b-9373-c7b8beba4aec,L31-S01,Conditionnel de politesse,conditionnel برای ادب,CAT03,SUB06,MOOD_CONDITION,وجه و شرط,Lesson 31; printed p. 136,Stage1 rule text + Stage2 classification; error frequency not claimed by source,misconception-catalogue-recovered-v1.0.0,CANDIDATE_PREDEPLOY_CONTENT_REVIEW,NOT_YET_OBSERVED__STAGE27_CALIBRATION,8daf4e8c-841c-5d44-97ad-fe3ed848d526,NEAR_FORM_CONFUSION,اشتباه با فرم/قاعده نزدیک,وجه یا ساخت شرطی نزدیک را در محیطی به‌کار می‌برد که شرط/نگرش جمله آن را مجاز نمی‌کند.,یک فرم واقعی و نزدیک از همان خانواده انتخاب شود؛ فرم باید در context دیگری معتبر باشد ولی اینجا به‌طور قطعی غلط باشد.,انتخاب آن نشان می‌دهد تمایز میان قاعده هدف و همسایهٔ نزدیک هنوز پایدار نشده است.,CORE,
83d883bf-5242-4dc2-bed6-dad1585746db,31,LE CONDITIONNEL (1),0c56bd9f-a9f8-4e8b-9373-c7b8beba4aec,L31-S01,Conditionnel de politesse,conditionnel برای ادب,CAT03,SUB06,MOOD_CONDITION,وجه و شرط,Lesson 31; printed p. 136,Stage1 rule text + Stage2 classification; error frequency not claimed by source,misconception-catalogue-recovered-v1.0.0,CANDIDATE_PREDEPLOY_CONTENT_REVIEW,NOT_YET_OBSERVED__STAGE27_CALIBRATION,e76dbf48-9ec6-582b-9947-5c07b7ef571c,CONTEXT_ROLE_MISMATCH,انتقال قاعده درست به context نادرست,قاعده درستِ یک نوع شرط/وجه را به نوع دیگری از شرط، نگرش یا واقعیت منتقل می‌کند.,distractor از قاعده‌ای ساخته شود که به‌خودی‌خود معتبر است، اما نقش/مرجع/زمان/register این context با آن سازگار نیست.,انتخاب آن نشانهٔ تحلیل ناکافی context یا نقش دستوری است، نه صرفاً ندانستن شکل ظاهری.,CORE,
83d883bf-5242-4dc2-bed6-dad1585746db,31,LE CONDITIONNEL (1),77d5210c-1826-45a9-af8b-88b9ea8aa508,L31-S02,Conseil avec « devoir »,توصیه با devoir,CAT03,SUB06,MOOD_CONDITION,وجه و شرط,Lesson 31; printed p. 136,Stage1 rule text + Stage2 classification; error frequency not claimed by source,misconception-catalogue-recovered-v1.0.0,CANDIDATE_PREDEPLOY_CONTENT_REVIEW,NOT_YET_OBSERVED__STAGE27_CALIBRATION,48a18c37-8489-5015-94c1-802de91f3757,OVERGENERALIZATION,تعمیم بیش‌ازحد قاعده,قاعدهٔ هدف «tu devrais / vous devriez برای توصیه است.» را بدون توجه به شرط، نقش یا محدودیت بافتی زیرموضوع «توصیه با devoir» به همهٔ موارد مشابه تعمیم می‌دهد.,ساخت distractor با اجرای قاعدهٔ عمومی در جایی که شرط دقیق subtopic آن را مجاز نمی‌کند.,اگر کاربر این گزینه را انتخاب کند، احتمالاً قاعده را می‌داند اما دامنهٔ کاربرد آن را بیش از حد گسترده گرفته است.,CORE,
83d883bf-5242-4dc2-bed6-dad1585746db,31,LE CONDITIONNEL (1),77d5210c-1826-45a9-af8b-88b9ea8aa508,L31-S02,Conseil avec « devoir »,توصیه با devoir,CAT03,SUB06,MOOD_CONDITION,وجه و شرط,Lesson 31; printed p. 136,Stage1 rule text + Stage2 classification; error frequency not claimed by source,misconception-catalogue-recovered-v1.0.0,CANDIDATE_PREDEPLOY_CONTENT_REVIEW,NOT_YET_OBSERVED__STAGE27_CALIBRATION,8cf7f07d-c438-506f-9308-21ddb0eddf2c,NEAR_FORM_CONFUSION,اشتباه با فرم/قاعده نزدیک,وجه یا ساخت شرطی نزدیک را در محیطی به‌کار می‌برد که شرط/نگرش جمله آن را مجاز نمی‌کند.,یک فرم واقعی و نزدیک از همان خانواده انتخاب شود؛ فرم باید در context دیگری معتبر باشد ولی اینجا به‌طور قطعی غلط باشد.,انتخاب آن نشان می‌دهد تمایز میان قاعده هدف و همسایهٔ نزدیک هنوز پایدار نشده است.,CORE,
83d883bf-5242-4dc2-bed6-dad1585746db,31,LE CONDITIONNEL (1),77d5210c-1826-45a9-af8b-88b9ea8aa508,L31-S02,Conseil avec « devoir »,توصیه با devoir,CAT03,SUB06,MOOD_CONDITION,وجه و شرط,Lesson 31; printed p. 136,Stage1 rule text + Stage2 classification; error frequency not claimed by source,misconception-catalogue-recovered-v1.0.0,CANDIDATE_PREDEPLOY_CONTENT_REVIEW,NOT_YET_OBSERVED__STAGE27_CALIBRATION,94814047-4dae-57c1-b71e-b4432082029c,CONTEXT_ROLE_MISMATCH,انتقال قاعده درست به context نادرست,قاعده درستِ یک نوع شرط/وجه را به نوع دیگری از شرط، نگرش یا واقعیت منتقل می‌کند.,distractor از قاعده‌ای ساخته شود که به‌خودی‌خود معتبر است، اما نقش/مرجع/زمان/register این context با آن سازگار نیست.,انتخاب آن نشانهٔ تحلیل ناکافی context یا نقش دستوری است، نه صرفاً ندانستن شکل ظاهری.,CORE,
83d883bf-5242-4dc2-bed6-dad1585746db,31,LE CONDITIONNEL (1),d7f3b22f-34fa-4794-8a7c-57b7d1b1cf27,L31-S03,Désir avec « aimer/vouloir »,بیان خواسته,CAT03,SUB06,MOOD_CONDITION,وجه و شرط,Lesson 31; printed p. 136,Stage1 rule text + Stage2 classification; error frequency not claimed by source,misconception-catalogue-recovered-v1.0.0,CANDIDATE_PREDEPLOY_CONTENT_REVIEW,NOT_YET_OBSERVED__STAGE27_CALIBRATION,3d9ac0d4-9cab-573a-827c-5f74c6fb727c,OVERGENERALIZATION,تعمیم بیش‌ازحد قاعده,قاعدهٔ هدف «j’aimerais / je voudrais خواسته یا تمایل را با نرمی بیان می‌کنند.» را بدون توجه به شرط، نقش یا محدودیت بافتی زیرموضوع «بیان خواسته» به همهٔ موارد مشابه تعمیم می‌دهد.,ساخت distractor با اجرای قاعدهٔ عمومی در جایی که شرط دقیق subtopic آن را مجاز نمی‌کند.,اگر کاربر این گزینه را انتخاب کند، احتمالاً قاعده را می‌داند اما دامنهٔ کاربرد آن را بیش از حد گسترده گرفته است.,CORE,
83d883bf-5242-4dc2-bed6-dad1585746db,31,LE CONDITIONNEL (1),d7f3b22f-34fa-4794-8a7c-57b7d1b1cf27,L31-S03,Désir avec « aimer/vouloir »,بیان خواسته,CAT03,SUB06,MOOD_CONDITION,وجه و شرط,Lesson 31; printed p. 136,Stage1 rule text + Stage2 classification; error frequency not claimed by source,misconception-catalogue-recovered-v1.0.0,CANDIDATE_PREDEPLOY_CONTENT_REVIEW,NOT_YET_OBSERVED__STAGE27_CALIBRATION,e900b624-f846-5825-8f73-31a9d17e4a95,NEAR_FORM_CONFUSION,اشتباه با فرم/قاعده نزدیک,وجه یا ساخت شرطی نزدیک را در محیطی به‌کار می‌برد که شرط/نگرش جمله آن را مجاز نمی‌کند.,یک فرم واقعی و نزدیک از همان خانواده انتخاب شود؛ فرم باید در context دیگری معتبر باشد ولی اینجا به‌طور قطعی غلط باشد.,انتخاب آن نشان می‌دهد تمایز میان قاعده هدف و همسایهٔ نزدیک هنوز پایدار نشده است.,CORE,
83d883bf-5242-4dc2-bed6-dad1585746db,31,LE CONDITIONNEL (1),d7f3b22f-34fa-4794-8a7c-57b7d1b1cf27,L31-S03,Désir avec « aimer/vouloir »,بیان خواسته,CAT03,SUB06,MOOD_CONDITION,وجه و شرط,Lesson 31; printed p. 136,Stage1 rule text + Stage2 classification; error frequency not claimed by source,misconception-catalogue-recovered-v1.0.0,CANDIDATE_PREDEPLOY_CONTENT_REVIEW,NOT_YET_OBSERVED__STAGE27_CALIBRATION,e2eb0010-1f17-5a88-9567-88bb12c6d844,CONTEXT_ROLE_MISMATCH,انتقال قاعده درست به context نادرست,قاعده درستِ یک نوع شرط/وجه را به نوع دیگری از شرط، نگرش یا واقعیت منتقل می‌کند.,distractor از قاعده‌ای ساخته شود که به‌خودی‌خود معتبر است، اما نقش/مرجع/زمان/register این context با آن سازگار نیست.,انتخاب آن نشانهٔ تحلیل ناکافی context یا نقش دستوری است، نه صرفاً ندانستن شکل ظاهری.,CORE,
83d883bf-5242-4dc2-bed6-dad1585746db,31,LE CONDITIONNEL (1),8e06f31b-c4a1-43dc-880d-10ff106fcf1a,L31-S04,Formes fréquentes du conditionnel présent,شکل‌های رایج conditionnel,CAT03,SUB06,MOOD_CONDITION,وجه و شرط,Lesson 31; printed p. 136,Stage1 rule text + Stage2 classification; error frequency not claimed by source,misconception-catalogue-recovered-v1.0.0,CANDIDATE_PREDEPLOY_CONTENT_REVIEW,NOT_YET_OBSERVED__STAGE27_CALIBRATION,2b065d5a-05ab-56fc-8cb4-6044ca0ff7ed,OVERGENERALIZATION,تعمیم بیش‌ازحد قاعده,"قاعدهٔ هدف «voudrais, aimerais, devrais, pourrais, ferais, irais شکل‌های پرکاربرد این درس‌اند.» را بدون توجه به شرط، نقش یا محدودیت بافتی زیرموضوع «شکل‌های رایج conditionnel» به همهٔ موارد مشابه تعمیم می‌دهد.",ساخت distractor با اجرای قاعدهٔ عمومی در جایی که شرط دقیق subtopic آن را مجاز نمی‌کند.,اگر کاربر این گزینه را انتخاب کند، احتمالاً قاعده را می‌داند اما دامنهٔ کاربرد آن را بیش از حد گسترده گرفته است.,CORE,
83d883bf-5242-4dc2-bed6-dad1585746db,31,LE CONDITIONNEL (1),8e06f31b-c4a1-43dc-880d-10ff106fcf1a,L31-S04,Formes fréquentes du conditionnel présent,شکل‌های رایج conditionnel,CAT03,SUB06,MOOD_CONDITION,وجه و شرط,Lesson 31; printed p. 136,Stage1 rule text + Stage2 classification; error frequency not claimed by source,misconception-catalogue-recovered-v1.0.0,CANDIDATE_PREDEPLOY_CONTENT_REVIEW,NOT_YET_OBSERVED__STAGE27_CALIBRATION,ff8e6dc2-4798-5d96-8431-2725f4671ec2,NEAR_FORM_CONFUSION,اشتباه با فرم/قاعده نزدیک,وجه یا ساخت شرطی نزدیک را در محیطی به‌کار می‌برد که شرط/نگرش جمله آن را مجاز نمی‌کند.,یک فرم واقعی و نزدیک از همان خانواده انتخاب شود؛ فرم باید در context دیگری معتبر باشد ولی اینجا به‌طور قطعی غلط باشد.,انتخاب آن نشان می‌دهد تمایز میان قاعده هدف و همسایهٔ نزدیک هنوز پایدار نشده است.,CORE,
83d883bf-5242-4dc2-bed6-dad1585746db,31,LE CONDITIONNEL (1),8e06f31b-c4a1-43dc-880d-10ff106fcf1a,L31-S04,Formes fréquentes du conditionnel présent,شکل‌های رایج conditionnel,CAT03,SUB06,MOOD_CONDITION,وجه و شرط,Lesson 31; printed p. 136,Stage1 rule text + Stage2 classification; error frequency not claimed by source,misconception-catalogue-recovered-v1.0.0,CANDIDATE_PREDEPLOY_CONTENT_REVIEW,NOT_YET_OBSERVED__STAGE27_CALIBRATION,e61fca11-97e5-5995-9470-4eb48ed6836b,CONTEXT_ROLE_MISMATCH,انتقال قاعده درست به context نادرست,قاعده درستِ یک نوع شرط/وجه را به نوع دیگری از شرط، نگرش یا واقعیت منتقل می‌کند.,distractor از قاعده‌ای ساخته شود که به‌خودی‌خود معتبر است، اما نقش/مرجع/زمان/register این context با آن سازگار نیست.,انتخاب آن نشانهٔ تحلیل ناکافی context یا نقش دستوری است، نه صرفاً ندانستن شکل ظاهری.,CORE,
4ec05ffb-8465-4c5c-9a50-d67136ad0472,32,LES RELATIFS,9523a5bd-c68b-4d30-824d-d85ddb5490a8,L32-S01,Relatif « qui »,ضمیر نسبی qui,CAT04,SUB10,RELATIVE_CLAUSE,جمله و ضمیر نسبی,Lesson 32; printed p. 140,Stage1 rule text + Stage2 classification; error frequency not claimed by source,misconception-catalogue-recovered-v1.0.0,CANDIDATE_PREDEPLOY_CONTENT_REVIEW,NOT_YET_OBSERVED__STAGE27_CALIBRATION,fc7cbeee-73c9-5acb-8eca-15c356f132b1,OVERGENERALIZATION,تعمیم بیش‌ازحد قاعده,قاعدهٔ هدف «qui جای فاعل جملهٔ وابسته را می‌گیرد.» را بدون توجه به شرط، نقش یا محدودیت بافتی زیرموضوع «ضمیر نسبی qui» به همهٔ موارد مشابه تعمیم می‌دهد.,ساخت distractor با اجرای قاعدهٔ عمومی در جایی که شرط دقیق subtopic آن را مجاز نمی‌کند.,اگر کاربر این گزینه را انتخاب کند، احتمالاً قاعده را می‌داند اما دامنهٔ کاربرد آن را بیش از حد گسترده گرفته است.,CORE,
4ec05ffb-8465-4c5c-9a50-d67136ad0472,32,LES RELATIFS,9523a5bd-c68b-4d30-824d-d85ddb5490a8,L32-S01,Relatif « qui »,ضمیر نسبی qui,CAT04,SUB10,RELATIVE_CLAUSE,جمله و ضمیر نسبی,Lesson 32; printed p. 140,Stage1 rule text + Stage2 classification; error frequency not claimed by source,misconception-catalogue-recovered-v1.0.0,CANDIDATE_PREDEPLOY_CONTENT_REVIEW,NOT_YET_OBSERVED__STAGE27_CALIBRATION,0695eb3b-03ae-52e4-903b-2200cddbd638,NEAR_FORM_CONFUSION,اشتباه با فرم/قاعده نزدیک,ضمیر نسبی نزدیک را بدون توجه به نقش در clause یا حرف اضافه/رکسیون antecedent جایگزین می‌کند.,یک فرم واقعی و نزدیک از همان خانواده انتخاب شود؛ فرم باید در context دیگری معتبر باشد ولی اینجا به‌طور قطعی غلط باشد.,انتخاب آن نشان می‌دهد تمایز میان قاعده هدف و همسایهٔ نزدیک هنوز پایدار نشده است.,CORE,
4ec05ffb-8465-4c5c-9a50-d67136ad0472,32,LES RELATIFS,9523a5bd-c68b-4d30-824d-d85ddb5490a8,L32-S01,Relatif « qui »,ضمیر نسبی qui,CAT04,SUB10,RELATIVE_CLAUSE,جمله و ضمیر نسبی,Lesson 32; printed p. 140,Stage1 rule text + Stage2 classification; error frequency not claimed by source,misconception-catalogue-recovered-v1.0.0,CANDIDATE_PREDEPLOY_CONTENT_REVIEW,NOT_YET_OBSERVED__STAGE27_CALIBRATION,e1082694-19e3-54d2-a29a-dfb35f4f19ed,CONTEXT_ROLE_MISMATCH,انتقال قاعده درست به context نادرست,ضمیر نسبی درست برای نقش نحوی دیگری را به clause فعلی منتقل می‌کند.,distractor از قاعده‌ای ساخته شود که به‌خودی‌خود معتبر است، اما نقش/مرجع/زمان/register این context با آن سازگار نیست.,انتخاب آن نشانهٔ تحلیل ناکافی context یا نقش دستوری است، نه صرفاً ندانستن شکل ظاهری.,CORE,
4ec05ffb-8465-4c5c-9a50-d67136ad0472,32,LES RELATIFS,a605b061-2ae5-447e-accb-ae78434440a3,L32-S02,Relatif « que »,ضمیر نسبی que,CAT04,SUB10,RELATIVE_CLAUSE,جمله و ضمیر نسبی,Lesson 32; printed p. 140,Stage1 rule text + Stage2 classification; error frequency not claimed by source,misconception-catalogue-recovered-v1.0.0,CANDIDATE_PREDEPLOY_CONTENT_REVIEW,NOT_YET_OBSERVED__STAGE27_CALIBRATION,02892a23-913d-5fff-8942-ccc2d3b33bfc,OVERGENERALIZATION,تعمیم بیش‌ازحد قاعده,قاعدهٔ هدف «que جای مفعول مستقیم را می‌گیرد.» را بدون توجه به شرط، نقش یا محدودیت بافتی زیرموضوع «ضمیر نسبی que» به همهٔ موارد مشابه تعمیم می‌دهد.,ساخت distractor با اجرای قاعدهٔ عمومی در جایی که شرط دقیق subtopic آن را مجاز نمی‌کند.,اگر کاربر این گزینه را انتخاب کند، احتمالاً قاعده را می‌داند اما دامنهٔ کاربرد آن را بیش از حد گسترده گرفته است.,CORE,
4ec05ffb-8465-4c5c-9a50-d67136ad0472,32,LES RELATIFS,a605b061-2ae5-447e-accb-ae78434440a3,L32-S02,Relatif « que »,ضمیر نسبی que,CAT04,SUB10,RELATIVE_CLAUSE,جمله و ضمیر نسبی,Lesson 32; printed p. 140,Stage1 rule text + Stage2 classification; error frequency not claimed by source,misconception-catalogue-recovered-v1.0.0,CANDIDATE_PREDEPLOY_CONTENT_REVIEW,NOT_YET_OBSERVED__STAGE27_CALIBRATION,65466692-a0fa-5c89-b11a-567f90584a4b,NEAR_FORM_CONFUSION,اشتباه با فرم/قاعده نزدیک,ضمیر نسبی نزدیک را بدون توجه به نقش در clause یا حرف اضافه/رکسیون antecedent جایگزین می‌کند.,یک فرم واقعی و نزدیک از همان خانواده انتخاب شود؛ فرم باید در context دیگری معتبر باشد ولی اینجا به‌طور قطعی غلط باشد.,انتخاب آن نشان می‌دهد تمایز میان قاعده هدف و همسایهٔ نزدیک هنوز پایدار نشده است.,CORE,
4ec05ffb-8465-4c5c-9a50-d67136ad0472,32,LES RELATIFS,a605b061-2ae5-447e-accb-ae78434440a3,L32-S02,Relatif « que »,ضمیر نسبی que,CAT04,SUB10,RELATIVE_CLAUSE,جمله و ضمیر نسبی,Lesson 32; printed p. 140,Stage1 rule text + Stage2 classification; error frequency not claimed by source,misconception-catalogue-recovered-v1.0.0,CANDIDATE_PREDEPLOY_CONTENT_REVIEW,NOT_YET_OBSERVED__STAGE27_CALIBRATION,5e0e835d-e8f8-5b60-91f9-26bc5e7938fc,CONTEXT_ROLE_MISMATCH,انتقال قاعده درست به context نادرست,ضمیر نسبی درست برای نقش نحوی دیگری را به clause فعلی منتقل می‌کند.,distractor از قاعده‌ای ساخته شود که به‌خودی‌خود معتبر است، اما نقش/مرجع/زمان/register این context با آن سازگار نیست.,انتخاب آن نشانهٔ تحلیل ناکافی context یا نقش دستوری است، نه صرفاً ندانستن شکل ظاهری.,CORE,
4ec05ffb-8465-4c5c-9a50-d67136ad0472,32,LES RELATIFS,33028691-996b-4785-b413-c651496405a8,L32-S03,Relatif « où »,ضمیر نسبی où,CAT04,SUB10,RELATIVE_CLAUSE,جمله و ضمیر نسبی,Lesson 32; printed p. 140,Stage1 rule text + Stage2 classification; error frequency not claimed by source,misconception-catalogue-recovered-v1.0.0,CANDIDATE_PREDEPLOY_CONTENT_REVIEW,NOT_YET_OBSERVED__STAGE27_CALIBRATION,86aeb7ab-2da8-582b-988f-c21f96cc1fed,OVERGENERALIZATION,تعمیم بیش‌ازحد قاعده,قاعدهٔ هدف «où مکمل مکان یا زمان را جایگزین می‌کند.» را بدون توجه به شرط، نقش یا محدودیت بافتی زیرموضوع «ضمیر نسبی où» به همهٔ موارد مشابه تعمیم می‌دهد.,ساخت distractor با اجرای قاعدهٔ عمومی در جایی که شرط دقیق subtopic آن را مجاز نمی‌کند.,اگر کاربر این گزینه را انتخاب کند، احتمالاً قاعده را می‌داند اما دامنهٔ کاربرد آن را بیش از حد گسترده گرفته است.,CORE,
4ec05ffb-8465-4c5c-9a50-d67136ad0472,32,LES RELATIFS,33028691-996b-4785-b413-c651496405a8,L32-S03,Relatif « où »,ضمیر نسبی où,CAT04,SUB10,RELATIVE_CLAUSE,جمله و ضمیر نسبی,Lesson 32; printed p. 140,Stage1 rule text + Stage2 classification; error frequency not claimed by source,misconception-catalogue-recovered-v1.0.0,CANDIDATE_PREDEPLOY_CONTENT_REVIEW,NOT_YET_OBSERVED__STAGE27_CALIBRATION,161602af-6c52-56e0-9600-aace5f2da04b,NEAR_FORM_CONFUSION,اشتباه با فرم/قاعده نزدیک,ضمیر نسبی نزدیک را بدون توجه به نقش در clause یا حرف اضافه/رکسیون antecedent جایگزین می‌کند.,یک فرم واقعی و نزدیک از همان خانواده انتخاب شود؛ فرم باید در context دیگری معتبر باشد ولی اینجا به‌طور قطعی غلط باشد.,انتخاب آن نشان می‌دهد تمایز میان قاعده هدف و همسایهٔ نزدیک هنوز پایدار نشده است.,CORE,
4ec05ffb-8465-4c5c-9a50-d67136ad0472,32,LES RELATIFS,33028691-996b-4785-b413-c651496405a8,L32-S03,Relatif « où »,ضمیر نسبی où,CAT04,SUB10,RELATIVE_CLAUSE,جمله و ضمیر نسبی,Lesson 32; printed p. 140,Stage1 rule text + Stage2 classification; error frequency not claimed by source,misconception-catalogue-recovered-v1.0.0,CANDIDATE_PREDEPLOY_CONTENT_REVIEW,NOT_YET_OBSERVED__STAGE27_CALIBRATION,17fba919-4037-549e-9dc1-56ebe0b560f0,CONTEXT_ROLE_MISMATCH,انتقال قاعده درست به context نادرست,ضمیر نسبی درست برای نقش نحوی دیگری را به clause فعلی منتقل می‌کند.,distractor از قاعده‌ای ساخته شود که به‌خودی‌خود معتبر است، اما نقش/مرجع/زمان/register این context با آن سازگار نیست.,انتخاب آن نشانهٔ تحلیل ناکافی context یا نقش دستوری است، نه صرفاً ندانستن شکل ظاهری.,CORE,
4ec05ffb-8465-4c5c-9a50-d67136ad0472,32,LES RELATIFS,cc58425c-1b50-4810-99a1-446683b31f5f,L32-S04,Relatif « dont »,ضمیر نسبی dont,CAT04,SUB10,RELATIVE_CLAUSE,جمله و ضمیر نسبی,Lesson 32; printed p. 142,Stage1 rule text + Stage2 classification; error frequency not claimed by source,misconception-catalogue-recovered-v1.0.0,CANDIDATE_PREDEPLOY_CONTENT_REVIEW,NOT_YET_OBSERVED__STAGE27_CALIBRATION,efa4cd56-d85d-596d-a51b-670ef9210723,OVERGENERALIZATION,تعمیم بیش‌ازحد قاعده,قاعدهٔ هدف «dont مکمل ساخته‌شده با de را جایگزین می‌کند.» را بدون توجه به شرط، نقش یا محدودیت بافتی زیرموضوع «ضمیر نسبی dont» به همهٔ موارد مشابه تعمیم می‌دهد.,ساخت distractor با اجرای قاعدهٔ عمومی در جایی که شرط دقیق subtopic آن را مجاز نمی‌کند.,اگر کاربر این گزینه را انتخاب کند، احتمالاً قاعده را می‌داند اما دامنهٔ کاربرد آن را بیش از حد گسترده گرفته است.,CORE,
4ec05ffb-8465-4c5c-9a50-d67136ad0472,32,LES RELATIFS,cc58425c-1b50-4810-99a1-446683b31f5f,L32-S04,Relatif « dont »,ضمیر نسبی dont,CAT04,SUB10,RELATIVE_CLAUSE,جمله و ضمیر نسبی,Lesson 32; printed p. 142,Stage1 rule text + Stage2 classification; error frequency not claimed by source,misconception-catalogue-recovered-v1.0.0,CANDIDATE_PREDEPLOY_CONTENT_REVIEW,NOT_YET_OBSERVED__STAGE27_CALIBRATION,dac62b22-7d9b-540f-b765-e4ad0c1fd476,NEAR_FORM_CONFUSION,اشتباه با فرم/قاعده نزدیک,ضمیر نسبی نزدیک را بدون توجه به نقش در clause یا حرف اضافه/رکسیون antecedent جایگزین می‌کند.,یک فرم واقعی و نزدیک از همان خانواده انتخاب شود؛ فرم باید در context دیگری معتبر باشد ولی اینجا به‌طور قطعی غلط باشد.,انتخاب آن نشان می‌دهد تمایز میان قاعده هدف و همسایهٔ نزدیک هنوز پایدار نشده است.,CORE,
4ec05ffb-8465-4c5c-9a50-d67136ad0472,32,LES RELATIFS,cc58425c-1b50-4810-99a1-446683b31f5f,L32-S04,Relatif « dont »,ضمیر نسبی dont,CAT04,SUB10,RELATIVE_CLAUSE,جمله و ضمیر نسبی,Lesson 32; printed p. 142,Stage1 rule text + Stage2 classification; error frequency not claimed by source,misconception-catalogue-recovered-v1.0.0,CANDIDATE_PREDEPLOY_CONTENT_REVIEW,NOT_YET_OBSERVED__STAGE27_CALIBRATION,da720c4a-125b-50a5-9b3f-d00b7875a868,CONTEXT_ROLE_MISMATCH,انتقال قاعده درست به context نادرست,ضمیر نسبی درست برای نقش نحوی دیگری را به clause فعلی منتقل می‌کند.,distractor از قاعده‌ای ساخته شود که به‌خودی‌خود معتبر است، اما نقش/مرجع/زمان/register این context با آن سازگار نیست.,انتخاب آن نشانهٔ تحلیل ناکافی context یا نقش دستوری است، نه صرفاً ندانستن شکل ظاهری.,CORE,
4ec05ffb-8465-4c5c-9a50-d67136ad0472,32,LES RELATIFS,f4081368-9e3a-4590-8cf1-ec24453a7651,L32-S05,« ce qui / ce que / ce dont »,ce qui/ce que/ce dont,CAT04,SUB10,RELATIVE_CLAUSE,جمله و ضمیر نسبی,Lesson 32; printed p. 142,Stage1 rule text + Stage2 classification; error frequency not claimed by source,misconception-catalogue-recovered-v1.0.0,CANDIDATE_PREDEPLOY_CONTENT_REVIEW,NOT_YET_OBSERVED__STAGE27_CALIBRATION,eb47f622-36f6-59f2-82bd-46e049086b53,OVERGENERALIZATION,تعمیم بیش‌ازحد قاعده,قاعدهٔ هدف «وقتی antecedent صریح وجود ندارد و منظور «آنچه» است، ce + relatif می‌آید.» را بدون توجه به شرط، نقش یا محدودیت بافتی زیرموضوع «ce qui/ce que/ce dont» به همهٔ موارد مشابه تعمیم می‌دهد.,ساخت distractor با اجرای قاعدهٔ عمومی در جایی که شرط دقیق subtopic آن را مجاز نمی‌کند.,اگر کاربر این گزینه را انتخاب کند، احتمالاً قاعده را می‌داند اما دامنهٔ کاربرد آن را بیش از حد گسترده گرفته است.,CORE,
4ec05ffb-8465-4c5c-9a50-d67136ad0472,32,LES RELATIFS,f4081368-9e3a-4590-8cf1-ec24453a7651,L32-S05,« ce qui / ce que / ce dont »,ce qui/ce que/ce dont,CAT04,SUB10,RELATIVE_CLAUSE,جمله و ضمیر نسبی,Lesson 32; printed p. 142,Stage1 rule text + Stage2 classification; error frequency not claimed by source,misconception-catalogue-recovered-v1.0.0,CANDIDATE_PREDEPLOY_CONTENT_REVIEW,NOT_YET_OBSERVED__STAGE27_CALIBRATION,bad12f9b-378d-52a7-bed8-59d6543f018b,NEAR_FORM_CONFUSION,اشتباه با فرم/قاعده نزدیک,ضمیر نسبی نزدیک را بدون توجه به نقش در clause یا حرف اضافه/رکسیون antecedent جایگزین می‌کند.,یک فرم واقعی و نزدیک از همان خانواده انتخاب شود؛ فرم باید در context دیگری معتبر باشد ولی اینجا به‌طور قطعی غلط باشد.,انتخاب آن نشان می‌دهد تمایز میان قاعده هدف و همسایهٔ نزدیک هنوز پایدار نشده است.,CORE,
4ec05ffb-8465-4c5c-9a50-d67136ad0472,32,LES RELATIFS,f4081368-9e3a-4590-8cf1-ec24453a7651,L32-S05,« ce qui / ce que / ce dont »,ce qui/ce que/ce dont,CAT04,SUB10,RELATIVE_CLAUSE,جمله و ضمیر نسبی,Lesson 32; printed p. 142,Stage1 rule text + Stage2 classification; error frequency not claimed by source,misconception-catalogue-recovered-v1.0.0,CANDIDATE_PREDEPLOY_CONTENT_REVIEW,NOT_YET_OBSERVED__STAGE27_CALIBRATION,8f548b7c-4e12-50dd-b6b6-2de826830182,CONTEXT_ROLE_MISMATCH,انتقال قاعده درست به context نادرست,ضمیر نسبی درست برای نقش نحوی دیگری را به clause فعلی منتقل می‌کند.,distractor از قاعده‌ای ساخته شود که به‌خودی‌خود معتبر است، اما نقش/مرجع/زمان/register این context با آن سازگار نیست.,انتخاب آن نشانهٔ تحلیل ناکافی context یا نقش دستوری است، نه صرفاً ندانستن شکل ظاهری.,CORE,
4ec05ffb-8465-4c5c-9a50-d67136ad0472,32,LES RELATIFS,e5b88a0b-af1a-4d37-98be-b26a740202e6,L32-S06,Mise en relief « c’est…qui/que »,برجسته‌سازی c’est…qui/que,CAT04,SUB10,RELATIVE_CLAUSE,جمله و ضمیر نسبی,Lesson 32; printed p. 142,Stage1 rule text + Stage2 classification; error frequency not claimed by source,misconception-catalogue-recovered-v1.0.0,CANDIDATE_PREDEPLOY_CONTENT_REVIEW,NOT_YET_OBSERVED__STAGE27_CALIBRATION,1f2e18e6-6983-5e03-ae02-e179d15ca712,OVERGENERALIZATION,تعمیم بیش‌ازحد قاعده,قاعدهٔ هدف «این ساخت یک جزء جمله را برجسته می‌کند.» را بدون توجه به شرط، نقش یا محدودیت بافتی زیرموضوع «برجسته‌سازی c’est…qui/que» به همهٔ موارد مشابه تعمیم می‌دهد.,ساخت distractor با اجرای قاعدهٔ عمومی در جایی که شرط دقیق subtopic آن را مجاز نمی‌کند.,اگر کاربر این گزینه را انتخاب کند، احتمالاً قاعده را می‌داند اما دامنهٔ کاربرد آن را بیش از حد گسترده گرفته است.,CORE,
4ec05ffb-8465-4c5c-9a50-d67136ad0472,32,LES RELATIFS,e5b88a0b-af1a-4d37-98be-b26a740202e6,L32-S06,Mise en relief « c’est…qui/que »,برجسته‌سازی c’est…qui/que,CAT04,SUB10,RELATIVE_CLAUSE,جمله و ضمیر نسبی,Lesson 32; printed p. 142,Stage1 rule text + Stage2 classification; error frequency not claimed by source,misconception-catalogue-recovered-v1.0.0,CANDIDATE_PREDEPLOY_CONTENT_REVIEW,NOT_YET_OBSERVED__STAGE27_CALIBRATION,be896174-6d1b-52dc-bde5-cc39a1853e5a,NEAR_FORM_CONFUSION,اشتباه با فرم/قاعده نزدیک,ضمیر نسبی نزدیک را بدون توجه به نقش در clause یا حرف اضافه/رکسیون antecedent جایگزین می‌کند.,یک فرم واقعی و نزدیک از همان خانواده انتخاب شود؛ فرم باید در context دیگری معتبر باشد ولی اینجا به‌طور قطعی غلط باشد.,انتخاب آن نشان می‌دهد تمایز میان قاعده هدف و همسایهٔ نزدیک هنوز پایدار نشده است.,CORE,
4ec05ffb-8465-4c5c-9a50-d67136ad0472,32,LES RELATIFS,e5b88a0b-af1a-4d37-98be-b26a740202e6,L32-S06,Mise en relief « c’est…qui/que »,برجسته‌سازی c’est…qui/que,CAT04,SUB10,RELATIVE_CLAUSE,جمله و ضمیر نسبی,Lesson 32; printed p. 142,Stage1 rule text + Stage2 classification; error frequency not claimed by source,misconception-catalogue-recovered-v1.0.0,CANDIDATE_PREDEPLOY_CONTENT_REVIEW,NOT_YET_OBSERVED__STAGE27_CALIBRATION,c5b1a674-3d99-5057-8b33-74a949623d71,CONTEXT_ROLE_MISMATCH,انتقال قاعده درست به context نادرست,ضمیر نسبی درست برای نقش نحوی دیگری را به clause فعلی منتقل می‌کند.,distractor از قاعده‌ای ساخته شود که به‌خودی‌خود معتبر است، اما نقش/مرجع/زمان/register این context با آن سازگار نیست.,انتخاب آن نشانهٔ تحلیل ناکافی context یا نقش دستوری است، نه صرفاً ندانستن شکل ظاهری.,CORE,
4ec05ffb-8465-4c5c-9a50-d67136ad0472,32,LES RELATIFS,7eb2441f-f3fd-4c09-bf72-9fae5057a06b,L32-S07,Relatifs composés « lequel… »,ضمیر نسبی مرکب,CAT04,SUB10,RELATIVE_CLAUSE,جمله و ضمیر نسبی,Lesson 32; printed p. 144,Stage1 rule text + Stage2 classification; error frequency not claimed by source,misconception-catalogue-recovered-v1.0.0,CANDIDATE_PREDEPLOY_CONTENT_REVIEW,NOT_YET_OBSERVED__STAGE27_CALIBRATION,eaf2061b-67b2-5370-bb06-e92ba4ef732d,OVERGENERALIZATION,تعمیم بیش‌ازحد قاعده,قاعدهٔ هدف «lequel/laquelle/lesquels/lesquelles معمولاً پس از حرف اضافه می‌آیند و با antecedent توافق دارند.» را بدون توجه به شرط، نقش یا محدودیت بافتی زیرموضوع «ضمیر نسبی مرکب» به همهٔ موارد مشابه تعمیم می‌دهد.,ساخت distractor با اجرای قاعدهٔ عمومی در جایی که شرط دقیق subtopic آن را مجاز نمی‌کند.,اگر کاربر این گزینه را انتخاب کند، احتمالاً قاعده را می‌داند اما دامنهٔ کاربرد آن را بیش از حد گسترده گرفته است.,CORE,
4ec05ffb-8465-4c5c-9a50-d67136ad0472,32,LES RELATIFS,7eb2441f-f3fd-4c09-bf72-9fae5057a06b,L32-S07,Relatifs composés « lequel… »,ضمیر نسبی مرکب,CAT04,SUB10,RELATIVE_CLAUSE,جمله و ضمیر نسبی,Lesson 32; printed p. 144,Stage1 rule text + Stage2 classification; error frequency not claimed by source,misconception-catalogue-recovered-v1.0.0,CANDIDATE_PREDEPLOY_CONTENT_REVIEW,NOT_YET_OBSERVED__STAGE27_CALIBRATION,81f84ab6-2e67-583e-84f2-d98fe0be201b,NEAR_FORM_CONFUSION,اشتباه با فرم/قاعده نزدیک,ضمیر نسبی نزدیک را بدون توجه به نقش در clause یا حرف اضافه/رکسیون antecedent جایگزین می‌کند.,یک فرم واقعی و نزدیک از همان خانواده انتخاب شود؛ فرم باید در context دیگری معتبر باشد ولی اینجا به‌طور قطعی غلط باشد.,انتخاب آن نشان می‌دهد تمایز میان قاعده هدف و همسایهٔ نزدیک هنوز پایدار نشده است.,CORE,
4ec05ffb-8465-4c5c-9a50-d67136ad0472,32,LES RELATIFS,7eb2441f-f3fd-4c09-bf72-9fae5057a06b,L32-S07,Relatifs composés « lequel… »,ضمیر نسبی مرکب,CAT04,SUB10,RELATIVE_CLAUSE,جمله و ضمیر نسبی,Lesson 32; printed p. 144,Stage1 rule text + Stage2 classification; error frequency not claimed by source,misconception-catalogue-recovered-v1.0.0,CANDIDATE_PREDEPLOY_CONTENT_REVIEW,NOT_YET_OBSERVED__STAGE27_CALIBRATION,0fce5a35-db3d-51b1-bd00-f4b35b056c14,CONTEXT_ROLE_MISMATCH,انتقال قاعده درست به context نادرست,ضمیر نسبی درست برای نقش نحوی دیگری را به clause فعلی منتقل می‌کند.,distractor از قاعده‌ای ساخته شود که به‌خودی‌خود معتبر است، اما نقش/مرجع/زمان/register این context با آن سازگار نیست.,انتخاب آن نشانهٔ تحلیل ناکافی context یا نقش دستوری است، نه صرفاً ندانستن شکل ظاهری.,CORE,
4ec05ffb-8465-4c5c-9a50-d67136ad0472,32,LES RELATIFS,6861d0bb-b146-49b7-97f8-a6b94707053f,L32-S08,Relatif après préposition et personne,نسبی برای شخص پس از حرف اضافه,CAT04,SUB10,RELATIVE_CLAUSE,جمله و ضمیر نسبی,Lesson 32; printed p. 144,Stage1 rule text + Stage2 classification; error frequency not claimed by source,misconception-catalogue-recovered-v1.0.0,CANDIDATE_PREDEPLOY_CONTENT_REVIEW,NOT_YET_OBSERVED__STAGE27_CALIBRATION,067a7a17-28a4-58f7-8369-672a0d94bae2,OVERGENERALIZATION,تعمیم بیش‌ازحد قاعده,قاعدهٔ هدف «برای شخص پس از حرف اضافهٔ ساده، qui اغلب طبیعی‌تر از lequel است.» را بدون توجه به شرط، نقش یا محدودیت بافتی زیرموضوع «نسبی برای شخص پس از حرف اضافه» به همهٔ موارد مشابه تعمیم می‌دهد.,ساخت distractor با اجرای قاعدهٔ عمومی در جایی که شرط دقیق subtopic آن را مجاز نمی‌کند.,اگر کاربر این گزینه را انتخاب کند، احتمالاً قاعده را می‌داند اما دامنهٔ کاربرد آن را بیش از حد گسترده گرفته است.,CORE,
4ec05ffb-8465-4c5c-9a50-d67136ad0472,32,LES RELATIFS,6861d0bb-b146-49b7-97f8-a6b94707053f,L32-S08,Relatif après préposition et personne,نسبی برای شخص پس از حرف اضافه,CAT04,SUB10,RELATIVE_CLAUSE,جمله و ضمیر نسبی,Lesson 32; printed p. 144,Stage1 rule text + Stage2 classification; error frequency not claimed by source,misconception-catalogue-recovered-v1.0.0,CANDIDATE_PREDEPLOY_CONTENT_REVIEW,NOT_YET_OBSERVED__STAGE27_CALIBRATION,f03c194a-8535-5f2a-ac26-9522f71bdc7e,NEAR_FORM_CONFUSION,اشتباه با فرم/قاعده نزدیک,ضمیر نسبی نزدیک را بدون توجه به نقش در clause یا حرف اضافه/رکسیون antecedent جایگزین می‌کند.,یک فرم واقعی و نزدیک از همان خانواده انتخاب شود؛ فرم باید در context دیگری معتبر باشد ولی اینجا به‌طور قطعی غلط باشد.,انتخاب آن نشان می‌دهد تمایز میان قاعده هدف و همسایهٔ نزدیک هنوز پایدار نشده است.,CORE,
4ec05ffb-8465-4c5c-9a50-d67136ad0472,32,LES RELATIFS,6861d0bb-b146-49b7-97f8-a6b94707053f,L32-S08,Relatif après préposition et personne,نسبی برای شخص پس از حرف اضافه,CAT04,SUB10,RELATIVE_CLAUSE,جمله و ضمیر نسبی,Lesson 32; printed p. 144,Stage1 rule text + Stage2 classification; error frequency not claimed by source,misconception-catalogue-recovered-v1.0.0,CANDIDATE_PREDEPLOY_CONTENT_REVIEW,NOT_YET_OBSERVED__STAGE27_CALIBRATION,f00d74b3-4d18-5d3e-8b34-4efc97a3abd8,CONTEXT_ROLE_MISMATCH,انتقال قاعده درست به context نادرست,ضمیر نسبی درست برای نقش نحوی دیگری را به clause فعلی منتقل می‌کند.,distractor از قاعده‌ای ساخته شود که به‌خودی‌خود معتبر است، اما نقش/مرجع/زمان/register این context با آن سازگار نیست.,انتخاب آن نشانهٔ تحلیل ناکافی context یا نقش دستوری است، نه صرفاً ندانستن شکل ظاهری.,CORE,
1854197b-634e-4db7-893c-7e9b6bcbf004,33,L’INTERROGATION (2),aee0a450-b0b0-4ced-8544-f51a21cb8258,L33-S01,Questions avec adverbes interrogatifs,پرسش با où/quand/comment/combien/pourquoi,CAT09,SUB23,QUESTION_STRUCTURE,ساخت پرسش,Lesson 33; printed p. 148,Stage1 rule text + Stage2 classification; error frequency not claimed by source,misconception-catalogue-recovered-v1.0.0,CANDIDATE_PREDEPLOY_CONTENT_REVIEW,NOT_YET_OBSERVED__STAGE27_CALIBRATION,e94506c4-6982-59d4-8106-5a707f2e3aa4,OVERGENERALIZATION,تعمیم بیش‌ازحد قاعده,قاعدهٔ هدف «واژهٔ پرسشی می‌تواند در آغاز با وارونگی، با est-ce que، یا در گفتار در پایان بیاید.» را بدون توجه به شرط، نقش یا محدودیت بافتی زیرموضوع «پرسش با où/quand/comment/combien/pourquoi» به همهٔ موارد مشابه تعمیم می‌دهد.,ساخت distractor با اجرای قاعدهٔ عمومی در جایی که شرط دقیق subtopic آن را مجاز نمی‌کند.,اگر کاربر این گزینه را انتخاب کند، احتمالاً قاعده را می‌داند اما دامنهٔ کاربرد آن را بیش از حد گسترده گرفته است.,CORE,
1854197b-634e-4db7-893c-7e9b6bcbf004,33,L’INTERROGATION (2),aee0a450-b0b0-4ced-8544-f51a21cb8258,L33-S01,Questions avec adverbes interrogatifs,پرسش با où/quand/comment/combien/pourquoi,CAT09,SUB23,QUESTION_STRUCTURE,ساخت پرسش,Lesson 33; printed p. 148,Stage1 rule text + Stage2 classification; error frequency not claimed by source,misconception-catalogue-recovered-v1.0.0,CANDIDATE_PREDEPLOY_CONTENT_REVIEW,NOT_YET_OBSERVED__STAGE27_CALIBRATION,219ece52-58c9-5468-bd17-484db6331efe,NEAR_FORM_CONFUSION,اشتباه با فرم/قاعده نزدیک,ساخت پرسشی نزدیک را بدون رعایت نقش واژه پرسشی، inversion یا نوع پاسخ هدف انتخاب می‌کند.,یک فرم واقعی و نزدیک از همان خانواده انتخاب شود؛ فرم باید در context دیگری معتبر باشد ولی اینجا به‌طور قطعی غلط باشد.,انتخاب آن نشان می‌دهد تمایز میان قاعده هدف و همسایهٔ نزدیک هنوز پایدار نشده است.,CORE,
1854197b-634e-4db7-893c-7e9b6bcbf004,33,L’INTERROGATION (2),aee0a450-b0b0-4ced-8544-f51a21cb8258,L33-S01,Questions avec adverbes interrogatifs,پرسش با où/quand/comment/combien/pourquoi,CAT09,SUB23,QUESTION_STRUCTURE,ساخت پرسش,Lesson 33; printed p. 148,Stage1 rule text + Stage2 classification; error frequency not claimed by source,misconception-catalogue-recovered-v1.0.0,CANDIDATE_PREDEPLOY_CONTENT_REVIEW,NOT_YET_OBSERVED__STAGE27_CALIBRATION,1e617942-416c-58a0-b398-351413338963,CONTEXT_ROLE_MISMATCH,انتقال قاعده درست به context نادرست,الگوی پرسشی درست برای نقش/نوع پرسش دیگری را به سؤال فعلی منتقل می‌کند.,distractor از قاعده‌ای ساخته شود که به‌خودی‌خود معتبر است، اما نقش/مرجع/زمان/register این context با آن سازگار نیست.,انتخاب آن نشانهٔ تحلیل ناکافی context یا نقش دستوری است، نه صرفاً ندانستن شکل ظاهری.,CORE,
1854197b-634e-4db7-893c-7e9b6bcbf004,33,L’INTERROGATION (2),ae3ce10c-25f8-49f9-8bf8-8be3b5a5b14c,L33-S02,Inversion avec nom sujet,وارونگی با فاعل اسمی,CAT09,SUB23,QUESTION_STRUCTURE,ساخت پرسش,Lesson 33; printed p. 148,Stage1 rule text + Stage2 classification; error frequency not claimed by source,misconception-catalogue-recovered-v1.0.0,CANDIDATE_PREDEPLOY_CONTENT_REVIEW,NOT_YET_OBSERVED__STAGE27_CALIBRATION,34228a48-7079-52e7-bb85-7521d75cd489,OVERGENERALIZATION,تعمیم بیش‌ازحد قاعده,قاعدهٔ هدف «با فاعل اسمی در وارونگی رسمی، ضمیر یادآور پس از فعل می‌آید.» را بدون توجه به شرط، نقش یا محدودیت بافتی زیرموضوع «وارونگی با فاعل اسمی» به همهٔ موارد مشابه تعمیم می‌دهد.,ساخت distractor با اجرای قاعدهٔ عمومی در جایی که شرط دقیق subtopic آن را مجاز نمی‌کند.,اگر کاربر این گزینه را انتخاب کند، احتمالاً قاعده را می‌داند اما دامنهٔ کاربرد آن را بیش از حد گسترده گرفته است.,CORE,
1854197b-634e-4db7-893c-7e9b6bcbf004,33,L’INTERROGATION (2),ae3ce10c-25f8-49f9-8bf8-8be3b5a5b14c,L33-S02,Inversion avec nom sujet,وارونگی با فاعل اسمی,CAT09,SUB23,QUESTION_STRUCTURE,ساخت پرسش,Lesson 33; printed p. 148,Stage1 rule text + Stage2 classification; error frequency not claimed by source,misconception-catalogue-recovered-v1.0.0,CANDIDATE_PREDEPLOY_CONTENT_REVIEW,NOT_YET_OBSERVED__STAGE27_CALIBRATION,424d9037-2b41-5b02-81ff-e783916225a6,NEAR_FORM_CONFUSION,اشتباه با فرم/قاعده نزدیک,ساخت پرسشی نزدیک را بدون رعایت نقش واژه پرسشی، inversion یا نوع پاسخ هدف انتخاب می‌کند.,یک فرم واقعی و نزدیک از همان خانواده انتخاب شود؛ فرم باید در context دیگری معتبر باشد ولی اینجا به‌طور قطعی غلط باشد.,انتخاب آن نشان می‌دهد تمایز میان قاعده هدف و همسایهٔ نزدیک هنوز پایدار نشده است.,CORE,
1854197b-634e-4db7-893c-7e9b6bcbf004,33,L’INTERROGATION (2),ae3ce10c-25f8-49f9-8bf8-8be3b5a5b14c,L33-S02,Inversion avec nom sujet,وارونگی با فاعل اسمی,CAT09,SUB23,QUESTION_STRUCTURE,ساخت پرسش,Lesson 33; printed p. 148,Stage1 rule text + Stage2 classification; error frequency not claimed by source,misconception-catalogue-recovered-v1.0.0,CANDIDATE_PREDEPLOY_CONTENT_REVIEW,NOT_YET_OBSERVED__STAGE27_CALIBRATION,4e0dcbca-f340-5a28-81fe-5b4503f6a183,CONTEXT_ROLE_MISMATCH,انتقال قاعده درست به context نادرست,الگوی پرسشی درست برای نقش/نوع پرسش دیگری را به سؤال فعلی منتقل می‌کند.,distractor از قاعده‌ای ساخته شود که به‌خودی‌خود معتبر است، اما نقش/مرجع/زمان/register این context با آن سازگار نیست.,انتخاب آن نشانهٔ تحلیل ناکافی context یا نقش دستوری است، نه صرفاً ندانستن شکل ظاهری.,CORE,
1854197b-634e-4db7-893c-7e9b6bcbf004,33,L’INTERROGATION (2),9cb33c27-8605-4ba1-b836-69f02ac59ec9,L33-S03,« qui/que/quoi » interrogatifs,qui/que/quoi پرسشی,CAT09,SUB23,QUESTION_STRUCTURE,ساخت پرسش,Lesson 33; printed p. 148,Stage1 rule text + Stage2 classification; error frequency not claimed by source,misconception-catalogue-recovered-v1.0.0,CANDIDATE_PREDEPLOY_CONTENT_REVIEW,NOT_YET_OBSERVED__STAGE27_CALIBRATION,2eec02b9-fe5f-5c6e-aaf1-1517dc1daad3,OVERGENERALIZATION,تعمیم بیش‌ازحد قاعده,قاعدهٔ هدف «qui برای شخص و que/quoi برای چیز است؛ شکل‌های ویژه نقش فاعل/مفعول را روشن می‌کنند.» را بدون توجه به شرط، نقش یا محدودیت بافتی زیرموضوع «qui/que/quoi پرسشی» به همهٔ موارد مشابه تعمیم می‌دهد.,ساخت distractor با اجرای قاعدهٔ عمومی در جایی که شرط دقیق subtopic آن را مجاز نمی‌کند.,اگر کاربر این گزینه را انتخاب کند، احتمالاً قاعده را می‌داند اما دامنهٔ کاربرد آن را بیش از حد گسترده گرفته است.,CORE,
1854197b-634e-4db7-893c-7e9b6bcbf004,33,L’INTERROGATION (2),9cb33c27-8605-4ba1-b836-69f02ac59ec9,L33-S03,« qui/que/quoi » interrogatifs,qui/que/quoi پرسشی,CAT09,SUB23,QUESTION_STRUCTURE,ساخت پرسش,Lesson 33; printed p. 148,Stage1 rule text + Stage2 classification; error frequency not claimed by source,misconception-catalogue-recovered-v1.0.0,CANDIDATE_PREDEPLOY_CONTENT_REVIEW,NOT_YET_OBSERVED__STAGE27_CALIBRATION,9b5645ec-6a6a-5df6-a20e-49025bb28fcc,NEAR_FORM_CONFUSION,اشتباه با فرم/قاعده نزدیک,ساخت پرسشی نزدیک را بدون رعایت نقش واژه پرسشی، inversion یا نوع پاسخ هدف انتخاب می‌کند.,یک فرم واقعی و نزدیک از همان خانواده انتخاب شود؛ فرم باید در context دیگری معتبر باشد ولی اینجا به‌طور قطعی غلط باشد.,انتخاب آن نشان می‌دهد تمایز میان قاعده هدف و همسایهٔ نزدیک هنوز پایدار نشده است.,CORE,
1854197b-634e-4db7-893c-7e9b6bcbf004,33,L’INTERROGATION (2),9cb33c27-8605-4ba1-b836-69f02ac59ec9,L33-S03,« qui/que/quoi » interrogatifs,qui/que/quoi پرسشی,CAT09,SUB23,QUESTION_STRUCTURE,ساخت پرسش,Lesson 33; printed p. 148,Stage1 rule text + Stage2 classification; error frequency not claimed by source,misconception-catalogue-recovered-v1.0.0,CANDIDATE_PREDEPLOY_CONTENT_REVIEW,NOT_YET_OBSERVED__STAGE27_CALIBRATION,046d49ad-08ca-55ca-9c37-3696fc0a58bf,CONTEXT_ROLE_MISMATCH,انتقال قاعده درست به context نادرست,الگوی پرسشی درست برای نقش/نوع پرسش دیگری را به سؤال فعلی منتقل می‌کند.,distractor از قاعده‌ای ساخته شود که به‌خودی‌خود معتبر است، اما نقش/مرجع/زمان/register این context با آن سازگار نیست.,انتخاب آن نشانهٔ تحلیل ناکافی context یا نقش دستوری است، نه صرفاً ندانستن شکل ظاهری.,CORE,
1854197b-634e-4db7-893c-7e9b6bcbf004,33,L’INTERROGATION (2),29335651-9c2f-4f09-921f-b0f99d6ca577,L33-S04,« quel » interrogatif,quel پرسشی,CAT09,SUB23,QUESTION_STRUCTURE,ساخت پرسش,Lesson 33; printed p. 150,Stage1 rule text + Stage2 classification; error frequency not claimed by source,misconception-catalogue-recovered-v1.0.0,CANDIDATE_PREDEPLOY_CONTENT_REVIEW,NOT_YET_OBSERVED__STAGE27_CALIBRATION,002b1e7a-4f3d-5a37-9081-9e71caf5419f,OVERGENERALIZATION,تعمیم بیش‌ازحد قاعده,قاعدهٔ هدف «quel/quelle/quels/quelles صفت پرسشی است و با اسم توافق می‌کند.» را بدون توجه به شرط، نقش یا محدودیت بافتی زیرموضوع «quel پرسشی» به همهٔ موارد مشابه تعمیم می‌دهد.,ساخت distractor با اجرای قاعدهٔ عمومی در جایی که شرط دقیق subtopic آن را مجاز نمی‌کند.,اگر کاربر این گزینه را انتخاب کند، احتمالاً قاعده را می‌داند اما دامنهٔ کاربرد آن را بیش از حد گسترده گرفته است.,CORE,
1854197b-634e-4db7-893c-7e9b6bcbf004,33,L’INTERROGATION (2),29335651-9c2f-4f09-921f-b0f99d6ca577,L33-S04,« quel » interrogatif,quel پرسشی,CAT09,SUB23,QUESTION_STRUCTURE,ساخت پرسش,Lesson 33; printed p. 150,Stage1 rule text + Stage2 classification; error frequency not claimed by source,misconception-catalogue-recovered-v1.0.0,CANDIDATE_PREDEPLOY_CONTENT_REVIEW,NOT_YET_OBSERVED__STAGE27_CALIBRATION,fa5288a6-3c43-585f-bfd8-4cbf468b3fc2,NEAR_FORM_CONFUSION,اشتباه با فرم/قاعده نزدیک,ساخت پرسشی نزدیک را بدون رعایت نقش واژه پرسشی، inversion یا نوع پاسخ هدف انتخاب می‌کند.,یک فرم واقعی و نزدیک از همان خانواده انتخاب شود؛ فرم باید در context دیگری معتبر باشد ولی اینجا به‌طور قطعی غلط باشد.,انتخاب آن نشان می‌دهد تمایز میان قاعده هدف و همسایهٔ نزدیک هنوز پایدار نشده است.,CORE,
1854197b-634e-4db7-893c-7e9b6bcbf004,33,L’INTERROGATION (2),29335651-9c2f-4f09-921f-b0f99d6ca577,L33-S04,« quel » interrogatif,quel پرسشی,CAT09,SUB23,QUESTION_STRUCTURE,ساخت پرسش,Lesson 33; printed p. 150,Stage1 rule text + Stage2 classification; error frequency not claimed by source,misconception-catalogue-recovered-v1.0.0,CANDIDATE_PREDEPLOY_CONTENT_REVIEW,NOT_YET_OBSERVED__STAGE27_CALIBRATION,5d8a218f-0bc6-5110-8c42-65be87734840,CONTEXT_ROLE_MISMATCH,انتقال قاعده درست به context نادرست,الگوی پرسشی درست برای نقش/نوع پرسش دیگری را به سؤال فعلی منتقل می‌کند.,distractor از قاعده‌ای ساخته شود که به‌خودی‌خود معتبر است، اما نقش/مرجع/زمان/register این context با آن سازگار نیست.,انتخاب آن نشانهٔ تحلیل ناکافی context یا نقش دستوری است، نه صرفاً ندانستن شکل ظاهری.,CORE,
1854197b-634e-4db7-893c-7e9b6bcbf004,33,L’INTERROGATION (2),19a04e08-c4b3-43a6-9660-9e72e1235ae8,L33-S05,« lequel » interrogatif,lequel برای انتخاب,CAT09,SUB23,QUESTION_STRUCTURE,ساخت پرسش,Lesson 33; printed p. 150,Stage1 rule text + Stage2 classification; error frequency not claimed by source,misconception-catalogue-recovered-v1.0.0,CANDIDATE_PREDEPLOY_CONTENT_REVIEW,NOT_YET_OBSERVED__STAGE27_CALIBRATION,68d9fda7-4722-50c1-a904-282e26db7812,OVERGENERALIZATION,تعمیم بیش‌ازحد قاعده,قاعدهٔ هدف «lequel و شکل‌های توافقی برای انتخاب از مجموعهٔ معلوم به‌کار می‌روند.» را بدون توجه به شرط، نقش یا محدودیت بافتی زیرموضوع «lequel برای انتخاب» به همهٔ موارد مشابه تعمیم می‌دهد.,ساخت distractor با اجرای قاعدهٔ عمومی در جایی که شرط دقیق subtopic آن را مجاز نمی‌کند.,اگر کاربر این گزینه را انتخاب کند، احتمالاً قاعده را می‌داند اما دامنهٔ کاربرد آن را بیش از حد گسترده گرفته است.,CORE,
1854197b-634e-4db7-893c-7e9b6bcbf004,33,L’INTERROGATION (2),19a04e08-c4b3-43a6-9660-9e72e1235ae8,L33-S05,« lequel » interrogatif,lequel برای انتخاب,CAT09,SUB23,QUESTION_STRUCTURE,ساخت پرسش,Lesson 33; printed p. 150,Stage1 rule text + Stage2 classification; error frequency not claimed by source,misconception-catalogue-recovered-v1.0.0,CANDIDATE_PREDEPLOY_CONTENT_REVIEW,NOT_YET_OBSERVED__STAGE27_CALIBRATION,5ce7077f-a71b-5911-957e-47f89f3ca65e,NEAR_FORM_CONFUSION,اشتباه با فرم/قاعده نزدیک,ساخت پرسشی نزدیک را بدون رعایت نقش واژه پرسشی، inversion یا نوع پاسخ هدف انتخاب می‌کند.,یک فرم واقعی و نزدیک از همان خانواده انتخاب شود؛ فرم باید در context دیگری معتبر باشد ولی اینجا به‌طور قطعی غلط باشد.,انتخاب آن نشان می‌دهد تمایز میان قاعده هدف و همسایهٔ نزدیک هنوز پایدار نشده است.,CORE,
1854197b-634e-4db7-893c-7e9b6bcbf004,33,L’INTERROGATION (2),19a04e08-c4b3-43a6-9660-9e72e1235ae8,L33-S05,« lequel » interrogatif,lequel برای انتخاب,CAT09,SUB23,QUESTION_STRUCTURE,ساخت پرسش,Lesson 33; printed p. 150,Stage1 rule text + Stage2 classification; error frequency not claimed by source,misconception-catalogue-recovered-v1.0.0,CANDIDATE_PREDEPLOY_CONTENT_REVIEW,NOT_YET_OBSERVED__STAGE27_CALIBRATION,4a5a10d2-bb24-5766-8ba6-95d53ce9a25f,CONTEXT_ROLE_MISMATCH,انتقال قاعده درست به context نادرست,الگوی پرسشی درست برای نقش/نوع پرسش دیگری را به سؤال فعلی منتقل می‌کند.,distractor از قاعده‌ای ساخته شود که به‌خودی‌خود معتبر است، اما نقش/مرجع/زمان/register این context با آن سازگار نیست.,انتخاب آن نشانهٔ تحلیل ناکافی context یا نقش دستوری است، نه صرفاً ندانستن شکل ظاهری.,CORE,
1854197b-634e-4db7-893c-7e9b6bcbf004,33,L’INTERROGATION (2),78f65276-a784-4af3-9b3d-18e522c01690,L33-S06,Exclamation,تعجب,CAT09,SUB23,QUESTION_STRUCTURE,ساخت پرسش,Lesson 33; printed p. 150,Stage1 rule text + Stage2 classification; error frequency not claimed by source,misconception-catalogue-recovered-v1.0.0,CANDIDATE_PREDEPLOY_CONTENT_REVIEW,NOT_YET_OBSERVED__STAGE27_CALIBRATION,e3152c95-50d9-559d-8613-94b6c006f450,OVERGENERALIZATION,تعمیم بیش‌ازحد قاعده,قاعدهٔ هدف «تعجب با جملهٔ خبری، quel…! یا ساخت‌های qu’est-ce que/que/comment ساخته می‌شود.» را بدون توجه به شرط، نقش یا محدودیت بافتی زیرموضوع «تعجب» به همهٔ موارد مشابه تعمیم می‌دهد.,ساخت distractor با اجرای قاعدهٔ عمومی در جایی که شرط دقیق subtopic آن را مجاز نمی‌کند.,اگر کاربر این گزینه را انتخاب کند، احتمالاً قاعده را می‌داند اما دامنهٔ کاربرد آن را بیش از حد گسترده گرفته است.,CORE,
1854197b-634e-4db7-893c-7e9b6bcbf004,33,L’INTERROGATION (2),78f65276-a784-4af3-9b3d-18e522c01690,L33-S06,Exclamation,تعجب,CAT09,SUB23,QUESTION_STRUCTURE,ساخت پرسش,Lesson 33; printed p. 150,Stage1 rule text + Stage2 classification; error frequency not claimed by source,misconception-catalogue-recovered-v1.0.0,CANDIDATE_PREDEPLOY_CONTENT_REVIEW,NOT_YET_OBSERVED__STAGE27_CALIBRATION,24b60c2b-b7f2-5390-b1bf-a57ec18f2e32,NEAR_FORM_CONFUSION,اشتباه با فرم/قاعده نزدیک,ساخت پرسشی نزدیک را بدون رعایت نقش واژه پرسشی، inversion یا نوع پاسخ هدف انتخاب می‌کند.,یک فرم واقعی و نزدیک از همان خانواده انتخاب شود؛ فرم باید در context دیگری معتبر باشد ولی اینجا به‌طور قطعی غلط باشد.,انتخاب آن نشان می‌دهد تمایز میان قاعده هدف و همسایهٔ نزدیک هنوز پایدار نشده است.,CORE,
1854197b-634e-4db7-893c-7e9b6bcbf004,33,L’INTERROGATION (2),78f65276-a784-4af3-9b3d-18e522c01690,L33-S06,Exclamation,تعجب,CAT09,SUB23,QUESTION_STRUCTURE,ساخت پرسش,Lesson 33; printed p. 150,Stage1 rule text + Stage2 classification; error frequency not claimed by source,misconception-catalogue-recovered-v1.0.0,CANDIDATE_PREDEPLOY_CONTENT_REVIEW,NOT_YET_OBSERVED__STAGE27_CALIBRATION,89918b79-18ae-5f55-a22e-fe0dea28c3a8,CONTEXT_ROLE_MISMATCH,انتقال قاعده درست به context نادرست,الگوی پرسشی درست برای نقش/نوع پرسش دیگری را به سؤال فعلی منتقل می‌کند.,distractor از قاعده‌ای ساخته شود که به‌خودی‌خود معتبر است، اما نقش/مرجع/زمان/register این context با آن سازگار نیست.,انتخاب آن نشانهٔ تحلیل ناکافی context یا نقش دستوری است، نه صرفاً ندانستن شکل ظاهری.,CORE,
7a8563ae-ac42-49d2-bddd-42140c4e5245,34,LA NÉGATION (2),e455a32e-fe99-4d67-96bf-1f5c5308cb4e,L34-S01,« ne…jamais »,ne…jamais,CAT09,SUB23,NEGATION_POLARITY,نفی و قطبیت,Lesson 34; printed p. 152,Stage1 rule text + Stage2 classification; error frequency not claimed by source,misconception-catalogue-recovered-v1.0.0,CANDIDATE_PREDEPLOY_CONTENT_REVIEW,NOT_YET_OBSERVED__STAGE27_CALIBRATION,e3c954d6-0ac9-5d6d-905e-80208e5a7167,OVERGENERALIZATION,تعمیم بیش‌ازحد قاعده,قاعدهٔ هدف «ne…jamais معنای «هرگز» می‌دهد و جای pas را می‌گیرد.» را بدون توجه به شرط، نقش یا محدودیت بافتی زیرموضوع «ne…jamais» به همهٔ موارد مشابه تعمیم می‌دهد.,ساخت distractor با اجرای قاعدهٔ عمومی در جایی که شرط دقیق subtopic آن را مجاز نمی‌کند.,اگر کاربر این گزینه را انتخاب کند، احتمالاً قاعده را می‌داند اما دامنهٔ کاربرد آن را بیش از حد گسترده گرفته است.,CORE,
7a8563ae-ac42-49d2-bddd-42140c4e5245,34,LA NÉGATION (2),e455a32e-fe99-4d67-96bf-1f5c5308cb4e,L34-S01,« ne…jamais »,ne…jamais,CAT09,SUB23,NEGATION_POLARITY,نفی و قطبیت,Lesson 34; printed p. 152,Stage1 rule text + Stage2 classification; error frequency not claimed by source,misconception-catalogue-recovered-v1.0.0,CANDIDATE_PREDEPLOY_CONTENT_REVIEW,NOT_YET_OBSERVED__STAGE27_CALIBRATION,e60388b6-7214-5ae1-9385-db431d0cbf52,NEAR_FORM_CONFUSION,اشتباه با فرم/قاعده نزدیک,ساخت نفی نزدیک را با دامنه، واژه منفی یا article نامتناسب جایگزین می‌کند.,یک فرم واقعی و نزدیک از همان خانواده انتخاب شود؛ فرم باید در context دیگری معتبر باشد ولی اینجا به‌طور قطعی غلط باشد.,انتخاب آن نشان می‌دهد تمایز میان قاعده هدف و همسایهٔ نزدیک هنوز پایدار نشده است.,CORE,
7a8563ae-ac42-49d2-bddd-42140c4e5245,34,LA NÉGATION (2),e455a32e-fe99-4d67-96bf-1f5c5308cb4e,L34-S01,« ne…jamais »,ne…jamais,CAT09,SUB23,NEGATION_POLARITY,نفی و قطبیت,Lesson 34; printed p. 152,Stage1 rule text + Stage2 classification; error frequency not claimed by source,misconception-catalogue-recovered-v1.0.0,CANDIDATE_PREDEPLOY_CONTENT_REVIEW,NOT_YET_OBSERVED__STAGE27_CALIBRATION,61c40768-ec4c-5cbd-b1dd-d1a0a3697521,CONTEXT_ROLE_MISMATCH,انتقال قاعده درست به context نادرست,ساخت نفی معتبر در بافت دیگری را بدون توجه به دامنه نفی/کمیت/قطبیت جمله فعلی به‌کار می‌برد.,distractor از قاعده‌ای ساخته شود که به‌خودی‌خود معتبر است، اما نقش/مرجع/زمان/register این context با آن سازگار نیست.,انتخاب آن نشانهٔ تحلیل ناکافی context یا نقش دستوری است، نه صرفاً ندانستن شکل ظاهری.,CORE,
7a8563ae-ac42-49d2-bddd-42140c4e5245,34,LA NÉGATION (2),fd81d40b-3969-4ca2-a548-0803e59f5e31,L34-S02,« ne…plus »,ne…plus,CAT09,SUB23,NEGATION_POLARITY,نفی و قطبیت,Lesson 34; printed p. 152,Stage1 rule text + Stage2 classification; error frequency not claimed by source,misconception-catalogue-recovered-v1.0.0,CANDIDATE_PREDEPLOY_CONTENT_REVIEW,NOT_YET_OBSERVED__STAGE27_CALIBRATION,6750e9ef-7b7e-52c1-a4de-55b65d416968,OVERGENERALIZATION,تعمیم بیش‌ازحد قاعده,قاعدهٔ هدف «ne…plus پایان یک وضعیت/عمل سابق را بیان می‌کند.» را بدون توجه به شرط، نقش یا محدودیت بافتی زیرموضوع «ne…plus» به همهٔ موارد مشابه تعمیم می‌دهد.,ساخت distractor با اجرای قاعدهٔ عمومی در جایی که شرط دقیق subtopic آن را مجاز نمی‌کند.,اگر کاربر این گزینه را انتخاب کند، احتمالاً قاعده را می‌داند اما دامنهٔ کاربرد آن را بیش از حد گسترده گرفته است.,CORE,
7a8563ae-ac42-49d2-bddd-42140c4e5245,34,LA NÉGATION (2),fd81d40b-3969-4ca2-a548-0803e59f5e31,L34-S02,« ne…plus »,ne…plus,CAT09,SUB23,NEGATION_POLARITY,نفی و قطبیت,Lesson 34; printed p. 152,Stage1 rule text + Stage2 classification; error frequency not claimed by source,misconception-catalogue-recovered-v1.0.0,CANDIDATE_PREDEPLOY_CONTENT_REVIEW,NOT_YET_OBSERVED__STAGE27_CALIBRATION,5a76d19e-1cd8-5317-8ae3-7cd1fa5e6503,NEAR_FORM_CONFUSION,اشتباه با فرم/قاعده نزدیک,ساخت نفی نزدیک را با دامنه، واژه منفی یا article نامتناسب جایگزین می‌کند.,یک فرم واقعی و نزدیک از همان خانواده انتخاب شود؛ فرم باید در context دیگری معتبر باشد ولی اینجا به‌طور قطعی غلط باشد.,انتخاب آن نشان می‌دهد تمایز میان قاعده هدف و همسایهٔ نزدیک هنوز پایدار نشده است.,CORE,
7a8563ae-ac42-49d2-bddd-42140c4e5245,34,LA NÉGATION (2),fd81d40b-3969-4ca2-a548-0803e59f5e31,L34-S02,« ne…plus »,ne…plus,CAT09,SUB23,NEGATION_POLARITY,نفی و قطبیت,Lesson 34; printed p. 152,Stage1 rule text + Stage2 classification; error frequency not claimed by source,misconception-catalogue-recovered-v1.0.0,CANDIDATE_PREDEPLOY_CONTENT_REVIEW,NOT_YET_OBSERVED__STAGE27_CALIBRATION,1efccedb-6318-53af-bacd-351759ccdc21,CONTEXT_ROLE_MISMATCH,انتقال قاعده درست به context نادرست,ساخت نفی معتبر در بافت دیگری را بدون توجه به دامنه نفی/کمیت/قطبیت جمله فعلی به‌کار می‌برد.,distractor از قاعده‌ای ساخته شود که به‌خودی‌خود معتبر است، اما نقش/مرجع/زمان/register این context با آن سازگار نیست.,انتخاب آن نشانهٔ تحلیل ناکافی context یا نقش دستوری است، نه صرفاً ندانستن شکل ظاهری.,CORE,
7a8563ae-ac42-49d2-bddd-42140c4e5245,34,LA NÉGATION (2),0ac93544-d992-4937-82d8-4dc32b27291e,L34-S03,« ne…pas encore » vs « ne…plus »,pas encore در برابر plus,CAT09,SUB23,NEGATION_POLARITY,نفی و قطبیت,Lesson 34; printed p. 152,Stage1 rule text + Stage2 classification; error frequency not claimed by source,misconception-catalogue-recovered-v1.0.0,CANDIDATE_PREDEPLOY_CONTENT_REVIEW,NOT_YET_OBSERVED__STAGE27_CALIBRATION,818e3562-45ce-5623-afeb-dc70f6fa3fec,OVERGENERALIZATION,تعمیم بیش‌ازحد قاعده,قاعدهٔ هدف «pas encore یعنی هنوز رخ نداده اما ممکن است؛ plus یعنی دیگر ادامه ندارد.» را بدون توجه به شرط، نقش یا محدودیت بافتی زیرموضوع «pas encore در برابر plus» به همهٔ موارد مشابه تعمیم می‌دهد.,ساخت distractor با اجرای قاعدهٔ عمومی در جایی که شرط دقیق subtopic آن را مجاز نمی‌کند.,اگر کاربر این گزینه را انتخاب کند، احتمالاً قاعده را می‌داند اما دامنهٔ کاربرد آن را بیش از حد گسترده گرفته است.,CORE,
7a8563ae-ac42-49d2-bddd-42140c4e5245,34,LA NÉGATION (2),0ac93544-d992-4937-82d8-4dc32b27291e,L34-S03,« ne…pas encore » vs « ne…plus »,pas encore در برابر plus,CAT09,SUB23,NEGATION_POLARITY,نفی و قطبیت,Lesson 34; printed p. 152,Stage1 rule text + Stage2 classification; error frequency not claimed by source,misconception-catalogue-recovered-v1.0.0,CANDIDATE_PREDEPLOY_CONTENT_REVIEW,NOT_YET_OBSERVED__STAGE27_CALIBRATION,2bf974a2-6564-5ff0-98c0-65c59361ad89,NEAR_FORM_CONFUSION,اشتباه با فرم/قاعده نزدیک,ساخت نفی نزدیک را با دامنه، واژه منفی یا article نامتناسب جایگزین می‌کند.,یک فرم واقعی و نزدیک از همان خانواده انتخاب شود؛ فرم باید در context دیگری معتبر باشد ولی اینجا به‌طور قطعی غلط باشد.,انتخاب آن نشان می‌دهد تمایز میان قاعده هدف و همسایهٔ نزدیک هنوز پایدار نشده است.,CORE,
7a8563ae-ac42-49d2-bddd-42140c4e5245,34,LA NÉGATION (2),0ac93544-d992-4937-82d8-4dc32b27291e,L34-S03,« ne…pas encore » vs « ne…plus »,pas encore در برابر plus,CAT09,SUB23,NEGATION_POLARITY,نفی و قطبیت,Lesson 34; printed p. 152,Stage1 rule text + Stage2 classification; error frequency not claimed by source,misconception-catalogue-recovered-v1.0.0,CANDIDATE_PREDEPLOY_CONTENT_REVIEW,NOT_YET_OBSERVED__STAGE27_CALIBRATION,cbfbfb22-8e97-5c3e-9159-8f49242ed173,CONTEXT_ROLE_MISMATCH,انتقال قاعده درست به context نادرست,ساخت نفی معتبر در بافت دیگری را بدون توجه به دامنه نفی/کمیت/قطبیت جمله فعلی به‌کار می‌برد.,distractor از قاعده‌ای ساخته شود که به‌خودی‌خود معتبر است، اما نقش/مرجع/زمان/register این context با آن سازگار نیست.,انتخاب آن نشانهٔ تحلیل ناکافی context یا نقش دستوری است، نه صرفاً ندانستن شکل ظاهری.,CORE,
7a8563ae-ac42-49d2-bddd-42140c4e5245,34,LA NÉGATION (2),fb8af66c-d6c0-4699-a84b-053a773ca1d7,L34-S04,« ne…aucun / rien / personne »,نفی با aucun/rien/personne,CAT09,SUB23,NEGATION_POLARITY,نفی و قطبیت,Lesson 34; printed p. 152,Stage1 rule text + Stage2 classification; error frequency not claimed by source,misconception-catalogue-recovered-v1.0.0,CANDIDATE_PREDEPLOY_CONTENT_REVIEW,NOT_YET_OBSERVED__STAGE27_CALIBRATION,3737fc11-6c60-587e-81d7-07d04790934d,OVERGENERALIZATION,تعمیم بیش‌ازحد قاعده,قاعدهٔ هدف «این عناصر جای pas را می‌گیرند و نقش نحوی متفاوت دارند.» را بدون توجه به شرط، نقش یا محدودیت بافتی زیرموضوع «نفی با aucun/rien/personne» به همهٔ موارد مشابه تعمیم می‌دهد.,ساخت distractor با اجرای قاعدهٔ عمومی در جایی که شرط دقیق subtopic آن را مجاز نمی‌کند.,اگر کاربر این گزینه را انتخاب کند، احتمالاً قاعده را می‌داند اما دامنهٔ کاربرد آن را بیش از حد گسترده گرفته است.,CORE,
7a8563ae-ac42-49d2-bddd-42140c4e5245,34,LA NÉGATION (2),fb8af66c-d6c0-4699-a84b-053a773ca1d7,L34-S04,« ne…aucun / rien / personne »,نفی با aucun/rien/personne,CAT09,SUB23,NEGATION_POLARITY,نفی و قطبیت,Lesson 34; printed p. 152,Stage1 rule text + Stage2 classification; error frequency not claimed by source,misconception-catalogue-recovered-v1.0.0,CANDIDATE_PREDEPLOY_CONTENT_REVIEW,NOT_YET_OBSERVED__STAGE27_CALIBRATION,9fc44b17-2f0b-520c-874c-9f8ba1f62591,NEAR_FORM_CONFUSION,اشتباه با فرم/قاعده نزدیک,ساخت نفی نزدیک را با دامنه، واژه منفی یا article نامتناسب جایگزین می‌کند.,یک فرم واقعی و نزدیک از همان خانواده انتخاب شود؛ فرم باید در context دیگری معتبر باشد ولی اینجا به‌طور قطعی غلط باشد.,انتخاب آن نشان می‌دهد تمایز میان قاعده هدف و همسایهٔ نزدیک هنوز پایدار نشده است.,CORE,
7a8563ae-ac42-49d2-bddd-42140c4e5245,34,LA NÉGATION (2),fb8af66c-d6c0-4699-a84b-053a773ca1d7,L34-S04,« ne…aucun / rien / personne »,نفی با aucun/rien/personne,CAT09,SUB23,NEGATION_POLARITY,نفی و قطبیت,Lesson 34; printed p. 152,Stage1 rule text + Stage2 classification; error frequency not claimed by source,misconception-catalogue-recovered-v1.0.0,CANDIDATE_PREDEPLOY_CONTENT_REVIEW,NOT_YET_OBSERVED__STAGE27_CALIBRATION,724a0831-d87f-5ab7-91a1-e2c5e5bc4c76,CONTEXT_ROLE_MISMATCH,انتقال قاعده درست به context نادرست,ساخت نفی معتبر در بافت دیگری را بدون توجه به دامنه نفی/کمیت/قطبیت جمله فعلی به‌کار می‌برد.,distractor از قاعده‌ای ساخته شود که به‌خودی‌خود معتبر است، اما نقش/مرجع/زمان/register این context با آن سازگار نیست.,انتخاب آن نشانهٔ تحلیل ناکافی context یا نقش دستوری است، نه صرفاً ندانستن شکل ظاهری.,CORE,
7a8563ae-ac42-49d2-bddd-42140c4e5245,34,LA NÉGATION (2),a6e52838-3c03-4128-95fa-b6a1dbfb0711,L34-S05,Cumul de négations,ترکیب نفی‌ها,CAT09,SUB23,NEGATION_POLARITY,نفی و قطبیت,Lesson 34; printed p. 152,Stage1 rule text + Stage2 classification; error frequency not claimed by source,misconception-catalogue-recovered-v1.0.0,CANDIDATE_PREDEPLOY_CONTENT_REVIEW,NOT_YET_OBSERVED__STAGE27_CALIBRATION,330413e0-3fb5-5919-ad6a-84aa90b650c5,OVERGENERALIZATION,تعمیم بیش‌ازحد قاعده,قاعدهٔ هدف «چند عنصر منفی می‌توانند برای معنای ترکیبی در یک جمله بیایند.» را بدون توجه به شرط، نقش یا محدودیت بافتی زیرموضوع «ترکیب نفی‌ها» به همهٔ موارد مشابه تعمیم می‌دهد.,ساخت distractor با اجرای قاعدهٔ عمومی در جایی که شرط دقیق subtopic آن را مجاز نمی‌کند.,اگر کاربر این گزینه را انتخاب کند، احتمالاً قاعده را می‌داند اما دامنهٔ کاربرد آن را بیش از حد گسترده گرفته است.,CORE,
7a8563ae-ac42-49d2-bddd-42140c4e5245,34,LA NÉGATION (2),a6e52838-3c03-4128-95fa-b6a1dbfb0711,L34-S05,Cumul de négations,ترکیب نفی‌ها,CAT09,SUB23,NEGATION_POLARITY,نفی و قطبیت,Lesson 34; printed p. 152,Stage1 rule text + Stage2 classification; error frequency not claimed by source,misconception-catalogue-recovered-v1.0.0,CANDIDATE_PREDEPLOY_CONTENT_REVIEW,NOT_YET_OBSERVED__STAGE27_CALIBRATION,b3cb6ef2-c613-5c7e-99ad-4114258587b3,NEAR_FORM_CONFUSION,اشتباه با فرم/قاعده نزدیک,ساخت نفی نزدیک را با دامنه، واژه منفی یا article نامتناسب جایگزین می‌کند.,یک فرم واقعی و نزدیک از همان خانواده انتخاب شود؛ فرم باید در context دیگری معتبر باشد ولی اینجا به‌طور قطعی غلط باشد.,انتخاب آن نشان می‌دهد تمایز میان قاعده هدف و همسایهٔ نزدیک هنوز پایدار نشده است.,CORE,
7a8563ae-ac42-49d2-bddd-42140c4e5245,34,LA NÉGATION (2),a6e52838-3c03-4128-95fa-b6a1dbfb0711,L34-S05,Cumul de négations,ترکیب نفی‌ها,CAT09,SUB23,NEGATION_POLARITY,نفی و قطبیت,Lesson 34; printed p. 152,Stage1 rule text + Stage2 classification; error frequency not claimed by source,misconception-catalogue-recovered-v1.0.0,CANDIDATE_PREDEPLOY_CONTENT_REVIEW,NOT_YET_OBSERVED__STAGE27_CALIBRATION,7fbb64d8-8c58-5160-928a-cb358763218e,CONTEXT_ROLE_MISMATCH,انتقال قاعده درست به context نادرست,ساخت نفی معتبر در بافت دیگری را بدون توجه به دامنه نفی/کمیت/قطبیت جمله فعلی به‌کار می‌برد.,distractor از قاعده‌ای ساخته شود که به‌خودی‌خود معتبر است، اما نقش/مرجع/زمان/register این context با آن سازگار نیست.,انتخاب آن نشانهٔ تحلیل ناکافی context یا نقش دستوری است، نه صرفاً ندانستن شکل ظاهری.,CORE,
7a8563ae-ac42-49d2-bddd-42140c4e5245,34,LA NÉGATION (2),62d36973-25a1-49ea-97cb-644189231f79,L34-S06,« ni…ni »,ni…ni,CAT09,SUB23,NEGATION_POLARITY,نفی و قطبیت,Lesson 34; printed p. 154,Stage1 rule text + Stage2 classification; error frequency not claimed by source,misconception-catalogue-recovered-v1.0.0,CANDIDATE_PREDEPLOY_CONTENT_REVIEW,NOT_YET_OBSERVED__STAGE27_CALIBRATION,ee789307-abf3-5fce-aa68-ad933f5c9cf8,OVERGENERALIZATION,تعمیم بیش‌ازحد قاعده,قاعدهٔ هدف «ni…ni دو یا چند عنصر هم‌پایه را نفی می‌کند.» را بدون توجه به شرط، نقش یا محدودیت بافتی زیرموضوع «ni…ni» به همهٔ موارد مشابه تعمیم می‌دهد.,ساخت distractor با اجرای قاعدهٔ عمومی در جایی که شرط دقیق subtopic آن را مجاز نمی‌کند.,اگر کاربر این گزینه را انتخاب کند، احتمالاً قاعده را می‌داند اما دامنهٔ کاربرد آن را بیش از حد گسترده گرفته است.,CORE,
7a8563ae-ac42-49d2-bddd-42140c4e5245,34,LA NÉGATION (2),62d36973-25a1-49ea-97cb-644189231f79,L34-S06,« ni…ni »,ni…ni,CAT09,SUB23,NEGATION_POLARITY,نفی و قطبیت,Lesson 34; printed p. 154,Stage1 rule text + Stage2 classification; error frequency not claimed by source,misconception-catalogue-recovered-v1.0.0,CANDIDATE_PREDEPLOY_CONTENT_REVIEW,NOT_YET_OBSERVED__STAGE27_CALIBRATION,065038c1-095c-5556-93cd-0ceca7e54c1d,NEAR_FORM_CONFUSION,اشتباه با فرم/قاعده نزدیک,ساخت نفی نزدیک را با دامنه، واژه منفی یا article نامتناسب جایگزین می‌کند.,یک فرم واقعی و نزدیک از همان خانواده انتخاب شود؛ فرم باید در context دیگری معتبر باشد ولی اینجا به‌طور قطعی غلط باشد.,انتخاب آن نشان می‌دهد تمایز میان قاعده هدف و همسایهٔ نزدیک هنوز پایدار نشده است.,CORE,
7a8563ae-ac42-49d2-bddd-42140c4e5245,34,LA NÉGATION (2),62d36973-25a1-49ea-97cb-644189231f79,L34-S06,« ni…ni »,ni…ni,CAT09,SUB23,NEGATION_POLARITY,نفی و قطبیت,Lesson 34; printed p. 154,Stage1 rule text + Stage2 classification; error frequency not claimed by source,misconception-catalogue-recovered-v1.0.0,CANDIDATE_PREDEPLOY_CONTENT_REVIEW,NOT_YET_OBSERVED__STAGE27_CALIBRATION,627416d0-fdc0-5992-b6ea-f914a9c309e7,CONTEXT_ROLE_MISMATCH,انتقال قاعده درست به context نادرست,ساخت نفی معتبر در بافت دیگری را بدون توجه به دامنه نفی/کمیت/قطبیت جمله فعلی به‌کار می‌برد.,distractor از قاعده‌ای ساخته شود که به‌خودی‌خود معتبر است، اما نقش/مرجع/زمان/register این context با آن سازگار نیست.,انتخاب آن نشانهٔ تحلیل ناکافی context یا نقش دستوری است، نه صرفاً ندانستن شکل ظاهری.,CORE,
7a8563ae-ac42-49d2-bddd-42140c4e5245,34,LA NÉGATION (2),939e0099-83c7-456b-ab87-23ce6d5111a5,L34-S07,« sans » négatif,sans منفی,CAT09,SUB23,NEGATION_POLARITY,نفی و قطبیت,Lesson 34; printed p. 154,Stage1 rule text + Stage2 classification; error frequency not claimed by source,misconception-catalogue-recovered-v1.0.0,CANDIDATE_PREDEPLOY_CONTENT_REVIEW,NOT_YET_OBSERVED__STAGE27_CALIBRATION,b324688a-c3e4-530d-a138-b755c26a6c60,OVERGENERALIZATION,تعمیم بیش‌ازحد قاعده,قاعدهٔ هدف «sans نبودن همراهی/وجود را بیان می‌کند.» را بدون توجه به شرط، نقش یا محدودیت بافتی زیرموضوع «sans منفی» به همهٔ موارد مشابه تعمیم می‌دهد.,ساخت distractor با اجرای قاعدهٔ عمومی در جایی که شرط دقیق subtopic آن را مجاز نمی‌کند.,اگر کاربر این گزینه را انتخاب کند، احتمالاً قاعده را می‌داند اما دامنهٔ کاربرد آن را بیش از حد گسترده گرفته است.,CORE,
7a8563ae-ac42-49d2-bddd-42140c4e5245,34,LA NÉGATION (2),939e0099-83c7-456b-ab87-23ce6d5111a5,L34-S07,« sans » négatif,sans منفی,CAT09,SUB23,NEGATION_POLARITY,نفی و قطبیت,Lesson 34; printed p. 154,Stage1 rule text + Stage2 classification; error frequency not claimed by source,misconception-catalogue-recovered-v1.0.0,CANDIDATE_PREDEPLOY_CONTENT_REVIEW,NOT_YET_OBSERVED__STAGE27_CALIBRATION,aa38bb2f-667b-5b01-8d18-675a2f777bbe,NEAR_FORM_CONFUSION,اشتباه با فرم/قاعده نزدیک,ساخت نفی نزدیک را با دامنه، واژه منفی یا article نامتناسب جایگزین می‌کند.,یک فرم واقعی و نزدیک از همان خانواده انتخاب شود؛ فرم باید در context دیگری معتبر باشد ولی اینجا به‌طور قطعی غلط باشد.,انتخاب آن نشان می‌دهد تمایز میان قاعده هدف و همسایهٔ نزدیک هنوز پایدار نشده است.,CORE,
7a8563ae-ac42-49d2-bddd-42140c4e5245,34,LA NÉGATION (2),939e0099-83c7-456b-ab87-23ce6d5111a5,L34-S07,« sans » négatif,sans منفی,CAT09,SUB23,NEGATION_POLARITY,نفی و قطبیت,Lesson 34; printed p. 154,Stage1 rule text + Stage2 classification; error frequency not claimed by source,misconception-catalogue-recovered-v1.0.0,CANDIDATE_PREDEPLOY_CONTENT_REVIEW,NOT_YET_OBSERVED__STAGE27_CALIBRATION,1e4f80c9-c784-531d-beff-0fc9f78a4e45,CONTEXT_ROLE_MISMATCH,انتقال قاعده درست به context نادرست,ساخت نفی معتبر در بافت دیگری را بدون توجه به دامنه نفی/کمیت/قطبیت جمله فعلی به‌کار می‌برد.,distractor از قاعده‌ای ساخته شود که به‌خودی‌خود معتبر است، اما نقش/مرجع/زمان/register این context با آن سازگار نیست.,انتخاب آن نشانهٔ تحلیل ناکافی context یا نقش دستوری است، نه صرفاً ندانستن شکل ظاهری.,CORE,
7a8563ae-ac42-49d2-bddd-42140c4e5245,34,LA NÉGATION (2),36587b21-434a-4445-bb18-371ac2e74015,L34-S08,« ne…que » restriction,ne…que محدودکننده,CAT09,SUB23,NEGATION_POLARITY,نفی و قطبیت,Lesson 34; printed p. 154,Stage1 rule text + Stage2 classification; error frequency not claimed by source,misconception-catalogue-recovered-v1.0.0,CANDIDATE_PREDEPLOY_CONTENT_REVIEW,NOT_YET_OBSERVED__STAGE27_CALIBRATION,deebbe09-2303-5915-9d8a-f6912eaf4eaf,OVERGENERALIZATION,تعمیم بیش‌ازحد قاعده,قاعدهٔ هدف «ne…que نفی واقعی نیست و معنی «فقط» می‌دهد.» را بدون توجه به شرط، نقش یا محدودیت بافتی زیرموضوع «ne…que محدودکننده» به همهٔ موارد مشابه تعمیم می‌دهد.,ساخت distractor با اجرای قاعدهٔ عمومی در جایی که شرط دقیق subtopic آن را مجاز نمی‌کند.,اگر کاربر این گزینه را انتخاب کند، احتمالاً قاعده را می‌داند اما دامنهٔ کاربرد آن را بیش از حد گسترده گرفته است.,CORE,در تبلیغات/گفتار ممکن است que بدون ne دیده شود.
7a8563ae-ac42-49d2-bddd-42140c4e5245,34,LA NÉGATION (2),36587b21-434a-4445-bb18-371ac2e74015,L34-S08,« ne…que » restriction,ne…que محدودکننده,CAT09,SUB23,NEGATION_POLARITY,نفی و قطبیت,Lesson 34; printed p. 154,Stage1 rule text + Stage2 classification; error frequency not claimed by source,misconception-catalogue-recovered-v1.0.0,CANDIDATE_PREDEPLOY_CONTENT_REVIEW,NOT_YET_OBSERVED__STAGE27_CALIBRATION,fe134a42-9711-5922-99ad-facbc15294e3,NEAR_FORM_CONFUSION,اشتباه با فرم/قاعده نزدیک,ساخت نفی نزدیک را با دامنه، واژه منفی یا article نامتناسب جایگزین می‌کند.,یک فرم واقعی و نزدیک از همان خانواده انتخاب شود؛ فرم باید در context دیگری معتبر باشد ولی اینجا به‌طور قطعی غلط باشد.,انتخاب آن نشان می‌دهد تمایز میان قاعده هدف و همسایهٔ نزدیک هنوز پایدار نشده است.,CORE,در تبلیغات/گفتار ممکن است que بدون ne دیده شود.
7a8563ae-ac42-49d2-bddd-42140c4e5245,34,LA NÉGATION (2),36587b21-434a-4445-bb18-371ac2e74015,L34-S08,« ne…que » restriction,ne…que محدودکننده,CAT09,SUB23,NEGATION_POLARITY,نفی و قطبیت,Lesson 34; printed p. 154,Stage1 rule text + Stage2 classification; error frequency not claimed by source,misconception-catalogue-recovered-v1.0.0,CANDIDATE_PREDEPLOY_CONTENT_REVIEW,NOT_YET_OBSERVED__STAGE27_CALIBRATION,088845f9-b048-532b-af6c-7834257a2217,CONTEXT_ROLE_MISMATCH,انتقال قاعده درست به context نادرست,ساخت نفی معتبر در بافت دیگری را بدون توجه به دامنه نفی/کمیت/قطبیت جمله فعلی به‌کار می‌برد.,distractor از قاعده‌ای ساخته شود که به‌خودی‌خود معتبر است، اما نقش/مرجع/زمان/register این context با آن سازگار نیست.,انتخاب آن نشانهٔ تحلیل ناکافی context یا نقش دستوری است، نه صرفاً ندانستن شکل ظاهری.,CORE,در تبلیغات/گفتار ممکن است que بدون ne دیده شود.
7a8563ae-ac42-49d2-bddd-42140c4e5245,34,LA NÉGATION (2),36587b21-434a-4445-bb18-371ac2e74015,L34-S08,« ne…que » restriction,ne…que محدودکننده,CAT09,SUB23,NEGATION_POLARITY,نفی و قطبیت,Lesson 34; printed p. 154,Stage1 rule text + Stage2 classification; error frequency not claimed by source,misconception-catalogue-recovered-v1.0.0,CANDIDATE_PREDEPLOY_CONTENT_REVIEW,NOT_YET_OBSERVED__STAGE27_CALIBRATION,f3b73969-6042-5b2c-bc40-06e5bdbfaf0c,EXCEPTION_NEGLECT,نادیده‌گرفتن استثنا/محدودیت صریح,قاعدهٔ عمومی زیرموضوع «ne…que محدودکننده» را اعمال می‌کند اما نکته/استثنای صریح ثبت‌شده را نادیده می‌گیرد: در تبلیغات/گفتار ممکن است que بدون ne دیده شود.,گزینه از خروجی قاعدهٔ عمومی ساخته شود؛ تنها تفاوت باید همان استثنا/محدودیت ثبت‌شده باشد.,انتخاب آن به‌طور مستقیم نشان می‌دهد قاعده عمومی بازیابی شده ولی استثنای کتاب تثبیت نشده است.,HIGH_EXCEPTION,در تبلیغات/گفتار ممکن است que بدون ne دیده شود.
83287154-f6ce-4595-a2b2-17537cb9908d,35,LE DISCOURS INDIRECT au PRÉSENT,9a25432c-0e8e-4e19-9fc6-df3263efd17c,L35-S01,Discours indirect: affirmation,نقل غیرمستقیم گزاره,CAT10,SUB25,REPORTED_SPEECH,گفتار غیرمستقیم,Lesson 35; printed p. 156,Stage1 rule text + Stage2 classification; error frequency not claimed by source,misconception-catalogue-recovered-v1.0.0,CANDIDATE_PREDEPLOY_CONTENT_REVIEW,NOT_YET_OBSERVED__STAGE27_CALIBRATION,33c7d7f7-2e14-5404-9931-cad8690ca41c,OVERGENERALIZATION,تعمیم بیش‌ازحد قاعده,قاعدهٔ هدف «برای گزارش گزاره در زمان حال، que جملهٔ وابسته را معرفی می‌کند.» را بدون توجه به شرط، نقش یا محدودیت بافتی زیرموضوع «نقل غیرمستقیم گزاره» به همهٔ موارد مشابه تعمیم می‌دهد.,ساخت distractor با اجرای قاعدهٔ عمومی در جایی که شرط دقیق subtopic آن را مجاز نمی‌کند.,اگر کاربر این گزینه را انتخاب کند، احتمالاً قاعده را می‌داند اما دامنهٔ کاربرد آن را بیش از حد گسترده گرفته است.,CORE,
83287154-f6ce-4595-a2b2-17537cb9908d,35,LE DISCOURS INDIRECT au PRÉSENT,9a25432c-0e8e-4e19-9fc6-df3263efd17c,L35-S01,Discours indirect: affirmation,نقل غیرمستقیم گزاره,CAT10,SUB25,REPORTED_SPEECH,گفتار غیرمستقیم,Lesson 35; printed p. 156,Stage1 rule text + Stage2 classification; error frequency not claimed by source,misconception-catalogue-recovered-v1.0.0,CANDIDATE_PREDEPLOY_CONTENT_REVIEW,NOT_YET_OBSERVED__STAGE27_CALIBRATION,b49dedda-3d99-58c2-a394-646fdbb16464,NEAR_FORM_CONFUSION,اشتباه با فرم/قاعده نزدیک,ساخت نقل قول/گفتار غیرمستقیم نزدیک را با تغییر نادرست زمان، ضمیر یا واژه پرسشی انتخاب می‌کند.,یک فرم واقعی و نزدیک از همان خانواده انتخاب شود؛ فرم باید در context دیگری معتبر باشد ولی اینجا به‌طور قطعی غلط باشد.,انتخاب آن نشان می‌دهد تمایز میان قاعده هدف و همسایهٔ نزدیک هنوز پایدار نشده است.,CORE,
83287154-f6ce-4595-a2b2-17537cb9908d,35,LE DISCOURS INDIRECT au PRÉSENT,9a25432c-0e8e-4e19-9fc6-df3263efd17c,L35-S01,Discours indirect: affirmation,نقل غیرمستقیم گزاره,CAT10,SUB25,REPORTED_SPEECH,گفتار غیرمستقیم,Lesson 35; printed p. 156,Stage1 rule text + Stage2 classification; error frequency not claimed by source,misconception-catalogue-recovered-v1.0.0,CANDIDATE_PREDEPLOY_CONTENT_REVIEW,NOT_YET_OBSERVED__STAGE27_CALIBRATION,f88b0701-7137-5123-97a0-4c351dd6969f,CONTEXT_ROLE_MISMATCH,انتقال قاعده درست به context نادرست,قاعده نقل غیرمستقیم معتبر را بدون توجه به زمان فعل گزارشگر یا نوع جمله اصلی اعمال می‌کند.,distractor از قاعده‌ای ساخته شود که به‌خودی‌خود معتبر است، اما نقش/مرجع/زمان/register این context با آن سازگار نیست.,انتخاب آن نشانهٔ تحلیل ناکافی context یا نقش دستوری است، نه صرفاً ندانستن شکل ظاهری.,CORE,
83287154-f6ce-4595-a2b2-17537cb9908d,35,LE DISCOURS INDIRECT au PRÉSENT,57e3f3eb-4af9-44c5-b5d7-8bb770e66fb1,L35-S02,Discours indirect: question oui/non,نقل پرسش بله/خیر,CAT10,SUB25,REPORTED_SPEECH,گفتار غیرمستقیم,Lesson 35; printed p. 156,Stage1 rule text + Stage2 classification; error frequency not claimed by source,misconception-catalogue-recovered-v1.0.0,CANDIDATE_PREDEPLOY_CONTENT_REVIEW,NOT_YET_OBSERVED__STAGE27_CALIBRATION,79b55880-016f-5e51-b53a-8be68bf93802,OVERGENERALIZATION,تعمیم بیش‌ازحد قاعده,قاعدهٔ هدف «پرسش بله/خیر در نقل غیرمستقیم با si معرفی می‌شود.» را بدون توجه به شرط، نقش یا محدودیت بافتی زیرموضوع «نقل پرسش بله/خیر» به همهٔ موارد مشابه تعمیم می‌دهد.,ساخت distractor با اجرای قاعدهٔ عمومی در جایی که شرط دقیق subtopic آن را مجاز نمی‌کند.,اگر کاربر این گزینه را انتخاب کند، احتمالاً قاعده را می‌داند اما دامنهٔ کاربرد آن را بیش از حد گسترده گرفته است.,CORE,
83287154-f6ce-4595-a2b2-17537cb9908d,35,LE DISCOURS INDIRECT au PRÉSENT,57e3f3eb-4af9-44c5-b5d7-8bb770e66fb1,L35-S02,Discours indirect: question oui/non,نقل پرسش بله/خیر,CAT10,SUB25,REPORTED_SPEECH,گفتار غیرمستقیم,Lesson 35; printed p. 156,Stage1 rule text + Stage2 classification; error frequency not claimed by source,misconception-catalogue-recovered-v1.0.0,CANDIDATE_PREDEPLOY_CONTENT_REVIEW,NOT_YET_OBSERVED__STAGE27_CALIBRATION,4691135c-2092-59aa-96f8-a5382b3642f3,NEAR_FORM_CONFUSION,اشتباه با فرم/قاعده نزدیک,ساخت نقل قول/گفتار غیرمستقیم نزدیک را با تغییر نادرست زمان، ضمیر یا واژه پرسشی انتخاب می‌کند.,یک فرم واقعی و نزدیک از همان خانواده انتخاب شود؛ فرم باید در context دیگری معتبر باشد ولی اینجا به‌طور قطعی غلط باشد.,انتخاب آن نشان می‌دهد تمایز میان قاعده هدف و همسایهٔ نزدیک هنوز پایدار نشده است.,CORE,
83287154-f6ce-4595-a2b2-17537cb9908d,35,LE DISCOURS INDIRECT au PRÉSENT,57e3f3eb-4af9-44c5-b5d7-8bb770e66fb1,L35-S02,Discours indirect: question oui/non,نقل پرسش بله/خیر,CAT10,SUB25,REPORTED_SPEECH,گفتار غیرمستقیم,Lesson 35; printed p. 156,Stage1 rule text + Stage2 classification; error frequency not claimed by source,misconception-catalogue-recovered-v1.0.0,CANDIDATE_PREDEPLOY_CONTENT_REVIEW,NOT_YET_OBSERVED__STAGE27_CALIBRATION,a32f9c08-af4e-5b2c-a1bc-12d1929a8810,CONTEXT_ROLE_MISMATCH,انتقال قاعده درست به context نادرست,قاعده نقل غیرمستقیم معتبر را بدون توجه به زمان فعل گزارشگر یا نوع جمله اصلی اعمال می‌کند.,distractor از قاعده‌ای ساخته شود که به‌خودی‌خود معتبر است، اما نقش/مرجع/زمان/register این context با آن سازگار نیست.,انتخاب آن نشانهٔ تحلیل ناکافی context یا نقش دستوری است، نه صرفاً ندانستن شکل ظاهری.,CORE,
83287154-f6ce-4595-a2b2-17537cb9908d,35,LE DISCOURS INDIRECT au PRÉSENT,192ac84b-73ae-41ae-90cd-815c56366500,L35-S03,Discours indirect: question partielle,نقل پرسش جزئی,CAT10,SUB25,REPORTED_SPEECH,گفتار غیرمستقیم,Lesson 35; printed p. 156,Stage1 rule text + Stage2 classification; error frequency not claimed by source,misconception-catalogue-recovered-v1.0.0,CANDIDATE_PREDEPLOY_CONTENT_REVIEW,NOT_YET_OBSERVED__STAGE27_CALIBRATION,525373e6-2195-58c5-a59b-48b64ad28deb,OVERGENERALIZATION,تعمیم بیش‌ازحد قاعده,قاعدهٔ هدف «واژهٔ پرسشی حفظ می‌شود ولی وارونگی حذف می‌شود.» را بدون توجه به شرط، نقش یا محدودیت بافتی زیرموضوع «نقل پرسش جزئی» به همهٔ موارد مشابه تعمیم می‌دهد.,ساخت distractor با اجرای قاعدهٔ عمومی در جایی که شرط دقیق subtopic آن را مجاز نمی‌کند.,اگر کاربر این گزینه را انتخاب کند، احتمالاً قاعده را می‌داند اما دامنهٔ کاربرد آن را بیش از حد گسترده گرفته است.,CORE,
83287154-f6ce-4595-a2b2-17537cb9908d,35,LE DISCOURS INDIRECT au PRÉSENT,192ac84b-73ae-41ae-90cd-815c56366500,L35-S03,Discours indirect: question partielle,نقل پرسش جزئی,CAT10,SUB25,REPORTED_SPEECH,گفتار غیرمستقیم,Lesson 35; printed p. 156,Stage1 rule text + Stage2 classification; error frequency not claimed by source,misconception-catalogue-recovered-v1.0.0,CANDIDATE_PREDEPLOY_CONTENT_REVIEW,NOT_YET_OBSERVED__STAGE27_CALIBRATION,1f5dfdb1-c660-55d3-8ba6-66c6d50afaf1,NEAR_FORM_CONFUSION,اشتباه با فرم/قاعده نزدیک,ساخت نقل قول/گفتار غیرمستقیم نزدیک را با تغییر نادرست زمان، ضمیر یا واژه پرسشی انتخاب می‌کند.,یک فرم واقعی و نزدیک از همان خانواده انتخاب شود؛ فرم باید در context دیگری معتبر باشد ولی اینجا به‌طور قطعی غلط باشد.,انتخاب آن نشان می‌دهد تمایز میان قاعده هدف و همسایهٔ نزدیک هنوز پایدار نشده است.,CORE,
83287154-f6ce-4595-a2b2-17537cb9908d,35,LE DISCOURS INDIRECT au PRÉSENT,192ac84b-73ae-41ae-90cd-815c56366500,L35-S03,Discours indirect: question partielle,نقل پرسش جزئی,CAT10,SUB25,REPORTED_SPEECH,گفتار غیرمستقیم,Lesson 35; printed p. 156,Stage1 rule text + Stage2 classification; error frequency not claimed by source,misconception-catalogue-recovered-v1.0.0,CANDIDATE_PREDEPLOY_CONTENT_REVIEW,NOT_YET_OBSERVED__STAGE27_CALIBRATION,33c7ca17-ef70-50ff-b87d-0f434e9f79b6,CONTEXT_ROLE_MISMATCH,انتقال قاعده درست به context نادرست,قاعده نقل غیرمستقیم معتبر را بدون توجه به زمان فعل گزارشگر یا نوع جمله اصلی اعمال می‌کند.,distractor از قاعده‌ای ساخته شود که به‌خودی‌خود معتبر است، اما نقش/مرجع/زمان/register این context با آن سازگار نیست.,انتخاب آن نشانهٔ تحلیل ناکافی context یا نقش دستوری است، نه صرفاً ندانستن شکل ظاهری.,CORE,
83287154-f6ce-4595-a2b2-17537cb9908d,35,LE DISCOURS INDIRECT au PRÉSENT,86649bbc-11b1-4d00-a293-691c50485bc3,L35-S04,Discours indirect: impératif,نقل دستور,CAT10,SUB25,REPORTED_SPEECH,گفتار غیرمستقیم,Lesson 35; printed p. 156,Stage1 rule text + Stage2 classification; error frequency not claimed by source,misconception-catalogue-recovered-v1.0.0,CANDIDATE_PREDEPLOY_CONTENT_REVIEW,NOT_YET_OBSERVED__STAGE27_CALIBRATION,778211d1-a9fa-55f1-a086-c3e52d2064ae,OVERGENERALIZATION,تعمیم بیش‌ازحد قاعده,قاعدهٔ هدف «امر مستقیم با de + infinitif گزارش می‌شود.» را بدون توجه به شرط، نقش یا محدودیت بافتی زیرموضوع «نقل دستور» به همهٔ موارد مشابه تعمیم می‌دهد.,ساخت distractor با اجرای قاعدهٔ عمومی در جایی که شرط دقیق subtopic آن را مجاز نمی‌کند.,اگر کاربر این گزینه را انتخاب کند، احتمالاً قاعده را می‌داند اما دامنهٔ کاربرد آن را بیش از حد گسترده گرفته است.,CORE,
83287154-f6ce-4595-a2b2-17537cb9908d,35,LE DISCOURS INDIRECT au PRÉSENT,86649bbc-11b1-4d00-a293-691c50485bc3,L35-S04,Discours indirect: impératif,نقل دستور,CAT10,SUB25,REPORTED_SPEECH,گفتار غیرمستقیم,Lesson 35; printed p. 156,Stage1 rule text + Stage2 classification; error frequency not claimed by source,misconception-catalogue-recovered-v1.0.0,CANDIDATE_PREDEPLOY_CONTENT_REVIEW,NOT_YET_OBSERVED__STAGE27_CALIBRATION,971e72c2-8a6b-5bb7-8b89-abcdf746ca83,NEAR_FORM_CONFUSION,اشتباه با فرم/قاعده نزدیک,ساخت نقل قول/گفتار غیرمستقیم نزدیک را با تغییر نادرست زمان، ضمیر یا واژه پرسشی انتخاب می‌کند.,یک فرم واقعی و نزدیک از همان خانواده انتخاب شود؛ فرم باید در context دیگری معتبر باشد ولی اینجا به‌طور قطعی غلط باشد.,انتخاب آن نشان می‌دهد تمایز میان قاعده هدف و همسایهٔ نزدیک هنوز پایدار نشده است.,CORE,
83287154-f6ce-4595-a2b2-17537cb9908d,35,LE DISCOURS INDIRECT au PRÉSENT,86649bbc-11b1-4d00-a293-691c50485bc3,L35-S04,Discours indirect: impératif,نقل دستور,CAT10,SUB25,REPORTED_SPEECH,گفتار غیرمستقیم,Lesson 35; printed p. 156,Stage1 rule text + Stage2 classification; error frequency not claimed by source,misconception-catalogue-recovered-v1.0.0,CANDIDATE_PREDEPLOY_CONTENT_REVIEW,NOT_YET_OBSERVED__STAGE27_CALIBRATION,943fe70b-bc19-55a9-b139-3e7fc88dc039,CONTEXT_ROLE_MISMATCH,انتقال قاعده درست به context نادرست,قاعده نقل غیرمستقیم معتبر را بدون توجه به زمان فعل گزارشگر یا نوع جمله اصلی اعمال می‌کند.,distractor از قاعده‌ای ساخته شود که به‌خودی‌خود معتبر است، اما نقش/مرجع/زمان/register این context با آن سازگار نیست.,انتخاب آن نشانهٔ تحلیل ناکافی context یا نقش دستوری است، نه صرفاً ندانستن شکل ظاهری.,CORE,
83287154-f6ce-4595-a2b2-17537cb9908d,35,LE DISCOURS INDIRECT au PRÉSENT,1ee32242-59ff-4640-a586-e5d7f205bf1f,L35-S05,Verbes introducteurs,افعال گزارش‌دهنده,CAT10,SUB25,REPORTED_SPEECH,گفتار غیرمستقیم,Lesson 35; printed p. 156,Stage1 rule text + Stage2 classification; error frequency not claimed by source,misconception-catalogue-recovered-v1.0.0,CANDIDATE_PREDEPLOY_CONTENT_REVIEW,NOT_YET_OBSERVED__STAGE27_CALIBRATION,ce0436f2-9481-53da-a8ac-7fab1d209388,OVERGENERALIZATION,تعمیم بیش‌ازحد قاعده,"قاعدهٔ هدف «dire, demander, répondre, affirmer, déclarer و مشابه‌ها نوع گزارش را مشخص می‌کنند.» را بدون توجه به شرط، نقش یا محدودیت بافتی زیرموضوع «افعال گزارش‌دهنده» به همهٔ موارد مشابه تعمیم می‌دهد.",ساخت distractor با اجرای قاعدهٔ عمومی در جایی که شرط دقیق subtopic آن را مجاز نمی‌کند.,اگر کاربر این گزینه را انتخاب کند، احتمالاً قاعده را می‌داند اما دامنهٔ کاربرد آن را بیش از حد گسترده گرفته است.,CORE,
83287154-f6ce-4595-a2b2-17537cb9908d,35,LE DISCOURS INDIRECT au PRÉSENT,1ee32242-59ff-4640-a586-e5d7f205bf1f,L35-S05,Verbes introducteurs,افعال گزارش‌دهنده,CAT10,SUB25,REPORTED_SPEECH,گفتار غیرمستقیم,Lesson 35; printed p. 156,Stage1 rule text + Stage2 classification; error frequency not claimed by source,misconception-catalogue-recovered-v1.0.0,CANDIDATE_PREDEPLOY_CONTENT_REVIEW,NOT_YET_OBSERVED__STAGE27_CALIBRATION,7188fb04-1a39-5d94-a0e3-11922c86f3d6,NEAR_FORM_CONFUSION,اشتباه با فرم/قاعده نزدیک,ساخت نقل قول/گفتار غیرمستقیم نزدیک را با تغییر نادرست زمان، ضمیر یا واژه پرسشی انتخاب می‌کند.,یک فرم واقعی و نزدیک از همان خانواده انتخاب شود؛ فرم باید در context دیگری معتبر باشد ولی اینجا به‌طور قطعی غلط باشد.,انتخاب آن نشان می‌دهد تمایز میان قاعده هدف و همسایهٔ نزدیک هنوز پایدار نشده است.,CORE,
83287154-f6ce-4595-a2b2-17537cb9908d,35,LE DISCOURS INDIRECT au PRÉSENT,1ee32242-59ff-4640-a586-e5d7f205bf1f,L35-S05,Verbes introducteurs,افعال گزارش‌دهنده,CAT10,SUB25,REPORTED_SPEECH,گفتار غیرمستقیم,Lesson 35; printed p. 156,Stage1 rule text + Stage2 classification; error frequency not claimed by source,misconception-catalogue-recovered-v1.0.0,CANDIDATE_PREDEPLOY_CONTENT_REVIEW,NOT_YET_OBSERVED__STAGE27_CALIBRATION,314a379a-d44c-5b18-91b0-7dded769ef1f,CONTEXT_ROLE_MISMATCH,انتقال قاعده درست به context نادرست,قاعده نقل غیرمستقیم معتبر را بدون توجه به زمان فعل گزارشگر یا نوع جمله اصلی اعمال می‌کند.,distractor از قاعده‌ای ساخته شود که به‌خودی‌خود معتبر است، اما نقش/مرجع/زمان/register این context با آن سازگار نیست.,انتخاب آن نشانهٔ تحلیل ناکافی context یا نقش دستوری است، نه صرفاً ندانستن شکل ظاهری.,CORE,
03b37cc5-75e7-4209-9322-1f6401df4973,36,LE GÉRONDIF,0101b1a8-f101-4115-815c-7bdfbe9d4724,L36-S01,Formation du gérondif,ساخت gérondif,CAT03,SUB07,NONFINITE_ASPECT,ساخت‌های غیرصرفی و نمود,Lesson 36; printed p. 158,Stage1 rule text + Stage2 classification; error frequency not claimed by source,misconception-catalogue-recovered-v1.0.0,CANDIDATE_PREDEPLOY_CONTENT_REVIEW,NOT_YET_OBSERVED__STAGE27_CALIBRATION,3070c9dc-37b3-56dc-9445-6bd8f7b1f3ba,OVERGENERALIZATION,تعمیم بیش‌ازحد قاعده,قاعدهٔ هدف «gérondif = en + participe présent؛ participe présent معمولاً از ریشهٔ nous présent + -ant ساخته می‌شود.» را بدون توجه به شرط، نقش یا محدودیت بافتی زیرموضوع «ساخت gérondif» به همهٔ موارد مشابه تعمیم می‌دهد.,ساخت distractor با اجرای قاعدهٔ عمومی در جایی که شرط دقیق subtopic آن را مجاز نمی‌کند.,اگر کاربر این گزینه را انتخاب کند، احتمالاً قاعده را می‌داند اما دامنهٔ کاربرد آن را بیش از حد گسترده گرفته است.,CORE,
03b37cc5-75e7-4209-9322-1f6401df4973,36,LE GÉRONDIF,0101b1a8-f101-4115-815c-7bdfbe9d4724,L36-S01,Formation du gérondif,ساخت gérondif,CAT03,SUB07,NONFINITE_ASPECT,ساخت‌های غیرصرفی و نمود,Lesson 36; printed p. 158,Stage1 rule text + Stage2 classification; error frequency not claimed by source,misconception-catalogue-recovered-v1.0.0,CANDIDATE_PREDEPLOY_CONTENT_REVIEW,NOT_YET_OBSERVED__STAGE27_CALIBRATION,ddeb5b32-e615-53ef-b116-aebce29aa76a,NEAR_FORM_CONFUSION,اشتباه با فرم/قاعده نزدیک,مصدر، gérondif، participe یا periphrase نزدیک را بدون توجه به فاعل/هم‌زمانی/نمود انتخاب می‌کند.,یک فرم واقعی و نزدیک از همان خانواده انتخاب شود؛ فرم باید در context دیگری معتبر باشد ولی اینجا به‌طور قطعی غلط باشد.,انتخاب آن نشان می‌دهد تمایز میان قاعده هدف و همسایهٔ نزدیک هنوز پایدار نشده است.,CORE,
03b37cc5-75e7-4209-9322-1f6401df4973,36,LE GÉRONDIF,0101b1a8-f101-4115-815c-7bdfbe9d4724,L36-S01,Formation du gérondif,ساخت gérondif,CAT03,SUB07,NONFINITE_ASPECT,ساخت‌های غیرصرفی و نمود,Lesson 36; printed p. 158,Stage1 rule text + Stage2 classification; error frequency not claimed by source,misconception-catalogue-recovered-v1.0.0,CANDIDATE_PREDEPLOY_CONTENT_REVIEW,NOT_YET_OBSERVED__STAGE27_CALIBRATION,d75e3544-f694-5a49-bad2-827571a45c44,CONTEXT_ROLE_MISMATCH,انتقال قاعده درست به context نادرست,ساخت غیرصرفی درست در بافت دیگری را با فاعل، توالی یا aspect نامتناسب به جمله فعلی منتقل می‌کند.,distractor از قاعده‌ای ساخته شود که به‌خودی‌خود معتبر است، اما نقش/مرجع/زمان/register این context با آن سازگار نیست.,انتخاب آن نشانهٔ تحلیل ناکافی context یا نقش دستوری است، نه صرفاً ندانستن شکل ظاهری.,CORE,
03b37cc5-75e7-4209-9322-1f6401df4973,36,LE GÉRONDIF,2beef77a-52c1-4a4b-bf74-c4ca4c0e9e7c,L36-S02,Simultanéité et même sujet,هم‌زمانی و فاعل مشترک,CAT03,SUB07,NONFINITE_ASPECT,ساخت‌های غیرصرفی و نمود,Lesson 36; printed p. 158,Stage1 rule text + Stage2 classification; error frequency not claimed by source,misconception-catalogue-recovered-v1.0.0,CANDIDATE_PREDEPLOY_CONTENT_REVIEW,NOT_YET_OBSERVED__STAGE27_CALIBRATION,156e359b-6dc7-5139-b3b7-361481de40ca,OVERGENERALIZATION,تعمیم بیش‌ازحد قاعده,قاعدهٔ هدف «gérondif معمولاً عمل هم‌زمان با فعل اصلی را بیان می‌کند و فاعل دو عمل یکی است.» را بدون توجه به شرط، نقش یا محدودیت بافتی زیرموضوع «هم‌زمانی و فاعل مشترک» به همهٔ موارد مشابه تعمیم می‌دهد.,ساخت distractor با اجرای قاعدهٔ عمومی در جایی که شرط دقیق subtopic آن را مجاز نمی‌کند.,اگر کاربر این گزینه را انتخاب کند، احتمالاً قاعده را می‌داند اما دامنهٔ کاربرد آن را بیش از حد گسترده گرفته است.,CORE,
03b37cc5-75e7-4209-9322-1f6401df4973,36,LE GÉRONDIF,2beef77a-52c1-4a4b-bf74-c4ca4c0e9e7c,L36-S02,Simultanéité et même sujet,هم‌زمانی و فاعل مشترک,CAT03,SUB07,NONFINITE_ASPECT,ساخت‌های غیرصرفی و نمود,Lesson 36; printed p. 158,Stage1 rule text + Stage2 classification; error frequency not claimed by source,misconception-catalogue-recovered-v1.0.0,CANDIDATE_PREDEPLOY_CONTENT_REVIEW,NOT_YET_OBSERVED__STAGE27_CALIBRATION,5bbc4b08-beb7-5fec-a2fe-9ccfbee8a875,NEAR_FORM_CONFUSION,اشتباه با فرم/قاعده نزدیک,مصدر، gérondif، participe یا periphrase نزدیک را بدون توجه به فاعل/هم‌زمانی/نمود انتخاب می‌کند.,یک فرم واقعی و نزدیک از همان خانواده انتخاب شود؛ فرم باید در context دیگری معتبر باشد ولی اینجا به‌طور قطعی غلط باشد.,انتخاب آن نشان می‌دهد تمایز میان قاعده هدف و همسایهٔ نزدیک هنوز پایدار نشده است.,CORE,
03b37cc5-75e7-4209-9322-1f6401df4973,36,LE GÉRONDIF,2beef77a-52c1-4a4b-bf74-c4ca4c0e9e7c,L36-S02,Simultanéité et même sujet,هم‌زمانی و فاعل مشترک,CAT03,SUB07,NONFINITE_ASPECT,ساخت‌های غیرصرفی و نمود,Lesson 36; printed p. 158,Stage1 rule text + Stage2 classification; error frequency not claimed by source,misconception-catalogue-recovered-v1.0.0,CANDIDATE_PREDEPLOY_CONTENT_REVIEW,NOT_YET_OBSERVED__STAGE27_CALIBRATION,885e5587-b437-552f-8ff1-f090f651c6b8,CONTEXT_ROLE_MISMATCH,انتقال قاعده درست به context نادرست,ساخت غیرصرفی درست در بافت دیگری را با فاعل، توالی یا aspect نامتناسب به جمله فعلی منتقل می‌کند.,distractor از قاعده‌ای ساخته شود که به‌خودی‌خود معتبر است، اما نقش/مرجع/زمان/register این context با آن سازگار نیست.,انتخاب آن نشانهٔ تحلیل ناکافی context یا نقش دستوری است، نه صرفاً ندانستن شکل ظاهری.,CORE,
03b37cc5-75e7-4209-9322-1f6401df4973,36,LE GÉRONDIF,0872e52e-4616-40ca-be70-3ea1a66b9ffc,L36-S03,"Cause, manière, condition",علت/شیوه/شرط,CAT03,SUB07,NONFINITE_ASPECT,ساخت‌های غیرصرفی و نمود,Lesson 36; printed p. 158,Stage1 rule text + Stage2 classification; error frequency not claimed by source,misconception-catalogue-recovered-v1.0.0,CANDIDATE_PREDEPLOY_CONTENT_REVIEW,NOT_YET_OBSERVED__STAGE27_CALIBRATION,36a19b37-d4e7-530f-aff9-cf560c340193,OVERGENERALIZATION,تعمیم بیش‌ازحد قاعده,قاعدهٔ هدف «gérondif بسته به context می‌تواند علت، شرایط یا شیوهٔ انجام عمل را بیان کند.» را بدون توجه به شرط، نقش یا محدودیت بافتی زیرموضوع «علت/شیوه/شرط» به همهٔ موارد مشابه تعمیم می‌دهد.,ساخت distractor با اجرای قاعدهٔ عمومی در جایی که شرط دقیق subtopic آن را مجاز نمی‌کند.,اگر کاربر این گزینه را انتخاب کند، احتمالاً قاعده را می‌داند اما دامنهٔ کاربرد آن را بیش از حد گسترده گرفته است.,CORE,
03b37cc5-75e7-4209-9322-1f6401df4973,36,LE GÉRONDIF,0872e52e-4616-40ca-be70-3ea1a66b9ffc,L36-S03,"Cause, manière, condition",علت/شیوه/شرط,CAT03,SUB07,NONFINITE_ASPECT,ساخت‌های غیرصرفی و نمود,Lesson 36; printed p. 158,Stage1 rule text + Stage2 classification; error frequency not claimed by source,misconception-catalogue-recovered-v1.0.0,CANDIDATE_PREDEPLOY_CONTENT_REVIEW,NOT_YET_OBSERVED__STAGE27_CALIBRATION,b27dc502-cc07-5fa2-bfec-99c56fb18f58,NEAR_FORM_CONFUSION,اشتباه با فرم/قاعده نزدیک,مصدر، gérondif، participe یا periphrase نزدیک را بدون توجه به فاعل/هم‌زمانی/نمود انتخاب می‌کند.,یک فرم واقعی و نزدیک از همان خانواده انتخاب شود؛ فرم باید در context دیگری معتبر باشد ولی اینجا به‌طور قطعی غلط باشد.,انتخاب آن نشان می‌دهد تمایز میان قاعده هدف و همسایهٔ نزدیک هنوز پایدار نشده است.,CORE,
03b37cc5-75e7-4209-9322-1f6401df4973,36,LE GÉRONDIF,0872e52e-4616-40ca-be70-3ea1a66b9ffc,L36-S03,"Cause, manière, condition",علت/شیوه/شرط,CAT03,SUB07,NONFINITE_ASPECT,ساخت‌های غیرصرفی و نمود,Lesson 36; printed p. 158,Stage1 rule text + Stage2 classification; error frequency not claimed by source,misconception-catalogue-recovered-v1.0.0,CANDIDATE_PREDEPLOY_CONTENT_REVIEW,NOT_YET_OBSERVED__STAGE27_CALIBRATION,8e930b61-8e22-555f-a447-8d7e1f19dcf1,CONTEXT_ROLE_MISMATCH,انتقال قاعده درست به context نادرست,ساخت غیرصرفی درست در بافت دیگری را با فاعل، توالی یا aspect نامتناسب به جمله فعلی منتقل می‌کند.,distractor از قاعده‌ای ساخته شود که به‌خودی‌خود معتبر است، اما نقش/مرجع/زمان/register این context با آن سازگار نیست.,انتخاب آن نشانهٔ تحلیل ناکافی context یا نقش دستوری است، نه صرفاً ندانستن شکل ظاهری.,CORE,
03b37cc5-75e7-4209-9322-1f6401df4973,36,LE GÉRONDIF,f653a449-7284-4257-ac7f-04db5b5502c2,L36-S04,« tout » + gérondif,tout + gérondif,CAT03,SUB07,NONFINITE_ASPECT,ساخت‌های غیرصرفی و نمود,Lesson 36; printed p. 158,Stage1 rule text + Stage2 classification; error frequency not claimed by source,misconception-catalogue-recovered-v1.0.0,CANDIDATE_PREDEPLOY_CONTENT_REVIEW,NOT_YET_OBSERVED__STAGE27_CALIBRATION,fd772c62-e064-5a2b-9b2d-be3f4d309bd1,OVERGENERALIZATION,تعمیم بیش‌ازحد قاعده,قاعدهٔ هدف «tout + gérondif هم‌زمانی پررنگ یا گاهی تضاد را بیان می‌کند.» را بدون توجه به شرط، نقش یا محدودیت بافتی زیرموضوع «tout + gérondif» به همهٔ موارد مشابه تعمیم می‌دهد.,ساخت distractor با اجرای قاعدهٔ عمومی در جایی که شرط دقیق subtopic آن را مجاز نمی‌کند.,اگر کاربر این گزینه را انتخاب کند، احتمالاً قاعده را می‌داند اما دامنهٔ کاربرد آن را بیش از حد گسترده گرفته است.,CORE,
03b37cc5-75e7-4209-9322-1f6401df4973,36,LE GÉRONDIF,f653a449-7284-4257-ac7f-04db5b5502c2,L36-S04,« tout » + gérondif,tout + gérondif,CAT03,SUB07,NONFINITE_ASPECT,ساخت‌های غیرصرفی و نمود,Lesson 36; printed p. 158,Stage1 rule text + Stage2 classification; error frequency not claimed by source,misconception-catalogue-recovered-v1.0.0,CANDIDATE_PREDEPLOY_CONTENT_REVIEW,NOT_YET_OBSERVED__STAGE27_CALIBRATION,1b8ff017-190c-5643-b5d9-ddf8b1f00756,NEAR_FORM_CONFUSION,اشتباه با فرم/قاعده نزدیک,مصدر، gérondif، participe یا periphrase نزدیک را بدون توجه به فاعل/هم‌زمانی/نمود انتخاب می‌کند.,یک فرم واقعی و نزدیک از همان خانواده انتخاب شود؛ فرم باید در context دیگری معتبر باشد ولی اینجا به‌طور قطعی غلط باشد.,انتخاب آن نشان می‌دهد تمایز میان قاعده هدف و همسایهٔ نزدیک هنوز پایدار نشده است.,CORE,
03b37cc5-75e7-4209-9322-1f6401df4973,36,LE GÉRONDIF,f653a449-7284-4257-ac7f-04db5b5502c2,L36-S04,« tout » + gérondif,tout + gérondif,CAT03,SUB07,NONFINITE_ASPECT,ساخت‌های غیرصرفی و نمود,Lesson 36; printed p. 158,Stage1 rule text + Stage2 classification; error frequency not claimed by source,misconception-catalogue-recovered-v1.0.0,CANDIDATE_PREDEPLOY_CONTENT_REVIEW,NOT_YET_OBSERVED__STAGE27_CALIBRATION,fe3a0456-a792-5ec2-887c-43da1c1733d6,CONTEXT_ROLE_MISMATCH,انتقال قاعده درست به context نادرست,ساخت غیرصرفی درست در بافت دیگری را با فاعل، توالی یا aspect نامتناسب به جمله فعلی منتقل می‌کند.,distractor از قاعده‌ای ساخته شود که به‌خودی‌خود معتبر است، اما نقش/مرجع/زمان/register این context با آن سازگار نیست.,انتخاب آن نشانهٔ تحلیل ناکافی context یا نقش دستوری است، نه صرفاً ندانستن شکل ظاهری.,CORE,
03b37cc5-75e7-4209-9322-1f6401df4973,36,LE GÉRONDIF,f02964d7-7e71-4d03-b130-a08b75643e9a,L36-S05,Participe présent sans « en »,participe présent بدون en,CAT03,SUB07,NONFINITE_ASPECT,ساخت‌های غیرصرفی و نمود,Lesson 36; printed p. 158,Stage1 rule text + Stage2 classification; error frequency not claimed by source,misconception-catalogue-recovered-v1.0.0,CANDIDATE_PREDEPLOY_CONTENT_REVIEW,NOT_YET_OBSERVED__STAGE27_CALIBRATION,c58c98c2-bf5a-53b3-9a5f-4d8b43d9e195,OVERGENERALIZATION,تعمیم بیش‌ازحد قاعده,قاعدهٔ هدف «participe présent می‌تواند در نوشتار به‌جای qui + verbe بیاید.» را بدون توجه به شرط، نقش یا محدودیت بافتی زیرموضوع «participe présent بدون en» به همهٔ موارد مشابه تعمیم می‌دهد.,ساخت distractor با اجرای قاعدهٔ عمومی در جایی که شرط دقیق subtopic آن را مجاز نمی‌کند.,اگر کاربر این گزینه را انتخاب کند، احتمالاً قاعده را می‌داند اما دامنهٔ کاربرد آن را بیش از حد گسترده گرفته است.,CORE,
03b37cc5-75e7-4209-9322-1f6401df4973,36,LE GÉRONDIF,f02964d7-7e71-4d03-b130-a08b75643e9a,L36-S05,Participe présent sans « en »,participe présent بدون en,CAT03,SUB07,NONFINITE_ASPECT,ساخت‌های غیرصرفی و نمود,Lesson 36; printed p. 158,Stage1 rule text + Stage2 classification; error frequency not claimed by source,misconception-catalogue-recovered-v1.0.0,CANDIDATE_PREDEPLOY_CONTENT_REVIEW,NOT_YET_OBSERVED__STAGE27_CALIBRATION,9787f53d-b1fb-589d-ae91-a3b9794329bc,NEAR_FORM_CONFUSION,اشتباه با فرم/قاعده نزدیک,مصدر، gérondif، participe یا periphrase نزدیک را بدون توجه به فاعل/هم‌زمانی/نمود انتخاب می‌کند.,یک فرم واقعی و نزدیک از همان خانواده انتخاب شود؛ فرم باید در context دیگری معتبر باشد ولی اینجا به‌طور قطعی غلط باشد.,انتخاب آن نشان می‌دهد تمایز میان قاعده هدف و همسایهٔ نزدیک هنوز پایدار نشده است.,CORE,
03b37cc5-75e7-4209-9322-1f6401df4973,36,LE GÉRONDIF,f02964d7-7e71-4d03-b130-a08b75643e9a,L36-S05,Participe présent sans « en »,participe présent بدون en,CAT03,SUB07,NONFINITE_ASPECT,ساخت‌های غیرصرفی و نمود,Lesson 36; printed p. 158,Stage1 rule text + Stage2 classification; error frequency not claimed by source,misconception-catalogue-recovered-v1.0.0,CANDIDATE_PREDEPLOY_CONTENT_REVIEW,NOT_YET_OBSERVED__STAGE27_CALIBRATION,6c0820f6-37be-5485-ac22-d519c8cfdcd5,CONTEXT_ROLE_MISMATCH,انتقال قاعده درست به context نادرست,ساخت غیرصرفی درست در بافت دیگری را با فاعل، توالی یا aspect نامتناسب به جمله فعلی منتقل می‌کند.,distractor از قاعده‌ای ساخته شود که به‌خودی‌خود معتبر است، اما نقش/مرجع/زمان/register این context با آن سازگار نیست.,انتخاب آن نشانهٔ تحلیل ناکافی context یا نقش دستوری است، نه صرفاً ندانستن شکل ظاهری.,CORE,
7a66cb3a-470c-4ae3-ae32-325cf327c9f9,37,LES PRÉPOSITIONS et LES VERBES,a22f7994-4792-420b-bb49-d752095e75e7,L37-S01,Verbes suivis de « de » + infinitif,افعال با de + مصدر,CAT08,SUB22,NONFINITE_ASPECT,ساخت‌های غیرصرفی و نمود,Lesson 37; printed p. 160,Stage1 rule text + Stage2 classification; error frequency not claimed by source,misconception-catalogue-recovered-v1.0.0,CANDIDATE_PREDEPLOY_CONTENT_REVIEW,NOT_YET_OBSERVED__STAGE27_CALIBRATION,e36096be-b783-599a-9a6d-252704705116,OVERGENERALIZATION,تعمیم بیش‌ازحد قاعده,قاعدهٔ هدف «برخی افعال به‌صورت واژگانی de + infinitif می‌گیرند.» را بدون توجه به شرط، نقش یا محدودیت بافتی زیرموضوع «افعال با de + مصدر» به همهٔ موارد مشابه تعمیم می‌دهد.,ساخت distractor با اجرای قاعدهٔ عمومی در جایی که شرط دقیق subtopic آن را مجاز نمی‌کند.,اگر کاربر این گزینه را انتخاب کند، احتمالاً قاعده را می‌داند اما دامنهٔ کاربرد آن را بیش از حد گسترده گرفته است.,CORE,
7a66cb3a-470c-4ae3-ae32-325cf327c9f9,37,LES PRÉPOSITIONS et LES VERBES,a22f7994-4792-420b-bb49-d752095e75e7,L37-S01,Verbes suivis de « de » + infinitif,افعال با de + مصدر,CAT08,SUB22,NONFINITE_ASPECT,ساخت‌های غیرصرفی و نمود,Lesson 37; printed p. 160,Stage1 rule text + Stage2 classification; error frequency not claimed by source,misconception-catalogue-recovered-v1.0.0,CANDIDATE_PREDEPLOY_CONTENT_REVIEW,NOT_YET_OBSERVED__STAGE27_CALIBRATION,50415b1c-ce1d-5610-b266-c14d6ea508cb,NEAR_FORM_CONFUSION,اشتباه با فرم/قاعده نزدیک,مصدر، gérondif، participe یا periphrase نزدیک را بدون توجه به فاعل/هم‌زمانی/نمود انتخاب می‌کند.,یک فرم واقعی و نزدیک از همان خانواده انتخاب شود؛ فرم باید در context دیگری معتبر باشد ولی اینجا به‌طور قطعی غلط باشد.,انتخاب آن نشان می‌دهد تمایز میان قاعده هدف و همسایهٔ نزدیک هنوز پایدار نشده است.,CORE,
7a66cb3a-470c-4ae3-ae32-325cf327c9f9,37,LES PRÉPOSITIONS et LES VERBES,a22f7994-4792-420b-bb49-d752095e75e7,L37-S01,Verbes suivis de « de » + infinitif,افعال با de + مصدر,CAT08,SUB22,NONFINITE_ASPECT,ساخت‌های غیرصرفی و نمود,Lesson 37; printed p. 160,Stage1 rule text + Stage2 classification; error frequency not claimed by source,misconception-catalogue-recovered-v1.0.0,CANDIDATE_PREDEPLOY_CONTENT_REVIEW,NOT_YET_OBSERVED__STAGE27_CALIBRATION,593ead56-d46f-5915-a1e7-3cc691cc91b5,CONTEXT_ROLE_MISMATCH,انتقال قاعده درست به context نادرست,ساخت غیرصرفی درست در بافت دیگری را با فاعل، توالی یا aspect نامتناسب به جمله فعلی منتقل می‌کند.,distractor از قاعده‌ای ساخته شود که به‌خودی‌خود معتبر است، اما نقش/مرجع/زمان/register این context با آن سازگار نیست.,انتخاب آن نشانهٔ تحلیل ناکافی context یا نقش دستوری است، نه صرفاً ندانستن شکل ظاهری.,CORE,
7a66cb3a-470c-4ae3-ae32-325cf327c9f9,37,LES PRÉPOSITIONS et LES VERBES,43f5d0f3-32de-4e07-87d7-2f23f9fd82ba,L37-S02,Verbes suivis de « à » + infinitif,افعال با à + مصدر,CAT08,SUB22,NONFINITE_ASPECT,ساخت‌های غیرصرفی و نمود,Lesson 37; printed p. 160,Stage1 rule text + Stage2 classification; error frequency not claimed by source,misconception-catalogue-recovered-v1.0.0,CANDIDATE_PREDEPLOY_CONTENT_REVIEW,NOT_YET_OBSERVED__STAGE27_CALIBRATION,463f84ab-4dd3-52f7-891b-b1dc9ae4fce0,OVERGENERALIZATION,تعمیم بیش‌ازحد قاعده,قاعدهٔ هدف «برخی افعال à + infinitif می‌گیرند.» را بدون توجه به شرط، نقش یا محدودیت بافتی زیرموضوع «افعال با à + مصدر» به همهٔ موارد مشابه تعمیم می‌دهد.,ساخت distractor با اجرای قاعدهٔ عمومی در جایی که شرط دقیق subtopic آن را مجاز نمی‌کند.,اگر کاربر این گزینه را انتخاب کند، احتمالاً قاعده را می‌داند اما دامنهٔ کاربرد آن را بیش از حد گسترده گرفته است.,CORE,
7a66cb3a-470c-4ae3-ae32-325cf327c9f9,37,LES PRÉPOSITIONS et LES VERBES,43f5d0f3-32de-4e07-87d7-2f23f9fd82ba,L37-S02,Verbes suivis de « à » + infinitif,افعال با à + مصدر,CAT08,SUB22,NONFINITE_ASPECT,ساخت‌های غیرصرفی و نمود,Lesson 37; printed p. 160,Stage1 rule text + Stage2 classification; error frequency not claimed by source,misconception-catalogue-recovered-v1.0.0,CANDIDATE_PREDEPLOY_CONTENT_REVIEW,NOT_YET_OBSERVED__STAGE27_CALIBRATION,f37749e4-1c0a-571c-a2c9-af6363d36984,NEAR_FORM_CONFUSION,اشتباه با فرم/قاعده نزدیک,مصدر، gérondif، participe یا periphrase نزدیک را بدون توجه به فاعل/هم‌زمانی/نمود انتخاب می‌کند.,یک فرم واقعی و نزدیک از همان خانواده انتخاب شود؛ فرم باید در context دیگری معتبر باشد ولی اینجا به‌طور قطعی غلط باشد.,انتخاب آن نشان می‌دهد تمایز میان قاعده هدف و همسایهٔ نزدیک هنوز پایدار نشده است.,CORE,
7a66cb3a-470c-4ae3-ae32-325cf327c9f9,37,LES PRÉPOSITIONS et LES VERBES,43f5d0f3-32de-4e07-87d7-2f23f9fd82ba,L37-S02,Verbes suivis de « à » + infinitif,افعال با à + مصدر,CAT08,SUB22,NONFINITE_ASPECT,ساخت‌های غیرصرفی و نمود,Lesson 37; printed p. 160,Stage1 rule text + Stage2 classification; error frequency not claimed by source,misconception-catalogue-recovered-v1.0.0,CANDIDATE_PREDEPLOY_CONTENT_REVIEW,NOT_YET_OBSERVED__STAGE27_CALIBRATION,a8531911-41fe-514c-a4f5-e70ecdaa4df3,CONTEXT_ROLE_MISMATCH,انتقال قاعده درست به context نادرست,ساخت غیرصرفی درست در بافت دیگری را با فاعل، توالی یا aspect نامتناسب به جمله فعلی منتقل می‌کند.,distractor از قاعده‌ای ساخته شود که به‌خودی‌خود معتبر است، اما نقش/مرجع/زمان/register این context با آن سازگار نیست.,انتخاب آن نشانهٔ تحلیل ناکافی context یا نقش دستوری است، نه صرفاً ندانستن شکل ظاهری.,CORE,
7a66cb3a-470c-4ae3-ae32-325cf327c9f9,37,LES PRÉPOSITIONS et LES VERBES,efee7130-8410-42d5-b69e-3236ccdea740,L37-S03,Adjectif/nom + « de/à » + infinitif,صفت/اسم + حرف اضافه + مصدر,CAT08,SUB22,NONFINITE_ASPECT,ساخت‌های غیرصرفی و نمود,Lesson 37; printed p. 160,Stage1 rule text + Stage2 classification; error frequency not claimed by source,misconception-catalogue-recovered-v1.0.0,CANDIDATE_PREDEPLOY_CONTENT_REVIEW,NOT_YET_OBSERVED__STAGE27_CALIBRATION,19ef3561-b32d-5302-b285-3aec35a14491,OVERGENERALIZATION,تعمیم بیش‌ازحد قاعده,قاعدهٔ هدف «پس از برخی صفت‌ها/اسم‌ها de و پس از برخی ساخت‌ها à می‌آید.» را بدون توجه به شرط، نقش یا محدودیت بافتی زیرموضوع «صفت/اسم + حرف اضافه + مصدر» به همهٔ موارد مشابه تعمیم می‌دهد.,ساخت distractor با اجرای قاعدهٔ عمومی در جایی که شرط دقیق subtopic آن را مجاز نمی‌کند.,اگر کاربر این گزینه را انتخاب کند، احتمالاً قاعده را می‌داند اما دامنهٔ کاربرد آن را بیش از حد گسترده گرفته است.,CORE,
7a66cb3a-470c-4ae3-ae32-325cf327c9f9,37,LES PRÉPOSITIONS et LES VERBES,efee7130-8410-42d5-b69e-3236ccdea740,L37-S03,Adjectif/nom + « de/à » + infinitif,صفت/اسم + حرف اضافه + مصدر,CAT08,SUB22,NONFINITE_ASPECT,ساخت‌های غیرصرفی و نمود,Lesson 37; printed p. 160,Stage1 rule text + Stage2 classification; error frequency not claimed by source,misconception-catalogue-recovered-v1.0.0,CANDIDATE_PREDEPLOY_CONTENT_REVIEW,NOT_YET_OBSERVED__STAGE27_CALIBRATION,2d29b163-0748-5be0-af0b-c913b1c28b6e,NEAR_FORM_CONFUSION,اشتباه با فرم/قاعده نزدیک,مصدر، gérondif، participe یا periphrase نزدیک را بدون توجه به فاعل/هم‌زمانی/نمود انتخاب می‌کند.,یک فرم واقعی و نزدیک از همان خانواده انتخاب شود؛ فرم باید در context دیگری معتبر باشد ولی اینجا به‌طور قطعی غلط باشد.,انتخاب آن نشان می‌دهد تمایز میان قاعده هدف و همسایهٔ نزدیک هنوز پایدار نشده است.,CORE,
7a66cb3a-470c-4ae3-ae32-325cf327c9f9,37,LES PRÉPOSITIONS et LES VERBES,efee7130-8410-42d5-b69e-3236ccdea740,L37-S03,Adjectif/nom + « de/à » + infinitif,صفت/اسم + حرف اضافه + مصدر,CAT08,SUB22,NONFINITE_ASPECT,ساخت‌های غیرصرفی و نمود,Lesson 37; printed p. 160,Stage1 rule text + Stage2 classification; error frequency not claimed by source,misconception-catalogue-recovered-v1.0.0,CANDIDATE_PREDEPLOY_CONTENT_REVIEW,NOT_YET_OBSERVED__STAGE27_CALIBRATION,fa050066-5bb3-5cc6-8bc4-5facbc86e0a0,CONTEXT_ROLE_MISMATCH,انتقال قاعده درست به context نادرست,ساخت غیرصرفی درست در بافت دیگری را با فاعل، توالی یا aspect نامتناسب به جمله فعلی منتقل می‌کند.,distractor از قاعده‌ای ساخته شود که به‌خودی‌خود معتبر است، اما نقش/مرجع/زمان/register این context با آن سازگار نیست.,انتخاب آن نشانهٔ تحلیل ناکافی context یا نقش دستوری است، نه صرفاً ندانستن شکل ظاهری.,CORE,
7a66cb3a-470c-4ae3-ae32-325cf327c9f9,37,LES PRÉPOSITIONS et LES VERBES,e10a6148-3531-4d88-8de7-cebe4ef4a2ee,L37-S04,Verbes de goût/projet sans préposition,افعال بدون حرف اضافه,CAT08,SUB22,PREPOSITION_RECTION,حرف اضافه/رکسیون/ارجاع مکانی-زمانی,Lesson 37; printed p. 160,Stage1 rule text + Stage2 classification; error frequency not claimed by source,misconception-catalogue-recovered-v1.0.0,CANDIDATE_PREDEPLOY_CONTENT_REVIEW,NOT_YET_OBSERVED__STAGE27_CALIBRATION,f5ae0af5-9863-51b3-973f-6e96989a3ea2,OVERGENERALIZATION,تعمیم بیش‌ازحد قاعده,قاعدهٔ هدف «adorer/détester/espérer/penser + infinitif بدون حرف اضافه می‌آیند.» را بدون توجه به شرط، نقش یا محدودیت بافتی زیرموضوع «افعال بدون حرف اضافه» به همهٔ موارد مشابه تعمیم می‌دهد.,ساخت distractor با اجرای قاعدهٔ عمومی در جایی که شرط دقیق subtopic آن را مجاز نمی‌کند.,اگر کاربر این گزینه را انتخاب کند، احتمالاً قاعده را می‌داند اما دامنهٔ کاربرد آن را بیش از حد گسترده گرفته است.,CORE,کتاب J’espère partir را درست و شکل با de را نادرست نشان می‌دهد.
7a66cb3a-470c-4ae3-ae32-325cf327c9f9,37,LES PRÉPOSITIONS et LES VERBES,e10a6148-3531-4d88-8de7-cebe4ef4a2ee,L37-S04,Verbes de goût/projet sans préposition,افعال بدون حرف اضافه,CAT08,SUB22,PREPOSITION_RECTION,حرف اضافه/رکسیون/ارجاع مکانی-زمانی,Lesson 37; printed p. 160,Stage1 rule text + Stage2 classification; error frequency not claimed by source,misconception-catalogue-recovered-v1.0.0,CANDIDATE_PREDEPLOY_CONTENT_REVIEW,NOT_YET_OBSERVED__STAGE27_CALIBRATION,fdb8aa88-05b9-5110-ad6b-fc74023f44a5,NEAR_FORM_CONFUSION,اشتباه با فرم/قاعده نزدیک,حرف اضافهٔ پرتکرار یا نزدیک را بدون توجه به رکسیون، مکان/زمان یا معنای مکمل جایگزین می‌کند.,یک فرم واقعی و نزدیک از همان خانواده انتخاب شود؛ فرم باید در context دیگری معتبر باشد ولی اینجا به‌طور قطعی غلط باشد.,انتخاب آن نشان می‌دهد تمایز میان قاعده هدف و همسایهٔ نزدیک هنوز پایدار نشده است.,CORE,کتاب J’espère partir را درست و شکل با de را نادرست نشان می‌دهد.
7a66cb3a-470c-4ae3-ae32-325cf327c9f9,37,LES PRÉPOSITIONS et LES VERBES,e10a6148-3531-4d88-8de7-cebe4ef4a2ee,L37-S04,Verbes de goût/projet sans préposition,افعال بدون حرف اضافه,CAT08,SUB22,PREPOSITION_RECTION,حرف اضافه/رکسیون/ارجاع مکانی-زمانی,Lesson 37; printed p. 160,Stage1 rule text + Stage2 classification; error frequency not claimed by source,misconception-catalogue-recovered-v1.0.0,CANDIDATE_PREDEPLOY_CONTENT_REVIEW,NOT_YET_OBSERVED__STAGE27_CALIBRATION,7588c3ac-fd52-5e8f-95a5-7a065e69e200,CONTEXT_ROLE_MISMATCH,انتقال قاعده درست به context نادرست,حرف اضافه‌ای را که در context مکانی/زمانی یا با فعل دیگری درست است، به ساخت هدف منتقل می‌کند.,distractor از قاعده‌ای ساخته شود که به‌خودی‌خود معتبر است، اما نقش/مرجع/زمان/register این context با آن سازگار نیست.,انتخاب آن نشانهٔ تحلیل ناکافی context یا نقش دستوری است، نه صرفاً ندانستن شکل ظاهری.,CORE,کتاب J’espère partir را درست و شکل با de را نادرست نشان می‌دهد.
7a66cb3a-470c-4ae3-ae32-325cf327c9f9,37,LES PRÉPOSITIONS et LES VERBES,e10a6148-3531-4d88-8de7-cebe4ef4a2ee,L37-S04,Verbes de goût/projet sans préposition,افعال بدون حرف اضافه,CAT08,SUB22,PREPOSITION_RECTION,حرف اضافه/رکسیون/ارجاع مکانی-زمانی,Lesson 37; printed p. 160,Stage1 rule text + Stage2 classification; error frequency not claimed by source,misconception-catalogue-recovered-v1.0.0,CANDIDATE_PREDEPLOY_CONTENT_REVIEW,NOT_YET_OBSERVED__STAGE27_CALIBRATION,c9a9128c-16ab-5e82-80b0-1a25f209acf0,EXCEPTION_NEGLECT,نادیده‌گرفتن استثنا/محدودیت صریح,قاعدهٔ عمومی زیرموضوع «افعال بدون حرف اضافه» را اعمال می‌کند اما نکته/استثنای صریح ثبت‌شده را نادیده می‌گیرد: کتاب J’espère partir را درست و شکل با de را نادرست نشان می‌دهد.,گزینه از خروجی قاعدهٔ عمومی ساخته شود؛ تنها تفاوت باید همان استثنا/محدودیت ثبت‌شده باشد.,انتخاب آن به‌طور مستقیم نشان می‌دهد قاعده عمومی بازیابی شده ولی استثنای کتاب تثبیت نشده است.,HIGH_EXCEPTION,کتاب J’espère partir را درست و شکل با de را نادرست نشان می‌دهد.
7a66cb3a-470c-4ae3-ae32-325cf327c9f9,37,LES PRÉPOSITIONS et LES VERBES,ffa4a61a-e05e-417b-a5e6-168c69de6a8f,L37-S05,Infinitif sujet sans préposition,مصدرِ فاعلی,CAT08,SUB22,NONFINITE_ASPECT,ساخت‌های غیرصرفی و نمود,Lesson 37; printed p. 160,Stage1 rule text + Stage2 classification; error frequency not claimed by source,misconception-catalogue-recovered-v1.0.0,CANDIDATE_PREDEPLOY_CONTENT_REVIEW,NOT_YET_OBSERVED__STAGE27_CALIBRATION,dc47e5ff-43db-5a27-9a09-2a966c4a5dbb,OVERGENERALIZATION,تعمیم بیش‌ازحد قاعده,قاعدهٔ هدف «وقتی مصدر نقش فاعل/مفهوم کلی دارد، پیش از آن حرف اضافه نمی‌آید.» را بدون توجه به شرط، نقش یا محدودیت بافتی زیرموضوع «مصدرِ فاعلی» به همهٔ موارد مشابه تعمیم می‌دهد.,ساخت distractor با اجرای قاعدهٔ عمومی در جایی که شرط دقیق subtopic آن را مجاز نمی‌کند.,اگر کاربر این گزینه را انتخاب کند، احتمالاً قاعده را می‌داند اما دامنهٔ کاربرد آن را بیش از حد گسترده گرفته است.,CORE,
7a66cb3a-470c-4ae3-ae32-325cf327c9f9,37,LES PRÉPOSITIONS et LES VERBES,ffa4a61a-e05e-417b-a5e6-168c69de6a8f,L37-S05,Infinitif sujet sans préposition,مصدرِ فاعلی,CAT08,SUB22,NONFINITE_ASPECT,ساخت‌های غیرصرفی و نمود,Lesson 37; printed p. 160,Stage1 rule text + Stage2 classification; error frequency not claimed by source,misconception-catalogue-recovered-v1.0.0,CANDIDATE_PREDEPLOY_CONTENT_REVIEW,NOT_YET_OBSERVED__STAGE27_CALIBRATION,6f7a6d6a-ab84-5713-bc77-97e125a14e0e,NEAR_FORM_CONFUSION,اشتباه با فرم/قاعده نزدیک,مصدر، gérondif، participe یا periphrase نزدیک را بدون توجه به فاعل/هم‌زمانی/نمود انتخاب می‌کند.,یک فرم واقعی و نزدیک از همان خانواده انتخاب شود؛ فرم باید در context دیگری معتبر باشد ولی اینجا به‌طور قطعی غلط باشد.,انتخاب آن نشان می‌دهد تمایز میان قاعده هدف و همسایهٔ نزدیک هنوز پایدار نشده است.,CORE,
7a66cb3a-470c-4ae3-ae32-325cf327c9f9,37,LES PRÉPOSITIONS et LES VERBES,ffa4a61a-e05e-417b-a5e6-168c69de6a8f,L37-S05,Infinitif sujet sans préposition,مصدرِ فاعلی,CAT08,SUB22,NONFINITE_ASPECT,ساخت‌های غیرصرفی و نمود,Lesson 37; printed p. 160,Stage1 rule text + Stage2 classification; error frequency not claimed by source,misconception-catalogue-recovered-v1.0.0,CANDIDATE_PREDEPLOY_CONTENT_REVIEW,NOT_YET_OBSERVED__STAGE27_CALIBRATION,805e93ad-2220-5cb3-82ae-d11014fb0a47,CONTEXT_ROLE_MISMATCH,انتقال قاعده درست به context نادرست,ساخت غیرصرفی درست در بافت دیگری را با فاعل، توالی یا aspect نامتناسب به جمله فعلی منتقل می‌کند.,distractor از قاعده‌ای ساخته شود که به‌خودی‌خود معتبر است، اما نقش/مرجع/زمان/register این context با آن سازگار نیست.,انتخاب آن نشانهٔ تحلیل ناکافی context یا نقش دستوری است، نه صرفاً ندانستن شکل ظاهری.,CORE,
d138adce-c139-454e-b3a3-1ff9464bd0e8,38,LES VERBES de DÉPLACEMENT,49111ec0-5e20-4a63-ab7d-fe23554f62ac,L38-S01,« aller » vs « venir »,aller در برابر venir,CAT01,SUB03,GENERAL_GRAMMAR,گرامر عمومی,Lesson 38; printed p. 164,Stage1 rule text + Stage2 classification; error frequency not claimed by source,misconception-catalogue-recovered-v1.0.0,CANDIDATE_PREDEPLOY_CONTENT_REVIEW,NOT_YET_OBSERVED__STAGE27_CALIBRATION,f5db4a89-5efa-505a-a027-1bc244310140,OVERGENERALIZATION,تعمیم بیش‌ازحد قاعده,قاعدهٔ هدف «aller حرکت از نقطهٔ فعلی به جای دیگر و venir حرکت به سوی نقطهٔ مرجع است.» را بدون توجه به شرط، نقش یا محدودیت بافتی زیرموضوع «aller در برابر venir» به همهٔ موارد مشابه تعمیم می‌دهد.,ساخت distractor با اجرای قاعدهٔ عمومی در جایی که شرط دقیق subtopic آن را مجاز نمی‌کند.,اگر کاربر این گزینه را انتخاب کند، احتمالاً قاعده را می‌داند اما دامنهٔ کاربرد آن را بیش از حد گسترده گرفته است.,CORE,
d138adce-c139-454e-b3a3-1ff9464bd0e8,38,LES VERBES de DÉPLACEMENT,49111ec0-5e20-4a63-ab7d-fe23554f62ac,L38-S01,« aller » vs « venir »,aller در برابر venir,CAT01,SUB03,GENERAL_GRAMMAR,گرامر عمومی,Lesson 38; printed p. 164,Stage1 rule text + Stage2 classification; error frequency not claimed by source,misconception-catalogue-recovered-v1.0.0,CANDIDATE_PREDEPLOY_CONTENT_REVIEW,NOT_YET_OBSERVED__STAGE27_CALIBRATION,5c0367f7-116b-5dfb-8def-fe66f7796232,NEAR_FORM_CONFUSION,اشتباه با فرم/قاعده نزدیک,ساخت گرامری نزدیک و در ظاهر معتبر را به‌جای ساخت هدف انتخاب می‌کند.,یک فرم واقعی و نزدیک از همان خانواده انتخاب شود؛ فرم باید در context دیگری معتبر باشد ولی اینجا به‌طور قطعی غلط باشد.,انتخاب آن نشان می‌دهد تمایز میان قاعده هدف و همسایهٔ نزدیک هنوز پایدار نشده است.,CORE,
d138adce-c139-454e-b3a3-1ff9464bd0e8,38,LES VERBES de DÉPLACEMENT,49111ec0-5e20-4a63-ab7d-fe23554f62ac,L38-S01,« aller » vs « venir »,aller در برابر venir,CAT01,SUB03,GENERAL_GRAMMAR,گرامر عمومی,Lesson 38; printed p. 164,Stage1 rule text + Stage2 classification; error frequency not claimed by source,misconception-catalogue-recovered-v1.0.0,CANDIDATE_PREDEPLOY_CONTENT_REVIEW,NOT_YET_OBSERVED__STAGE27_CALIBRATION,e56cf467-12ba-534a-97f9-82ed2f32e60f,CONTEXT_ROLE_MISMATCH,انتقال قاعده درست به context نادرست,قاعده‌ای که به‌خودی‌خود معتبر است را در نقش، زمان، مرجع یا context نامتناسب به‌کار می‌برد.,distractor از قاعده‌ای ساخته شود که به‌خودی‌خود معتبر است، اما نقش/مرجع/زمان/register این context با آن سازگار نیست.,انتخاب آن نشانهٔ تحلیل ناکافی context یا نقش دستوری است، نه صرفاً ندانستن شکل ظاهری.,CORE,
d138adce-c139-454e-b3a3-1ff9464bd0e8,38,LES VERBES de DÉPLACEMENT,0b71d77b-bd78-48ad-bc64-fbdc9dfb7d17,L38-S02,« retourner » vs « revenir »,retourner در برابر revenir,CAT01,SUB03,GENERAL_GRAMMAR,گرامر عمومی,Lesson 38; printed p. 164,Stage1 rule text + Stage2 classification; error frequency not claimed by source,misconception-catalogue-recovered-v1.0.0,CANDIDATE_PREDEPLOY_CONTENT_REVIEW,NOT_YET_OBSERVED__STAGE27_CALIBRATION,c2b9b078-824a-5b7d-b254-abdc44941109,OVERGENERALIZATION,تعمیم بیش‌ازحد قاعده,قاعدهٔ هدف «retourner یعنی دوباره رفتن؛ revenir یعنی دوباره آمدن به سمت مرجع.» را بدون توجه به شرط، نقش یا محدودیت بافتی زیرموضوع «retourner در برابر revenir» به همهٔ موارد مشابه تعمیم می‌دهد.,ساخت distractor با اجرای قاعدهٔ عمومی در جایی که شرط دقیق subtopic آن را مجاز نمی‌کند.,اگر کاربر این گزینه را انتخاب کند، احتمالاً قاعده را می‌داند اما دامنهٔ کاربرد آن را بیش از حد گسترده گرفته است.,CORE,
d138adce-c139-454e-b3a3-1ff9464bd0e8,38,LES VERBES de DÉPLACEMENT,0b71d77b-bd78-48ad-bc64-fbdc9dfb7d17,L38-S02,« retourner » vs « revenir »,retourner در برابر revenir,CAT01,SUB03,GENERAL_GRAMMAR,گرامر عمومی,Lesson 38; printed p. 164,Stage1 rule text + Stage2 classification; error frequency not claimed by source,misconception-catalogue-recovered-v1.0.0,CANDIDATE_PREDEPLOY_CONTENT_REVIEW,NOT_YET_OBSERVED__STAGE27_CALIBRATION,fc82035f-a21f-575c-b446-f1710e3fa80d,NEAR_FORM_CONFUSION,اشتباه با فرم/قاعده نزدیک,ساخت گرامری نزدیک و در ظاهر معتبر را به‌جای ساخت هدف انتخاب می‌کند.,یک فرم واقعی و نزدیک از همان خانواده انتخاب شود؛ فرم باید در context دیگری معتبر باشد ولی اینجا به‌طور قطعی غلط باشد.,انتخاب آن نشان می‌دهد تمایز میان قاعده هدف و همسایهٔ نزدیک هنوز پایدار نشده است.,CORE,
d138adce-c139-454e-b3a3-1ff9464bd0e8,38,LES VERBES de DÉPLACEMENT,0b71d77b-bd78-48ad-bc64-fbdc9dfb7d17,L38-S02,« retourner » vs « revenir »,retourner در برابر revenir,CAT01,SUB03,GENERAL_GRAMMAR,گرامر عمومی,Lesson 38; printed p. 164,Stage1 rule text + Stage2 classification; error frequency not claimed by source,misconception-catalogue-recovered-v1.0.0,CANDIDATE_PREDEPLOY_CONTENT_REVIEW,NOT_YET_OBSERVED__STAGE27_CALIBRATION,a1cdbe21-e30b-582f-9465-d3643d8ee1a9,CONTEXT_ROLE_MISMATCH,انتقال قاعده درست به context نادرست,قاعده‌ای که به‌خودی‌خود معتبر است را در نقش، زمان، مرجع یا context نامتناسب به‌کار می‌برد.,distractor از قاعده‌ای ساخته شود که به‌خودی‌خود معتبر است، اما نقش/مرجع/زمان/register این context با آن سازگار نیست.,انتخاب آن نشانهٔ تحلیل ناکافی context یا نقش دستوری است، نه صرفاً ندانستن شکل ظاهری.,CORE,
d138adce-c139-454e-b3a3-1ff9464bd0e8,38,LES VERBES de DÉPLACEMENT,915bb937-ae94-4d2a-9e18-f40310946474,L38-S03,« rentrer »,rentrer,CAT01,SUB03,GENERAL_GRAMMAR,گرامر عمومی,Lesson 38; printed p. 164,Stage1 rule text + Stage2 classification; error frequency not claimed by source,misconception-catalogue-recovered-v1.0.0,CANDIDATE_PREDEPLOY_CONTENT_REVIEW,NOT_YET_OBSERVED__STAGE27_CALIBRATION,b03504e5-c962-5221-a74a-3a7dc86305ca,OVERGENERALIZATION,تعمیم بیش‌ازحد قاعده,قاعدهٔ هدف «rentrer بازگشت به خانه/محل سکونت یا کشور مبدأ را بیان می‌کند.» را بدون توجه به شرط، نقش یا محدودیت بافتی زیرموضوع «rentrer» به همهٔ موارد مشابه تعمیم می‌دهد.,ساخت distractor با اجرای قاعدهٔ عمومی در جایی که شرط دقیق subtopic آن را مجاز نمی‌کند.,اگر کاربر این گزینه را انتخاب کند، احتمالاً قاعده را می‌داند اما دامنهٔ کاربرد آن را بیش از حد گسترده گرفته است.,CORE,
d138adce-c139-454e-b3a3-1ff9464bd0e8,38,LES VERBES de DÉPLACEMENT,915bb937-ae94-4d2a-9e18-f40310946474,L38-S03,« rentrer »,rentrer,CAT01,SUB03,GENERAL_GRAMMAR,گرامر عمومی,Lesson 38; printed p. 164,Stage1 rule text + Stage2 classification; error frequency not claimed by source,misconception-catalogue-recovered-v1.0.0,CANDIDATE_PREDEPLOY_CONTENT_REVIEW,NOT_YET_OBSERVED__STAGE27_CALIBRATION,a41154d7-71e2-575c-8dd0-dc12b7325849,NEAR_FORM_CONFUSION,اشتباه با فرم/قاعده نزدیک,ساخت گرامری نزدیک و در ظاهر معتبر را به‌جای ساخت هدف انتخاب می‌کند.,یک فرم واقعی و نزدیک از همان خانواده انتخاب شود؛ فرم باید در context دیگری معتبر باشد ولی اینجا به‌طور قطعی غلط باشد.,انتخاب آن نشان می‌دهد تمایز میان قاعده هدف و همسایهٔ نزدیک هنوز پایدار نشده است.,CORE,
d138adce-c139-454e-b3a3-1ff9464bd0e8,38,LES VERBES de DÉPLACEMENT,915bb937-ae94-4d2a-9e18-f40310946474,L38-S03,« rentrer »,rentrer,CAT01,SUB03,GENERAL_GRAMMAR,گرامر عمومی,Lesson 38; printed p. 164,Stage1 rule text + Stage2 classification; error frequency not claimed by source,misconception-catalogue-recovered-v1.0.0,CANDIDATE_PREDEPLOY_CONTENT_REVIEW,NOT_YET_OBSERVED__STAGE27_CALIBRATION,5172a192-051c-56b6-a4e9-92ff14f65cab,CONTEXT_ROLE_MISMATCH,انتقال قاعده درست به context نادرست,قاعده‌ای که به‌خودی‌خود معتبر است را در نقش، زمان، مرجع یا context نامتناسب به‌کار می‌برد.,distractor از قاعده‌ای ساخته شود که به‌خودی‌خود معتبر است، اما نقش/مرجع/زمان/register این context با آن سازگار نیست.,انتخاب آن نشانهٔ تحلیل ناکافی context یا نقش دستوری است، نه صرفاً ندانستن شکل ظاهری.,CORE,
d138adce-c139-454e-b3a3-1ff9464bd0e8,38,LES VERBES de DÉPLACEMENT,a11e9294-f086-45ad-a720-b4f8d3582754,L38-S04,« avec moi/nous » et « venir »,با من/ما و venir,CAT01,SUB03,GENERAL_GRAMMAR,گرامر عمومی,Lesson 38; printed p. 164,Stage1 rule text + Stage2 classification; error frequency not claimed by source,misconception-catalogue-recovered-v1.0.0,CANDIDATE_PREDEPLOY_CONTENT_REVIEW,NOT_YET_OBSERVED__STAGE27_CALIBRATION,cd5191ae-0acf-54eb-9af2-e10189a49db9,OVERGENERALIZATION,تعمیم بیش‌ازحد قاعده,قاعدهٔ هدف «در ساخت «با من/ما»، کتاب venir را طبیعی می‌داند.» را بدون توجه به شرط، نقش یا محدودیت بافتی زیرموضوع «با من/ما و venir» به همهٔ موارد مشابه تعمیم می‌دهد.,ساخت distractor با اجرای قاعدهٔ عمومی در جایی که شرط دقیق subtopic آن را مجاز نمی‌کند.,اگر کاربر این گزینه را انتخاب کند، احتمالاً قاعده را می‌داند اما دامنهٔ کاربرد آن را بیش از حد گسترده گرفته است.,CORE,
d138adce-c139-454e-b3a3-1ff9464bd0e8,38,LES VERBES de DÉPLACEMENT,a11e9294-f086-45ad-a720-b4f8d3582754,L38-S04,« avec moi/nous » et « venir »,با من/ما و venir,CAT01,SUB03,GENERAL_GRAMMAR,گرامر عمومی,Lesson 38; printed p. 164,Stage1 rule text + Stage2 classification; error frequency not claimed by source,misconception-catalogue-recovered-v1.0.0,CANDIDATE_PREDEPLOY_CONTENT_REVIEW,NOT_YET_OBSERVED__STAGE27_CALIBRATION,113f4468-b520-5c7b-85e5-658ec7bbd77c,NEAR_FORM_CONFUSION,اشتباه با فرم/قاعده نزدیک,ساخت گرامری نزدیک و در ظاهر معتبر را به‌جای ساخت هدف انتخاب می‌کند.,یک فرم واقعی و نزدیک از همان خانواده انتخاب شود؛ فرم باید در context دیگری معتبر باشد ولی اینجا به‌طور قطعی غلط باشد.,انتخاب آن نشان می‌دهد تمایز میان قاعده هدف و همسایهٔ نزدیک هنوز پایدار نشده است.,CORE,
d138adce-c139-454e-b3a3-1ff9464bd0e8,38,LES VERBES de DÉPLACEMENT,a11e9294-f086-45ad-a720-b4f8d3582754,L38-S04,« avec moi/nous » et « venir »,با من/ما و venir,CAT01,SUB03,GENERAL_GRAMMAR,گرامر عمومی,Lesson 38; printed p. 164,Stage1 rule text + Stage2 classification; error frequency not claimed by source,misconception-catalogue-recovered-v1.0.0,CANDIDATE_PREDEPLOY_CONTENT_REVIEW,NOT_YET_OBSERVED__STAGE27_CALIBRATION,0b6870c5-16cd-59eb-8224-c68698ce08d5,CONTEXT_ROLE_MISMATCH,انتقال قاعده درست به context نادرست,قاعده‌ای که به‌خودی‌خود معتبر است را در نقش، زمان، مرجع یا context نامتناسب به‌کار می‌برد.,distractor از قاعده‌ای ساخته شود که به‌خودی‌خود معتبر است، اما نقش/مرجع/زمان/register این context با آن سازگار نیست.,انتخاب آن نشانهٔ تحلیل ناکافی context یا نقش دستوری است، نه صرفاً ندانستن شکل ظاهری.,CORE,
d138adce-c139-454e-b3a3-1ff9464bd0e8,38,LES VERBES de DÉPLACEMENT,c690a2f0-9917-4311-8823-683acb6d8dba,L38-S05,Verbe de déplacement + infinitif,فعل حرکت + مصدر,CAT01,SUB03,NONFINITE_ASPECT,ساخت‌های غیرصرفی و نمود,Lesson 38; printed p. 164,Stage1 rule text + Stage2 classification; error frequency not claimed by source,misconception-catalogue-recovered-v1.0.0,CANDIDATE_PREDEPLOY_CONTENT_REVIEW,NOT_YET_OBSERVED__STAGE27_CALIBRATION,ed063aa4-d467-56ee-920d-3ec81f1e5c14,OVERGENERALIZATION,تعمیم بیش‌ازحد قاعده,قاعدهٔ هدف «افعال حرکت مانند aller/venir/monter/passer می‌توانند مستقیماً مصدر هدف را بدون حرف اضافه بگیرند.» را بدون توجه به شرط، نقش یا محدودیت بافتی زیرموضوع «فعل حرکت + مصدر» به همهٔ موارد مشابه تعمیم می‌دهد.,ساخت distractor با اجرای قاعدهٔ عمومی در جایی که شرط دقیق subtopic آن را مجاز نمی‌کند.,اگر کاربر این گزینه را انتخاب کند، احتمالاً قاعده را می‌داند اما دامنهٔ کاربرد آن را بیش از حد گسترده گرفته است.,CORE,
d138adce-c139-454e-b3a3-1ff9464bd0e8,38,LES VERBES de DÉPLACEMENT,c690a2f0-9917-4311-8823-683acb6d8dba,L38-S05,Verbe de déplacement + infinitif,فعل حرکت + مصدر,CAT01,SUB03,NONFINITE_ASPECT,ساخت‌های غیرصرفی و نمود,Lesson 38; printed p. 164,Stage1 rule text + Stage2 classification; error frequency not claimed by source,misconception-catalogue-recovered-v1.0.0,CANDIDATE_PREDEPLOY_CONTENT_REVIEW,NOT_YET_OBSERVED__STAGE27_CALIBRATION,68bb36de-4229-5ba6-b789-76abe9e948ca,NEAR_FORM_CONFUSION,اشتباه با فرم/قاعده نزدیک,مصدر، gérondif، participe یا periphrase نزدیک را بدون توجه به فاعل/هم‌زمانی/نمود انتخاب می‌کند.,یک فرم واقعی و نزدیک از همان خانواده انتخاب شود؛ فرم باید در context دیگری معتبر باشد ولی اینجا به‌طور قطعی غلط باشد.,انتخاب آن نشان می‌دهد تمایز میان قاعده هدف و همسایهٔ نزدیک هنوز پایدار نشده است.,CORE,
d138adce-c139-454e-b3a3-1ff9464bd0e8,38,LES VERBES de DÉPLACEMENT,c690a2f0-9917-4311-8823-683acb6d8dba,L38-S05,Verbe de déplacement + infinitif,فعل حرکت + مصدر,CAT01,SUB03,NONFINITE_ASPECT,ساخت‌های غیرصرفی و نمود,Lesson 38; printed p. 164,Stage1 rule text + Stage2 classification; error frequency not claimed by source,misconception-catalogue-recovered-v1.0.0,CANDIDATE_PREDEPLOY_CONTENT_REVIEW,NOT_YET_OBSERVED__STAGE27_CALIBRATION,885dfd64-bc0c-5087-aea9-b51764c8ab31,CONTEXT_ROLE_MISMATCH,انتقال قاعده درست به context نادرست,ساخت غیرصرفی درست در بافت دیگری را با فاعل، توالی یا aspect نامتناسب به جمله فعلی منتقل می‌کند.,distractor از قاعده‌ای ساخته شود که به‌خودی‌خود معتبر است، اما نقش/مرجع/زمان/register این context با آن سازگار نیست.,انتخاب آن نشانهٔ تحلیل ناکافی context یا نقش دستوری است، نه صرفاً ندانستن شکل ظاهری.,CORE,
d138adce-c139-454e-b3a3-1ff9464bd0e8,38,LES VERBES de DÉPLACEMENT,74af5963-2c56-4f57-a963-8ab0161caf09,L38-S06,« aller/venir voir » vs « visiter »,voir شخص در برابر visiter مکان,CAT01,SUB03,GENERAL_GRAMMAR,گرامر عمومی,Lesson 38; printed p. 164,Stage1 rule text + Stage2 classification; error frequency not claimed by source,misconception-catalogue-recovered-v1.0.0,CANDIDATE_PREDEPLOY_CONTENT_REVIEW,NOT_YET_OBSERVED__STAGE27_CALIBRATION,ca55b32e-7043-56e8-be7e-edf171c44e2e,OVERGENERALIZATION,تعمیم بیش‌ازحد قاعده,قاعدهٔ هدف «aller/venir voir برای دیدن شخص و visiter برای بازدید مکان/جاذبه است.» را بدون توجه به شرط، نقش یا محدودیت بافتی زیرموضوع «voir شخص در برابر visiter مکان» به همهٔ موارد مشابه تعمیم می‌دهد.,ساخت distractor با اجرای قاعدهٔ عمومی در جایی که شرط دقیق subtopic آن را مجاز نمی‌کند.,اگر کاربر این گزینه را انتخاب کند، احتمالاً قاعده را می‌داند اما دامنهٔ کاربرد آن را بیش از حد گسترده گرفته است.,CORE,
d138adce-c139-454e-b3a3-1ff9464bd0e8,38,LES VERBES de DÉPLACEMENT,74af5963-2c56-4f57-a963-8ab0161caf09,L38-S06,« aller/venir voir » vs « visiter »,voir شخص در برابر visiter مکان,CAT01,SUB03,GENERAL_GRAMMAR,گرامر عمومی,Lesson 38; printed p. 164,Stage1 rule text + Stage2 classification; error frequency not claimed by source,misconception-catalogue-recovered-v1.0.0,CANDIDATE_PREDEPLOY_CONTENT_REVIEW,NOT_YET_OBSERVED__STAGE27_CALIBRATION,ceb0f5f5-7d49-5224-9c80-92fad30a6e64,NEAR_FORM_CONFUSION,اشتباه با فرم/قاعده نزدیک,ساخت گرامری نزدیک و در ظاهر معتبر را به‌جای ساخت هدف انتخاب می‌کند.,یک فرم واقعی و نزدیک از همان خانواده انتخاب شود؛ فرم باید در context دیگری معتبر باشد ولی اینجا به‌طور قطعی غلط باشد.,انتخاب آن نشان می‌دهد تمایز میان قاعده هدف و همسایهٔ نزدیک هنوز پایدار نشده است.,CORE,
d138adce-c139-454e-b3a3-1ff9464bd0e8,38,LES VERBES de DÉPLACEMENT,74af5963-2c56-4f57-a963-8ab0161caf09,L38-S06,« aller/venir voir » vs « visiter »,voir شخص در برابر visiter مکان,CAT01,SUB03,GENERAL_GRAMMAR,گرامر عمومی,Lesson 38; printed p. 164,Stage1 rule text + Stage2 classification; error frequency not claimed by source,misconception-catalogue-recovered-v1.0.0,CANDIDATE_PREDEPLOY_CONTENT_REVIEW,NOT_YET_OBSERVED__STAGE27_CALIBRATION,621cb359-6ada-573e-bc01-ac353ab15d1d,CONTEXT_ROLE_MISMATCH,انتقال قاعده درست به context نادرست,قاعده‌ای که به‌خودی‌خود معتبر است را در نقش، زمان، مرجع یا context نامتناسب به‌کار می‌برد.,distractor از قاعده‌ای ساخته شود که به‌خودی‌خود معتبر است، اما نقش/مرجع/زمان/register این context با آن سازگار نیست.,انتخاب آن نشانهٔ تحلیل ناکافی context یا نقش دستوری است، نه صرفاً ندانستن شکل ظاهری.,CORE,
2cc8ffec-0888-40b2-bb6b-23bb8ebcd4f0,39,LE FUTUR PROCHE,9e5ff7cf-c8b4-41dd-8cd6-c8ac28a78108,L39-S01,Utilisation du futur proche,کاربرد futur proche,CAT02,SUB05,TENSE_ASPECT,زمان و نمود,Lesson 39; printed p. 166,Stage1 rule text + Stage2 classification; error frequency not claimed by source,misconception-catalogue-recovered-v1.0.0,CANDIDATE_PREDEPLOY_CONTENT_REVIEW,NOT_YET_OBSERVED__STAGE27_CALIBRATION,4611e416-d5bb-5017-a11d-00aea970a8bd,OVERGENERALIZATION,تعمیم بیش‌ازحد قاعده,قاعدهٔ هدف «futur proche رویداد آینده را اغلب با حس نزدیکی/فوریت بیان می‌کند.» را بدون توجه به شرط، نقش یا محدودیت بافتی زیرموضوع «کاربرد futur proche» به همهٔ موارد مشابه تعمیم می‌دهد.,ساخت distractor با اجرای قاعدهٔ عمومی در جایی که شرط دقیق subtopic آن را مجاز نمی‌کند.,اگر کاربر این گزینه را انتخاب کند، احتمالاً قاعده را می‌داند اما دامنهٔ کاربرد آن را بیش از حد گسترده گرفته است.,CORE,
2cc8ffec-0888-40b2-bb6b-23bb8ebcd4f0,39,LE FUTUR PROCHE,9e5ff7cf-c8b4-41dd-8cd6-c8ac28a78108,L39-S01,Utilisation du futur proche,کاربرد futur proche,CAT02,SUB05,TENSE_ASPECT,زمان و نمود,Lesson 39; printed p. 166,Stage1 rule text + Stage2 classification; error frequency not claimed by source,misconception-catalogue-recovered-v1.0.0,CANDIDATE_PREDEPLOY_CONTENT_REVIEW,NOT_YET_OBSERVED__STAGE27_CALIBRATION,4be3fd59-3cef-5b02-818b-3653f3583a34,NEAR_FORM_CONFUSION,اشتباه با فرم/قاعده نزدیک,زمان یا نمود نزدیک را بدون توجه به chronology، عادت/رویداد یا استمرار context انتخاب می‌کند.,یک فرم واقعی و نزدیک از همان خانواده انتخاب شود؛ فرم باید در context دیگری معتبر باشد ولی اینجا به‌طور قطعی غلط باشد.,انتخاب آن نشان می‌دهد تمایز میان قاعده هدف و همسایهٔ نزدیک هنوز پایدار نشده است.,CORE,
2cc8ffec-0888-40b2-bb6b-23bb8ebcd4f0,39,LE FUTUR PROCHE,9e5ff7cf-c8b4-41dd-8cd6-c8ac28a78108,L39-S01,Utilisation du futur proche,کاربرد futur proche,CAT02,SUB05,TENSE_ASPECT,زمان و نمود,Lesson 39; printed p. 166,Stage1 rule text + Stage2 classification; error frequency not claimed by source,misconception-catalogue-recovered-v1.0.0,CANDIDATE_PREDEPLOY_CONTENT_REVIEW,NOT_YET_OBSERVED__STAGE27_CALIBRATION,069f3abd-67e7-597f-984a-12156c37fa52,CONTEXT_ROLE_MISMATCH,انتقال قاعده درست به context نادرست,زمانی را که در روایت دیگری درست است به context فعلی منتقل می‌کند و cueهای زمانی/نمودی را نادیده می‌گیرد.,distractor از قاعده‌ای ساخته شود که به‌خودی‌خود معتبر است، اما نقش/مرجع/زمان/register این context با آن سازگار نیست.,انتخاب آن نشانهٔ تحلیل ناکافی context یا نقش دستوری است، نه صرفاً ندانستن شکل ظاهری.,CORE,
2cc8ffec-0888-40b2-bb6b-23bb8ebcd4f0,39,LE FUTUR PROCHE,31193bae-229f-465e-a787-fb1b9a85f92e,L39-S02,Formation « aller + infinitif »,aller + مصدر,CAT02,SUB05,NONFINITE_ASPECT,ساخت‌های غیرصرفی و نمود,Lesson 39; printed p. 166,Stage1 rule text + Stage2 classification; error frequency not claimed by source,misconception-catalogue-recovered-v1.0.0,CANDIDATE_PREDEPLOY_CONTENT_REVIEW,NOT_YET_OBSERVED__STAGE27_CALIBRATION,41612fe2-bdb4-5bed-be32-dbcc59c0ed02,OVERGENERALIZATION,تعمیم بیش‌ازحد قاعده,قاعدهٔ هدف «futur proche با aller présent + infinitif ساخته می‌شود.» را بدون توجه به شرط، نقش یا محدودیت بافتی زیرموضوع «aller + مصدر» به همهٔ موارد مشابه تعمیم می‌دهد.,ساخت distractor با اجرای قاعدهٔ عمومی در جایی که شرط دقیق subtopic آن را مجاز نمی‌کند.,اگر کاربر این گزینه را انتخاب کند، احتمالاً قاعده را می‌داند اما دامنهٔ کاربرد آن را بیش از حد گسترده گرفته است.,CORE,
2cc8ffec-0888-40b2-bb6b-23bb8ebcd4f0,39,LE FUTUR PROCHE,31193bae-229f-465e-a787-fb1b9a85f92e,L39-S02,Formation « aller + infinitif »,aller + مصدر,CAT02,SUB05,NONFINITE_ASPECT,ساخت‌های غیرصرفی و نمود,Lesson 39; printed p. 166,Stage1 rule text + Stage2 classification; error frequency not claimed by source,misconception-catalogue-recovered-v1.0.0,CANDIDATE_PREDEPLOY_CONTENT_REVIEW,NOT_YET_OBSERVED__STAGE27_CALIBRATION,6fca23cc-223c-5eec-85f6-ea619224dc76,NEAR_FORM_CONFUSION,اشتباه با فرم/قاعده نزدیک,مصدر، gérondif، participe یا periphrase نزدیک را بدون توجه به فاعل/هم‌زمانی/نمود انتخاب می‌کند.,یک فرم واقعی و نزدیک از همان خانواده انتخاب شود؛ فرم باید در context دیگری معتبر باشد ولی اینجا به‌طور قطعی غلط باشد.,انتخاب آن نشان می‌دهد تمایز میان قاعده هدف و همسایهٔ نزدیک هنوز پایدار نشده است.,CORE,
2cc8ffec-0888-40b2-bb6b-23bb8ebcd4f0,39,LE FUTUR PROCHE,31193bae-229f-465e-a787-fb1b9a85f92e,L39-S02,Formation « aller + infinitif »,aller + مصدر,CAT02,SUB05,NONFINITE_ASPECT,ساخت‌های غیرصرفی و نمود,Lesson 39; printed p. 166,Stage1 rule text + Stage2 classification; error frequency not claimed by source,misconception-catalogue-recovered-v1.0.0,CANDIDATE_PREDEPLOY_CONTENT_REVIEW,NOT_YET_OBSERVED__STAGE27_CALIBRATION,a4fb0a09-1a5c-5df9-8089-eeb9bfa97529,CONTEXT_ROLE_MISMATCH,انتقال قاعده درست به context نادرست,ساخت غیرصرفی درست در بافت دیگری را با فاعل، توالی یا aspect نامتناسب به جمله فعلی منتقل می‌کند.,distractor از قاعده‌ای ساخته شود که به‌خودی‌خود معتبر است، اما نقش/مرجع/زمان/register این context با آن سازگار نیست.,انتخاب آن نشانهٔ تحلیل ناکافی context یا نقش دستوری است، نه صرفاً ندانستن شکل ظاهری.,CORE,
2cc8ffec-0888-40b2-bb6b-23bb8ebcd4f0,39,LE FUTUR PROCHE,846ed51a-9676-4ef4-b958-45d7d9b16bd1,L39-S03,Repères temporels,نشانه‌های زمانی آیندهٔ نزدیک,CAT02,SUB05,TENSE_ASPECT,زمان و نمود,Lesson 39; printed p. 166,Stage1 rule text + Stage2 classification; error frequency not claimed by source,misconception-catalogue-recovered-v1.0.0,CANDIDATE_PREDEPLOY_CONTENT_REVIEW,NOT_YET_OBSERVED__STAGE27_CALIBRATION,c48586da-bb46-5dd7-9ada-b358ee7b2067,OVERGENERALIZATION,تعمیم بیش‌ازحد قاعده,"قاعدهٔ هدف «demain, ce soir, la semaine prochaine, dans un an و مانند آن زمان آینده را مشخص می‌کنند.» را بدون توجه به شرط، نقش یا محدودیت بافتی زیرموضوع «نشانه‌های زمانی آیندهٔ نزدیک» به همهٔ موارد مشابه تعمیم می‌دهد.",ساخت distractor با اجرای قاعدهٔ عمومی در جایی که شرط دقیق subtopic آن را مجاز نمی‌کند.,اگر کاربر این گزینه را انتخاب کند، احتمالاً قاعده را می‌داند اما دامنهٔ کاربرد آن را بیش از حد گسترده گرفته است.,CORE,
2cc8ffec-0888-40b2-bb6b-23bb8ebcd4f0,39,LE FUTUR PROCHE,846ed51a-9676-4ef4-b958-45d7d9b16bd1,L39-S03,Repères temporels,نشانه‌های زمانی آیندهٔ نزدیک,CAT02,SUB05,TENSE_ASPECT,زمان و نمود,Lesson 39; printed p. 166,Stage1 rule text + Stage2 classification; error frequency not claimed by source,misconception-catalogue-recovered-v1.0.0,CANDIDATE_PREDEPLOY_CONTENT_REVIEW,NOT_YET_OBSERVED__STAGE27_CALIBRATION,004acb5c-92c0-5290-89e9-13a3ee570e4c,NEAR_FORM_CONFUSION,اشتباه با فرم/قاعده نزدیک,زمان یا نمود نزدیک را بدون توجه به chronology، عادت/رویداد یا استمرار context انتخاب می‌کند.,یک فرم واقعی و نزدیک از همان خانواده انتخاب شود؛ فرم باید در context دیگری معتبر باشد ولی اینجا به‌طور قطعی غلط باشد.,انتخاب آن نشان می‌دهد تمایز میان قاعده هدف و همسایهٔ نزدیک هنوز پایدار نشده است.,CORE,
2cc8ffec-0888-40b2-bb6b-23bb8ebcd4f0,39,LE FUTUR PROCHE,846ed51a-9676-4ef4-b958-45d7d9b16bd1,L39-S03,Repères temporels,نشانه‌های زمانی آیندهٔ نزدیک,CAT02,SUB05,TENSE_ASPECT,زمان و نمود,Lesson 39; printed p. 166,Stage1 rule text + Stage2 classification; error frequency not claimed by source,misconception-catalogue-recovered-v1.0.0,CANDIDATE_PREDEPLOY_CONTENT_REVIEW,NOT_YET_OBSERVED__STAGE27_CALIBRATION,b1a19899-5933-5d52-a1b8-94533548369f,CONTEXT_ROLE_MISMATCH,انتقال قاعده درست به context نادرست,زمانی را که در روایت دیگری درست است به context فعلی منتقل می‌کند و cueهای زمانی/نمودی را نادیده می‌گیرد.,distractor از قاعده‌ای ساخته شود که به‌خودی‌خود معتبر است، اما نقش/مرجع/زمان/register این context با آن سازگار نیست.,انتخاب آن نشانهٔ تحلیل ناکافی context یا نقش دستوری است، نه صرفاً ندانستن شکل ظاهری.,CORE,
2cc8ffec-0888-40b2-bb6b-23bb8ebcd4f0,39,LE FUTUR PROCHE,5329091c-b0ec-4138-a8a7-04f033a49fed,L39-S04,Place du pronom complément,جای ضمیر در futur proche,CAT02,SUB05,PRONOUN_REFERENCE,ضمیر و ارجاع,Lesson 39; printed p. 170,Stage1 rule text + Stage2 classification; error frequency not claimed by source,misconception-catalogue-recovered-v1.0.0,CANDIDATE_PREDEPLOY_CONTENT_REVIEW,NOT_YET_OBSERVED__STAGE27_CALIBRATION,a5c25c26-d2ce-5e1e-8f67-b5302bf6fb76,OVERGENERALIZATION,تعمیم بیش‌ازحد قاعده,قاعدهٔ هدف «ضمیر مفعولی پیش از مصدر قرار می‌گیرد، نه پیش از aller.» را بدون توجه به شرط، نقش یا محدودیت بافتی زیرموضوع «جای ضمیر در futur proche» به همهٔ موارد مشابه تعمیم می‌دهد.,ساخت distractor با اجرای قاعدهٔ عمومی در جایی که شرط دقیق subtopic آن را مجاز نمی‌کند.,اگر کاربر این گزینه را انتخاب کند، احتمالاً قاعده را می‌داند اما دامنهٔ کاربرد آن را بیش از حد گسترده گرفته است.,CORE,
2cc8ffec-0888-40b2-bb6b-23bb8ebcd4f0,39,LE FUTUR PROCHE,5329091c-b0ec-4138-a8a7-04f033a49fed,L39-S04,Place du pronom complément,جای ضمیر در futur proche,CAT02,SUB05,PRONOUN_REFERENCE,ضمیر و ارجاع,Lesson 39; printed p. 170,Stage1 rule text + Stage2 classification; error frequency not claimed by source,misconception-catalogue-recovered-v1.0.0,CANDIDATE_PREDEPLOY_CONTENT_REVIEW,NOT_YET_OBSERVED__STAGE27_CALIBRATION,48c6a355-8940-5ec7-80d7-21e9c960b5cb,NEAR_FORM_CONFUSION,اشتباه با فرم/قاعده نزدیک,نوع یا صورت ضمیر نزدیک (نقش، شخص، جنس/شمار یا نوع متمم متفاوت) را به‌جای ضمیر هدف انتخاب می‌کند.,یک فرم واقعی و نزدیک از همان خانواده انتخاب شود؛ فرم باید در context دیگری معتبر باشد ولی اینجا به‌طور قطعی غلط باشد.,انتخاب آن نشان می‌دهد تمایز میان قاعده هدف و همسایهٔ نزدیک هنوز پایدار نشده است.,CORE,
2cc8ffec-0888-40b2-bb6b-23bb8ebcd4f0,39,LE FUTUR PROCHE,5329091c-b0ec-4138-a8a7-04f033a49fed,L39-S04,Place du pronom complément,جای ضمیر در futur proche,CAT02,SUB05,PRONOUN_REFERENCE,ضمیر و ارجاع,Lesson 39; printed p. 170,Stage1 rule text + Stage2 classification; error frequency not claimed by source,misconception-catalogue-recovered-v1.0.0,CANDIDATE_PREDEPLOY_CONTENT_REVIEW,NOT_YET_OBSERVED__STAGE27_CALIBRATION,88921e0e-c952-527f-9ecd-1026c033d820,CONTEXT_ROLE_MISMATCH,انتقال قاعده درست به context نادرست,ضمیر درست برای مرجع یا متمم دیگری را به این جمله منتقل می‌کند و antecedent/رکسیون فعلی را نادیده می‌گیرد.,distractor از قاعده‌ای ساخته شود که به‌خودی‌خود معتبر است، اما نقش/مرجع/زمان/register این context با آن سازگار نیست.,انتخاب آن نشانهٔ تحلیل ناکافی context یا نقش دستوری است، نه صرفاً ندانستن شکل ظاهری.,CORE,
2cc8ffec-0888-40b2-bb6b-23bb8ebcd4f0,39,LE FUTUR PROCHE,d61abe20-b274-47ef-aac3-c6ec824af1d6,L39-S05,« il va y avoir / il va falloir »,il va y avoir / falloir,CAT02,SUB05,TENSE_ASPECT,زمان و نمود,Lesson 39; printed p. 170,Stage1 rule text + Stage2 classification; error frequency not claimed by source,misconception-catalogue-recovered-v1.0.0,CANDIDATE_PREDEPLOY_CONTENT_REVIEW,NOT_YET_OBSERVED__STAGE27_CALIBRATION,f0df3358-dec8-598f-9f9a-b364b7238204,OVERGENERALIZATION,تعمیم بیش‌ازحد قاعده,قاعدهٔ هدف «il y a و il faut در futur proche به il va y avoir / il va falloir تبدیل می‌شوند.» را بدون توجه به شرط، نقش یا محدودیت بافتی زیرموضوع «il va y avoir / falloir» به همهٔ موارد مشابه تعمیم می‌دهد.,ساخت distractor با اجرای قاعدهٔ عمومی در جایی که شرط دقیق subtopic آن را مجاز نمی‌کند.,اگر کاربر این گزینه را انتخاب کند، احتمالاً قاعده را می‌داند اما دامنهٔ کاربرد آن را بیش از حد گسترده گرفته است.,CORE,
2cc8ffec-0888-40b2-bb6b-23bb8ebcd4f0,39,LE FUTUR PROCHE,d61abe20-b274-47ef-aac3-c6ec824af1d6,L39-S05,« il va y avoir / il va falloir »,il va y avoir / falloir,CAT02,SUB05,TENSE_ASPECT,زمان و نمود,Lesson 39; printed p. 170,Stage1 rule text + Stage2 classification; error frequency not claimed by source,misconception-catalogue-recovered-v1.0.0,CANDIDATE_PREDEPLOY_CONTENT_REVIEW,NOT_YET_OBSERVED__STAGE27_CALIBRATION,c1d3d4b9-a2dd-521d-ad72-ce38b3b1e53d,NEAR_FORM_CONFUSION,اشتباه با فرم/قاعده نزدیک,زمان یا نمود نزدیک را بدون توجه به chronology، عادت/رویداد یا استمرار context انتخاب می‌کند.,یک فرم واقعی و نزدیک از همان خانواده انتخاب شود؛ فرم باید در context دیگری معتبر باشد ولی اینجا به‌طور قطعی غلط باشد.,انتخاب آن نشان می‌دهد تمایز میان قاعده هدف و همسایهٔ نزدیک هنوز پایدار نشده است.,CORE,
2cc8ffec-0888-40b2-bb6b-23bb8ebcd4f0,39,LE FUTUR PROCHE,d61abe20-b274-47ef-aac3-c6ec824af1d6,L39-S05,« il va y avoir / il va falloir »,il va y avoir / falloir,CAT02,SUB05,TENSE_ASPECT,زمان و نمود,Lesson 39; printed p. 170,Stage1 rule text + Stage2 classification; error frequency not claimed by source,misconception-catalogue-recovered-v1.0.0,CANDIDATE_PREDEPLOY_CONTENT_REVIEW,NOT_YET_OBSERVED__STAGE27_CALIBRATION,18894a3e-b351-5539-b7fa-108bd49880a8,CONTEXT_ROLE_MISMATCH,انتقال قاعده درست به context نادرست,زمانی را که در روایت دیگری درست است به context فعلی منتقل می‌کند و cueهای زمانی/نمودی را نادیده می‌گیرد.,distractor از قاعده‌ای ساخته شود که به‌خودی‌خود معتبر است، اما نقش/مرجع/زمان/register این context با آن سازگار نیست.,انتخاب آن نشانهٔ تحلیل ناکافی context یا نقش دستوری است، نه صرفاً ندانستن شکل ظاهری.,CORE,
2cc8ffec-0888-40b2-bb6b-23bb8ebcd4f0,39,LE FUTUR PROCHE,98950c22-d59e-4c70-bc68-472d50110fed,L39-S06,Place de l’adverbe avec infinitif,جای قید با مصدر,CAT02,SUB05,NONFINITE_ASPECT,ساخت‌های غیرصرفی و نمود,Lesson 39; printed p. 170,Stage1 rule text + Stage2 classification; error frequency not claimed by source,misconception-catalogue-recovered-v1.0.0,CANDIDATE_PREDEPLOY_CONTENT_REVIEW,NOT_YET_OBSERVED__STAGE27_CALIBRATION,028ab82a-2316-5dfe-97ef-474bd7f2ece2,OVERGENERALIZATION,تعمیم بیش‌ازحد قاعده,قاعدهٔ هدف «قیدهای مقدار/کیفیت غالباً میان فعل صرف‌شده و مصدر؛ قیدهای مکان/زمان و بسیاری -mentها پس از مصدر می‌آیند.» را بدون توجه به شرط، نقش یا محدودیت بافتی زیرموضوع «جای قید با مصدر» به همهٔ موارد مشابه تعمیم می‌دهد.,ساخت distractor با اجرای قاعدهٔ عمومی در جایی که شرط دقیق subtopic آن را مجاز نمی‌کند.,اگر کاربر این گزینه را انتخاب کند، احتمالاً قاعده را می‌داند اما دامنهٔ کاربرد آن را بیش از حد گسترده گرفته است.,CORE,
2cc8ffec-0888-40b2-bb6b-23bb8ebcd4f0,39,LE FUTUR PROCHE,98950c22-d59e-4c70-bc68-472d50110fed,L39-S06,Place de l’adverbe avec infinitif,جای قید با مصدر,CAT02,SUB05,NONFINITE_ASPECT,ساخت‌های غیرصرفی و نمود,Lesson 39; printed p. 170,Stage1 rule text + Stage2 classification; error frequency not claimed by source,misconception-catalogue-recovered-v1.0.0,CANDIDATE_PREDEPLOY_CONTENT_REVIEW,NOT_YET_OBSERVED__STAGE27_CALIBRATION,3c469383-84b2-54eb-9978-d0d754fb9f25,NEAR_FORM_CONFUSION,اشتباه با فرم/قاعده نزدیک,مصدر، gérondif، participe یا periphrase نزدیک را بدون توجه به فاعل/هم‌زمانی/نمود انتخاب می‌کند.,یک فرم واقعی و نزدیک از همان خانواده انتخاب شود؛ فرم باید در context دیگری معتبر باشد ولی اینجا به‌طور قطعی غلط باشد.,انتخاب آن نشان می‌دهد تمایز میان قاعده هدف و همسایهٔ نزدیک هنوز پایدار نشده است.,CORE,
2cc8ffec-0888-40b2-bb6b-23bb8ebcd4f0,39,LE FUTUR PROCHE,98950c22-d59e-4c70-bc68-472d50110fed,L39-S06,Place de l’adverbe avec infinitif,جای قید با مصدر,CAT02,SUB05,NONFINITE_ASPECT,ساخت‌های غیرصرفی و نمود,Lesson 39; printed p. 170,Stage1 rule text + Stage2 classification; error frequency not claimed by source,misconception-catalogue-recovered-v1.0.0,CANDIDATE_PREDEPLOY_CONTENT_REVIEW,NOT_YET_OBSERVED__STAGE27_CALIBRATION,bea6fcca-b6ce-5937-936c-bc7836e97fe2,CONTEXT_ROLE_MISMATCH,انتقال قاعده درست به context نادرست,ساخت غیرصرفی درست در بافت دیگری را با فاعل، توالی یا aspect نامتناسب به جمله فعلی منتقل می‌کند.,distractor از قاعده‌ای ساخته شود که به‌خودی‌خود معتبر است، اما نقش/مرجع/زمان/register این context با آن سازگار نیست.,انتخاب آن نشانهٔ تحلیل ناکافی context یا نقش دستوری است، نه صرفاً ندانستن شکل ظاهری.,CORE,
2cc8ffec-0888-40b2-bb6b-23bb8ebcd4f0,39,LE FUTUR PROCHE,9a7b6702-0181-4636-a0ed-39584fc2782a,L39-S07,Négation du futur proche,نفی futur proche,CAT02,SUB05,NEGATION_POLARITY,نفی و قطبیت,Lesson 39; printed p. 172,Stage1 rule text + Stage2 classification; error frequency not claimed by source,misconception-catalogue-recovered-v1.0.0,CANDIDATE_PREDEPLOY_CONTENT_REVIEW,NOT_YET_OBSERVED__STAGE27_CALIBRATION,ed73d3fb-dd0c-5318-b7f0-b254682495aa,OVERGENERALIZATION,تعمیم بیش‌ازحد قاعده,قاعدهٔ هدف «ne…pas پیرامون aller صرف‌شده قرار می‌گیرد.» را بدون توجه به شرط، نقش یا محدودیت بافتی زیرموضوع «نفی futur proche» به همهٔ موارد مشابه تعمیم می‌دهد.,ساخت distractor با اجرای قاعدهٔ عمومی در جایی که شرط دقیق subtopic آن را مجاز نمی‌کند.,اگر کاربر این گزینه را انتخاب کند، احتمالاً قاعده را می‌داند اما دامنهٔ کاربرد آن را بیش از حد گسترده گرفته است.,CORE,
2cc8ffec-0888-40b2-bb6b-23bb8ebcd4f0,39,LE FUTUR PROCHE,9a7b6702-0181-4636-a0ed-39584fc2782a,L39-S07,Négation du futur proche,نفی futur proche,CAT02,SUB05,NEGATION_POLARITY,نفی و قطبیت,Lesson 39; printed p. 172,Stage1 rule text + Stage2 classification; error frequency not claimed by source,misconception-catalogue-recovered-v1.0.0,CANDIDATE_PREDEPLOY_CONTENT_REVIEW,NOT_YET_OBSERVED__STAGE27_CALIBRATION,388c560c-8a40-557b-80b9-da74bd97baa3,NEAR_FORM_CONFUSION,اشتباه با فرم/قاعده نزدیک,ساخت نفی نزدیک را با دامنه، واژه منفی یا article نامتناسب جایگزین می‌کند.,یک فرم واقعی و نزدیک از همان خانواده انتخاب شود؛ فرم باید در context دیگری معتبر باشد ولی اینجا به‌طور قطعی غلط باشد.,انتخاب آن نشان می‌دهد تمایز میان قاعده هدف و همسایهٔ نزدیک هنوز پایدار نشده است.,CORE,
2cc8ffec-0888-40b2-bb6b-23bb8ebcd4f0,39,LE FUTUR PROCHE,9a7b6702-0181-4636-a0ed-39584fc2782a,L39-S07,Négation du futur proche,نفی futur proche,CAT02,SUB05,NEGATION_POLARITY,نفی و قطبیت,Lesson 39; printed p. 172,Stage1 rule text + Stage2 classification; error frequency not claimed by source,misconception-catalogue-recovered-v1.0.0,CANDIDATE_PREDEPLOY_CONTENT_REVIEW,NOT_YET_OBSERVED__STAGE27_CALIBRATION,2fea7153-c2ae-56cb-951d-7c4ebbc39167,CONTEXT_ROLE_MISMATCH,انتقال قاعده درست به context نادرست,ساخت نفی معتبر در بافت دیگری را بدون توجه به دامنه نفی/کمیت/قطبیت جمله فعلی به‌کار می‌برد.,distractor از قاعده‌ای ساخته شود که به‌خودی‌خود معتبر است، اما نقش/مرجع/زمان/register این context با آن سازگار نیست.,انتخاب آن نشانهٔ تحلیل ناکافی context یا نقش دستوری است، نه صرفاً ندانستن شکل ظاهری.,CORE,
2cc8ffec-0888-40b2-bb6b-23bb8ebcd4f0,39,LE FUTUR PROCHE,4c4db189-2709-4704-b4a0-97879e77d2ca,L39-S08,Interrogation du futur proche,پرسش futur proche,CAT02,SUB05,QUESTION_STRUCTURE,ساخت پرسش,Lesson 39; printed p. 172,Stage1 rule text + Stage2 classification; error frequency not claimed by source,misconception-catalogue-recovered-v1.0.0,CANDIDATE_PREDEPLOY_CONTENT_REVIEW,NOT_YET_OBSERVED__STAGE27_CALIBRATION,130965a4-61ea-5269-b032-657fec52aa0b,OVERGENERALIZATION,تعمیم بیش‌ازحد قاعده,قاعدهٔ هدف «intonation، est-ce que و inversion روی aller صرف‌شده اعمال می‌شوند.» را بدون توجه به شرط، نقش یا محدودیت بافتی زیرموضوع «پرسش futur proche» به همهٔ موارد مشابه تعمیم می‌دهد.,ساخت distractor با اجرای قاعدهٔ عمومی در جایی که شرط دقیق subtopic آن را مجاز نمی‌کند.,اگر کاربر این گزینه را انتخاب کند، احتمالاً قاعده را می‌داند اما دامنهٔ کاربرد آن را بیش از حد گسترده گرفته است.,CORE,
2cc8ffec-0888-40b2-bb6b-23bb8ebcd4f0,39,LE FUTUR PROCHE,4c4db189-2709-4704-b4a0-97879e77d2ca,L39-S08,Interrogation du futur proche,پرسش futur proche,CAT02,SUB05,QUESTION_STRUCTURE,ساخت پرسش,Lesson 39; printed p. 172,Stage1 rule text + Stage2 classification; error frequency not claimed by source,misconception-catalogue-recovered-v1.0.0,CANDIDATE_PREDEPLOY_CONTENT_REVIEW,NOT_YET_OBSERVED__STAGE27_CALIBRATION,498fb899-6c1d-54a5-b7b7-62126aa57f75,NEAR_FORM_CONFUSION,اشتباه با فرم/قاعده نزدیک,ساخت پرسشی نزدیک را بدون رعایت نقش واژه پرسشی، inversion یا نوع پاسخ هدف انتخاب می‌کند.,یک فرم واقعی و نزدیک از همان خانواده انتخاب شود؛ فرم باید در context دیگری معتبر باشد ولی اینجا به‌طور قطعی غلط باشد.,انتخاب آن نشان می‌دهد تمایز میان قاعده هدف و همسایهٔ نزدیک هنوز پایدار نشده است.,CORE,
2cc8ffec-0888-40b2-bb6b-23bb8ebcd4f0,39,LE FUTUR PROCHE,4c4db189-2709-4704-b4a0-97879e77d2ca,L39-S08,Interrogation du futur proche,پرسش futur proche,CAT02,SUB05,QUESTION_STRUCTURE,ساخت پرسش,Lesson 39; printed p. 172,Stage1 rule text + Stage2 classification; error frequency not claimed by source,misconception-catalogue-recovered-v1.0.0,CANDIDATE_PREDEPLOY_CONTENT_REVIEW,NOT_YET_OBSERVED__STAGE27_CALIBRATION,bf97b062-5174-53e4-9869-350a7815bb25,CONTEXT_ROLE_MISMATCH,انتقال قاعده درست به context نادرست,الگوی پرسشی درست برای نقش/نوع پرسش دیگری را به سؤال فعلی منتقل می‌کند.,distractor از قاعده‌ای ساخته شود که به‌خودی‌خود معتبر است، اما نقش/مرجع/زمان/register این context با آن سازگار نیست.,انتخاب آن نشانهٔ تحلیل ناکافی context یا نقش دستوری است، نه صرفاً ندانستن شکل ظاهری.,CORE,
a2303764-b3c6-4a78-a5eb-287adffcd970,40,LE PASSÉ COMPOSÉ,3ff16d83-a406-43ef-b509-b1d4db28cdba,L40-S01,Passé composé: usage et structure,ساخت کلی passé composé,CAT02,SUB04,TENSE_ASPECT,زمان و نمود,Lesson 40; printed p. 174,Stage1 rule text + Stage2 classification; error frequency not claimed by source,misconception-catalogue-recovered-v1.0.0,CANDIDATE_PREDEPLOY_CONTENT_REVIEW,NOT_YET_OBSERVED__STAGE27_CALIBRATION,7904d4be-c467-5ae3-9c3c-6d3ff67d93ea,OVERGENERALIZATION,تعمیم بیش‌ازحد قاعده,قاعدهٔ هدف «passé composé برای روایت رویداد گذشته و از être/avoir présent + participe passé ساخته می‌شود.» را بدون توجه به شرط، نقش یا محدودیت بافتی زیرموضوع «ساخت کلی passé composé» به همهٔ موارد مشابه تعمیم می‌دهد.,ساخت distractor با اجرای قاعدهٔ عمومی در جایی که شرط دقیق subtopic آن را مجاز نمی‌کند.,اگر کاربر این گزینه را انتخاب کند، احتمالاً قاعده را می‌داند اما دامنهٔ کاربرد آن را بیش از حد گسترده گرفته است.,CORE,
a2303764-b3c6-4a78-a5eb-287adffcd970,40,LE PASSÉ COMPOSÉ,3ff16d83-a406-43ef-b509-b1d4db28cdba,L40-S01,Passé composé: usage et structure,ساخت کلی passé composé,CAT02,SUB04,TENSE_ASPECT,زمان و نمود,Lesson 40; printed p. 174,Stage1 rule text + Stage2 classification; error frequency not claimed by source,misconception-catalogue-recovered-v1.0.0,CANDIDATE_PREDEPLOY_CONTENT_REVIEW,NOT_YET_OBSERVED__STAGE27_CALIBRATION,8439da5c-df4d-5d47-8273-853e84158040,NEAR_FORM_CONFUSION,اشتباه با فرم/قاعده نزدیک,زمان یا نمود نزدیک را بدون توجه به chronology، عادت/رویداد یا استمرار context انتخاب می‌کند.,یک فرم واقعی و نزدیک از همان خانواده انتخاب شود؛ فرم باید در context دیگری معتبر باشد ولی اینجا به‌طور قطعی غلط باشد.,انتخاب آن نشان می‌دهد تمایز میان قاعده هدف و همسایهٔ نزدیک هنوز پایدار نشده است.,CORE,
a2303764-b3c6-4a78-a5eb-287adffcd970,40,LE PASSÉ COMPOSÉ,3ff16d83-a406-43ef-b509-b1d4db28cdba,L40-S01,Passé composé: usage et structure,ساخت کلی passé composé,CAT02,SUB04,TENSE_ASPECT,زمان و نمود,Lesson 40; printed p. 174,Stage1 rule text + Stage2 classification; error frequency not claimed by source,misconception-catalogue-recovered-v1.0.0,CANDIDATE_PREDEPLOY_CONTENT_REVIEW,NOT_YET_OBSERVED__STAGE27_CALIBRATION,f3b125bc-37d4-5f90-b3ba-e856503fc63d,CONTEXT_ROLE_MISMATCH,انتقال قاعده درست به context نادرست,زمانی را که در روایت دیگری درست است به context فعلی منتقل می‌کند و cueهای زمانی/نمودی را نادیده می‌گیرد.,distractor از قاعده‌ای ساخته شود که به‌خودی‌خود معتبر است، اما نقش/مرجع/زمان/register این context با آن سازگار نیست.,انتخاب آن نشانهٔ تحلیل ناکافی context یا نقش دستوری است، نه صرفاً ندانستن شکل ظاهری.,CORE,
a2303764-b3c6-4a78-a5eb-287adffcd970,40,LE PASSÉ COMPOSÉ,dd52d599-b881-4901-ac1e-ecca2245788c,L40-S02,Passé composé avec « avoir »,passé composé با avoir,CAT02,SUB04,TENSE_ASPECT,زمان و نمود,Lesson 40; printed p. 174,Stage1 rule text + Stage2 classification; error frequency not claimed by source,misconception-catalogue-recovered-v1.0.0,CANDIDATE_PREDEPLOY_CONTENT_REVIEW,NOT_YET_OBSERVED__STAGE27_CALIBRATION,41b05b70-a724-5fc4-a2ed-b6ab21ec34f3,OVERGENERALIZATION,تعمیم بیش‌ازحد قاعده,قاعدهٔ هدف «اکثر افعال با avoir ساخته می‌شوند و participe با فاعل توافق نمی‌کند.» را بدون توجه به شرط، نقش یا محدودیت بافتی زیرموضوع «passé composé با avoir» به همهٔ موارد مشابه تعمیم می‌دهد.,ساخت distractor با اجرای قاعدهٔ عمومی در جایی که شرط دقیق subtopic آن را مجاز نمی‌کند.,اگر کاربر این گزینه را انتخاب کند، احتمالاً قاعده را می‌داند اما دامنهٔ کاربرد آن را بیش از حد گسترده گرفته است.,CORE,
a2303764-b3c6-4a78-a5eb-287adffcd970,40,LE PASSÉ COMPOSÉ,dd52d599-b881-4901-ac1e-ecca2245788c,L40-S02,Passé composé avec « avoir »,passé composé با avoir,CAT02,SUB04,TENSE_ASPECT,زمان و نمود,Lesson 40; printed p. 174,Stage1 rule text + Stage2 classification; error frequency not claimed by source,misconception-catalogue-recovered-v1.0.0,CANDIDATE_PREDEPLOY_CONTENT_REVIEW,NOT_YET_OBSERVED__STAGE27_CALIBRATION,304d410f-7312-5323-8c62-a89e0221ddf1,NEAR_FORM_CONFUSION,اشتباه با فرم/قاعده نزدیک,زمان یا نمود نزدیک را بدون توجه به chronology، عادت/رویداد یا استمرار context انتخاب می‌کند.,یک فرم واقعی و نزدیک از همان خانواده انتخاب شود؛ فرم باید در context دیگری معتبر باشد ولی اینجا به‌طور قطعی غلط باشد.,انتخاب آن نشان می‌دهد تمایز میان قاعده هدف و همسایهٔ نزدیک هنوز پایدار نشده است.,CORE,
a2303764-b3c6-4a78-a5eb-287adffcd970,40,LE PASSÉ COMPOSÉ,dd52d599-b881-4901-ac1e-ecca2245788c,L40-S02,Passé composé avec « avoir »,passé composé با avoir,CAT02,SUB04,TENSE_ASPECT,زمان و نمود,Lesson 40; printed p. 174,Stage1 rule text + Stage2 classification; error frequency not claimed by source,misconception-catalogue-recovered-v1.0.0,CANDIDATE_PREDEPLOY_CONTENT_REVIEW,NOT_YET_OBSERVED__STAGE27_CALIBRATION,0e3cb93c-0ec3-5023-b1ca-44db2047ca8a,CONTEXT_ROLE_MISMATCH,انتقال قاعده درست به context نادرست,زمانی را که در روایت دیگری درست است به context فعلی منتقل می‌کند و cueهای زمانی/نمودی را نادیده می‌گیرد.,distractor از قاعده‌ای ساخته شود که به‌خودی‌خود معتبر است، اما نقش/مرجع/زمان/register این context با آن سازگار نیست.,انتخاب آن نشانهٔ تحلیل ناکافی context یا نقش دستوری است، نه صرفاً ندانستن شکل ظاهری.,CORE,
a2303764-b3c6-4a78-a5eb-287adffcd970,40,LE PASSÉ COMPOSÉ,382c52bd-76b6-45e0-b356-5bfadf68c279,L40-S03,Formation du participe passé,ساخت participe passé,CAT02,SUB04,TENSE_ASPECT,زمان و نمود,Lesson 40; printed p. 178,Stage1 rule text + Stage2 classification; error frequency not claimed by source,misconception-catalogue-recovered-v1.0.0,CANDIDATE_PREDEPLOY_CONTENT_REVIEW,NOT_YET_OBSERVED__STAGE27_CALIBRATION,567e8a9a-525a-5d3e-bca8-3baf21c69945,OVERGENERALIZATION,تعمیم بیش‌ازحد قاعده,قاعدهٔ هدف «افعال -er → -é؛ گروه‌های دیگر الگوهای -u/-i و صورت‌های نامنظم دارند.» را بدون توجه به شرط، نقش یا محدودیت بافتی زیرموضوع «ساخت participe passé» به همهٔ موارد مشابه تعمیم می‌دهد.,ساخت distractor با اجرای قاعدهٔ عمومی در جایی که شرط دقیق subtopic آن را مجاز نمی‌کند.,اگر کاربر این گزینه را انتخاب کند، احتمالاً قاعده را می‌داند اما دامنهٔ کاربرد آن را بیش از حد گسترده گرفته است.,CORE,
a2303764-b3c6-4a78-a5eb-287adffcd970,40,LE PASSÉ COMPOSÉ,382c52bd-76b6-45e0-b356-5bfadf68c279,L40-S03,Formation du participe passé,ساخت participe passé,CAT02,SUB04,TENSE_ASPECT,زمان و نمود,Lesson 40; printed p. 178,Stage1 rule text + Stage2 classification; error frequency not claimed by source,misconception-catalogue-recovered-v1.0.0,CANDIDATE_PREDEPLOY_CONTENT_REVIEW,NOT_YET_OBSERVED__STAGE27_CALIBRATION,73e6673e-92d9-5ab0-99db-4fb8d7fc88bc,NEAR_FORM_CONFUSION,اشتباه با فرم/قاعده نزدیک,زمان یا نمود نزدیک را بدون توجه به chronology، عادت/رویداد یا استمرار context انتخاب می‌کند.,یک فرم واقعی و نزدیک از همان خانواده انتخاب شود؛ فرم باید در context دیگری معتبر باشد ولی اینجا به‌طور قطعی غلط باشد.,انتخاب آن نشان می‌دهد تمایز میان قاعده هدف و همسایهٔ نزدیک هنوز پایدار نشده است.,CORE,
a2303764-b3c6-4a78-a5eb-287adffcd970,40,LE PASSÉ COMPOSÉ,382c52bd-76b6-45e0-b356-5bfadf68c279,L40-S03,Formation du participe passé,ساخت participe passé,CAT02,SUB04,TENSE_ASPECT,زمان و نمود,Lesson 40; printed p. 178,Stage1 rule text + Stage2 classification; error frequency not claimed by source,misconception-catalogue-recovered-v1.0.0,CANDIDATE_PREDEPLOY_CONTENT_REVIEW,NOT_YET_OBSERVED__STAGE27_CALIBRATION,34473fa9-69d4-53bf-98c6-405e09b56253,CONTEXT_ROLE_MISMATCH,انتقال قاعده درست به context نادرست,زمانی را که در روایت دیگری درست است به context فعلی منتقل می‌کند و cueهای زمانی/نمودی را نادیده می‌گیرد.,distractor از قاعده‌ای ساخته شود که به‌خودی‌خود معتبر است، اما نقش/مرجع/زمان/register این context با آن سازگار نیست.,انتخاب آن نشانهٔ تحلیل ناکافی context یا نقش دستوری است، نه صرفاً ندانستن شکل ظاهری.,CORE,
a2303764-b3c6-4a78-a5eb-287adffcd970,40,LE PASSÉ COMPOSÉ,a3946c49-8b20-47dc-8ee1-592a07aca91e,L40-S04,Passé composé avec « être »,passé composé با être,CAT02,SUB04,TENSE_ASPECT,زمان و نمود,Lesson 40; printed p. 182,Stage1 rule text + Stage2 classification; error frequency not claimed by source,misconception-catalogue-recovered-v1.0.0,CANDIDATE_PREDEPLOY_CONTENT_REVIEW,NOT_YET_OBSERVED__STAGE27_CALIBRATION,4f6765a4-cba7-588a-9367-d4f2af9a76b1,OVERGENERALIZATION,تعمیم بیش‌ازحد قاعده,قاعدهٔ هدف «گروهی از افعال تغییر مکان/وضعیت با être می‌آیند و participe با فاعل توافق می‌کند.» را بدون توجه به شرط، نقش یا محدودیت بافتی زیرموضوع «passé composé با être» به همهٔ موارد مشابه تعمیم می‌دهد.,ساخت distractor با اجرای قاعدهٔ عمومی در جایی که شرط دقیق subtopic آن را مجاز نمی‌کند.,اگر کاربر این گزینه را انتخاب کند، احتمالاً قاعده را می‌داند اما دامنهٔ کاربرد آن را بیش از حد گسترده گرفته است.,CORE,rester با être؛ افعال شیوهٔ حرکت مانند marcher/courir/danser با avoir.
a2303764-b3c6-4a78-a5eb-287adffcd970,40,LE PASSÉ COMPOSÉ,a3946c49-8b20-47dc-8ee1-592a07aca91e,L40-S04,Passé composé avec « être »,passé composé با être,CAT02,SUB04,TENSE_ASPECT,زمان و نمود,Lesson 40; printed p. 182,Stage1 rule text + Stage2 classification; error frequency not claimed by source,misconception-catalogue-recovered-v1.0.0,CANDIDATE_PREDEPLOY_CONTENT_REVIEW,NOT_YET_OBSERVED__STAGE27_CALIBRATION,69177b63-1c29-557b-8119-2e34beaf7c6f,NEAR_FORM_CONFUSION,اشتباه با فرم/قاعده نزدیک,زمان یا نمود نزدیک را بدون توجه به chronology، عادت/رویداد یا استمرار context انتخاب می‌کند.,یک فرم واقعی و نزدیک از همان خانواده انتخاب شود؛ فرم باید در context دیگری معتبر باشد ولی اینجا به‌طور قطعی غلط باشد.,انتخاب آن نشان می‌دهد تمایز میان قاعده هدف و همسایهٔ نزدیک هنوز پایدار نشده است.,CORE,rester با être؛ افعال شیوهٔ حرکت مانند marcher/courir/danser با avoir.
a2303764-b3c6-4a78-a5eb-287adffcd970,40,LE PASSÉ COMPOSÉ,a3946c49-8b20-47dc-8ee1-592a07aca91e,L40-S04,Passé composé avec « être »,passé composé با être,CAT02,SUB04,TENSE_ASPECT,زمان و نمود,Lesson 40; printed p. 182,Stage1 rule text + Stage2 classification; error frequency not claimed by source,misconception-catalogue-recovered-v1.0.0,CANDIDATE_PREDEPLOY_CONTENT_REVIEW,NOT_YET_OBSERVED__STAGE27_CALIBRATION,ba85eb96-9e5b-52ef-b09f-9772d4091f76,CONTEXT_ROLE_MISMATCH,انتقال قاعده درست به context نادرست,زمانی را که در روایت دیگری درست است به context فعلی منتقل می‌کند و cueهای زمانی/نمودی را نادیده می‌گیرد.,distractor از قاعده‌ای ساخته شود که به‌خودی‌خود معتبر است، اما نقش/مرجع/زمان/register این context با آن سازگار نیست.,انتخاب آن نشانهٔ تحلیل ناکافی context یا نقش دستوری است، نه صرفاً ندانستن شکل ظاهری.,CORE,rester با être؛ افعال شیوهٔ حرکت مانند marcher/courir/danser با avoir.
a2303764-b3c6-4a78-a5eb-287adffcd970,40,LE PASSÉ COMPOSÉ,a3946c49-8b20-47dc-8ee1-592a07aca91e,L40-S04,Passé composé avec « être »,passé composé با être,CAT02,SUB04,TENSE_ASPECT,زمان و نمود,Lesson 40; printed p. 182,Stage1 rule text + Stage2 classification; error frequency not claimed by source,misconception-catalogue-recovered-v1.0.0,CANDIDATE_PREDEPLOY_CONTENT_REVIEW,NOT_YET_OBSERVED__STAGE27_CALIBRATION,42b2b870-a22d-5b22-8074-39f51d1c5397,EXCEPTION_NEGLECT,نادیده‌گرفتن استثنا/محدودیت صریح,قاعدهٔ عمومی زیرموضوع «passé composé با être» را اعمال می‌کند اما نکته/استثنای صریح ثبت‌شده را نادیده می‌گیرد: rester با être؛ افعال شیوهٔ حرکت مانند marcher/courir/danser با avoir.,گزینه از خروجی قاعدهٔ عمومی ساخته شود؛ تنها تفاوت باید همان استثنا/محدودیت ثبت‌شده باشد.,انتخاب آن به‌طور مستقیم نشان می‌دهد قاعده عمومی بازیابی شده ولی استثنای کتاب تثبیت نشده است.,HIGH_EXCEPTION,rester با être؛ افعال شیوهٔ حرکت مانند marcher/courir/danser با avoir.
a2303764-b3c6-4a78-a5eb-287adffcd970,40,LE PASSÉ COMPOSÉ,20bcf520-f77b-4041-8fa5-defb547b30eb,L40-S05,Verbes pronominaux au passé composé,افعال pronominal در passé composé,CAT02,SUB04,TENSE_ASPECT,زمان و نمود,Lesson 40; printed p. 186,Stage1 rule text + Stage2 classification; error frequency not claimed by source,misconception-catalogue-recovered-v1.0.0,CANDIDATE_PREDEPLOY_CONTENT_REVIEW,NOT_YET_OBSERVED__STAGE27_CALIBRATION,292fce33-92ea-5482-a464-5956404b461d,OVERGENERALIZATION,تعمیم بیش‌ازحد قاعده,قاعدهٔ هدف «افعال بازتابی/متقابل passé composé را با être می‌سازند.» را بدون توجه به شرط، نقش یا محدودیت بافتی زیرموضوع «افعال pronominal در passé composé» به همهٔ موارد مشابه تعمیم می‌دهد.,ساخت distractor با اجرای قاعدهٔ عمومی در جایی که شرط دقیق subtopic آن را مجاز نمی‌کند.,اگر کاربر این گزینه را انتخاب کند، احتمالاً قاعده را می‌داند اما دامنهٔ کاربرد آن را بیش از حد گسترده گرفته است.,CORE,
a2303764-b3c6-4a78-a5eb-287adffcd970,40,LE PASSÉ COMPOSÉ,20bcf520-f77b-4041-8fa5-defb547b30eb,L40-S05,Verbes pronominaux au passé composé,افعال pronominal در passé composé,CAT02,SUB04,TENSE_ASPECT,زمان و نمود,Lesson 40; printed p. 186,Stage1 rule text + Stage2 classification; error frequency not claimed by source,misconception-catalogue-recovered-v1.0.0,CANDIDATE_PREDEPLOY_CONTENT_REVIEW,NOT_YET_OBSERVED__STAGE27_CALIBRATION,429565f1-5685-582e-83ba-f1c4b6cdcfbb,NEAR_FORM_CONFUSION,اشتباه با فرم/قاعده نزدیک,زمان یا نمود نزدیک را بدون توجه به chronology، عادت/رویداد یا استمرار context انتخاب می‌کند.,یک فرم واقعی و نزدیک از همان خانواده انتخاب شود؛ فرم باید در context دیگری معتبر باشد ولی اینجا به‌طور قطعی غلط باشد.,انتخاب آن نشان می‌دهد تمایز میان قاعده هدف و همسایهٔ نزدیک هنوز پایدار نشده است.,CORE,
a2303764-b3c6-4a78-a5eb-287adffcd970,40,LE PASSÉ COMPOSÉ,20bcf520-f77b-4041-8fa5-defb547b30eb,L40-S05,Verbes pronominaux au passé composé,افعال pronominal در passé composé,CAT02,SUB04,TENSE_ASPECT,زمان و نمود,Lesson 40; printed p. 186,Stage1 rule text + Stage2 classification; error frequency not claimed by source,misconception-catalogue-recovered-v1.0.0,CANDIDATE_PREDEPLOY_CONTENT_REVIEW,NOT_YET_OBSERVED__STAGE27_CALIBRATION,19c03444-276a-51ee-836f-8851ead65cc7,CONTEXT_ROLE_MISMATCH,انتقال قاعده درست به context نادرست,زمانی را که در روایت دیگری درست است به context فعلی منتقل می‌کند و cueهای زمانی/نمودی را نادیده می‌گیرد.,distractor از قاعده‌ای ساخته شود که به‌خودی‌خود معتبر است، اما نقش/مرجع/زمان/register این context با آن سازگار نیست.,انتخاب آن نشانهٔ تحلیل ناکافی context یا نقش دستوری است، نه صرفاً ندانستن شکل ظاهری.,CORE,
a2303764-b3c6-4a78-a5eb-287adffcd970,40,LE PASSÉ COMPOSÉ,b28ad6cf-a36f-4d2b-95d5-681532efe313,L40-S06,Choix « être » ou « avoir » selon transitivité,être/avoir بر اساس transitivity,CAT02,SUB04,TENSE_ASPECT,زمان و نمود,Lesson 40; printed p. 186,Stage1 rule text + Stage2 classification; error frequency not claimed by source,misconception-catalogue-recovered-v1.0.0,CANDIDATE_PREDEPLOY_CONTENT_REVIEW,NOT_YET_OBSERVED__STAGE27_CALIBRATION,ed63f529-dee5-53fc-a2cd-f26149741f81,OVERGENERALIZATION,تعمیم بیش‌ازحد قاعده,قاعدهٔ هدف «برخی افعال جابه‌جایی بدون COD با être و با COD با avoir می‌آیند.» را بدون توجه به شرط، نقش یا محدودیت بافتی زیرموضوع «être/avoir بر اساس transitivity» به همهٔ موارد مشابه تعمیم می‌دهد.,ساخت distractor با اجرای قاعدهٔ عمومی در جایی که شرط دقیق subtopic آن را مجاز نمی‌کند.,اگر کاربر این گزینه را انتخاب کند، احتمالاً قاعده را می‌داند اما دامنهٔ کاربرد آن را بیش از حد گسترده گرفته است.,CORE,
a2303764-b3c6-4a78-a5eb-287adffcd970,40,LE PASSÉ COMPOSÉ,b28ad6cf-a36f-4d2b-95d5-681532efe313,L40-S06,Choix « être » ou « avoir » selon transitivité,être/avoir بر اساس transitivity,CAT02,SUB04,TENSE_ASPECT,زمان و نمود,Lesson 40; printed p. 186,Stage1 rule text + Stage2 classification; error frequency not claimed by source,misconception-catalogue-recovered-v1.0.0,CANDIDATE_PREDEPLOY_CONTENT_REVIEW,NOT_YET_OBSERVED__STAGE27_CALIBRATION,a1e99824-4c6a-57ca-9812-63116f7e6244,NEAR_FORM_CONFUSION,اشتباه با فرم/قاعده نزدیک,زمان یا نمود نزدیک را بدون توجه به chronology، عادت/رویداد یا استمرار context انتخاب می‌کند.,یک فرم واقعی و نزدیک از همان خانواده انتخاب شود؛ فرم باید در context دیگری معتبر باشد ولی اینجا به‌طور قطعی غلط باشد.,انتخاب آن نشان می‌دهد تمایز میان قاعده هدف و همسایهٔ نزدیک هنوز پایدار نشده است.,CORE,
a2303764-b3c6-4a78-a5eb-287adffcd970,40,LE PASSÉ COMPOSÉ,b28ad6cf-a36f-4d2b-95d5-681532efe313,L40-S06,Choix « être » ou « avoir » selon transitivité,être/avoir بر اساس transitivity,CAT02,SUB04,TENSE_ASPECT,زمان و نمود,Lesson 40; printed p. 186,Stage1 rule text + Stage2 classification; error frequency not claimed by source,misconception-catalogue-recovered-v1.0.0,CANDIDATE_PREDEPLOY_CONTENT_REVIEW,NOT_YET_OBSERVED__STAGE27_CALIBRATION,e2df06d2-fc6d-5272-bd52-59c21fde1ff7,CONTEXT_ROLE_MISMATCH,انتقال قاعده درست به context نادرست,زمانی را که در روایت دیگری درست است به context فعلی منتقل می‌کند و cueهای زمانی/نمودی را نادیده می‌گیرد.,distractor از قاعده‌ای ساخته شود که به‌خودی‌خود معتبر است، اما نقش/مرجع/زمان/register این context با آن سازگار نیست.,انتخاب آن نشانهٔ تحلیل ناکافی context یا نقش دستوری است، نه صرفاً ندانستن شکل ظاهری.,CORE,
a2303764-b3c6-4a78-a5eb-287adffcd970,40,LE PASSÉ COMPOSÉ,2e14fedc-db60-4f8c-9896-8f76a4bed6d9,L40-S07,Accord avec « être »,توافق participe با être,CAT02,SUB04,AGREEMENT_FORM,تطابق و صورت,Lesson 40; printed p. 190,Stage1 rule text + Stage2 classification; error frequency not claimed by source,misconception-catalogue-recovered-v1.0.0,CANDIDATE_PREDEPLOY_CONTENT_REVIEW,NOT_YET_OBSERVED__STAGE27_CALIBRATION,5d7546f3-42e5-5870-a860-e172f6b9ecb8,OVERGENERALIZATION,تعمیم بیش‌ازحد قاعده,قاعدهٔ هدف «با être participe معمولاً با فاعل توافق می‌کند.» را بدون توجه به شرط، نقش یا محدودیت بافتی زیرموضوع «توافق participe با être» به همهٔ موارد مشابه تعمیم می‌دهد.,ساخت distractor با اجرای قاعدهٔ عمومی در جایی که شرط دقیق subtopic آن را مجاز نمی‌کند.,اگر کاربر این گزینه را انتخاب کند، احتمالاً قاعده را می‌داند اما دامنهٔ کاربرد آن را بیش از حد گسترده گرفته است.,CORE,Ils se sont parlé/téléphoné؛ Elle s’est lavé les mains؛ Elle s’est fait opérer.
a2303764-b3c6-4a78-a5eb-287adffcd970,40,LE PASSÉ COMPOSÉ,2e14fedc-db60-4f8c-9896-8f76a4bed6d9,L40-S07,Accord avec « être »,توافق participe با être,CAT02,SUB04,AGREEMENT_FORM,تطابق و صورت,Lesson 40; printed p. 190,Stage1 rule text + Stage2 classification; error frequency not claimed by source,misconception-catalogue-recovered-v1.0.0,CANDIDATE_PREDEPLOY_CONTENT_REVIEW,NOT_YET_OBSERVED__STAGE27_CALIBRATION,20bc377a-980c-526c-95e9-237007312257,NEAR_FORM_CONFUSION,اشتباه با فرم/قاعده نزدیک,صورت نزدیک را انتخاب می‌کند اما جنس/شمار یا مرجع توافق را اشتباه می‌گیرد.,یک فرم واقعی و نزدیک از همان خانواده انتخاب شود؛ فرم باید در context دیگری معتبر باشد ولی اینجا به‌طور قطعی غلط باشد.,انتخاب آن نشان می‌دهد تمایز میان قاعده هدف و همسایهٔ نزدیک هنوز پایدار نشده است.,CORE,Ils se sont parlé/téléphoné؛ Elle s’est lavé les mains؛ Elle s’est fait opérer.
a2303764-b3c6-4a78-a5eb-287adffcd970,40,LE PASSÉ COMPOSÉ,2e14fedc-db60-4f8c-9896-8f76a4bed6d9,L40-S07,Accord avec « être »,توافق participe با être,CAT02,SUB04,AGREEMENT_FORM,تطابق و صورت,Lesson 40; printed p. 190,Stage1 rule text + Stage2 classification; error frequency not claimed by source,misconception-catalogue-recovered-v1.0.0,CANDIDATE_PREDEPLOY_CONTENT_REVIEW,NOT_YET_OBSERVED__STAGE27_CALIBRATION,4dde3037-2713-5421-b229-6cf38d008526,CONTEXT_ROLE_MISMATCH,انتقال قاعده درست به context نادرست,توافق درست با مرجع دیگری را به مرجع هدف منتقل می‌کند یا مرجع توافق را اشتباه شناسایی می‌کند.,distractor از قاعده‌ای ساخته شود که به‌خودی‌خود معتبر است، اما نقش/مرجع/زمان/register این context با آن سازگار نیست.,انتخاب آن نشانهٔ تحلیل ناکافی context یا نقش دستوری است، نه صرفاً ندانستن شکل ظاهری.,CORE,Ils se sont parlé/téléphoné؛ Elle s’est lavé les mains؛ Elle s’est fait opérer.
a2303764-b3c6-4a78-a5eb-287adffcd970,40,LE PASSÉ COMPOSÉ,2e14fedc-db60-4f8c-9896-8f76a4bed6d9,L40-S07,Accord avec « être »,توافق participe با être,CAT02,SUB04,AGREEMENT_FORM,تطابق و صورت,Lesson 40; printed p. 190,Stage1 rule text + Stage2 classification; error frequency not claimed by source,misconception-catalogue-recovered-v1.0.0,CANDIDATE_PREDEPLOY_CONTENT_REVIEW,NOT_YET_OBSERVED__STAGE27_CALIBRATION,39858c76-7ea5-5d10-9dcb-a07fb34fb6d1,EXCEPTION_NEGLECT,نادیده‌گرفتن استثنا/محدودیت صریح,قاعدهٔ عمومی زیرموضوع «توافق participe با être» را اعمال می‌کند اما نکته/استثنای صریح ثبت‌شده را نادیده می‌گیرد: Ils se sont parlé/téléphoné؛ Elle s’est lavé les mains؛ Elle s’est fait opérer.,گزینه از خروجی قاعدهٔ عمومی ساخته شود؛ تنها تفاوت باید همان استثنا/محدودیت ثبت‌شده باشد.,انتخاب آن به‌طور مستقیم نشان می‌دهد قاعده عمومی بازیابی شده ولی استثنای کتاب تثبیت نشده است.,HIGH_EXCEPTION,Ils se sont parlé/téléphoné؛ Elle s’est lavé les mains؛ Elle s’est fait opérer.
a2303764-b3c6-4a78-a5eb-287adffcd970,40,LE PASSÉ COMPOSÉ,b8eccc93-ce9d-4f45-9896-f688a36306a3,L40-S08,Accord avec « avoir » et COD antéposé,توافق با avoir و COD مقدم,CAT02,SUB04,AGREEMENT_FORM,تطابق و صورت,Lesson 40; printed p. 190,Stage1 rule text + Stage2 classification; error frequency not claimed by source,misconception-catalogue-recovered-v1.0.0,CANDIDATE_PREDEPLOY_CONTENT_REVIEW,NOT_YET_OBSERVED__STAGE27_CALIBRATION,3515b6f7-b3bd-577e-b72d-76f7d6791a1c,OVERGENERALIZATION,تعمیم بیش‌ازحد قاعده,قاعدهٔ هدف «با avoir participe با فاعل توافق نمی‌کند؛ اگر COD پیش از participe باشد، با COD توافق می‌کند.» را بدون توجه به شرط، نقش یا محدودیت بافتی زیرموضوع «توافق با avoir و COD مقدم» به همهٔ موارد مشابه تعمیم می‌دهد.,ساخت distractor با اجرای قاعدهٔ عمومی در جایی که شرط دقیق subtopic آن را مجاز نمی‌کند.,اگر کاربر این گزینه را انتخاب کند، احتمالاً قاعده را می‌داند اما دامنهٔ کاربرد آن را بیش از حد گسترده گرفته است.,CORE,
a2303764-b3c6-4a78-a5eb-287adffcd970,40,LE PASSÉ COMPOSÉ,b8eccc93-ce9d-4f45-9896-f688a36306a3,L40-S08,Accord avec « avoir » et COD antéposé,توافق با avoir و COD مقدم,CAT02,SUB04,AGREEMENT_FORM,تطابق و صورت,Lesson 40; printed p. 190,Stage1 rule text + Stage2 classification; error frequency not claimed by source,misconception-catalogue-recovered-v1.0.0,CANDIDATE_PREDEPLOY_CONTENT_REVIEW,NOT_YET_OBSERVED__STAGE27_CALIBRATION,3a89e45a-7616-583f-a9d8-31ab22d49ed4,NEAR_FORM_CONFUSION,اشتباه با فرم/قاعده نزدیک,صورت نزدیک را انتخاب می‌کند اما جنس/شمار یا مرجع توافق را اشتباه می‌گیرد.,یک فرم واقعی و نزدیک از همان خانواده انتخاب شود؛ فرم باید در context دیگری معتبر باشد ولی اینجا به‌طور قطعی غلط باشد.,انتخاب آن نشان می‌دهد تمایز میان قاعده هدف و همسایهٔ نزدیک هنوز پایدار نشده است.,CORE,
a2303764-b3c6-4a78-a5eb-287adffcd970,40,LE PASSÉ COMPOSÉ,b8eccc93-ce9d-4f45-9896-f688a36306a3,L40-S08,Accord avec « avoir » et COD antéposé,توافق با avoir و COD مقدم,CAT02,SUB04,AGREEMENT_FORM,تطابق و صورت,Lesson 40; printed p. 190,Stage1 rule text + Stage2 classification; error frequency not claimed by source,misconception-catalogue-recovered-v1.0.0,CANDIDATE_PREDEPLOY_CONTENT_REVIEW,NOT_YET_OBSERVED__STAGE27_CALIBRATION,11973c94-9693-58c6-b571-76caccf0f0f3,CONTEXT_ROLE_MISMATCH,انتقال قاعده درست به context نادرست,توافق درست با مرجع دیگری را به مرجع هدف منتقل می‌کند یا مرجع توافق را اشتباه شناسایی می‌کند.,distractor از قاعده‌ای ساخته شود که به‌خودی‌خود معتبر است، اما نقش/مرجع/زمان/register این context با آن سازگار نیست.,انتخاب آن نشانهٔ تحلیل ناکافی context یا نقش دستوری است، نه صرفاً ندانستن شکل ظاهری.,CORE,
a2303764-b3c6-4a78-a5eb-287adffcd970,40,LE PASSÉ COMPOSÉ,1965248a-5e07-475b-9eaf-a88d5542ddf4,L40-S09,Pronom complément au passé composé,ضمیر مفعولی در passé composé,CAT02,SUB04,TENSE_ASPECT,زمان و نمود,Lesson 40; printed p. 192,Stage1 rule text + Stage2 classification; error frequency not claimed by source,misconception-catalogue-recovered-v1.0.0,CANDIDATE_PREDEPLOY_CONTENT_REVIEW,NOT_YET_OBSERVED__STAGE27_CALIBRATION,87a5755e-60a4-521a-a2a6-fc8bd0239dba,OVERGENERALIZATION,تعمیم بیش‌ازحد قاعده,قاعدهٔ هدف «ضمیر پیش از auxiliary قرار می‌گیرد.» را بدون توجه به شرط، نقش یا محدودیت بافتی زیرموضوع «ضمیر مفعولی در passé composé» به همهٔ موارد مشابه تعمیم می‌دهد.,ساخت distractor با اجرای قاعدهٔ عمومی در جایی که شرط دقیق subtopic آن را مجاز نمی‌کند.,اگر کاربر این گزینه را انتخاب کند، احتمالاً قاعده را می‌داند اما دامنهٔ کاربرد آن را بیش از حد گسترده گرفته است.,CORE,Jamais d’accord avec en.
a2303764-b3c6-4a78-a5eb-287adffcd970,40,LE PASSÉ COMPOSÉ,1965248a-5e07-475b-9eaf-a88d5542ddf4,L40-S09,Pronom complément au passé composé,ضمیر مفعولی در passé composé,CAT02,SUB04,TENSE_ASPECT,زمان و نمود,Lesson 40; printed p. 192,Stage1 rule text + Stage2 classification; error frequency not claimed by source,misconception-catalogue-recovered-v1.0.0,CANDIDATE_PREDEPLOY_CONTENT_REVIEW,NOT_YET_OBSERVED__STAGE27_CALIBRATION,53c8dda1-4e2a-5988-bb15-2858f02f8cd3,NEAR_FORM_CONFUSION,اشتباه با فرم/قاعده نزدیک,زمان یا نمود نزدیک را بدون توجه به chronology، عادت/رویداد یا استمرار context انتخاب می‌کند.,یک فرم واقعی و نزدیک از همان خانواده انتخاب شود؛ فرم باید در context دیگری معتبر باشد ولی اینجا به‌طور قطعی غلط باشد.,انتخاب آن نشان می‌دهد تمایز میان قاعده هدف و همسایهٔ نزدیک هنوز پایدار نشده است.,CORE,Jamais d’accord avec en.
a2303764-b3c6-4a78-a5eb-287adffcd970,40,LE PASSÉ COMPOSÉ,1965248a-5e07-475b-9eaf-a88d5542ddf4,L40-S09,Pronom complément au passé composé,ضمیر مفعولی در passé composé,CAT02,SUB04,TENSE_ASPECT,زمان و نمود,Lesson 40; printed p. 192,Stage1 rule text + Stage2 classification; error frequency not claimed by source,misconception-catalogue-recovered-v1.0.0,CANDIDATE_PREDEPLOY_CONTENT_REVIEW,NOT_YET_OBSERVED__STAGE27_CALIBRATION,ba2c3e31-2186-5271-985d-b89bb5635ede,CONTEXT_ROLE_MISMATCH,انتقال قاعده درست به context نادرست,زمانی را که در روایت دیگری درست است به context فعلی منتقل می‌کند و cueهای زمانی/نمودی را نادیده می‌گیرد.,distractor از قاعده‌ای ساخته شود که به‌خودی‌خود معتبر است، اما نقش/مرجع/زمان/register این context با آن سازگار نیست.,انتخاب آن نشانهٔ تحلیل ناکافی context یا نقش دستوری است، نه صرفاً ندانستن شکل ظاهری.,CORE,Jamais d’accord avec en.
a2303764-b3c6-4a78-a5eb-287adffcd970,40,LE PASSÉ COMPOSÉ,1965248a-5e07-475b-9eaf-a88d5542ddf4,L40-S09,Pronom complément au passé composé,ضمیر مفعولی در passé composé,CAT02,SUB04,TENSE_ASPECT,زمان و نمود,Lesson 40; printed p. 192,Stage1 rule text + Stage2 classification; error frequency not claimed by source,misconception-catalogue-recovered-v1.0.0,CANDIDATE_PREDEPLOY_CONTENT_REVIEW,NOT_YET_OBSERVED__STAGE27_CALIBRATION,4175d047-9924-5629-9df2-f15bf0c7c995,EXCEPTION_NEGLECT,نادیده‌گرفتن استثنا/محدودیت صریح,قاعدهٔ عمومی زیرموضوع «ضمیر مفعولی در passé composé» را اعمال می‌کند اما نکته/استثنای صریح ثبت‌شده را نادیده می‌گیرد: Jamais d’accord avec en.,گزینه از خروجی قاعدهٔ عمومی ساخته شود؛ تنها تفاوت باید همان استثنا/محدودیت ثبت‌شده باشد.,انتخاب آن به‌طور مستقیم نشان می‌دهد قاعده عمومی بازیابی شده ولی استثنای کتاب تثبیت نشده است.,HIGH_EXCEPTION,Jamais d’accord avec en.
a2303764-b3c6-4a78-a5eb-287adffcd970,40,LE PASSÉ COMPOSÉ,131ed222-abe9-4e01-ae61-1a8cad859dbf,L40-S10,Adverbe au passé composé,قید در passé composé,CAT02,SUB04,TENSE_ASPECT,زمان و نمود,Lesson 40; printed p. 192,Stage1 rule text + Stage2 classification; error frequency not claimed by source,misconception-catalogue-recovered-v1.0.0,CANDIDATE_PREDEPLOY_CONTENT_REVIEW,NOT_YET_OBSERVED__STAGE27_CALIBRATION,2f4fe090-507e-55f8-9dbf-c818effbda61,OVERGENERALIZATION,تعمیم بیش‌ازحد قاعده,قاعدهٔ هدف «قیدهای مقدار/کیفیت معمولاً میان auxiliary و participe؛ قیدهای مکان/زمان غالباً پس از فعل مرکب می‌آیند.» را بدون توجه به شرط، نقش یا محدودیت بافتی زیرموضوع «قید در passé composé» به همهٔ موارد مشابه تعمیم می‌دهد.,ساخت distractor با اجرای قاعدهٔ عمومی در جایی که شرط دقیق subtopic آن را مجاز نمی‌کند.,اگر کاربر این گزینه را انتخاب کند، احتمالاً قاعده را می‌داند اما دامنهٔ کاربرد آن را بیش از حد گسترده گرفته است.,CORE,
a2303764-b3c6-4a78-a5eb-287adffcd970,40,LE PASSÉ COMPOSÉ,131ed222-abe9-4e01-ae61-1a8cad859dbf,L40-S10,Adverbe au passé composé,قید در passé composé,CAT02,SUB04,TENSE_ASPECT,زمان و نمود,Lesson 40; printed p. 192,Stage1 rule text + Stage2 classification; error frequency not claimed by source,misconception-catalogue-recovered-v1.0.0,CANDIDATE_PREDEPLOY_CONTENT_REVIEW,NOT_YET_OBSERVED__STAGE27_CALIBRATION,e0c10f13-74ae-538a-a67d-287cc3d17427,NEAR_FORM_CONFUSION,اشتباه با فرم/قاعده نزدیک,زمان یا نمود نزدیک را بدون توجه به chronology، عادت/رویداد یا استمرار context انتخاب می‌کند.,یک فرم واقعی و نزدیک از همان خانواده انتخاب شود؛ فرم باید در context دیگری معتبر باشد ولی اینجا به‌طور قطعی غلط باشد.,انتخاب آن نشان می‌دهد تمایز میان قاعده هدف و همسایهٔ نزدیک هنوز پایدار نشده است.,CORE,
a2303764-b3c6-4a78-a5eb-287adffcd970,40,LE PASSÉ COMPOSÉ,131ed222-abe9-4e01-ae61-1a8cad859dbf,L40-S10,Adverbe au passé composé,قید در passé composé,CAT02,SUB04,TENSE_ASPECT,زمان و نمود,Lesson 40; printed p. 192,Stage1 rule text + Stage2 classification; error frequency not claimed by source,misconception-catalogue-recovered-v1.0.0,CANDIDATE_PREDEPLOY_CONTENT_REVIEW,NOT_YET_OBSERVED__STAGE27_CALIBRATION,ff8f98ae-7f54-555d-a1c2-28c20a536819,CONTEXT_ROLE_MISMATCH,انتقال قاعده درست به context نادرست,زمانی را که در روایت دیگری درست است به context فعلی منتقل می‌کند و cueهای زمانی/نمودی را نادیده می‌گیرد.,distractor از قاعده‌ای ساخته شود که به‌خودی‌خود معتبر است، اما نقش/مرجع/زمان/register این context با آن سازگار نیست.,انتخاب آن نشانهٔ تحلیل ناکافی context یا نقش دستوری است، نه صرفاً ندانستن شکل ظاهری.,CORE,
a2303764-b3c6-4a78-a5eb-287adffcd970,40,LE PASSÉ COMPOSÉ,041cc974-4a7d-490f-baea-f898db26d264,L40-S11,Négation au passé composé,نفی passé composé,CAT02,SUB04,NEGATION_POLARITY,نفی و قطبیت,Lesson 40; printed p. 194,Stage1 rule text + Stage2 classification; error frequency not claimed by source,misconception-catalogue-recovered-v1.0.0,CANDIDATE_PREDEPLOY_CONTENT_REVIEW,NOT_YET_OBSERVED__STAGE27_CALIBRATION,2f7c1b11-59a9-5ff8-a721-2206fc03857c,OVERGENERALIZATION,تعمیم بیش‌ازحد قاعده,قاعدهٔ هدف «ne…pas/rien/jamais/plus پیرامون auxiliary قرار می‌گیرد.» را بدون توجه به شرط، نقش یا محدودیت بافتی زیرموضوع «نفی passé composé» به همهٔ موارد مشابه تعمیم می‌دهد.,ساخت distractor با اجرای قاعدهٔ عمومی در جایی که شرط دقیق subtopic آن را مجاز نمی‌کند.,اگر کاربر این گزینه را انتخاب کند، احتمالاً قاعده را می‌داند اما دامنهٔ کاربرد آن را بیش از حد گسترده گرفته است.,CORE,
a2303764-b3c6-4a78-a5eb-287adffcd970,40,LE PASSÉ COMPOSÉ,041cc974-4a7d-490f-baea-f898db26d264,L40-S11,Négation au passé composé,نفی passé composé,CAT02,SUB04,NEGATION_POLARITY,نفی و قطبیت,Lesson 40; printed p. 194,Stage1 rule text + Stage2 classification; error frequency not claimed by source,misconception-catalogue-recovered-v1.0.0,CANDIDATE_PREDEPLOY_CONTENT_REVIEW,NOT_YET_OBSERVED__STAGE27_CALIBRATION,9b52ba3e-ba53-51af-93c2-f50ae3391ea1,NEAR_FORM_CONFUSION,اشتباه با فرم/قاعده نزدیک,ساخت نفی نزدیک را با دامنه، واژه منفی یا article نامتناسب جایگزین می‌کند.,یک فرم واقعی و نزدیک از همان خانواده انتخاب شود؛ فرم باید در context دیگری معتبر باشد ولی اینجا به‌طور قطعی غلط باشد.,انتخاب آن نشان می‌دهد تمایز میان قاعده هدف و همسایهٔ نزدیک هنوز پایدار نشده است.,CORE,
a2303764-b3c6-4a78-a5eb-287adffcd970,40,LE PASSÉ COMPOSÉ,041cc974-4a7d-490f-baea-f898db26d264,L40-S11,Négation au passé composé,نفی passé composé,CAT02,SUB04,NEGATION_POLARITY,نفی و قطبیت,Lesson 40; printed p. 194,Stage1 rule text + Stage2 classification; error frequency not claimed by source,misconception-catalogue-recovered-v1.0.0,CANDIDATE_PREDEPLOY_CONTENT_REVIEW,NOT_YET_OBSERVED__STAGE27_CALIBRATION,dd8fc4bc-1b50-594e-bc19-675f6a5005ee,CONTEXT_ROLE_MISMATCH,انتقال قاعده درست به context نادرست,ساخت نفی معتبر در بافت دیگری را بدون توجه به دامنه نفی/کمیت/قطبیت جمله فعلی به‌کار می‌برد.,distractor از قاعده‌ای ساخته شود که به‌خودی‌خود معتبر است، اما نقش/مرجع/زمان/register این context با آن سازگار نیست.,انتخاب آن نشانهٔ تحلیل ناکافی context یا نقش دستوری است، نه صرفاً ندانستن شکل ظاهری.,CORE,
a2303764-b3c6-4a78-a5eb-287adffcd970,40,LE PASSÉ COMPOSÉ,a6ae8e7e-d257-4936-99dc-ccb62ea3da7d,L40-S12,Interrogation au passé composé,پرسش passé composé,CAT02,SUB04,QUESTION_STRUCTURE,ساخت پرسش,Lesson 40; printed p. 194,Stage1 rule text + Stage2 classification; error frequency not claimed by source,misconception-catalogue-recovered-v1.0.0,CANDIDATE_PREDEPLOY_CONTENT_REVIEW,NOT_YET_OBSERVED__STAGE27_CALIBRATION,3b3b171f-a9e2-5a60-b072-2c2bd34077e6,OVERGENERALIZATION,تعمیم بیش‌ازحد قاعده,قاعدهٔ هدف «پرسش با intonation، est-ce que یا inversion auxiliary-pronom ساخته می‌شود.» را بدون توجه به شرط، نقش یا محدودیت بافتی زیرموضوع «پرسش passé composé» به همهٔ موارد مشابه تعمیم می‌دهد.,ساخت distractor با اجرای قاعدهٔ عمومی در جایی که شرط دقیق subtopic آن را مجاز نمی‌کند.,اگر کاربر این گزینه را انتخاب کند، احتمالاً قاعده را می‌داند اما دامنهٔ کاربرد آن را بیش از حد گسترده گرفته است.,CORE,
a2303764-b3c6-4a78-a5eb-287adffcd970,40,LE PASSÉ COMPOSÉ,a6ae8e7e-d257-4936-99dc-ccb62ea3da7d,L40-S12,Interrogation au passé composé,پرسش passé composé,CAT02,SUB04,QUESTION_STRUCTURE,ساخت پرسش,Lesson 40; printed p. 194,Stage1 rule text + Stage2 classification; error frequency not claimed by source,misconception-catalogue-recovered-v1.0.0,CANDIDATE_PREDEPLOY_CONTENT_REVIEW,NOT_YET_OBSERVED__STAGE27_CALIBRATION,308e4bd0-790a-56c1-85d1-1d55c091735f,NEAR_FORM_CONFUSION,اشتباه با فرم/قاعده نزدیک,ساخت پرسشی نزدیک را بدون رعایت نقش واژه پرسشی، inversion یا نوع پاسخ هدف انتخاب می‌کند.,یک فرم واقعی و نزدیک از همان خانواده انتخاب شود؛ فرم باید در context دیگری معتبر باشد ولی اینجا به‌طور قطعی غلط باشد.,انتخاب آن نشان می‌دهد تمایز میان قاعده هدف و همسایهٔ نزدیک هنوز پایدار نشده است.,CORE,
a2303764-b3c6-4a78-a5eb-287adffcd970,40,LE PASSÉ COMPOSÉ,a6ae8e7e-d257-4936-99dc-ccb62ea3da7d,L40-S12,Interrogation au passé composé,پرسش passé composé,CAT02,SUB04,QUESTION_STRUCTURE,ساخت پرسش,Lesson 40; printed p. 194,Stage1 rule text + Stage2 classification; error frequency not claimed by source,misconception-catalogue-recovered-v1.0.0,CANDIDATE_PREDEPLOY_CONTENT_REVIEW,NOT_YET_OBSERVED__STAGE27_CALIBRATION,2395a63f-ee42-596c-a22a-9b19a3b29aa3,CONTEXT_ROLE_MISMATCH,انتقال قاعده درست به context نادرست,الگوی پرسشی درست برای نقش/نوع پرسش دیگری را به سؤال فعلی منتقل می‌کند.,distractor از قاعده‌ای ساخته شود که به‌خودی‌خود معتبر است، اما نقش/مرجع/زمان/register این context با آن سازگار نیست.,انتخاب آن نشانهٔ تحلیل ناکافی context یا نقش دستوری است، نه صرفاً ندانستن شکل ظاهری.,CORE,
61d3b6b5-dd58-4ca4-b78d-521013ae2461,41,LE TEMPS (3),6c810495-d2a8-4075-b690-5ab406c82265,L41-S01,« il y a » passé vs « dans » futur,il y a برای گذشته و dans برای آینده,CAT08,SUB20,PREPOSITION_RECTION,حرف اضافه/رکسیون/ارجاع مکانی-زمانی,Lesson 41; printed p. 198,Stage1 rule text + Stage2 classification; error frequency not claimed by source,misconception-catalogue-recovered-v1.0.0,CANDIDATE_PREDEPLOY_CONTENT_REVIEW,NOT_YET_OBSERVED__STAGE27_CALIBRATION,121eb5be-218a-58af-9c84-8ee7b1820f7b,OVERGENERALIZATION,تعمیم بیش‌ازحد قاعده,قاعدهٔ هدف «il y a فاصله تا یک نقطهٔ گذشته و dans فاصله تا یک نقطهٔ آینده را بیان می‌کند.» را بدون توجه به شرط، نقش یا محدودیت بافتی زیرموضوع «il y a برای گذشته و dans برای آینده» به همهٔ موارد مشابه تعمیم می‌دهد.,ساخت distractor با اجرای قاعدهٔ عمومی در جایی که شرط دقیق subtopic آن را مجاز نمی‌کند.,اگر کاربر این گزینه را انتخاب کند، احتمالاً قاعده را می‌داند اما دامنهٔ کاربرد آن را بیش از حد گسترده گرفته است.,CORE,
61d3b6b5-dd58-4ca4-b78d-521013ae2461,41,LE TEMPS (3),6c810495-d2a8-4075-b690-5ab406c82265,L41-S01,« il y a » passé vs « dans » futur,il y a برای گذشته و dans برای آینده,CAT08,SUB20,PREPOSITION_RECTION,حرف اضافه/رکسیون/ارجاع مکانی-زمانی,Lesson 41; printed p. 198,Stage1 rule text + Stage2 classification; error frequency not claimed by source,misconception-catalogue-recovered-v1.0.0,CANDIDATE_PREDEPLOY_CONTENT_REVIEW,NOT_YET_OBSERVED__STAGE27_CALIBRATION,ee5c3532-83aa-5a85-a30c-70a5ed3abeb8,NEAR_FORM_CONFUSION,اشتباه با فرم/قاعده نزدیک,حرف اضافهٔ پرتکرار یا نزدیک را بدون توجه به رکسیون، مکان/زمان یا معنای مکمل جایگزین می‌کند.,یک فرم واقعی و نزدیک از همان خانواده انتخاب شود؛ فرم باید در context دیگری معتبر باشد ولی اینجا به‌طور قطعی غلط باشد.,انتخاب آن نشان می‌دهد تمایز میان قاعده هدف و همسایهٔ نزدیک هنوز پایدار نشده است.,CORE,
61d3b6b5-dd58-4ca4-b78d-521013ae2461,41,LE TEMPS (3),6c810495-d2a8-4075-b690-5ab406c82265,L41-S01,« il y a » passé vs « dans » futur,il y a برای گذشته و dans برای آینده,CAT08,SUB20,PREPOSITION_RECTION,حرف اضافه/رکسیون/ارجاع مکانی-زمانی,Lesson 41; printed p. 198,Stage1 rule text + Stage2 classification; error frequency not claimed by source,misconception-catalogue-recovered-v1.0.0,CANDIDATE_PREDEPLOY_CONTENT_REVIEW,NOT_YET_OBSERVED__STAGE27_CALIBRATION,357efba1-caeb-5678-8ca8-9e03613d5470,CONTEXT_ROLE_MISMATCH,انتقال قاعده درست به context نادرست,حرف اضافه‌ای را که در context مکانی/زمانی یا با فعل دیگری درست است، به ساخت هدف منتقل می‌کند.,distractor از قاعده‌ای ساخته شود که به‌خودی‌خود معتبر است، اما نقش/مرجع/زمان/register این context با آن سازگار نیست.,انتخاب آن نشانهٔ تحلیل ناکافی context یا نقش دستوری است، نه صرفاً ندانستن شکل ظاهری.,CORE,
61d3b6b5-dd58-4ca4-b78d-521013ae2461,41,LE TEMPS (3),c649df87-b48a-48a4-9379-c6adc4a5d1e6,L41-S02,« depuis » origine et durée,depuis برای مبدأ/مدت,CAT08,SUB20,PREPOSITION_RECTION,حرف اضافه/رکسیون/ارجاع مکانی-زمانی,Lesson 41; printed p. 198,Stage1 rule text + Stage2 classification; error frequency not claimed by source,misconception-catalogue-recovered-v1.0.0,CANDIDATE_PREDEPLOY_CONTENT_REVIEW,NOT_YET_OBSERVED__STAGE27_CALIBRATION,5dfcf903-744b-5309-bbfa-6c78648b38cc,OVERGENERALIZATION,تعمیم بیش‌ازحد قاعده,قاعدهٔ هدف «depuis مدت از مبدأ گذشته تا اکنون را بیان می‌کند.» را بدون توجه به شرط، نقش یا محدودیت بافتی زیرموضوع «depuis برای مبدأ/مدت» به همهٔ موارد مشابه تعمیم می‌دهد.,ساخت distractor با اجرای قاعدهٔ عمومی در جایی که شرط دقیق subtopic آن را مجاز نمی‌کند.,اگر کاربر این گزینه را انتخاب کند، احتمالاً قاعده را می‌داند اما دامنهٔ کاربرد آن را بیش از حد گسترده گرفته است.,CORE,
61d3b6b5-dd58-4ca4-b78d-521013ae2461,41,LE TEMPS (3),c649df87-b48a-48a4-9379-c6adc4a5d1e6,L41-S02,« depuis » origine et durée,depuis برای مبدأ/مدت,CAT08,SUB20,PREPOSITION_RECTION,حرف اضافه/رکسیون/ارجاع مکانی-زمانی,Lesson 41; printed p. 198,Stage1 rule text + Stage2 classification; error frequency not claimed by source,misconception-catalogue-recovered-v1.0.0,CANDIDATE_PREDEPLOY_CONTENT_REVIEW,NOT_YET_OBSERVED__STAGE27_CALIBRATION,269f01eb-da0a-5077-8724-7f19cecfed85,NEAR_FORM_CONFUSION,اشتباه با فرم/قاعده نزدیک,حرف اضافهٔ پرتکرار یا نزدیک را بدون توجه به رکسیون، مکان/زمان یا معنای مکمل جایگزین می‌کند.,یک فرم واقعی و نزدیک از همان خانواده انتخاب شود؛ فرم باید در context دیگری معتبر باشد ولی اینجا به‌طور قطعی غلط باشد.,انتخاب آن نشان می‌دهد تمایز میان قاعده هدف و همسایهٔ نزدیک هنوز پایدار نشده است.,CORE,
61d3b6b5-dd58-4ca4-b78d-521013ae2461,41,LE TEMPS (3),c649df87-b48a-48a4-9379-c6adc4a5d1e6,L41-S02,« depuis » origine et durée,depuis برای مبدأ/مدت,CAT08,SUB20,PREPOSITION_RECTION,حرف اضافه/رکسیون/ارجاع مکانی-زمانی,Lesson 41; printed p. 198,Stage1 rule text + Stage2 classification; error frequency not claimed by source,misconception-catalogue-recovered-v1.0.0,CANDIDATE_PREDEPLOY_CONTENT_REVIEW,NOT_YET_OBSERVED__STAGE27_CALIBRATION,f635c3b5-6f55-5ea5-bc0e-6aa9cba6d67b,CONTEXT_ROLE_MISMATCH,انتقال قاعده درست به context نادرست,حرف اضافه‌ای را که در context مکانی/زمانی یا با فعل دیگری درست است، به ساخت هدف منتقل می‌کند.,distractor از قاعده‌ای ساخته شود که به‌خودی‌خود معتبر است، اما نقش/مرجع/زمان/register این context با آن سازگار نیست.,انتخاب آن نشانهٔ تحلیل ناکافی context یا نقش دستوری است، نه صرفاً ندانستن شکل ظاهری.,CORE,
61d3b6b5-dd58-4ca4-b78d-521013ae2461,41,LE TEMPS (3),f7653e97-d75c-4b1b-91ce-f6550b54445d,L41-S03,« pour/pendant/en » révision,مرور pour/pendant/en,CAT08,SUB20,PREPOSITION_RECTION,حرف اضافه/رکسیون/ارجاع مکانی-زمانی,Lesson 41; printed p. 198,Stage1 rule text + Stage2 classification; error frequency not claimed by source,misconception-catalogue-recovered-v1.0.0,CANDIDATE_PREDEPLOY_CONTENT_REVIEW,NOT_YET_OBSERVED__STAGE27_CALIBRATION,45836d5f-0c39-5249-9829-e9b4dafd62f8,OVERGENERALIZATION,تعمیم بیش‌ازحد قاعده,قاعدهٔ هدف «pour مدت پیش‌بینی‌شده، pendant مدت محدود واقعی، en زمان لازم برای انجام است.» را بدون توجه به شرط، نقش یا محدودیت بافتی زیرموضوع «مرور pour/pendant/en» به همهٔ موارد مشابه تعمیم می‌دهد.,ساخت distractor با اجرای قاعدهٔ عمومی در جایی که شرط دقیق subtopic آن را مجاز نمی‌کند.,اگر کاربر این گزینه را انتخاب کند، احتمالاً قاعده را می‌داند اما دامنهٔ کاربرد آن را بیش از حد گسترده گرفته است.,CORE,
61d3b6b5-dd58-4ca4-b78d-521013ae2461,41,LE TEMPS (3),f7653e97-d75c-4b1b-91ce-f6550b54445d,L41-S03,« pour/pendant/en » révision,مرور pour/pendant/en,CAT08,SUB20,PREPOSITION_RECTION,حرف اضافه/رکسیون/ارجاع مکانی-زمانی,Lesson 41; printed p. 198,Stage1 rule text + Stage2 classification; error frequency not claimed by source,misconception-catalogue-recovered-v1.0.0,CANDIDATE_PREDEPLOY_CONTENT_REVIEW,NOT_YET_OBSERVED__STAGE27_CALIBRATION,b256b69c-327d-5d4d-93f8-590a96404aff,NEAR_FORM_CONFUSION,اشتباه با فرم/قاعده نزدیک,حرف اضافهٔ پرتکرار یا نزدیک را بدون توجه به رکسیون، مکان/زمان یا معنای مکمل جایگزین می‌کند.,یک فرم واقعی و نزدیک از همان خانواده انتخاب شود؛ فرم باید در context دیگری معتبر باشد ولی اینجا به‌طور قطعی غلط باشد.,انتخاب آن نشان می‌دهد تمایز میان قاعده هدف و همسایهٔ نزدیک هنوز پایدار نشده است.,CORE,
61d3b6b5-dd58-4ca4-b78d-521013ae2461,41,LE TEMPS (3),f7653e97-d75c-4b1b-91ce-f6550b54445d,L41-S03,« pour/pendant/en » révision,مرور pour/pendant/en,CAT08,SUB20,PREPOSITION_RECTION,حرف اضافه/رکسیون/ارجاع مکانی-زمانی,Lesson 41; printed p. 198,Stage1 rule text + Stage2 classification; error frequency not claimed by source,misconception-catalogue-recovered-v1.0.0,CANDIDATE_PREDEPLOY_CONTENT_REVIEW,NOT_YET_OBSERVED__STAGE27_CALIBRATION,3416b4a6-2e53-5588-b669-ffbfda89c9e8,CONTEXT_ROLE_MISMATCH,انتقال قاعده درست به context نادرست,حرف اضافه‌ای را که در context مکانی/زمانی یا با فعل دیگری درست است، به ساخت هدف منتقل می‌کند.,distractor از قاعده‌ای ساخته شود که به‌خودی‌خود معتبر است، اما نقش/مرجع/زمان/register این context با آن سازگار نیست.,انتخاب آن نشانهٔ تحلیل ناکافی context یا نقش دستوری است، نه صرفاً ندانستن شکل ظاهری.,CORE,
61d3b6b5-dd58-4ca4-b78d-521013ae2461,41,LE TEMPS (3),68c41808-a133-4a7d-8fce-7fc7500fdc93,L41-S04,Chronologie par rapport au présent,زمان‌نماها نسبت به حال,CAT08,SUB20,TENSE_ASPECT,زمان و نمود,Lesson 41; printed p. 200,Stage1 rule text + Stage2 classification; error frequency not claimed by source,misconception-catalogue-recovered-v1.0.0,CANDIDATE_PREDEPLOY_CONTENT_REVIEW,NOT_YET_OBSERVED__STAGE27_CALIBRATION,40394549-6eee-528c-8413-d697b07877eb,OVERGENERALIZATION,تعمیم بیش‌ازحد قاعده,قاعدهٔ هدف «avant-hier/hier/aujourd’hui/demain/après-demain و هفته/ماه/سال قبل/این/بعد محور زمانی نسبت به اکنون‌اند.» را بدون توجه به شرط، نقش یا محدودیت بافتی زیرموضوع «زمان‌نماها نسبت به حال» به همهٔ موارد مشابه تعمیم می‌دهد.,ساخت distractor با اجرای قاعدهٔ عمومی در جایی که شرط دقیق subtopic آن را مجاز نمی‌کند.,اگر کاربر این گزینه را انتخاب کند، احتمالاً قاعده را می‌داند اما دامنهٔ کاربرد آن را بیش از حد گسترده گرفته است.,CORE,
61d3b6b5-dd58-4ca4-b78d-521013ae2461,41,LE TEMPS (3),68c41808-a133-4a7d-8fce-7fc7500fdc93,L41-S04,Chronologie par rapport au présent,زمان‌نماها نسبت به حال,CAT08,SUB20,TENSE_ASPECT,زمان و نمود,Lesson 41; printed p. 200,Stage1 rule text + Stage2 classification; error frequency not claimed by source,misconception-catalogue-recovered-v1.0.0,CANDIDATE_PREDEPLOY_CONTENT_REVIEW,NOT_YET_OBSERVED__STAGE27_CALIBRATION,1d3d6a14-f8eb-5eaa-9bfd-cf1a6935fb52,NEAR_FORM_CONFUSION,اشتباه با فرم/قاعده نزدیک,زمان یا نمود نزدیک را بدون توجه به chronology، عادت/رویداد یا استمرار context انتخاب می‌کند.,یک فرم واقعی و نزدیک از همان خانواده انتخاب شود؛ فرم باید در context دیگری معتبر باشد ولی اینجا به‌طور قطعی غلط باشد.,انتخاب آن نشان می‌دهد تمایز میان قاعده هدف و همسایهٔ نزدیک هنوز پایدار نشده است.,CORE,
61d3b6b5-dd58-4ca4-b78d-521013ae2461,41,LE TEMPS (3),68c41808-a133-4a7d-8fce-7fc7500fdc93,L41-S04,Chronologie par rapport au présent,زمان‌نماها نسبت به حال,CAT08,SUB20,TENSE_ASPECT,زمان و نمود,Lesson 41; printed p. 200,Stage1 rule text + Stage2 classification; error frequency not claimed by source,misconception-catalogue-recovered-v1.0.0,CANDIDATE_PREDEPLOY_CONTENT_REVIEW,NOT_YET_OBSERVED__STAGE27_CALIBRATION,40ba9694-1e83-5e42-9e78-aaf692dc5b33,CONTEXT_ROLE_MISMATCH,انتقال قاعده درست به context نادرست,زمانی را که در روایت دیگری درست است به context فعلی منتقل می‌کند و cueهای زمانی/نمودی را نادیده می‌گیرد.,distractor از قاعده‌ای ساخته شود که به‌خودی‌خود معتبر است، اما نقش/مرجع/زمان/register این context با آن سازگار نیست.,انتخاب آن نشانهٔ تحلیل ناکافی context یا نقش دستوری است، نه صرفاً ندانستن شکل ظاهری.,CORE,
61d3b6b5-dd58-4ca4-b78d-521013ae2461,41,LE TEMPS (3),29f66414-3de7-476a-9dcc-3e29d1eaa006,L41-S05,Chronologie par rapport au passé/futur,زمان‌نماها نسبت به مرجع دیگر,CAT08,SUB20,TENSE_ASPECT,زمان و نمود,Lesson 41; printed p. 200,Stage1 rule text + Stage2 classification; error frequency not claimed by source,misconception-catalogue-recovered-v1.0.0,CANDIDATE_PREDEPLOY_CONTENT_REVIEW,NOT_YET_OBSERVED__STAGE27_CALIBRATION,8d04ab59-7d68-5c04-9345-7805960f66f5,OVERGENERALIZATION,تعمیم بیش‌ازحد قاعده,قاعدهٔ هدف «la veille/ce jour-là/le lendemain و semaine/mois/année d’avant/d’après نسبت به نقطه‌ای غیر از اکنون استفاده می‌شوند.» را بدون توجه به شرط، نقش یا محدودیت بافتی زیرموضوع «زمان‌نماها نسبت به مرجع دیگر» به همهٔ موارد مشابه تعمیم می‌دهد.,ساخت distractor با اجرای قاعدهٔ عمومی در جایی که شرط دقیق subtopic آن را مجاز نمی‌کند.,اگر کاربر این گزینه را انتخاب کند، احتمالاً قاعده را می‌داند اما دامنهٔ کاربرد آن را بیش از حد گسترده گرفته است.,CORE,
61d3b6b5-dd58-4ca4-b78d-521013ae2461,41,LE TEMPS (3),29f66414-3de7-476a-9dcc-3e29d1eaa006,L41-S05,Chronologie par rapport au passé/futur,زمان‌نماها نسبت به مرجع دیگر,CAT08,SUB20,TENSE_ASPECT,زمان و نمود,Lesson 41; printed p. 200,Stage1 rule text + Stage2 classification; error frequency not claimed by source,misconception-catalogue-recovered-v1.0.0,CANDIDATE_PREDEPLOY_CONTENT_REVIEW,NOT_YET_OBSERVED__STAGE27_CALIBRATION,2e9b5856-7c5a-5022-a5d1-f00bed9e35c6,NEAR_FORM_CONFUSION,اشتباه با فرم/قاعده نزدیک,زمان یا نمود نزدیک را بدون توجه به chronology، عادت/رویداد یا استمرار context انتخاب می‌کند.,یک فرم واقعی و نزدیک از همان خانواده انتخاب شود؛ فرم باید در context دیگری معتبر باشد ولی اینجا به‌طور قطعی غلط باشد.,انتخاب آن نشان می‌دهد تمایز میان قاعده هدف و همسایهٔ نزدیک هنوز پایدار نشده است.,CORE,
61d3b6b5-dd58-4ca4-b78d-521013ae2461,41,LE TEMPS (3),29f66414-3de7-476a-9dcc-3e29d1eaa006,L41-S05,Chronologie par rapport au passé/futur,زمان‌نماها نسبت به مرجع دیگر,CAT08,SUB20,TENSE_ASPECT,زمان و نمود,Lesson 41; printed p. 200,Stage1 rule text + Stage2 classification; error frequency not claimed by source,misconception-catalogue-recovered-v1.0.0,CANDIDATE_PREDEPLOY_CONTENT_REVIEW,NOT_YET_OBSERVED__STAGE27_CALIBRATION,85ed93f8-e0e3-5be8-9bda-24aef235751d,CONTEXT_ROLE_MISMATCH,انتقال قاعده درست به context نادرست,زمانی را که در روایت دیگری درست است به context فعلی منتقل می‌کند و cueهای زمانی/نمودی را نادیده می‌گیرد.,distractor از قاعده‌ای ساخته شود که به‌خودی‌خود معتبر است، اما نقش/مرجع/زمان/register این context با آن سازگار نیست.,انتخاب آن نشانهٔ تحلیل ناکافی context یا نقش دستوری است، نه صرفاً ندانستن شکل ظاهری.,CORE,
61d3b6b5-dd58-4ca4-b78d-521013ae2461,41,LE TEMPS (3),60a56711-90e8-4268-ab42-2e824f23299f,L41-S06,Succession avec « après + infinitif passé »,توالی با après + مصدر گذشته,CAT08,SUB20,NONFINITE_ASPECT,ساخت‌های غیرصرفی و نمود,Lesson 41; printed p. 202,Stage1 rule text + Stage2 classification; error frequency not claimed by source,misconception-catalogue-recovered-v1.0.0,CANDIDATE_PREDEPLOY_CONTENT_REVIEW,NOT_YET_OBSERVED__STAGE27_CALIBRATION,16ce719d-059a-50fa-938a-bf5d676cc7a6,OVERGENERALIZATION,تعمیم بیش‌ازحد قاعده,قاعدهٔ هدف «اگر فاعل دو عمل یکسان باشد، après + infinitif passé عمل کامل‌شدهٔ قبلی را بیان می‌کند.» را بدون توجه به شرط، نقش یا محدودیت بافتی زیرموضوع «توالی با après + مصدر گذشته» به همهٔ موارد مشابه تعمیم می‌دهد.,ساخت distractor با اجرای قاعدهٔ عمومی در جایی که شرط دقیق subtopic آن را مجاز نمی‌کند.,اگر کاربر این گزینه را انتخاب کند، احتمالاً قاعده را می‌داند اما دامنهٔ کاربرد آن را بیش از حد گسترده گرفته است.,CORE,
61d3b6b5-dd58-4ca4-b78d-521013ae2461,41,LE TEMPS (3),60a56711-90e8-4268-ab42-2e824f23299f,L41-S06,Succession avec « après + infinitif passé »,توالی با après + مصدر گذشته,CAT08,SUB20,NONFINITE_ASPECT,ساخت‌های غیرصرفی و نمود,Lesson 41; printed p. 202,Stage1 rule text + Stage2 classification; error frequency not claimed by source,misconception-catalogue-recovered-v1.0.0,CANDIDATE_PREDEPLOY_CONTENT_REVIEW,NOT_YET_OBSERVED__STAGE27_CALIBRATION,0cc8570a-91cf-5034-aa4c-71e3357c43ec,NEAR_FORM_CONFUSION,اشتباه با فرم/قاعده نزدیک,مصدر، gérondif، participe یا periphrase نزدیک را بدون توجه به فاعل/هم‌زمانی/نمود انتخاب می‌کند.,یک فرم واقعی و نزدیک از همان خانواده انتخاب شود؛ فرم باید در context دیگری معتبر باشد ولی اینجا به‌طور قطعی غلط باشد.,انتخاب آن نشان می‌دهد تمایز میان قاعده هدف و همسایهٔ نزدیک هنوز پایدار نشده است.,CORE,
61d3b6b5-dd58-4ca4-b78d-521013ae2461,41,LE TEMPS (3),60a56711-90e8-4268-ab42-2e824f23299f,L41-S06,Succession avec « après + infinitif passé »,توالی با après + مصدر گذشته,CAT08,SUB20,NONFINITE_ASPECT,ساخت‌های غیرصرفی و نمود,Lesson 41; printed p. 202,Stage1 rule text + Stage2 classification; error frequency not claimed by source,misconception-catalogue-recovered-v1.0.0,CANDIDATE_PREDEPLOY_CONTENT_REVIEW,NOT_YET_OBSERVED__STAGE27_CALIBRATION,710b5d60-c7f0-5eab-8038-79a66065d9ca,CONTEXT_ROLE_MISMATCH,انتقال قاعده درست به context نادرست,ساخت غیرصرفی درست در بافت دیگری را با فاعل، توالی یا aspect نامتناسب به جمله فعلی منتقل می‌کند.,distractor از قاعده‌ای ساخته شود که به‌خودی‌خود معتبر است، اما نقش/مرجع/زمان/register این context با آن سازگار نیست.,انتخاب آن نشانهٔ تحلیل ناکافی context یا نقش دستوری است، نه صرفاً ندانستن شکل ظاهری.,CORE,
61d3b6b5-dd58-4ca4-b78d-521013ae2461,41,LE TEMPS (3),d6952e44-05e8-4cfc-b306-041241d04694,L41-S07,Succession avec « avant de + infinitif »,توالی با avant de,CAT08,SUB20,NONFINITE_ASPECT,ساخت‌های غیرصرفی و نمود,Lesson 41; printed p. 202,Stage1 rule text + Stage2 classification; error frequency not claimed by source,misconception-catalogue-recovered-v1.0.0,CANDIDATE_PREDEPLOY_CONTENT_REVIEW,NOT_YET_OBSERVED__STAGE27_CALIBRATION,8051c57f-3143-5694-94e5-01d0d7837aee,OVERGENERALIZATION,تعمیم بیش‌ازحد قاعده,قاعدهٔ هدف «اگر فاعل دو عمل یکسان باشد، avant de + infinitif عمل قبل از رویداد اصلی را بیان می‌کند.» را بدون توجه به شرط، نقش یا محدودیت بافتی زیرموضوع «توالی با avant de» به همهٔ موارد مشابه تعمیم می‌دهد.,ساخت distractor با اجرای قاعدهٔ عمومی در جایی که شرط دقیق subtopic آن را مجاز نمی‌کند.,اگر کاربر این گزینه را انتخاب کند، احتمالاً قاعده را می‌داند اما دامنهٔ کاربرد آن را بیش از حد گسترده گرفته است.,CORE,
61d3b6b5-dd58-4ca4-b78d-521013ae2461,41,LE TEMPS (3),d6952e44-05e8-4cfc-b306-041241d04694,L41-S07,Succession avec « avant de + infinitif »,توالی با avant de,CAT08,SUB20,NONFINITE_ASPECT,ساخت‌های غیرصرفی و نمود,Lesson 41; printed p. 202,Stage1 rule text + Stage2 classification; error frequency not claimed by source,misconception-catalogue-recovered-v1.0.0,CANDIDATE_PREDEPLOY_CONTENT_REVIEW,NOT_YET_OBSERVED__STAGE27_CALIBRATION,f5076c8b-0621-595a-89d0-3f3edd97ede6,NEAR_FORM_CONFUSION,اشتباه با فرم/قاعده نزدیک,مصدر، gérondif، participe یا periphrase نزدیک را بدون توجه به فاعل/هم‌زمانی/نمود انتخاب می‌کند.,یک فرم واقعی و نزدیک از همان خانواده انتخاب شود؛ فرم باید در context دیگری معتبر باشد ولی اینجا به‌طور قطعی غلط باشد.,انتخاب آن نشان می‌دهد تمایز میان قاعده هدف و همسایهٔ نزدیک هنوز پایدار نشده است.,CORE,
61d3b6b5-dd58-4ca4-b78d-521013ae2461,41,LE TEMPS (3),d6952e44-05e8-4cfc-b306-041241d04694,L41-S07,Succession avec « avant de + infinitif »,توالی با avant de,CAT08,SUB20,NONFINITE_ASPECT,ساخت‌های غیرصرفی و نمود,Lesson 41; printed p. 202,Stage1 rule text + Stage2 classification; error frequency not claimed by source,misconception-catalogue-recovered-v1.0.0,CANDIDATE_PREDEPLOY_CONTENT_REVIEW,NOT_YET_OBSERVED__STAGE27_CALIBRATION,91d52865-9c3c-5b7b-a416-edf3e83ca772,CONTEXT_ROLE_MISMATCH,انتقال قاعده درست به context نادرست,ساخت غیرصرفی درست در بافت دیگری را با فاعل، توالی یا aspect نامتناسب به جمله فعلی منتقل می‌کند.,distractor از قاعده‌ای ساخته شود که به‌خودی‌خود معتبر است، اما نقش/مرجع/زمان/register این context با آن سازگار نیست.,انتخاب آن نشانهٔ تحلیل ناکافی context یا نقش دستوری است، نه صرفاً ندانستن شکل ظاهری.,CORE,
79d5da54-9d06-473a-a60c-1c4cb74c38e1,42,LE PASSIF,96d9a85d-33dd-475f-bf39-642155929505,L42-S01,Usage du passif,کاربرد مجهول,CAT03,SUB07,VOICE,معلوم و مجهول,Lesson 42; printed p. 204,Stage1 rule text + Stage2 classification; error frequency not claimed by source,misconception-catalogue-recovered-v1.0.0,CANDIDATE_PREDEPLOY_CONTENT_REVIEW,NOT_YET_OBSERVED__STAGE27_CALIBRATION,91476c92-9878-51a1-9134-f1a247fc0c0d,OVERGENERALIZATION,تعمیم بیش‌ازحد قاعده,قاعدهٔ هدف «passif وقتی تمرکز از عامل به مفعول/رویداد منتقل می‌شود استفاده می‌شود.» را بدون توجه به شرط، نقش یا محدودیت بافتی زیرموضوع «کاربرد مجهول» به همهٔ موارد مشابه تعمیم می‌دهد.,ساخت distractor با اجرای قاعدهٔ عمومی در جایی که شرط دقیق subtopic آن را مجاز نمی‌کند.,اگر کاربر این گزینه را انتخاب کند، احتمالاً قاعده را می‌داند اما دامنهٔ کاربرد آن را بیش از حد گسترده گرفته است.,CORE,
79d5da54-9d06-473a-a60c-1c4cb74c38e1,42,LE PASSIF,96d9a85d-33dd-475f-bf39-642155929505,L42-S01,Usage du passif,کاربرد مجهول,CAT03,SUB07,VOICE,معلوم و مجهول,Lesson 42; printed p. 204,Stage1 rule text + Stage2 classification; error frequency not claimed by source,misconception-catalogue-recovered-v1.0.0,CANDIDATE_PREDEPLOY_CONTENT_REVIEW,NOT_YET_OBSERVED__STAGE27_CALIBRATION,d3756d14-3772-5ceb-9beb-3af321f2396d,NEAR_FORM_CONFUSION,اشتباه با فرم/قاعده نزدیک,صورت معلوم/مجهول یا عامل‌نما را بدون توجه به نقش‌های معنایی و ساخت فعل جابه‌جا می‌کند.,یک فرم واقعی و نزدیک از همان خانواده انتخاب شود؛ فرم باید در context دیگری معتبر باشد ولی اینجا به‌طور قطعی غلط باشد.,انتخاب آن نشان می‌دهد تمایز میان قاعده هدف و همسایهٔ نزدیک هنوز پایدار نشده است.,CORE,
79d5da54-9d06-473a-a60c-1c4cb74c38e1,42,LE PASSIF,96d9a85d-33dd-475f-bf39-642155929505,L42-S01,Usage du passif,کاربرد مجهول,CAT03,SUB07,VOICE,معلوم و مجهول,Lesson 42; printed p. 204,Stage1 rule text + Stage2 classification; error frequency not claimed by source,misconception-catalogue-recovered-v1.0.0,CANDIDATE_PREDEPLOY_CONTENT_REVIEW,NOT_YET_OBSERVED__STAGE27_CALIBRATION,14f85a67-6fa2-5823-b550-d1297a9a5509,CONTEXT_ROLE_MISMATCH,انتقال قاعده درست به context نادرست,ساخت voice درست در بافت دیگری را بدون توجه به نقش عامل/مفعول یا هدف خبری جمله منتقل می‌کند.,distractor از قاعده‌ای ساخته شود که به‌خودی‌خود معتبر است، اما نقش/مرجع/زمان/register این context با آن سازگار نیست.,انتخاب آن نشانهٔ تحلیل ناکافی context یا نقش دستوری است، نه صرفاً ندانستن شکل ظاهری.,CORE,
79d5da54-9d06-473a-a60c-1c4cb74c38e1,42,LE PASSIF,123f377f-804d-4d67-8472-c6fb99312697,L42-S02,Formation « être + participe passé (+ par) »,ساخت مجهول,CAT03,SUB07,NONFINITE_ASPECT,ساخت‌های غیرصرفی و نمود,Lesson 42; printed p. 204,Stage1 rule text + Stage2 classification; error frequency not claimed by source,misconception-catalogue-recovered-v1.0.0,CANDIDATE_PREDEPLOY_CONTENT_REVIEW,NOT_YET_OBSERVED__STAGE27_CALIBRATION,1ad5126e-1ff2-5c27-94fc-f80eba9632fb,OVERGENERALIZATION,تعمیم بیش‌ازحد قاعده,قاعدهٔ هدف «passif = être در زمان مناسب + participe passé + par + agent اختیاری.» را بدون توجه به شرط، نقش یا محدودیت بافتی زیرموضوع «ساخت مجهول» به همهٔ موارد مشابه تعمیم می‌دهد.,ساخت distractor با اجرای قاعدهٔ عمومی در جایی که شرط دقیق subtopic آن را مجاز نمی‌کند.,اگر کاربر این گزینه را انتخاب کند، احتمالاً قاعده را می‌داند اما دامنهٔ کاربرد آن را بیش از حد گسترده گرفته است.,CORE,
79d5da54-9d06-473a-a60c-1c4cb74c38e1,42,LE PASSIF,123f377f-804d-4d67-8472-c6fb99312697,L42-S02,Formation « être + participe passé (+ par) »,ساخت مجهول,CAT03,SUB07,NONFINITE_ASPECT,ساخت‌های غیرصرفی و نمود,Lesson 42; printed p. 204,Stage1 rule text + Stage2 classification; error frequency not claimed by source,misconception-catalogue-recovered-v1.0.0,CANDIDATE_PREDEPLOY_CONTENT_REVIEW,NOT_YET_OBSERVED__STAGE27_CALIBRATION,fcd8862e-1156-5631-b343-c756ea111437,NEAR_FORM_CONFUSION,اشتباه با فرم/قاعده نزدیک,مصدر، gérondif، participe یا periphrase نزدیک را بدون توجه به فاعل/هم‌زمانی/نمود انتخاب می‌کند.,یک فرم واقعی و نزدیک از همان خانواده انتخاب شود؛ فرم باید در context دیگری معتبر باشد ولی اینجا به‌طور قطعی غلط باشد.,انتخاب آن نشان می‌دهد تمایز میان قاعده هدف و همسایهٔ نزدیک هنوز پایدار نشده است.,CORE,
79d5da54-9d06-473a-a60c-1c4cb74c38e1,42,LE PASSIF,123f377f-804d-4d67-8472-c6fb99312697,L42-S02,Formation « être + participe passé (+ par) »,ساخت مجهول,CAT03,SUB07,NONFINITE_ASPECT,ساخت‌های غیرصرفی و نمود,Lesson 42; printed p. 204,Stage1 rule text + Stage2 classification; error frequency not claimed by source,misconception-catalogue-recovered-v1.0.0,CANDIDATE_PREDEPLOY_CONTENT_REVIEW,NOT_YET_OBSERVED__STAGE27_CALIBRATION,8abf85f2-dacc-550a-a05b-9ddc5fa9806c,CONTEXT_ROLE_MISMATCH,انتقال قاعده درست به context نادرست,ساخت غیرصرفی درست در بافت دیگری را با فاعل، توالی یا aspect نامتناسب به جمله فعلی منتقل می‌کند.,distractor از قاعده‌ای ساخته شود که به‌خودی‌خود معتبر است، اما نقش/مرجع/زمان/register این context با آن سازگار نیست.,انتخاب آن نشانهٔ تحلیل ناکافی context یا نقش دستوری است، نه صرفاً ندانستن شکل ظاهری.,CORE,
79d5da54-9d06-473a-a60c-1c4cb74c38e1,42,LE PASSIF,e40d0f6e-10bc-4104-9005-bd27e544a5a3,L42-S03,Agent omis,حذف عامل,CAT03,SUB07,VOICE,معلوم و مجهول,Lesson 42; printed p. 204,Stage1 rule text + Stage2 classification; error frequency not claimed by source,misconception-catalogue-recovered-v1.0.0,CANDIDATE_PREDEPLOY_CONTENT_REVIEW,NOT_YET_OBSERVED__STAGE27_CALIBRATION,ecb1b83c-d47c-5516-8e0e-e86458a91e04,OVERGENERALIZATION,تعمیم بیش‌ازحد قاعده,قاعدهٔ هدف «اگر عامل نامهم/ناشناخته/بدیهی باشد، par + agent حذف می‌شود.» را بدون توجه به شرط، نقش یا محدودیت بافتی زیرموضوع «حذف عامل» به همهٔ موارد مشابه تعمیم می‌دهد.,ساخت distractor با اجرای قاعدهٔ عمومی در جایی که شرط دقیق subtopic آن را مجاز نمی‌کند.,اگر کاربر این گزینه را انتخاب کند، احتمالاً قاعده را می‌داند اما دامنهٔ کاربرد آن را بیش از حد گسترده گرفته است.,CORE,
79d5da54-9d06-473a-a60c-1c4cb74c38e1,42,LE PASSIF,e40d0f6e-10bc-4104-9005-bd27e544a5a3,L42-S03,Agent omis,حذف عامل,CAT03,SUB07,VOICE,معلوم و مجهول,Lesson 42; printed p. 204,Stage1 rule text + Stage2 classification; error frequency not claimed by source,misconception-catalogue-recovered-v1.0.0,CANDIDATE_PREDEPLOY_CONTENT_REVIEW,NOT_YET_OBSERVED__STAGE27_CALIBRATION,f3041001-4244-5d46-a2c0-0a69606fd877,NEAR_FORM_CONFUSION,اشتباه با فرم/قاعده نزدیک,صورت معلوم/مجهول یا عامل‌نما را بدون توجه به نقش‌های معنایی و ساخت فعل جابه‌جا می‌کند.,یک فرم واقعی و نزدیک از همان خانواده انتخاب شود؛ فرم باید در context دیگری معتبر باشد ولی اینجا به‌طور قطعی غلط باشد.,انتخاب آن نشان می‌دهد تمایز میان قاعده هدف و همسایهٔ نزدیک هنوز پایدار نشده است.,CORE,
79d5da54-9d06-473a-a60c-1c4cb74c38e1,42,LE PASSIF,e40d0f6e-10bc-4104-9005-bd27e544a5a3,L42-S03,Agent omis,حذف عامل,CAT03,SUB07,VOICE,معلوم و مجهول,Lesson 42; printed p. 204,Stage1 rule text + Stage2 classification; error frequency not claimed by source,misconception-catalogue-recovered-v1.0.0,CANDIDATE_PREDEPLOY_CONTENT_REVIEW,NOT_YET_OBSERVED__STAGE27_CALIBRATION,1ea07bbe-afb8-535e-8a10-5b06cc535470,CONTEXT_ROLE_MISMATCH,انتقال قاعده درست به context نادرست,ساخت voice درست در بافت دیگری را بدون توجه به نقش عامل/مفعول یا هدف خبری جمله منتقل می‌کند.,distractor از قاعده‌ای ساخته شود که به‌خودی‌خود معتبر است، اما نقش/مرجع/زمان/register این context با آن سازگار نیست.,انتخاب آن نشانهٔ تحلیل ناکافی context یا نقش دستوری است، نه صرفاً ندانستن شکل ظاهری.,CORE,
79d5da54-9d06-473a-a60c-1c4cb74c38e1,42,LE PASSIF,e9c5e370-1014-44fe-8a2e-d2526865725b,L42-S04,Éviter agent pronominal,پرهیز از عامل ضمیری,CAT03,SUB07,PRONOUN_REFERENCE,ضمیر و ارجاع,Lesson 42; printed p. 204,Stage1 rule text + Stage2 classification; error frequency not claimed by source,misconception-catalogue-recovered-v1.0.0,CANDIDATE_PREDEPLOY_CONTENT_REVIEW,NOT_YET_OBSERVED__STAGE27_CALIBRATION,2c1fc34c-975b-535a-ba46-32a77bd74f28,OVERGENERALIZATION,تعمیم بیش‌ازحد قاعده,قاعدهٔ هدف «وقتی عامل ضمیر شخصی است، کتاب passive با par + pronom را توصیه نمی‌کند.» را بدون توجه به شرط، نقش یا محدودیت بافتی زیرموضوع «پرهیز از عامل ضمیری» به همهٔ موارد مشابه تعمیم می‌دهد.,ساخت distractor با اجرای قاعدهٔ عمومی در جایی که شرط دقیق subtopic آن را مجاز نمی‌کند.,اگر کاربر این گزینه را انتخاب کند، احتمالاً قاعده را می‌داند اما دامنهٔ کاربرد آن را بیش از حد گسترده گرفته است.,CORE,
79d5da54-9d06-473a-a60c-1c4cb74c38e1,42,LE PASSIF,e9c5e370-1014-44fe-8a2e-d2526865725b,L42-S04,Éviter agent pronominal,پرهیز از عامل ضمیری,CAT03,SUB07,PRONOUN_REFERENCE,ضمیر و ارجاع,Lesson 42; printed p. 204,Stage1 rule text + Stage2 classification; error frequency not claimed by source,misconception-catalogue-recovered-v1.0.0,CANDIDATE_PREDEPLOY_CONTENT_REVIEW,NOT_YET_OBSERVED__STAGE27_CALIBRATION,41137005-e81c-5a5e-9d23-618bf691ef2a,NEAR_FORM_CONFUSION,اشتباه با فرم/قاعده نزدیک,نوع یا صورت ضمیر نزدیک (نقش، شخص، جنس/شمار یا نوع متمم متفاوت) را به‌جای ضمیر هدف انتخاب می‌کند.,یک فرم واقعی و نزدیک از همان خانواده انتخاب شود؛ فرم باید در context دیگری معتبر باشد ولی اینجا به‌طور قطعی غلط باشد.,انتخاب آن نشان می‌دهد تمایز میان قاعده هدف و همسایهٔ نزدیک هنوز پایدار نشده است.,CORE,
79d5da54-9d06-473a-a60c-1c4cb74c38e1,42,LE PASSIF,e9c5e370-1014-44fe-8a2e-d2526865725b,L42-S04,Éviter agent pronominal,پرهیز از عامل ضمیری,CAT03,SUB07,PRONOUN_REFERENCE,ضمیر و ارجاع,Lesson 42; printed p. 204,Stage1 rule text + Stage2 classification; error frequency not claimed by source,misconception-catalogue-recovered-v1.0.0,CANDIDATE_PREDEPLOY_CONTENT_REVIEW,NOT_YET_OBSERVED__STAGE27_CALIBRATION,9dfbca8a-d8c2-5524-ad67-c17ac3601ad6,CONTEXT_ROLE_MISMATCH,انتقال قاعده درست به context نادرست,ضمیر درست برای مرجع یا متمم دیگری را به این جمله منتقل می‌کند و antecedent/رکسیون فعلی را نادیده می‌گیرد.,distractor از قاعده‌ای ساخته شود که به‌خودی‌خود معتبر است، اما نقش/مرجع/زمان/register این context با آن سازگار نیست.,انتخاب آن نشانهٔ تحلیل ناکافی context یا نقش دستوری است، نه صرفاً ندانستن شکل ظاهری.,CORE,
79d5da54-9d06-473a-a60c-1c4cb74c38e1,42,LE PASSIF,5ff9eee7-418c-4ee3-b80f-9ff7ab30542a,L42-S05,« de » au lieu de « par »,de به‌جای par,CAT03,SUB07,PREPOSITION_RECTION,حرف اضافه/رکسیون/ارجاع مکانی-زمانی,Lesson 42; printed p. 204,Stage1 rule text + Stage2 classification; error frequency not claimed by source,misconception-catalogue-recovered-v1.0.0,CANDIDATE_PREDEPLOY_CONTENT_REVIEW,NOT_YET_OBSERVED__STAGE27_CALIBRATION,a53faced-cc44-5a8d-b5f9-c0b05fb30e67,OVERGENERALIZATION,تعمیم بیش‌ازحد قاعده,"قاعدهٔ هدف «با برخی افعال حالت/نگرش مانند aimer, connaître, respecter، عامل با de معرفی می‌شود.» را بدون توجه به شرط، نقش یا محدودیت بافتی زیرموضوع «de به‌جای par» به همهٔ موارد مشابه تعمیم می‌دهد.",ساخت distractor با اجرای قاعدهٔ عمومی در جایی که شرط دقیق subtopic آن را مجاز نمی‌کند.,اگر کاربر این گزینه را انتخاب کند، احتمالاً قاعده را می‌داند اما دامنهٔ کاربرد آن را بیش از حد گسترده گرفته است.,CORE,
79d5da54-9d06-473a-a60c-1c4cb74c38e1,42,LE PASSIF,5ff9eee7-418c-4ee3-b80f-9ff7ab30542a,L42-S05,« de » au lieu de « par »,de به‌جای par,CAT03,SUB07,PREPOSITION_RECTION,حرف اضافه/رکسیون/ارجاع مکانی-زمانی,Lesson 42; printed p. 204,Stage1 rule text + Stage2 classification; error frequency not claimed by source,misconception-catalogue-recovered-v1.0.0,CANDIDATE_PREDEPLOY_CONTENT_REVIEW,NOT_YET_OBSERVED__STAGE27_CALIBRATION,14fd7612-9504-59f3-8867-8fee399186a6,NEAR_FORM_CONFUSION,اشتباه با فرم/قاعده نزدیک,حرف اضافهٔ پرتکرار یا نزدیک را بدون توجه به رکسیون، مکان/زمان یا معنای مکمل جایگزین می‌کند.,یک فرم واقعی و نزدیک از همان خانواده انتخاب شود؛ فرم باید در context دیگری معتبر باشد ولی اینجا به‌طور قطعی غلط باشد.,انتخاب آن نشان می‌دهد تمایز میان قاعده هدف و همسایهٔ نزدیک هنوز پایدار نشده است.,CORE,
79d5da54-9d06-473a-a60c-1c4cb74c38e1,42,LE PASSIF,5ff9eee7-418c-4ee3-b80f-9ff7ab30542a,L42-S05,« de » au lieu de « par »,de به‌جای par,CAT03,SUB07,PREPOSITION_RECTION,حرف اضافه/رکسیون/ارجاع مکانی-زمانی,Lesson 42; printed p. 204,Stage1 rule text + Stage2 classification; error frequency not claimed by source,misconception-catalogue-recovered-v1.0.0,CANDIDATE_PREDEPLOY_CONTENT_REVIEW,NOT_YET_OBSERVED__STAGE27_CALIBRATION,fd5246e4-79db-5fc7-8e8b-ec49ae00bf65,CONTEXT_ROLE_MISMATCH,انتقال قاعده درست به context نادرست,حرف اضافه‌ای را که در context مکانی/زمانی یا با فعل دیگری درست است، به ساخت هدف منتقل می‌کند.,distractor از قاعده‌ای ساخته شود که به‌خودی‌خود معتبر است، اما نقش/مرجع/زمان/register این context با آن سازگار نیست.,انتخاب آن نشانهٔ تحلیل ناکافی context یا نقش دستوری است، نه صرفاً ندانستن شکل ظاهری.,CORE,
1a7369fc-5f96-48eb-9433-a91853b0f074,43,L’IMPARFAIT,95964c3a-cde2-42ef-b313-9510e2f75f63,L43-S01,Usage pour habitudes passées,imparfait برای عادت گذشته,CAT02,SUB04,TENSE_ASPECT,زمان و نمود,Lesson 43; printed p. 206,Stage1 rule text + Stage2 classification; error frequency not claimed by source,misconception-catalogue-recovered-v1.0.0,CANDIDATE_PREDEPLOY_CONTENT_REVIEW,NOT_YET_OBSERVED__STAGE27_CALIBRATION,262f4c2d-437b-5c53-a999-a8f9b9145c61,OVERGENERALIZATION,تعمیم بیش‌ازحد قاعده,قاعدهٔ هدف «imparfait عادت‌ها و وضعیت‌های تکراری/پس‌زمینه در گذشته را بیان می‌کند.» را بدون توجه به شرط، نقش یا محدودیت بافتی زیرموضوع «imparfait برای عادت گذشته» به همهٔ موارد مشابه تعمیم می‌دهد.,ساخت distractor با اجرای قاعدهٔ عمومی در جایی که شرط دقیق subtopic آن را مجاز نمی‌کند.,اگر کاربر این گزینه را انتخاب کند، احتمالاً قاعده را می‌داند اما دامنهٔ کاربرد آن را بیش از حد گسترده گرفته است.,CORE,
1a7369fc-5f96-48eb-9433-a91853b0f074,43,L’IMPARFAIT,95964c3a-cde2-42ef-b313-9510e2f75f63,L43-S01,Usage pour habitudes passées,imparfait برای عادت گذشته,CAT02,SUB04,TENSE_ASPECT,زمان و نمود,Lesson 43; printed p. 206,Stage1 rule text + Stage2 classification; error frequency not claimed by source,misconception-catalogue-recovered-v1.0.0,CANDIDATE_PREDEPLOY_CONTENT_REVIEW,NOT_YET_OBSERVED__STAGE27_CALIBRATION,c0c6dd84-c6a4-5903-9e42-236ab1553e35,NEAR_FORM_CONFUSION,اشتباه با فرم/قاعده نزدیک,زمان یا نمود نزدیک را بدون توجه به chronology، عادت/رویداد یا استمرار context انتخاب می‌کند.,یک فرم واقعی و نزدیک از همان خانواده انتخاب شود؛ فرم باید در context دیگری معتبر باشد ولی اینجا به‌طور قطعی غلط باشد.,انتخاب آن نشان می‌دهد تمایز میان قاعده هدف و همسایهٔ نزدیک هنوز پایدار نشده است.,CORE,
1a7369fc-5f96-48eb-9433-a91853b0f074,43,L’IMPARFAIT,95964c3a-cde2-42ef-b313-9510e2f75f63,L43-S01,Usage pour habitudes passées,imparfait برای عادت گذشته,CAT02,SUB04,TENSE_ASPECT,زمان و نمود,Lesson 43; printed p. 206,Stage1 rule text + Stage2 classification; error frequency not claimed by source,misconception-catalogue-recovered-v1.0.0,CANDIDATE_PREDEPLOY_CONTENT_REVIEW,NOT_YET_OBSERVED__STAGE27_CALIBRATION,52903796-2ad5-5d6b-89d9-e5d623533a2a,CONTEXT_ROLE_MISMATCH,انتقال قاعده درست به context نادرست,زمانی را که در روایت دیگری درست است به context فعلی منتقل می‌کند و cueهای زمانی/نمودی را نادیده می‌گیرد.,distractor از قاعده‌ای ساخته شود که به‌خودی‌خود معتبر است، اما نقش/مرجع/زمان/register این context با آن سازگار نیست.,انتخاب آن نشانهٔ تحلیل ناکافی context یا نقش دستوری است، نه صرفاً ندانستن شکل ظاهری.,CORE,
1a7369fc-5f96-48eb-9433-a91853b0f074,43,L’IMPARFAIT,21b1c7ef-becd-4faf-bf0d-18b46de350c9,L43-S02,Formation de l’imparfait,ساخت imparfait,CAT02,SUB04,TENSE_ASPECT,زمان و نمود,Lesson 43; printed p. 206,Stage1 rule text + Stage2 classification; error frequency not claimed by source,misconception-catalogue-recovered-v1.0.0,CANDIDATE_PREDEPLOY_CONTENT_REVIEW,NOT_YET_OBSERVED__STAGE27_CALIBRATION,c3e287fb-f24d-5546-a3e7-5983d0a0a047,OVERGENERALIZATION,تعمیم بیش‌ازحد قاعده,"قاعدهٔ هدف «ریشهٔ nous présent بدون -ons + ais, ais, ait, ions, iez, aient.» را بدون توجه به شرط، نقش یا محدودیت بافتی زیرموضوع «ساخت imparfait» به همهٔ موارد مشابه تعمیم می‌دهد.",ساخت distractor با اجرای قاعدهٔ عمومی در جایی که شرط دقیق subtopic آن را مجاز نمی‌کند.,اگر کاربر این گزینه را انتخاب کند، احتمالاً قاعده را می‌داند اما دامنهٔ کاربرد آن را بیش از حد گسترده گرفته است.,CORE,"être → j’étais, etc."
1a7369fc-5f96-48eb-9433-a91853b0f074,43,L’IMPARFAIT,21b1c7ef-becd-4faf-bf0d-18b46de350c9,L43-S02,Formation de l’imparfait,ساخت imparfait,CAT02,SUB04,TENSE_ASPECT,زمان و نمود,Lesson 43; printed p. 206,Stage1 rule text + Stage2 classification; error frequency not claimed by source,misconception-catalogue-recovered-v1.0.0,CANDIDATE_PREDEPLOY_CONTENT_REVIEW,NOT_YET_OBSERVED__STAGE27_CALIBRATION,2cd35210-cd04-5b8b-b7f2-a99e5a6b44f9,NEAR_FORM_CONFUSION,اشتباه با فرم/قاعده نزدیک,زمان یا نمود نزدیک را بدون توجه به chronology، عادت/رویداد یا استمرار context انتخاب می‌کند.,یک فرم واقعی و نزدیک از همان خانواده انتخاب شود؛ فرم باید در context دیگری معتبر باشد ولی اینجا به‌طور قطعی غلط باشد.,انتخاب آن نشان می‌دهد تمایز میان قاعده هدف و همسایهٔ نزدیک هنوز پایدار نشده است.,CORE,"être → j’étais, etc."
1a7369fc-5f96-48eb-9433-a91853b0f074,43,L’IMPARFAIT,21b1c7ef-becd-4faf-bf0d-18b46de350c9,L43-S02,Formation de l’imparfait,ساخت imparfait,CAT02,SUB04,TENSE_ASPECT,زمان و نمود,Lesson 43; printed p. 206,Stage1 rule text + Stage2 classification; error frequency not claimed by source,misconception-catalogue-recovered-v1.0.0,CANDIDATE_PREDEPLOY_CONTENT_REVIEW,NOT_YET_OBSERVED__STAGE27_CALIBRATION,e61bf1aa-d9af-5c2c-9cd1-2687c822c718,CONTEXT_ROLE_MISMATCH,انتقال قاعده درست به context نادرست,زمانی را که در روایت دیگری درست است به context فعلی منتقل می‌کند و cueهای زمانی/نمودی را نادیده می‌گیرد.,distractor از قاعده‌ای ساخته شود که به‌خودی‌خود معتبر است، اما نقش/مرجع/زمان/register این context با آن سازگار نیست.,انتخاب آن نشانهٔ تحلیل ناکافی context یا نقش دستوری است، نه صرفاً ندانستن شکل ظاهری.,CORE,"être → j’étais, etc."
1a7369fc-5f96-48eb-9433-a91853b0f074,43,L’IMPARFAIT,21b1c7ef-becd-4faf-bf0d-18b46de350c9,L43-S02,Formation de l’imparfait,ساخت imparfait,CAT02,SUB04,TENSE_ASPECT,زمان و نمود,Lesson 43; printed p. 206,Stage1 rule text + Stage2 classification; error frequency not claimed by source,misconception-catalogue-recovered-v1.0.0,CANDIDATE_PREDEPLOY_CONTENT_REVIEW,NOT_YET_OBSERVED__STAGE27_CALIBRATION,3024fcb3-6c03-54cb-b055-9813864e08e2,EXCEPTION_NEGLECT,نادیده‌گرفتن استثنا/محدودیت صریح,"قاعدهٔ عمومی زیرموضوع «ساخت imparfait» را اعمال می‌کند اما نکته/استثنای صریح ثبت‌شده را نادیده می‌گیرد: être → j’étais, etc.",گزینه از خروجی قاعدهٔ عمومی ساخته شود؛ تنها تفاوت باید همان استثنا/محدودیت ثبت‌شده باشد.,انتخاب آن به‌طور مستقیم نشان می‌دهد قاعده عمومی بازیابی شده ولی استثنای کتاب تثبیت نشده است.,HIGH_EXCEPTION,"être → j’étais, etc."
1a7369fc-5f96-48eb-9433-a91853b0f074,43,L’IMPARFAIT,d815747f-2645-464a-8ea2-243eb7e24c44,L43-S03,Imparfait pour décor/circonstances,imparfait برای زمینهٔ روایت,CAT02,SUB04,TENSE_ASPECT,زمان و نمود,Lesson 43; printed p. 210,Stage1 rule text + Stage2 classification; error frequency not claimed by source,misconception-catalogue-recovered-v1.0.0,CANDIDATE_PREDEPLOY_CONTENT_REVIEW,NOT_YET_OBSERVED__STAGE27_CALIBRATION,376ae3e1-ea21-5d6a-8bea-755cb88ec1ac,OVERGENERALIZATION,تعمیم بیش‌ازحد قاعده,قاعدهٔ هدف «imparfait زمان، هوا، وضعیت و عمل در جریان را به‌عنوان پس‌زمینه بیان می‌کند.» را بدون توجه به شرط، نقش یا محدودیت بافتی زیرموضوع «imparfait برای زمینهٔ روایت» به همهٔ موارد مشابه تعمیم می‌دهد.,ساخت distractor با اجرای قاعدهٔ عمومی در جایی که شرط دقیق subtopic آن را مجاز نمی‌کند.,اگر کاربر این گزینه را انتخاب کند، احتمالاً قاعده را می‌داند اما دامنهٔ کاربرد آن را بیش از حد گسترده گرفته است.,CORE,
1a7369fc-5f96-48eb-9433-a91853b0f074,43,L’IMPARFAIT,d815747f-2645-464a-8ea2-243eb7e24c44,L43-S03,Imparfait pour décor/circonstances,imparfait برای زمینهٔ روایت,CAT02,SUB04,TENSE_ASPECT,زمان و نمود,Lesson 43; printed p. 210,Stage1 rule text + Stage2 classification; error frequency not claimed by source,misconception-catalogue-recovered-v1.0.0,CANDIDATE_PREDEPLOY_CONTENT_REVIEW,NOT_YET_OBSERVED__STAGE27_CALIBRATION,9cbf4aca-93a4-5a56-a7bf-8cc74e292498,NEAR_FORM_CONFUSION,اشتباه با فرم/قاعده نزدیک,زمان یا نمود نزدیک را بدون توجه به chronology، عادت/رویداد یا استمرار context انتخاب می‌کند.,یک فرم واقعی و نزدیک از همان خانواده انتخاب شود؛ فرم باید در context دیگری معتبر باشد ولی اینجا به‌طور قطعی غلط باشد.,انتخاب آن نشان می‌دهد تمایز میان قاعده هدف و همسایهٔ نزدیک هنوز پایدار نشده است.,CORE,
1a7369fc-5f96-48eb-9433-a91853b0f074,43,L’IMPARFAIT,d815747f-2645-464a-8ea2-243eb7e24c44,L43-S03,Imparfait pour décor/circonstances,imparfait برای زمینهٔ روایت,CAT02,SUB04,TENSE_ASPECT,زمان و نمود,Lesson 43; printed p. 210,Stage1 rule text + Stage2 classification; error frequency not claimed by source,misconception-catalogue-recovered-v1.0.0,CANDIDATE_PREDEPLOY_CONTENT_REVIEW,NOT_YET_OBSERVED__STAGE27_CALIBRATION,e92d3e20-8268-5434-b02e-7d64178751cd,CONTEXT_ROLE_MISMATCH,انتقال قاعده درست به context نادرست,زمانی را که در روایت دیگری درست است به context فعلی منتقل می‌کند و cueهای زمانی/نمودی را نادیده می‌گیرد.,distractor از قاعده‌ای ساخته شود که به‌خودی‌خود معتبر است، اما نقش/مرجع/زمان/register این context با آن سازگار نیست.,انتخاب آن نشانهٔ تحلیل ناکافی context یا نقش دستوری است، نه صرفاً ندانستن شکل ظاهری.,CORE,
1a7369fc-5f96-48eb-9433-a91853b0f074,43,L’IMPARFAIT,fd5a99a7-4420-4160-ba5f-0ba966e29f49,L43-S04,Passé composé pour événements,passé composé برای رویداد,CAT02,SUB04,TENSE_ASPECT,زمان و نمود,Lesson 43; printed p. 210,Stage1 rule text + Stage2 classification; error frequency not claimed by source,misconception-catalogue-recovered-v1.0.0,CANDIDATE_PREDEPLOY_CONTENT_REVIEW,NOT_YET_OBSERVED__STAGE27_CALIBRATION,c3a2abf8-5ca8-545d-8b7d-3ec476c2a3b0,OVERGENERALIZATION,تعمیم بیش‌ازحد قاعده,قاعدهٔ هدف «passé composé رویدادهای متوالی یا تغییرهای مشخص را بیان می‌کند.» را بدون توجه به شرط، نقش یا محدودیت بافتی زیرموضوع «passé composé برای رویداد» به همهٔ موارد مشابه تعمیم می‌دهد.,ساخت distractor با اجرای قاعدهٔ عمومی در جایی که شرط دقیق subtopic آن را مجاز نمی‌کند.,اگر کاربر این گزینه را انتخاب کند، احتمالاً قاعده را می‌داند اما دامنهٔ کاربرد آن را بیش از حد گسترده گرفته است.,CORE,
1a7369fc-5f96-48eb-9433-a91853b0f074,43,L’IMPARFAIT,fd5a99a7-4420-4160-ba5f-0ba966e29f49,L43-S04,Passé composé pour événements,passé composé برای رویداد,CAT02,SUB04,TENSE_ASPECT,زمان و نمود,Lesson 43; printed p. 210,Stage1 rule text + Stage2 classification; error frequency not claimed by source,misconception-catalogue-recovered-v1.0.0,CANDIDATE_PREDEPLOY_CONTENT_REVIEW,NOT_YET_OBSERVED__STAGE27_CALIBRATION,add914a6-630d-5575-9422-6df904f81f10,NEAR_FORM_CONFUSION,اشتباه با فرم/قاعده نزدیک,زمان یا نمود نزدیک را بدون توجه به chronology، عادت/رویداد یا استمرار context انتخاب می‌کند.,یک فرم واقعی و نزدیک از همان خانواده انتخاب شود؛ فرم باید در context دیگری معتبر باشد ولی اینجا به‌طور قطعی غلط باشد.,انتخاب آن نشان می‌دهد تمایز میان قاعده هدف و همسایهٔ نزدیک هنوز پایدار نشده است.,CORE,
1a7369fc-5f96-48eb-9433-a91853b0f074,43,L’IMPARFAIT,fd5a99a7-4420-4160-ba5f-0ba966e29f49,L43-S04,Passé composé pour événements,passé composé برای رویداد,CAT02,SUB04,TENSE_ASPECT,زمان و نمود,Lesson 43; printed p. 210,Stage1 rule text + Stage2 classification; error frequency not claimed by source,misconception-catalogue-recovered-v1.0.0,CANDIDATE_PREDEPLOY_CONTENT_REVIEW,NOT_YET_OBSERVED__STAGE27_CALIBRATION,85715163-e5bc-57d0-9f91-c21b64e2aa72,CONTEXT_ROLE_MISMATCH,انتقال قاعده درست به context نادرست,زمانی را که در روایت دیگری درست است به context فعلی منتقل می‌کند و cueهای زمانی/نمودی را نادیده می‌گیرد.,distractor از قاعده‌ای ساخته شود که به‌خودی‌خود معتبر است، اما نقش/مرجع/زمان/register این context با آن سازگار نیست.,انتخاب آن نشانهٔ تحلیل ناکافی context یا نقش دستوری است، نه صرفاً ندانستن شکل ظاهری.,CORE,
1a7369fc-5f96-48eb-9433-a91853b0f074,43,L’IMPARFAIT,fcc8f377-fbb7-4e52-b785-d2972d116bbb,L43-S05,« pendant que » et action en cours,pendant que و عمل جاری,CAT02,SUB04,PREPOSITION_RECTION,حرف اضافه/رکسیون/ارجاع مکانی-زمانی,Lesson 43; printed p. 210,Stage1 rule text + Stage2 classification; error frequency not claimed by source,misconception-catalogue-recovered-v1.0.0,CANDIDATE_PREDEPLOY_CONTENT_REVIEW,NOT_YET_OBSERVED__STAGE27_CALIBRATION,39dc282b-9daa-543e-b38f-aba40330cd86,OVERGENERALIZATION,تعمیم بیش‌ازحد قاعده,قاعدهٔ هدف «pendant que دو عمل زمینه‌ای/هم‌زمان را به imparfait پیوند می‌دهد.» را بدون توجه به شرط، نقش یا محدودیت بافتی زیرموضوع «pendant que و عمل جاری» به همهٔ موارد مشابه تعمیم می‌دهد.,ساخت distractor با اجرای قاعدهٔ عمومی در جایی که شرط دقیق subtopic آن را مجاز نمی‌کند.,اگر کاربر این گزینه را انتخاب کند، احتمالاً قاعده را می‌داند اما دامنهٔ کاربرد آن را بیش از حد گسترده گرفته است.,CORE,
1a7369fc-5f96-48eb-9433-a91853b0f074,43,L’IMPARFAIT,fcc8f377-fbb7-4e52-b785-d2972d116bbb,L43-S05,« pendant que » et action en cours,pendant que و عمل جاری,CAT02,SUB04,PREPOSITION_RECTION,حرف اضافه/رکسیون/ارجاع مکانی-زمانی,Lesson 43; printed p. 210,Stage1 rule text + Stage2 classification; error frequency not claimed by source,misconception-catalogue-recovered-v1.0.0,CANDIDATE_PREDEPLOY_CONTENT_REVIEW,NOT_YET_OBSERVED__STAGE27_CALIBRATION,d1de2084-93a9-56c4-8b96-a0c04c7d85b7,NEAR_FORM_CONFUSION,اشتباه با فرم/قاعده نزدیک,حرف اضافهٔ پرتکرار یا نزدیک را بدون توجه به رکسیون، مکان/زمان یا معنای مکمل جایگزین می‌کند.,یک فرم واقعی و نزدیک از همان خانواده انتخاب شود؛ فرم باید در context دیگری معتبر باشد ولی اینجا به‌طور قطعی غلط باشد.,انتخاب آن نشان می‌دهد تمایز میان قاعده هدف و همسایهٔ نزدیک هنوز پایدار نشده است.,CORE,
1a7369fc-5f96-48eb-9433-a91853b0f074,43,L’IMPARFAIT,fcc8f377-fbb7-4e52-b785-d2972d116bbb,L43-S05,« pendant que » et action en cours,pendant que و عمل جاری,CAT02,SUB04,PREPOSITION_RECTION,حرف اضافه/رکسیون/ارجاع مکانی-زمانی,Lesson 43; printed p. 210,Stage1 rule text + Stage2 classification; error frequency not claimed by source,misconception-catalogue-recovered-v1.0.0,CANDIDATE_PREDEPLOY_CONTENT_REVIEW,NOT_YET_OBSERVED__STAGE27_CALIBRATION,4dcd9559-ea38-5bb6-80ad-4280e33c8a58,CONTEXT_ROLE_MISMATCH,انتقال قاعده درست به context نادرست,حرف اضافه‌ای را که در context مکانی/زمانی یا با فعل دیگری درست است، به ساخت هدف منتقل می‌کند.,distractor از قاعده‌ای ساخته شود که به‌خودی‌خود معتبر است، اما نقش/مرجع/زمان/register این context با آن سازگار نیست.,انتخاب آن نشانهٔ تحلیل ناکافی context یا نقش دستوری است، نه صرفاً ندانستن شکل ظاهری.,CORE,
1a7369fc-5f96-48eb-9433-a91853b0f074,43,L’IMPARFAIT,31cdd8e4-a7d4-4e70-a8e9-73420fa014ae,L43-S06,Durée définie vs indéfinie,مدت معین/نامعین,CAT02,SUB04,PREPOSITION_RECTION,حرف اضافه/رکسیون/ارجاع مکانی-زمانی,Lesson 43; printed p. 210,Stage1 rule text + Stage2 classification; error frequency not claimed by source,misconception-catalogue-recovered-v1.0.0,CANDIDATE_PREDEPLOY_CONTENT_REVIEW,NOT_YET_OBSERVED__STAGE27_CALIBRATION,c6281dbe-e594-5da8-b929-6b92a6d1bbf7,OVERGENERALIZATION,تعمیم بیش‌ازحد قاعده,قاعدهٔ هدف «passé composé می‌تواند مدت مشخص و کامل‌شده؛ imparfait مدت باز/وضعیت را بیان کند.» را بدون توجه به شرط، نقش یا محدودیت بافتی زیرموضوع «مدت معین/نامعین» به همهٔ موارد مشابه تعمیم می‌دهد.,ساخت distractor با اجرای قاعدهٔ عمومی در جایی که شرط دقیق subtopic آن را مجاز نمی‌کند.,اگر کاربر این گزینه را انتخاب کند، احتمالاً قاعده را می‌داند اما دامنهٔ کاربرد آن را بیش از حد گسترده گرفته است.,CORE,
1a7369fc-5f96-48eb-9433-a91853b0f074,43,L’IMPARFAIT,31cdd8e4-a7d4-4e70-a8e9-73420fa014ae,L43-S06,Durée définie vs indéfinie,مدت معین/نامعین,CAT02,SUB04,PREPOSITION_RECTION,حرف اضافه/رکسیون/ارجاع مکانی-زمانی,Lesson 43; printed p. 210,Stage1 rule text + Stage2 classification; error frequency not claimed by source,misconception-catalogue-recovered-v1.0.0,CANDIDATE_PREDEPLOY_CONTENT_REVIEW,NOT_YET_OBSERVED__STAGE27_CALIBRATION,adfb3278-db94-59b7-a18a-a203f29f1755,NEAR_FORM_CONFUSION,اشتباه با فرم/قاعده نزدیک,حرف اضافهٔ پرتکرار یا نزدیک را بدون توجه به رکسیون، مکان/زمان یا معنای مکمل جایگزین می‌کند.,یک فرم واقعی و نزدیک از همان خانواده انتخاب شود؛ فرم باید در context دیگری معتبر باشد ولی اینجا به‌طور قطعی غلط باشد.,انتخاب آن نشان می‌دهد تمایز میان قاعده هدف و همسایهٔ نزدیک هنوز پایدار نشده است.,CORE,
1a7369fc-5f96-48eb-9433-a91853b0f074,43,L’IMPARFAIT,31cdd8e4-a7d4-4e70-a8e9-73420fa014ae,L43-S06,Durée définie vs indéfinie,مدت معین/نامعین,CAT02,SUB04,PREPOSITION_RECTION,حرف اضافه/رکسیون/ارجاع مکانی-زمانی,Lesson 43; printed p. 210,Stage1 rule text + Stage2 classification; error frequency not claimed by source,misconception-catalogue-recovered-v1.0.0,CANDIDATE_PREDEPLOY_CONTENT_REVIEW,NOT_YET_OBSERVED__STAGE27_CALIBRATION,cb318e82-d859-501b-827b-c80c3ce71657,CONTEXT_ROLE_MISMATCH,انتقال قاعده درست به context نادرست,حرف اضافه‌ای را که در context مکانی/زمانی یا با فعل دیگری درست است، به ساخت هدف منتقل می‌کند.,distractor از قاعده‌ای ساخته شود که به‌خودی‌خود معتبر است، اما نقش/مرجع/زمان/register این context با آن سازگار نیست.,انتخاب آن نشانهٔ تحلیل ناکافی context یا نقش دستوری است، نه صرفاً ندانستن شکل ظاهری.,CORE,
1a7369fc-5f96-48eb-9433-a91853b0f074,43,L’IMPARFAIT,a73cb475-3341-4cac-bbd5-928becdc7293,L43-S07,Changement vs habitude,تغییر در برابر عادت,CAT02,SUB04,TENSE_ASPECT,زمان و نمود,Lesson 43; printed p. 210,Stage1 rule text + Stage2 classification; error frequency not claimed by source,misconception-catalogue-recovered-v1.0.0,CANDIDATE_PREDEPLOY_CONTENT_REVIEW,NOT_YET_OBSERVED__STAGE27_CALIBRATION,fd0b687a-4e62-5760-9805-48faf21f8f1d,OVERGENERALIZATION,تعمیم بیش‌ازحد قاعده,قاعدهٔ هدف «imparfait وضعیت/عادت قبلی و passé composé نقطهٔ تغییر را بیان می‌کند.» را بدون توجه به شرط، نقش یا محدودیت بافتی زیرموضوع «تغییر در برابر عادت» به همهٔ موارد مشابه تعمیم می‌دهد.,ساخت distractor با اجرای قاعدهٔ عمومی در جایی که شرط دقیق subtopic آن را مجاز نمی‌کند.,اگر کاربر این گزینه را انتخاب کند، احتمالاً قاعده را می‌داند اما دامنهٔ کاربرد آن را بیش از حد گسترده گرفته است.,CORE,
1a7369fc-5f96-48eb-9433-a91853b0f074,43,L’IMPARFAIT,a73cb475-3341-4cac-bbd5-928becdc7293,L43-S07,Changement vs habitude,تغییر در برابر عادت,CAT02,SUB04,TENSE_ASPECT,زمان و نمود,Lesson 43; printed p. 210,Stage1 rule text + Stage2 classification; error frequency not claimed by source,misconception-catalogue-recovered-v1.0.0,CANDIDATE_PREDEPLOY_CONTENT_REVIEW,NOT_YET_OBSERVED__STAGE27_CALIBRATION,893e4e0e-988b-5bba-abf3-2da9deda3782,NEAR_FORM_CONFUSION,اشتباه با فرم/قاعده نزدیک,زمان یا نمود نزدیک را بدون توجه به chronology، عادت/رویداد یا استمرار context انتخاب می‌کند.,یک فرم واقعی و نزدیک از همان خانواده انتخاب شود؛ فرم باید در context دیگری معتبر باشد ولی اینجا به‌طور قطعی غلط باشد.,انتخاب آن نشان می‌دهد تمایز میان قاعده هدف و همسایهٔ نزدیک هنوز پایدار نشده است.,CORE,
1a7369fc-5f96-48eb-9433-a91853b0f074,43,L’IMPARFAIT,a73cb475-3341-4cac-bbd5-928becdc7293,L43-S07,Changement vs habitude,تغییر در برابر عادت,CAT02,SUB04,TENSE_ASPECT,زمان و نمود,Lesson 43; printed p. 210,Stage1 rule text + Stage2 classification; error frequency not claimed by source,misconception-catalogue-recovered-v1.0.0,CANDIDATE_PREDEPLOY_CONTENT_REVIEW,NOT_YET_OBSERVED__STAGE27_CALIBRATION,940d85a1-cdb7-582f-b90b-9e310a6eb1b8,CONTEXT_ROLE_MISMATCH,انتقال قاعده درست به context نادرست,زمانی را که در روایت دیگری درست است به context فعلی منتقل می‌کند و cueهای زمانی/نمودی را نادیده می‌گیرد.,distractor از قاعده‌ای ساخته شود که به‌خودی‌خود معتبر است، اما نقش/مرجع/زمان/register این context با آن سازگار نیست.,انتخاب آن نشانهٔ تحلیل ناکافی context یا نقش دستوری است، نه صرفاً ندانستن شکل ظاهری.,CORE,
7b460b08-fac3-4f7c-bec0-0e1863fbcca3,44,LE PLUS-QUE-PARFAIT,75c52476-0ac0-4edd-997b-e59d7c3bdafe,L44-S01,Antériorité dans le passé,پیشینگی در گذشته,CAT02,SUB04,TENSE_ASPECT,زمان و نمود,Lesson 44; printed p. 214,Stage1 rule text + Stage2 classification; error frequency not claimed by source,misconception-catalogue-recovered-v1.0.0,CANDIDATE_PREDEPLOY_CONTENT_REVIEW,NOT_YET_OBSERVED__STAGE27_CALIBRATION,d127b2c9-c4f7-584b-aa54-feebc95ca6e7,OVERGENERALIZATION,تعمیم بیش‌ازحد قاعده,قاعدهٔ هدف «plus-que-parfait رویدادی را نشان می‌دهد که پیش از رویداد دیگری در گذشته رخ داده است.» را بدون توجه به شرط، نقش یا محدودیت بافتی زیرموضوع «پیشینگی در گذشته» به همهٔ موارد مشابه تعمیم می‌دهد.,ساخت distractor با اجرای قاعدهٔ عمومی در جایی که شرط دقیق subtopic آن را مجاز نمی‌کند.,اگر کاربر این گزینه را انتخاب کند، احتمالاً قاعده را می‌داند اما دامنهٔ کاربرد آن را بیش از حد گسترده گرفته است.,CORE,
7b460b08-fac3-4f7c-bec0-0e1863fbcca3,44,LE PLUS-QUE-PARFAIT,75c52476-0ac0-4edd-997b-e59d7c3bdafe,L44-S01,Antériorité dans le passé,پیشینگی در گذشته,CAT02,SUB04,TENSE_ASPECT,زمان و نمود,Lesson 44; printed p. 214,Stage1 rule text + Stage2 classification; error frequency not claimed by source,misconception-catalogue-recovered-v1.0.0,CANDIDATE_PREDEPLOY_CONTENT_REVIEW,NOT_YET_OBSERVED__STAGE27_CALIBRATION,10468ec6-28a1-54e6-acee-ed42cff21d26,NEAR_FORM_CONFUSION,اشتباه با فرم/قاعده نزدیک,زمان یا نمود نزدیک را بدون توجه به chronology، عادت/رویداد یا استمرار context انتخاب می‌کند.,یک فرم واقعی و نزدیک از همان خانواده انتخاب شود؛ فرم باید در context دیگری معتبر باشد ولی اینجا به‌طور قطعی غلط باشد.,انتخاب آن نشان می‌دهد تمایز میان قاعده هدف و همسایهٔ نزدیک هنوز پایدار نشده است.,CORE,
7b460b08-fac3-4f7c-bec0-0e1863fbcca3,44,LE PLUS-QUE-PARFAIT,75c52476-0ac0-4edd-997b-e59d7c3bdafe,L44-S01,Antériorité dans le passé,پیشینگی در گذشته,CAT02,SUB04,TENSE_ASPECT,زمان و نمود,Lesson 44; printed p. 214,Stage1 rule text + Stage2 classification; error frequency not claimed by source,misconception-catalogue-recovered-v1.0.0,CANDIDATE_PREDEPLOY_CONTENT_REVIEW,NOT_YET_OBSERVED__STAGE27_CALIBRATION,29c3783c-9a1a-55ac-a5ec-409ac7a31e43,CONTEXT_ROLE_MISMATCH,انتقال قاعده درست به context نادرست,زمانی را که در روایت دیگری درست است به context فعلی منتقل می‌کند و cueهای زمانی/نمودی را نادیده می‌گیرد.,distractor از قاعده‌ای ساخته شود که به‌خودی‌خود معتبر است، اما نقش/مرجع/زمان/register این context با آن سازگار نیست.,انتخاب آن نشانهٔ تحلیل ناکافی context یا نقش دستوری است، نه صرفاً ندانستن شکل ظاهری.,CORE,
7b460b08-fac3-4f7c-bec0-0e1863fbcca3,44,LE PLUS-QUE-PARFAIT,17522220-c62c-4b8e-a0a6-2c64e5c1923c,L44-S02,Formation du plus-que-parfait,ساخت plus-que-parfait,CAT02,SUB04,TENSE_ASPECT,زمان و نمود,Lesson 44; printed p. 214,Stage1 rule text + Stage2 classification; error frequency not claimed by source,misconception-catalogue-recovered-v1.0.0,CANDIDATE_PREDEPLOY_CONTENT_REVIEW,NOT_YET_OBSERVED__STAGE27_CALIBRATION,5eebc3d2-9110-5118-b738-b4ed353bae80,OVERGENERALIZATION,تعمیم بیش‌ازحد قاعده,قاعدهٔ هدف «être/avoir در imparfait + participe passé.» را بدون توجه به شرط، نقش یا محدودیت بافتی زیرموضوع «ساخت plus-que-parfait» به همهٔ موارد مشابه تعمیم می‌دهد.,ساخت distractor با اجرای قاعدهٔ عمومی در جایی که شرط دقیق subtopic آن را مجاز نمی‌کند.,اگر کاربر این گزینه را انتخاب کند، احتمالاً قاعده را می‌داند اما دامنهٔ کاربرد آن را بیش از حد گسترده گرفته است.,CORE,
7b460b08-fac3-4f7c-bec0-0e1863fbcca3,44,LE PLUS-QUE-PARFAIT,17522220-c62c-4b8e-a0a6-2c64e5c1923c,L44-S02,Formation du plus-que-parfait,ساخت plus-que-parfait,CAT02,SUB04,TENSE_ASPECT,زمان و نمود,Lesson 44; printed p. 214,Stage1 rule text + Stage2 classification; error frequency not claimed by source,misconception-catalogue-recovered-v1.0.0,CANDIDATE_PREDEPLOY_CONTENT_REVIEW,NOT_YET_OBSERVED__STAGE27_CALIBRATION,3eb36f73-c768-572f-b897-1de56dd8c360,NEAR_FORM_CONFUSION,اشتباه با فرم/قاعده نزدیک,زمان یا نمود نزدیک را بدون توجه به chronology، عادت/رویداد یا استمرار context انتخاب می‌کند.,یک فرم واقعی و نزدیک از همان خانواده انتخاب شود؛ فرم باید در context دیگری معتبر باشد ولی اینجا به‌طور قطعی غلط باشد.,انتخاب آن نشان می‌دهد تمایز میان قاعده هدف و همسایهٔ نزدیک هنوز پایدار نشده است.,CORE,
7b460b08-fac3-4f7c-bec0-0e1863fbcca3,44,LE PLUS-QUE-PARFAIT,17522220-c62c-4b8e-a0a6-2c64e5c1923c,L44-S02,Formation du plus-que-parfait,ساخت plus-que-parfait,CAT02,SUB04,TENSE_ASPECT,زمان و نمود,Lesson 44; printed p. 214,Stage1 rule text + Stage2 classification; error frequency not claimed by source,misconception-catalogue-recovered-v1.0.0,CANDIDATE_PREDEPLOY_CONTENT_REVIEW,NOT_YET_OBSERVED__STAGE27_CALIBRATION,bc3abd71-f4af-5991-a4da-baf0e48cd4c8,CONTEXT_ROLE_MISMATCH,انتقال قاعده درست به context نادرست,زمانی را که در روایت دیگری درست است به context فعلی منتقل می‌کند و cueهای زمانی/نمودی را نادیده می‌گیرد.,distractor از قاعده‌ای ساخته شود که به‌خودی‌خود معتبر است، اما نقش/مرجع/زمان/register این context با آن سازگار نیست.,انتخاب آن نشانهٔ تحلیل ناکافی context یا نقش دستوری است، نه صرفاً ندانستن شکل ظاهری.,CORE,
7b460b08-fac3-4f7c-bec0-0e1863fbcca3,44,LE PLUS-QUE-PARFAIT,1822c46b-4b9c-4907-8ed0-5aa25700f554,L44-S03,Système des temps du passé,سامانهٔ زمان‌های گذشته,CAT02,SUB04,TENSE_ASPECT,زمان و نمود,Lesson 44; printed p. 214,Stage1 rule text + Stage2 classification; error frequency not claimed by source,misconception-catalogue-recovered-v1.0.0,CANDIDATE_PREDEPLOY_CONTENT_REVIEW,NOT_YET_OBSERVED__STAGE27_CALIBRATION,e72ac7ad-6385-534c-9e57-c7767b903006,OVERGENERALIZATION,تعمیم بیش‌ازحد قاعده,قاعدهٔ هدف «plus-que-parfait = قبل از نقطهٔ گذشته؛ imparfait = هم‌زمان/در جریان؛ passé composé = رویداد/بعد.» را بدون توجه به شرط، نقش یا محدودیت بافتی زیرموضوع «سامانهٔ زمان‌های گذشته» به همهٔ موارد مشابه تعمیم می‌دهد.,ساخت distractor با اجرای قاعدهٔ عمومی در جایی که شرط دقیق subtopic آن را مجاز نمی‌کند.,اگر کاربر این گزینه را انتخاب کند، احتمالاً قاعده را می‌داند اما دامنهٔ کاربرد آن را بیش از حد گسترده گرفته است.,CORE,
7b460b08-fac3-4f7c-bec0-0e1863fbcca3,44,LE PLUS-QUE-PARFAIT,1822c46b-4b9c-4907-8ed0-5aa25700f554,L44-S03,Système des temps du passé,سامانهٔ زمان‌های گذشته,CAT02,SUB04,TENSE_ASPECT,زمان و نمود,Lesson 44; printed p. 214,Stage1 rule text + Stage2 classification; error frequency not claimed by source,misconception-catalogue-recovered-v1.0.0,CANDIDATE_PREDEPLOY_CONTENT_REVIEW,NOT_YET_OBSERVED__STAGE27_CALIBRATION,6b0a1fd6-68d7-5ac5-ae10-2fb75b5b719b,NEAR_FORM_CONFUSION,اشتباه با فرم/قاعده نزدیک,زمان یا نمود نزدیک را بدون توجه به chronology، عادت/رویداد یا استمرار context انتخاب می‌کند.,یک فرم واقعی و نزدیک از همان خانواده انتخاب شود؛ فرم باید در context دیگری معتبر باشد ولی اینجا به‌طور قطعی غلط باشد.,انتخاب آن نشان می‌دهد تمایز میان قاعده هدف و همسایهٔ نزدیک هنوز پایدار نشده است.,CORE,
7b460b08-fac3-4f7c-bec0-0e1863fbcca3,44,LE PLUS-QUE-PARFAIT,1822c46b-4b9c-4907-8ed0-5aa25700f554,L44-S03,Système des temps du passé,سامانهٔ زمان‌های گذشته,CAT02,SUB04,TENSE_ASPECT,زمان و نمود,Lesson 44; printed p. 214,Stage1 rule text + Stage2 classification; error frequency not claimed by source,misconception-catalogue-recovered-v1.0.0,CANDIDATE_PREDEPLOY_CONTENT_REVIEW,NOT_YET_OBSERVED__STAGE27_CALIBRATION,7eb3bf31-1a04-56a4-9316-9eac43c5d7da,CONTEXT_ROLE_MISMATCH,انتقال قاعده درست به context نادرست,زمانی را که در روایت دیگری درست است به context فعلی منتقل می‌کند و cueهای زمانی/نمودی را نادیده می‌گیرد.,distractor از قاعده‌ای ساخته شود که به‌خودی‌خود معتبر است، اما نقش/مرجع/زمان/register این context با آن سازگار نیست.,انتخاب آن نشانهٔ تحلیل ناکافی context یا نقش دستوری است، نه صرفاً ندانستن شکل ظاهری.,CORE,
ea5e63b4-af5e-438a-b50c-a3d9678296b6,45,LE DISCOURS INDIRECT au PASSÉ,2bb81df8-f2d0-4bde-9f45-6afa495e7ef1,L45-S01,Concordance des temps,هماهنگی زمان‌ها در نقل گذشته,CAT10,SUB25,REPORTED_SPEECH,گفتار غیرمستقیم,Lesson 45; printed p. 216,Stage1 rule text + Stage2 classification; error frequency not claimed by source,misconception-catalogue-recovered-v1.0.0,CANDIDATE_PREDEPLOY_CONTENT_REVIEW,NOT_YET_OBSERVED__STAGE27_CALIBRATION,fc703209-7032-587e-ba21-ab8549794e45,OVERGENERALIZATION,تعمیم بیش‌ازحد قاعده,قاعدهٔ هدف «پس از فعل گزارش‌دهندهٔ گذشته، زمان وابسته معمولاً یک مرحله به گذشته منتقل می‌شود.» را بدون توجه به شرط، نقش یا محدودیت بافتی زیرموضوع «هماهنگی زمان‌ها در نقل گذشته» به همهٔ موارد مشابه تعمیم می‌دهد.,ساخت distractor با اجرای قاعدهٔ عمومی در جایی که شرط دقیق subtopic آن را مجاز نمی‌کند.,اگر کاربر این گزینه را انتخاب کند، احتمالاً قاعده را می‌داند اما دامنهٔ کاربرد آن را بیش از حد گسترده گرفته است.,CORE,
ea5e63b4-af5e-438a-b50c-a3d9678296b6,45,LE DISCOURS INDIRECT au PASSÉ,2bb81df8-f2d0-4bde-9f45-6afa495e7ef1,L45-S01,Concordance des temps,هماهنگی زمان‌ها در نقل گذشته,CAT10,SUB25,REPORTED_SPEECH,گفتار غیرمستقیم,Lesson 45; printed p. 216,Stage1 rule text + Stage2 classification; error frequency not claimed by source,misconception-catalogue-recovered-v1.0.0,CANDIDATE_PREDEPLOY_CONTENT_REVIEW,NOT_YET_OBSERVED__STAGE27_CALIBRATION,78189a6f-70e4-5640-8754-b55682b81f34,NEAR_FORM_CONFUSION,اشتباه با فرم/قاعده نزدیک,ساخت نقل قول/گفتار غیرمستقیم نزدیک را با تغییر نادرست زمان، ضمیر یا واژه پرسشی انتخاب می‌کند.,یک فرم واقعی و نزدیک از همان خانواده انتخاب شود؛ فرم باید در context دیگری معتبر باشد ولی اینجا به‌طور قطعی غلط باشد.,انتخاب آن نشان می‌دهد تمایز میان قاعده هدف و همسایهٔ نزدیک هنوز پایدار نشده است.,CORE,
ea5e63b4-af5e-438a-b50c-a3d9678296b6,45,LE DISCOURS INDIRECT au PASSÉ,2bb81df8-f2d0-4bde-9f45-6afa495e7ef1,L45-S01,Concordance des temps,هماهنگی زمان‌ها در نقل گذشته,CAT10,SUB25,REPORTED_SPEECH,گفتار غیرمستقیم,Lesson 45; printed p. 216,Stage1 rule text + Stage2 classification; error frequency not claimed by source,misconception-catalogue-recovered-v1.0.0,CANDIDATE_PREDEPLOY_CONTENT_REVIEW,NOT_YET_OBSERVED__STAGE27_CALIBRATION,9464c527-fcf3-5e5a-b0dc-377aed14bd6d,CONTEXT_ROLE_MISMATCH,انتقال قاعده درست به context نادرست,قاعده نقل غیرمستقیم معتبر را بدون توجه به زمان فعل گزارشگر یا نوع جمله اصلی اعمال می‌کند.,distractor از قاعده‌ای ساخته شود که به‌خودی‌خود معتبر است، اما نقش/مرجع/زمان/register این context با آن سازگار نیست.,انتخاب آن نشانهٔ تحلیل ناکافی context یا نقش دستوری است، نه صرفاً ندانستن شکل ظاهری.,CORE,
ea5e63b4-af5e-438a-b50c-a3d9678296b6,45,LE DISCOURS INDIRECT au PASSÉ,18cc95f9-3856-433d-8ba7-b04815d552f4,L45-S02,Imparfait de concordance,imparfait توافقی,CAT10,SUB25,REPORTED_SPEECH,گفتار غیرمستقیم,Lesson 45; printed p. 216,Stage1 rule text + Stage2 classification; error frequency not claimed by source,misconception-catalogue-recovered-v1.0.0,CANDIDATE_PREDEPLOY_CONTENT_REVIEW,NOT_YET_OBSERVED__STAGE27_CALIBRATION,3977ef07-4768-537e-a770-2e4583c071da,OVERGENERALIZATION,تعمیم بیش‌ازحد قاعده,قاعدهٔ هدف «imparfait در نقل غیرمستقیم می‌تواند فقط نتیجهٔ concordance باشد، نه گذشتهٔ واقعی.» را بدون توجه به شرط، نقش یا محدودیت بافتی زیرموضوع «imparfait توافقی» به همهٔ موارد مشابه تعمیم می‌دهد.,ساخت distractor با اجرای قاعدهٔ عمومی در جایی که شرط دقیق subtopic آن را مجاز نمی‌کند.,اگر کاربر این گزینه را انتخاب کند، احتمالاً قاعده را می‌داند اما دامنهٔ کاربرد آن را بیش از حد گسترده گرفته است.,CORE,
ea5e63b4-af5e-438a-b50c-a3d9678296b6,45,LE DISCOURS INDIRECT au PASSÉ,18cc95f9-3856-433d-8ba7-b04815d552f4,L45-S02,Imparfait de concordance,imparfait توافقی,CAT10,SUB25,REPORTED_SPEECH,گفتار غیرمستقیم,Lesson 45; printed p. 216,Stage1 rule text + Stage2 classification; error frequency not claimed by source,misconception-catalogue-recovered-v1.0.0,CANDIDATE_PREDEPLOY_CONTENT_REVIEW,NOT_YET_OBSERVED__STAGE27_CALIBRATION,5eefa94c-d39c-5a7b-8e74-a95ae1794f0e,NEAR_FORM_CONFUSION,اشتباه با فرم/قاعده نزدیک,ساخت نقل قول/گفتار غیرمستقیم نزدیک را با تغییر نادرست زمان، ضمیر یا واژه پرسشی انتخاب می‌کند.,یک فرم واقعی و نزدیک از همان خانواده انتخاب شود؛ فرم باید در context دیگری معتبر باشد ولی اینجا به‌طور قطعی غلط باشد.,انتخاب آن نشان می‌دهد تمایز میان قاعده هدف و همسایهٔ نزدیک هنوز پایدار نشده است.,CORE,
ea5e63b4-af5e-438a-b50c-a3d9678296b6,45,LE DISCOURS INDIRECT au PASSÉ,18cc95f9-3856-433d-8ba7-b04815d552f4,L45-S02,Imparfait de concordance,imparfait توافقی,CAT10,SUB25,REPORTED_SPEECH,گفتار غیرمستقیم,Lesson 45; printed p. 216,Stage1 rule text + Stage2 classification; error frequency not claimed by source,misconception-catalogue-recovered-v1.0.0,CANDIDATE_PREDEPLOY_CONTENT_REVIEW,NOT_YET_OBSERVED__STAGE27_CALIBRATION,4da50658-c076-5d51-be94-16f76d838675,CONTEXT_ROLE_MISMATCH,انتقال قاعده درست به context نادرست,قاعده نقل غیرمستقیم معتبر را بدون توجه به زمان فعل گزارشگر یا نوع جمله اصلی اعمال می‌کند.,distractor از قاعده‌ای ساخته شود که به‌خودی‌خود معتبر است، اما نقش/مرجع/زمان/register این context با آن سازگار نیست.,انتخاب آن نشانهٔ تحلیل ناکافی context یا نقش دستوری است، نه صرفاً ندانستن شکل ظاهری.,CORE,
ea5e63b4-af5e-438a-b50c-a3d9678296b6,45,LE DISCOURS INDIRECT au PASSÉ,38d1a335-1b8c-4dd8-ab97-fdcf01efe719,L45-S03,Verbe principal « dire » vs « croire/penser »,زمان فعل گزارش‌دهنده,CAT10,SUB25,REPORTED_SPEECH,گفتار غیرمستقیم,Lesson 45; printed p. 216,Stage1 rule text + Stage2 classification; error frequency not claimed by source,misconception-catalogue-recovered-v1.0.0,CANDIDATE_PREDEPLOY_CONTENT_REVIEW,NOT_YET_OBSERVED__STAGE27_CALIBRATION,38eea159-e222-5efc-8b88-4252c05e9e3d,OVERGENERALIZATION,تعمیم بیش‌ازحد قاعده,قاعدهٔ هدف «در روایت گذشته، dire اغلب passé composé و croire/penser برای وضعیت ذهنی اغلب imparfait می‌آیند.» را بدون توجه به شرط، نقش یا محدودیت بافتی زیرموضوع «زمان فعل گزارش‌دهنده» به همهٔ موارد مشابه تعمیم می‌دهد.,ساخت distractor با اجرای قاعدهٔ عمومی در جایی که شرط دقیق subtopic آن را مجاز نمی‌کند.,اگر کاربر این گزینه را انتخاب کند، احتمالاً قاعده را می‌داند اما دامنهٔ کاربرد آن را بیش از حد گسترده گرفته است.,CORE,
ea5e63b4-af5e-438a-b50c-a3d9678296b6,45,LE DISCOURS INDIRECT au PASSÉ,38d1a335-1b8c-4dd8-ab97-fdcf01efe719,L45-S03,Verbe principal « dire » vs « croire/penser »,زمان فعل گزارش‌دهنده,CAT10,SUB25,REPORTED_SPEECH,گفتار غیرمستقیم,Lesson 45; printed p. 216,Stage1 rule text + Stage2 classification; error frequency not claimed by source,misconception-catalogue-recovered-v1.0.0,CANDIDATE_PREDEPLOY_CONTENT_REVIEW,NOT_YET_OBSERVED__STAGE27_CALIBRATION,92ec01ff-e4ce-5f79-bf73-01f2c9ca0852,NEAR_FORM_CONFUSION,اشتباه با فرم/قاعده نزدیک,ساخت نقل قول/گفتار غیرمستقیم نزدیک را با تغییر نادرست زمان، ضمیر یا واژه پرسشی انتخاب می‌کند.,یک فرم واقعی و نزدیک از همان خانواده انتخاب شود؛ فرم باید در context دیگری معتبر باشد ولی اینجا به‌طور قطعی غلط باشد.,انتخاب آن نشان می‌دهد تمایز میان قاعده هدف و همسایهٔ نزدیک هنوز پایدار نشده است.,CORE,
ea5e63b4-af5e-438a-b50c-a3d9678296b6,45,LE DISCOURS INDIRECT au PASSÉ,38d1a335-1b8c-4dd8-ab97-fdcf01efe719,L45-S03,Verbe principal « dire » vs « croire/penser »,زمان فعل گزارش‌دهنده,CAT10,SUB25,REPORTED_SPEECH,گفتار غیرمستقیم,Lesson 45; printed p. 216,Stage1 rule text + Stage2 classification; error frequency not claimed by source,misconception-catalogue-recovered-v1.0.0,CANDIDATE_PREDEPLOY_CONTENT_REVIEW,NOT_YET_OBSERVED__STAGE27_CALIBRATION,278a2dc3-43be-5571-85f1-784ba3fcc8f8,CONTEXT_ROLE_MISMATCH,انتقال قاعده درست به context نادرست,قاعده نقل غیرمستقیم معتبر را بدون توجه به زمان فعل گزارشگر یا نوع جمله اصلی اعمال می‌کند.,distractor از قاعده‌ای ساخته شود که به‌خودی‌خود معتبر است، اما نقش/مرجع/زمان/register این context با آن سازگار نیست.,انتخاب آن نشانهٔ تحلیل ناکافی context یا نقش دستوری است، نه صرفاً ندانستن شکل ظاهری.,CORE,
ea5e63b4-af5e-438a-b50c-a3d9678296b6,45,LE DISCOURS INDIRECT au PASSÉ,47140a4e-4054-4aa7-a022-d692da727d6a,L45-S04,Non-application possible de la concordance,حفظ زمان در حقیقت تازه,CAT10,SUB25,REPORTED_SPEECH,گفتار غیرمستقیم,Lesson 45; printed p. 216,Stage1 rule text + Stage2 classification; error frequency not claimed by source,misconception-catalogue-recovered-v1.0.0,CANDIDATE_PREDEPLOY_CONTENT_REVIEW,NOT_YET_OBSERVED__STAGE27_CALIBRATION,16b0db53-9557-5a36-ac21-6dbced0b6635,OVERGENERALIZATION,تعمیم بیش‌ازحد قاعده,قاعدهٔ هدف «گاهی برای نتیجه/حقیقت تازه و هنوز معتبر، concordance اعمال نمی‌شود.» را بدون توجه به شرط، نقش یا محدودیت بافتی زیرموضوع «حفظ زمان در حقیقت تازه» به همهٔ موارد مشابه تعمیم می‌دهد.,ساخت distractor با اجرای قاعدهٔ عمومی در جایی که شرط دقیق subtopic آن را مجاز نمی‌کند.,اگر کاربر این گزینه را انتخاب کند، احتمالاً قاعده را می‌داند اما دامنهٔ کاربرد آن را بیش از حد گسترده گرفته است.,CORE,
ea5e63b4-af5e-438a-b50c-a3d9678296b6,45,LE DISCOURS INDIRECT au PASSÉ,47140a4e-4054-4aa7-a022-d692da727d6a,L45-S04,Non-application possible de la concordance,حفظ زمان در حقیقت تازه,CAT10,SUB25,REPORTED_SPEECH,گفتار غیرمستقیم,Lesson 45; printed p. 216,Stage1 rule text + Stage2 classification; error frequency not claimed by source,misconception-catalogue-recovered-v1.0.0,CANDIDATE_PREDEPLOY_CONTENT_REVIEW,NOT_YET_OBSERVED__STAGE27_CALIBRATION,2ae51525-67d8-5bdb-8e1d-889bae265096,NEAR_FORM_CONFUSION,اشتباه با فرم/قاعده نزدیک,ساخت نقل قول/گفتار غیرمستقیم نزدیک را با تغییر نادرست زمان، ضمیر یا واژه پرسشی انتخاب می‌کند.,یک فرم واقعی و نزدیک از همان خانواده انتخاب شود؛ فرم باید در context دیگری معتبر باشد ولی اینجا به‌طور قطعی غلط باشد.,انتخاب آن نشان می‌دهد تمایز میان قاعده هدف و همسایهٔ نزدیک هنوز پایدار نشده است.,CORE,
ea5e63b4-af5e-438a-b50c-a3d9678296b6,45,LE DISCOURS INDIRECT au PASSÉ,47140a4e-4054-4aa7-a022-d692da727d6a,L45-S04,Non-application possible de la concordance,حفظ زمان در حقیقت تازه,CAT10,SUB25,REPORTED_SPEECH,گفتار غیرمستقیم,Lesson 45; printed p. 216,Stage1 rule text + Stage2 classification; error frequency not claimed by source,misconception-catalogue-recovered-v1.0.0,CANDIDATE_PREDEPLOY_CONTENT_REVIEW,NOT_YET_OBSERVED__STAGE27_CALIBRATION,077c22b2-45a3-5dd8-9a37-bc5ecd08b6c5,CONTEXT_ROLE_MISMATCH,انتقال قاعده درست به context نادرست,قاعده نقل غیرمستقیم معتبر را بدون توجه به زمان فعل گزارشگر یا نوع جمله اصلی اعمال می‌کند.,distractor از قاعده‌ای ساخته شود که به‌خودی‌خود معتبر است، اما نقش/مرجع/زمان/register این context با آن سازگار نیست.,انتخاب آن نشانهٔ تحلیل ناکافی context یا نقش دستوری است، نه صرفاً ندانستن شکل ظاهری.,CORE,
fa21c54c-eda9-434c-9b4c-af896a3dfde0,46,"« VENIR de », « ÊTRE en TRAIN de », « ÊTRE sur le POINT de »",2bfb1f2c-b935-40ee-99fb-9eccbed31b60,L46-S01,« venir de + infinitif »,گذشتهٔ نزدیک,CAT03,SUB07,NONFINITE_ASPECT,ساخت‌های غیرصرفی و نمود,Lesson 46; printed p. 222,Stage1 rule text + Stage2 classification; error frequency not claimed by source,misconception-catalogue-recovered-v1.0.0,CANDIDATE_PREDEPLOY_CONTENT_REVIEW,NOT_YET_OBSERVED__STAGE27_CALIBRATION,d97acb87-1a9e-5c4c-a2db-deefae4c3876,OVERGENERALIZATION,تعمیم بیش‌ازحد قاعده,قاعدهٔ هدف «venir de + infinitif عملی را نشان می‌دهد که همین اواخر تمام شده است.» را بدون توجه به شرط، نقش یا محدودیت بافتی زیرموضوع «گذشتهٔ نزدیک» به همهٔ موارد مشابه تعمیم می‌دهد.,ساخت distractor با اجرای قاعدهٔ عمومی در جایی که شرط دقیق subtopic آن را مجاز نمی‌کند.,اگر کاربر این گزینه را انتخاب کند، احتمالاً قاعده را می‌داند اما دامنهٔ کاربرد آن را بیش از حد گسترده گرفته است.,CORE,طبق کتاب با بیان زمان دقیق مانند il y a 5 minutes ترکیب نمی‌شود.
fa21c54c-eda9-434c-9b4c-af896a3dfde0,46,"« VENIR de », « ÊTRE en TRAIN de », « ÊTRE sur le POINT de »",2bfb1f2c-b935-40ee-99fb-9eccbed31b60,L46-S01,« venir de + infinitif »,گذشتهٔ نزدیک,CAT03,SUB07,NONFINITE_ASPECT,ساخت‌های غیرصرفی و نمود,Lesson 46; printed p. 222,Stage1 rule text + Stage2 classification; error frequency not claimed by source,misconception-catalogue-recovered-v1.0.0,CANDIDATE_PREDEPLOY_CONTENT_REVIEW,NOT_YET_OBSERVED__STAGE27_CALIBRATION,27b10f97-8e5d-5b57-b5c2-147811c77e47,NEAR_FORM_CONFUSION,اشتباه با فرم/قاعده نزدیک,مصدر، gérondif، participe یا periphrase نزدیک را بدون توجه به فاعل/هم‌زمانی/نمود انتخاب می‌کند.,یک فرم واقعی و نزدیک از همان خانواده انتخاب شود؛ فرم باید در context دیگری معتبر باشد ولی اینجا به‌طور قطعی غلط باشد.,انتخاب آن نشان می‌دهد تمایز میان قاعده هدف و همسایهٔ نزدیک هنوز پایدار نشده است.,CORE,طبق کتاب با بیان زمان دقیق مانند il y a 5 minutes ترکیب نمی‌شود.
fa21c54c-eda9-434c-9b4c-af896a3dfde0,46,"« VENIR de », « ÊTRE en TRAIN de », « ÊTRE sur le POINT de »",2bfb1f2c-b935-40ee-99fb-9eccbed31b60,L46-S01,« venir de + infinitif »,گذشتهٔ نزدیک,CAT03,SUB07,NONFINITE_ASPECT,ساخت‌های غیرصرفی و نمود,Lesson 46; printed p. 222,Stage1 rule text + Stage2 classification; error frequency not claimed by source,misconception-catalogue-recovered-v1.0.0,CANDIDATE_PREDEPLOY_CONTENT_REVIEW,NOT_YET_OBSERVED__STAGE27_CALIBRATION,6cfa1462-9e9d-5da7-a9de-89d821616043,CONTEXT_ROLE_MISMATCH,انتقال قاعده درست به context نادرست,ساخت غیرصرفی درست در بافت دیگری را با فاعل، توالی یا aspect نامتناسب به جمله فعلی منتقل می‌کند.,distractor از قاعده‌ای ساخته شود که به‌خودی‌خود معتبر است، اما نقش/مرجع/زمان/register این context با آن سازگار نیست.,انتخاب آن نشانهٔ تحلیل ناکافی context یا نقش دستوری است، نه صرفاً ندانستن شکل ظاهری.,CORE,طبق کتاب با بیان زمان دقیق مانند il y a 5 minutes ترکیب نمی‌شود.
fa21c54c-eda9-434c-9b4c-af896a3dfde0,46,"« VENIR de », « ÊTRE en TRAIN de », « ÊTRE sur le POINT de »",2bfb1f2c-b935-40ee-99fb-9eccbed31b60,L46-S01,« venir de + infinitif »,گذشتهٔ نزدیک,CAT03,SUB07,NONFINITE_ASPECT,ساخت‌های غیرصرفی و نمود,Lesson 46; printed p. 222,Stage1 rule text + Stage2 classification; error frequency not claimed by source,misconception-catalogue-recovered-v1.0.0,CANDIDATE_PREDEPLOY_CONTENT_REVIEW,NOT_YET_OBSERVED__STAGE27_CALIBRATION,1c2a8b5d-3b4a-50da-9236-bcc0e923684a,EXCEPTION_NEGLECT,نادیده‌گرفتن استثنا/محدودیت صریح,قاعدهٔ عمومی زیرموضوع «گذشتهٔ نزدیک» را اعمال می‌کند اما نکته/استثنای صریح ثبت‌شده را نادیده می‌گیرد: طبق کتاب با بیان زمان دقیق مانند il y a 5 minutes ترکیب نمی‌شود.,گزینه از خروجی قاعدهٔ عمومی ساخته شود؛ تنها تفاوت باید همان استثنا/محدودیت ثبت‌شده باشد.,انتخاب آن به‌طور مستقیم نشان می‌دهد قاعده عمومی بازیابی شده ولی استثنای کتاب تثبیت نشده است.,HIGH_EXCEPTION,طبق کتاب با بیان زمان دقیق مانند il y a 5 minutes ترکیب نمی‌شود.
fa21c54c-eda9-434c-9b4c-af896a3dfde0,46,"« VENIR de », « ÊTRE en TRAIN de », « ÊTRE sur le POINT de »",7e05dfd4-95e4-4321-83fb-2816a8d0b30e,L46-S02,« être en train de + infinitif »,عمل در حال انجام,CAT03,SUB07,NONFINITE_ASPECT,ساخت‌های غیرصرفی و نمود,Lesson 46; printed p. 222,Stage1 rule text + Stage2 classification; error frequency not claimed by source,misconception-catalogue-recovered-v1.0.0,CANDIDATE_PREDEPLOY_CONTENT_REVIEW,NOT_YET_OBSERVED__STAGE27_CALIBRATION,0a58b2bf-e377-5a1a-96c2-f9fd2ecc5d1f,OVERGENERALIZATION,تعمیم بیش‌ازحد قاعده,قاعدهٔ هدف «être en train de + infinitif بر جاری‌بودن عمل تأکید می‌کند.» را بدون توجه به شرط، نقش یا محدودیت بافتی زیرموضوع «عمل در حال انجام» به همهٔ موارد مشابه تعمیم می‌دهد.,ساخت distractor با اجرای قاعدهٔ عمومی در جایی که شرط دقیق subtopic آن را مجاز نمی‌کند.,اگر کاربر این گزینه را انتخاب کند، احتمالاً قاعده را می‌داند اما دامنهٔ کاربرد آن را بیش از حد گسترده گرفته است.,CORE,
fa21c54c-eda9-434c-9b4c-af896a3dfde0,46,"« VENIR de », « ÊTRE en TRAIN de », « ÊTRE sur le POINT de »",7e05dfd4-95e4-4321-83fb-2816a8d0b30e,L46-S02,« être en train de + infinitif »,عمل در حال انجام,CAT03,SUB07,NONFINITE_ASPECT,ساخت‌های غیرصرفی و نمود,Lesson 46; printed p. 222,Stage1 rule text + Stage2 classification; error frequency not claimed by source,misconception-catalogue-recovered-v1.0.0,CANDIDATE_PREDEPLOY_CONTENT_REVIEW,NOT_YET_OBSERVED__STAGE27_CALIBRATION,510b14a5-34a2-519a-af39-f0c42996ef2c,NEAR_FORM_CONFUSION,اشتباه با فرم/قاعده نزدیک,مصدر، gérondif، participe یا periphrase نزدیک را بدون توجه به فاعل/هم‌زمانی/نمود انتخاب می‌کند.,یک فرم واقعی و نزدیک از همان خانواده انتخاب شود؛ فرم باید در context دیگری معتبر باشد ولی اینجا به‌طور قطعی غلط باشد.,انتخاب آن نشان می‌دهد تمایز میان قاعده هدف و همسایهٔ نزدیک هنوز پایدار نشده است.,CORE,
fa21c54c-eda9-434c-9b4c-af896a3dfde0,46,"« VENIR de », « ÊTRE en TRAIN de », « ÊTRE sur le POINT de »",7e05dfd4-95e4-4321-83fb-2816a8d0b30e,L46-S02,« être en train de + infinitif »,عمل در حال انجام,CAT03,SUB07,NONFINITE_ASPECT,ساخت‌های غیرصرفی و نمود,Lesson 46; printed p. 222,Stage1 rule text + Stage2 classification; error frequency not claimed by source,misconception-catalogue-recovered-v1.0.0,CANDIDATE_PREDEPLOY_CONTENT_REVIEW,NOT_YET_OBSERVED__STAGE27_CALIBRATION,a025ccdb-5a98-50f9-acfb-2fd25812e46b,CONTEXT_ROLE_MISMATCH,انتقال قاعده درست به context نادرست,ساخت غیرصرفی درست در بافت دیگری را با فاعل، توالی یا aspect نامتناسب به جمله فعلی منتقل می‌کند.,distractor از قاعده‌ای ساخته شود که به‌خودی‌خود معتبر است، اما نقش/مرجع/زمان/register این context با آن سازگار نیست.,انتخاب آن نشانهٔ تحلیل ناکافی context یا نقش دستوری است، نه صرفاً ندانستن شکل ظاهری.,CORE,
fa21c54c-eda9-434c-9b4c-af896a3dfde0,46,"« VENIR de », « ÊTRE en TRAIN de », « ÊTRE sur le POINT de »",d98ac175-ec8e-41e0-9452-5dfc461916a6,L46-S03,« être sur le point de + infinitif »,عمل قریب‌الوقوع,CAT03,SUB07,NONFINITE_ASPECT,ساخت‌های غیرصرفی و نمود,Lesson 46; printed p. 222,Stage1 rule text + Stage2 classification; error frequency not claimed by source,misconception-catalogue-recovered-v1.0.0,CANDIDATE_PREDEPLOY_CONTENT_REVIEW,NOT_YET_OBSERVED__STAGE27_CALIBRATION,e51cfca5-424e-5104-9a38-141176997952,OVERGENERALIZATION,تعمیم بیش‌ازحد قاعده,قاعدهٔ هدف «این ساخت عملی را بیان می‌کند که در آستانهٔ وقوع است.» را بدون توجه به شرط، نقش یا محدودیت بافتی زیرموضوع «عمل قریب‌الوقوع» به همهٔ موارد مشابه تعمیم می‌دهد.,ساخت distractor با اجرای قاعدهٔ عمومی در جایی که شرط دقیق subtopic آن را مجاز نمی‌کند.,اگر کاربر این گزینه را انتخاب کند، احتمالاً قاعده را می‌داند اما دامنهٔ کاربرد آن را بیش از حد گسترده گرفته است.,CORE,
fa21c54c-eda9-434c-9b4c-af896a3dfde0,46,"« VENIR de », « ÊTRE en TRAIN de », « ÊTRE sur le POINT de »",d98ac175-ec8e-41e0-9452-5dfc461916a6,L46-S03,« être sur le point de + infinitif »,عمل قریب‌الوقوع,CAT03,SUB07,NONFINITE_ASPECT,ساخت‌های غیرصرفی و نمود,Lesson 46; printed p. 222,Stage1 rule text + Stage2 classification; error frequency not claimed by source,misconception-catalogue-recovered-v1.0.0,CANDIDATE_PREDEPLOY_CONTENT_REVIEW,NOT_YET_OBSERVED__STAGE27_CALIBRATION,82a9af90-9dcd-5ca3-bddc-6db0e8860f54,NEAR_FORM_CONFUSION,اشتباه با فرم/قاعده نزدیک,مصدر، gérondif، participe یا periphrase نزدیک را بدون توجه به فاعل/هم‌زمانی/نمود انتخاب می‌کند.,یک فرم واقعی و نزدیک از همان خانواده انتخاب شود؛ فرم باید در context دیگری معتبر باشد ولی اینجا به‌طور قطعی غلط باشد.,انتخاب آن نشان می‌دهد تمایز میان قاعده هدف و همسایهٔ نزدیک هنوز پایدار نشده است.,CORE,
fa21c54c-eda9-434c-9b4c-af896a3dfde0,46,"« VENIR de », « ÊTRE en TRAIN de », « ÊTRE sur le POINT de »",d98ac175-ec8e-41e0-9452-5dfc461916a6,L46-S03,« être sur le point de + infinitif »,عمل قریب‌الوقوع,CAT03,SUB07,NONFINITE_ASPECT,ساخت‌های غیرصرفی و نمود,Lesson 46; printed p. 222,Stage1 rule text + Stage2 classification; error frequency not claimed by source,misconception-catalogue-recovered-v1.0.0,CANDIDATE_PREDEPLOY_CONTENT_REVIEW,NOT_YET_OBSERVED__STAGE27_CALIBRATION,cab6b07f-822b-56cc-8d4a-fd2604b1c46d,CONTEXT_ROLE_MISMATCH,انتقال قاعده درست به context نادرست,ساخت غیرصرفی درست در بافت دیگری را با فاعل، توالی یا aspect نامتناسب به جمله فعلی منتقل می‌کند.,distractor از قاعده‌ای ساخته شود که به‌خودی‌خود معتبر است، اما نقش/مرجع/زمان/register این context با آن سازگار نیست.,انتخاب آن نشانهٔ تحلیل ناکافی context یا نقش دستوری است، نه صرفاً ندانستن شکل ظاهری.,CORE,
9452d2bf-3b54-4cbe-9410-2a607d9d9903,47,LE FUTUR SIMPLE,1cb1de26-6a3e-4408-94fd-dfedde3f92f6,L47-S01,Usage du futur simple,کاربرد futur simple,CAT02,SUB05,TENSE_ASPECT,زمان و نمود,Lesson 47; printed p. 224,Stage1 rule text + Stage2 classification; error frequency not claimed by source,misconception-catalogue-recovered-v1.0.0,CANDIDATE_PREDEPLOY_CONTENT_REVIEW,NOT_YET_OBSERVED__STAGE27_CALIBRATION,f4f8f1e5-6130-5078-acba-709b80ea3759,OVERGENERALIZATION,تعمیم بیش‌ازحد قاعده,قاعدهٔ هدف «futur simple برای پروژه‌های آینده و پیش‌بینی‌ها به‌کار می‌رود.» را بدون توجه به شرط، نقش یا محدودیت بافتی زیرموضوع «کاربرد futur simple» به همهٔ موارد مشابه تعمیم می‌دهد.,ساخت distractor با اجرای قاعدهٔ عمومی در جایی که شرط دقیق subtopic آن را مجاز نمی‌کند.,اگر کاربر این گزینه را انتخاب کند، احتمالاً قاعده را می‌داند اما دامنهٔ کاربرد آن را بیش از حد گسترده گرفته است.,CORE,
9452d2bf-3b54-4cbe-9410-2a607d9d9903,47,LE FUTUR SIMPLE,1cb1de26-6a3e-4408-94fd-dfedde3f92f6,L47-S01,Usage du futur simple,کاربرد futur simple,CAT02,SUB05,TENSE_ASPECT,زمان و نمود,Lesson 47; printed p. 224,Stage1 rule text + Stage2 classification; error frequency not claimed by source,misconception-catalogue-recovered-v1.0.0,CANDIDATE_PREDEPLOY_CONTENT_REVIEW,NOT_YET_OBSERVED__STAGE27_CALIBRATION,9f01c6c2-6abd-59d2-9d5f-7e80cf0c190a,NEAR_FORM_CONFUSION,اشتباه با فرم/قاعده نزدیک,زمان یا نمود نزدیک را بدون توجه به chronology، عادت/رویداد یا استمرار context انتخاب می‌کند.,یک فرم واقعی و نزدیک از همان خانواده انتخاب شود؛ فرم باید در context دیگری معتبر باشد ولی اینجا به‌طور قطعی غلط باشد.,انتخاب آن نشان می‌دهد تمایز میان قاعده هدف و همسایهٔ نزدیک هنوز پایدار نشده است.,CORE,
9452d2bf-3b54-4cbe-9410-2a607d9d9903,47,LE FUTUR SIMPLE,1cb1de26-6a3e-4408-94fd-dfedde3f92f6,L47-S01,Usage du futur simple,کاربرد futur simple,CAT02,SUB05,TENSE_ASPECT,زمان و نمود,Lesson 47; printed p. 224,Stage1 rule text + Stage2 classification; error frequency not claimed by source,misconception-catalogue-recovered-v1.0.0,CANDIDATE_PREDEPLOY_CONTENT_REVIEW,NOT_YET_OBSERVED__STAGE27_CALIBRATION,3c9d9392-e9a8-5997-b145-76c05d06a893,CONTEXT_ROLE_MISMATCH,انتقال قاعده درست به context نادرست,زمانی را که در روایت دیگری درست است به context فعلی منتقل می‌کند و cueهای زمانی/نمودی را نادیده می‌گیرد.,distractor از قاعده‌ای ساخته شود که به‌خودی‌خود معتبر است، اما نقش/مرجع/زمان/register این context با آن سازگار نیست.,انتخاب آن نشانهٔ تحلیل ناکافی context یا نقش دستوری است، نه صرفاً ندانستن شکل ظاهری.,CORE,
9452d2bf-3b54-4cbe-9410-2a607d9d9903,47,LE FUTUR SIMPLE,530bcde1-b664-4451-9182-18926c79db11,L47-S02,Formation régulière,ساخت منظم futur simple,CAT02,SUB05,CONJUGATION_FORM,صرف و صورت فعل,Lesson 47; printed p. 224,Stage1 rule text + Stage2 classification; error frequency not claimed by source,misconception-catalogue-recovered-v1.0.0,CANDIDATE_PREDEPLOY_CONTENT_REVIEW,NOT_YET_OBSERVED__STAGE27_CALIBRATION,8a0a5e77-9f34-512f-b30e-bd611ce4517b,OVERGENERALIZATION,تعمیم بیش‌ازحد قاعده,"قاعدهٔ هدف «مصدر + ai, as, a, ons, ez, ont؛ در مصادر پایان‌یافته به -e، e حذف می‌شود.» را بدون توجه به شرط، نقش یا محدودیت بافتی زیرموضوع «ساخت منظم futur simple» به همهٔ موارد مشابه تعمیم می‌دهد.",ساخت distractor با اجرای قاعدهٔ عمومی در جایی که شرط دقیق subtopic آن را مجاز نمی‌کند.,اگر کاربر این گزینه را انتخاب کند، احتمالاً قاعده را می‌داند اما دامنهٔ کاربرد آن را بیش از حد گسترده گرفته است.,CORE,
9452d2bf-3b54-4cbe-9410-2a607d9d9903,47,LE FUTUR SIMPLE,530bcde1-b664-4451-9182-18926c79db11,L47-S02,Formation régulière,ساخت منظم futur simple,CAT02,SUB05,CONJUGATION_FORM,صرف و صورت فعل,Lesson 47; printed p. 224,Stage1 rule text + Stage2 classification; error frequency not claimed by source,misconception-catalogue-recovered-v1.0.0,CANDIDATE_PREDEPLOY_CONTENT_REVIEW,NOT_YET_OBSERVED__STAGE27_CALIBRATION,73cafa43-1ecb-5d54-b822-bfe46431c8b5,NEAR_FORM_CONFUSION,اشتباه با فرم/قاعده نزدیک,صورت صرفی نزدیک همان فعل (شخص، ریشه یا پایانه دیگر) را به‌جای صورت هدف انتخاب می‌کند.,یک فرم واقعی و نزدیک از همان خانواده انتخاب شود؛ فرم باید در context دیگری معتبر باشد ولی اینجا به‌طور قطعی غلط باشد.,انتخاب آن نشان می‌دهد تمایز میان قاعده هدف و همسایهٔ نزدیک هنوز پایدار نشده است.,CORE,
9452d2bf-3b54-4cbe-9410-2a607d9d9903,47,LE FUTUR SIMPLE,530bcde1-b664-4451-9182-18926c79db11,L47-S02,Formation régulière,ساخت منظم futur simple,CAT02,SUB05,CONJUGATION_FORM,صرف و صورت فعل,Lesson 47; printed p. 224,Stage1 rule text + Stage2 classification; error frequency not claimed by source,misconception-catalogue-recovered-v1.0.0,CANDIDATE_PREDEPLOY_CONTENT_REVIEW,NOT_YET_OBSERVED__STAGE27_CALIBRATION,5c4c875d-ced1-5f9d-b7ce-06fa71861f37,CONTEXT_ROLE_MISMATCH,انتقال قاعده درست به context نادرست,صورت صرفی‌ای را که برای فاعل/زمان دیگری درست است به context فعلی منتقل می‌کند.,distractor از قاعده‌ای ساخته شود که به‌خودی‌خود معتبر است، اما نقش/مرجع/زمان/register این context با آن سازگار نیست.,انتخاب آن نشانهٔ تحلیل ناکافی context یا نقش دستوری است، نه صرفاً ندانستن شکل ظاهری.,CORE,
9452d2bf-3b54-4cbe-9410-2a607d9d9903,47,LE FUTUR SIMPLE,da04d77f-6116-4177-9914-703954f7a988,L47-S03,Radicaux irréguliers,ریشه‌های نامنظم futur,CAT02,SUB05,CONJUGATION_FORM,صرف و صورت فعل,Lesson 47; printed p. 224,Stage1 rule text + Stage2 classification; error frequency not claimed by source,misconception-catalogue-recovered-v1.0.0,CANDIDATE_PREDEPLOY_CONTENT_REVIEW,NOT_YET_OBSERVED__STAGE27_CALIBRATION,e7349f2e-2f60-517b-988f-3047719ade98,OVERGENERALIZATION,تعمیم بیش‌ازحد قاعده,"قاعدهٔ هدف «ser-, aur-, ir-, fer-, devr-, verr-, enverr-, viendr-, recevr-, pourr-, saur-, courr- و چند ریشهٔ خاص باید حفظ شوند.» را بدون توجه به شرط، نقش یا محدودیت بافتی زیرموضوع «ریشه‌های نامنظم futur» به همهٔ موارد مشابه تعمیم می‌دهد.",ساخت distractor با اجرای قاعدهٔ عمومی در جایی که شرط دقیق subtopic آن را مجاز نمی‌کند.,اگر کاربر این گزینه را انتخاب کند، احتمالاً قاعده را می‌داند اما دامنهٔ کاربرد آن را بیش از حد گسترده گرفته است.,CORE,
9452d2bf-3b54-4cbe-9410-2a607d9d9903,47,LE FUTUR SIMPLE,da04d77f-6116-4177-9914-703954f7a988,L47-S03,Radicaux irréguliers,ریشه‌های نامنظم futur,CAT02,SUB05,CONJUGATION_FORM,صرف و صورت فعل,Lesson 47; printed p. 224,Stage1 rule text + Stage2 classification; error frequency not claimed by source,misconception-catalogue-recovered-v1.0.0,CANDIDATE_PREDEPLOY_CONTENT_REVIEW,NOT_YET_OBSERVED__STAGE27_CALIBRATION,ad17b443-1375-5cb9-b8a4-23e63bbf3b6f,NEAR_FORM_CONFUSION,اشتباه با فرم/قاعده نزدیک,صورت صرفی نزدیک همان فعل (شخص، ریشه یا پایانه دیگر) را به‌جای صورت هدف انتخاب می‌کند.,یک فرم واقعی و نزدیک از همان خانواده انتخاب شود؛ فرم باید در context دیگری معتبر باشد ولی اینجا به‌طور قطعی غلط باشد.,انتخاب آن نشان می‌دهد تمایز میان قاعده هدف و همسایهٔ نزدیک هنوز پایدار نشده است.,CORE,
9452d2bf-3b54-4cbe-9410-2a607d9d9903,47,LE FUTUR SIMPLE,da04d77f-6116-4177-9914-703954f7a988,L47-S03,Radicaux irréguliers,ریشه‌های نامنظم futur,CAT02,SUB05,CONJUGATION_FORM,صرف و صورت فعل,Lesson 47; printed p. 224,Stage1 rule text + Stage2 classification; error frequency not claimed by source,misconception-catalogue-recovered-v1.0.0,CANDIDATE_PREDEPLOY_CONTENT_REVIEW,NOT_YET_OBSERVED__STAGE27_CALIBRATION,eff7cbd3-ac77-5194-84b7-fb4a141393b8,CONTEXT_ROLE_MISMATCH,انتقال قاعده درست به context نادرست,صورت صرفی‌ای را که برای فاعل/زمان دیگری درست است به context فعلی منتقل می‌کند.,distractor از قاعده‌ای ساخته شود که به‌خودی‌خود معتبر است، اما نقش/مرجع/زمان/register این context با آن سازگار نیست.,انتخاب آن نشانهٔ تحلیل ناکافی context یا نقش دستوری است، نه صرفاً ندانستن شکل ظاهری.,CORE,
9452d2bf-3b54-4cbe-9410-2a607d9d9903,47,LE FUTUR SIMPLE,539e80d3-680c-4667-a442-e4d2341ab223,L47-S04,Futur proche: changement vs futur simple: programmation,تغییر در برابر برنامه‌ریزی,CAT02,SUB05,TENSE_ASPECT,زمان و نمود,Lesson 47; printed p. 226,Stage1 rule text + Stage2 classification; error frequency not claimed by source,misconception-catalogue-recovered-v1.0.0,CANDIDATE_PREDEPLOY_CONTENT_REVIEW,NOT_YET_OBSERVED__STAGE27_CALIBRATION,fff2c381-8dfa-58d0-b7fb-89c1b099cfb1,OVERGENERALIZATION,تعمیم بیش‌ازحد قاعده,قاعدهٔ هدف «کتاب futur proche را اغلب برای تغییر و futur simple را برای برنامه/پیامد تنظیم‌شده‌تر مقایسه می‌کند.» را بدون توجه به شرط، نقش یا محدودیت بافتی زیرموضوع «تغییر در برابر برنامه‌ریزی» به همهٔ موارد مشابه تعمیم می‌دهد.,ساخت distractor با اجرای قاعدهٔ عمومی در جایی که شرط دقیق subtopic آن را مجاز نمی‌کند.,اگر کاربر این گزینه را انتخاب کند، احتمالاً قاعده را می‌داند اما دامنهٔ کاربرد آن را بیش از حد گسترده گرفته است.,CORE,
9452d2bf-3b54-4cbe-9410-2a607d9d9903,47,LE FUTUR SIMPLE,539e80d3-680c-4667-a442-e4d2341ab223,L47-S04,Futur proche: changement vs futur simple: programmation,تغییر در برابر برنامه‌ریزی,CAT02,SUB05,TENSE_ASPECT,زمان و نمود,Lesson 47; printed p. 226,Stage1 rule text + Stage2 classification; error frequency not claimed by source,misconception-catalogue-recovered-v1.0.0,CANDIDATE_PREDEPLOY_CONTENT_REVIEW,NOT_YET_OBSERVED__STAGE27_CALIBRATION,5f61e79a-793e-5a6b-8aba-35e0fa373264,NEAR_FORM_CONFUSION,اشتباه با فرم/قاعده نزدیک,زمان یا نمود نزدیک را بدون توجه به chronology، عادت/رویداد یا استمرار context انتخاب می‌کند.,یک فرم واقعی و نزدیک از همان خانواده انتخاب شود؛ فرم باید در context دیگری معتبر باشد ولی اینجا به‌طور قطعی غلط باشد.,انتخاب آن نشان می‌دهد تمایز میان قاعده هدف و همسایهٔ نزدیک هنوز پایدار نشده است.,CORE,
9452d2bf-3b54-4cbe-9410-2a607d9d9903,47,LE FUTUR SIMPLE,539e80d3-680c-4667-a442-e4d2341ab223,L47-S04,Futur proche: changement vs futur simple: programmation,تغییر در برابر برنامه‌ریزی,CAT02,SUB05,TENSE_ASPECT,زمان و نمود,Lesson 47; printed p. 226,Stage1 rule text + Stage2 classification; error frequency not claimed by source,misconception-catalogue-recovered-v1.0.0,CANDIDATE_PREDEPLOY_CONTENT_REVIEW,NOT_YET_OBSERVED__STAGE27_CALIBRATION,3e1a58c8-e397-5dd2-bae9-06c51e8dd732,CONTEXT_ROLE_MISMATCH,انتقال قاعده درست به context نادرست,زمانی را که در روایت دیگری درست است به context فعلی منتقل می‌کند و cueهای زمانی/نمودی را نادیده می‌گیرد.,distractor از قاعده‌ای ساخته شود که به‌خودی‌خود معتبر است، اما نقش/مرجع/زمان/register این context با آن سازگار نیست.,انتخاب آن نشانهٔ تحلیل ناکافی context یا نقش دستوری است، نه صرفاً ندانستن شکل ظاهری.,CORE,
9452d2bf-3b54-4cbe-9410-2a607d9d9903,47,LE FUTUR SIMPLE,75612fed-7108-4cce-b4e2-8172ca8c618f,L47-S05,Oral vs écrit,گفتار و نوشتار,CAT02,SUB05,TENSE_ASPECT,زمان و نمود,Lesson 47; printed p. 226,Stage1 rule text + Stage2 classification; error frequency not claimed by source,misconception-catalogue-recovered-v1.0.0,CANDIDATE_PREDEPLOY_CONTENT_REVIEW,NOT_YET_OBSERVED__STAGE27_CALIBRATION,49b722ed-5d9a-5c41-8e3b-736c35ab0b6b,OVERGENERALIZATION,تعمیم بیش‌ازحد قاعده,قاعدهٔ هدف «در گفتار futur proche معمولاً پویاتر و رایج‌تر و در نوشتار futur simple فشرده‌تر است.» را بدون توجه به شرط، نقش یا محدودیت بافتی زیرموضوع «گفتار و نوشتار» به همهٔ موارد مشابه تعمیم می‌دهد.,ساخت distractor با اجرای قاعدهٔ عمومی در جایی که شرط دقیق subtopic آن را مجاز نمی‌کند.,اگر کاربر این گزینه را انتخاب کند، احتمالاً قاعده را می‌داند اما دامنهٔ کاربرد آن را بیش از حد گسترده گرفته است.,CORE,
9452d2bf-3b54-4cbe-9410-2a607d9d9903,47,LE FUTUR SIMPLE,75612fed-7108-4cce-b4e2-8172ca8c618f,L47-S05,Oral vs écrit,گفتار و نوشتار,CAT02,SUB05,TENSE_ASPECT,زمان و نمود,Lesson 47; printed p. 226,Stage1 rule text + Stage2 classification; error frequency not claimed by source,misconception-catalogue-recovered-v1.0.0,CANDIDATE_PREDEPLOY_CONTENT_REVIEW,NOT_YET_OBSERVED__STAGE27_CALIBRATION,8172f9a5-0840-5173-954a-ff74ac1c62f7,NEAR_FORM_CONFUSION,اشتباه با فرم/قاعده نزدیک,زمان یا نمود نزدیک را بدون توجه به chronology، عادت/رویداد یا استمرار context انتخاب می‌کند.,یک فرم واقعی و نزدیک از همان خانواده انتخاب شود؛ فرم باید در context دیگری معتبر باشد ولی اینجا به‌طور قطعی غلط باشد.,انتخاب آن نشان می‌دهد تمایز میان قاعده هدف و همسایهٔ نزدیک هنوز پایدار نشده است.,CORE,
9452d2bf-3b54-4cbe-9410-2a607d9d9903,47,LE FUTUR SIMPLE,75612fed-7108-4cce-b4e2-8172ca8c618f,L47-S05,Oral vs écrit,گفتار و نوشتار,CAT02,SUB05,TENSE_ASPECT,زمان و نمود,Lesson 47; printed p. 226,Stage1 rule text + Stage2 classification; error frequency not claimed by source,misconception-catalogue-recovered-v1.0.0,CANDIDATE_PREDEPLOY_CONTENT_REVIEW,NOT_YET_OBSERVED__STAGE27_CALIBRATION,8be1d258-d1c0-5cfa-b6fe-db34464f730d,CONTEXT_ROLE_MISMATCH,انتقال قاعده درست به context نادرست,زمانی را که در روایت دیگری درست است به context فعلی منتقل می‌کند و cueهای زمانی/نمودی را نادیده می‌گیرد.,distractor از قاعده‌ای ساخته شود که به‌خودی‌خود معتبر است، اما نقش/مرجع/زمان/register این context با آن سازگار نیست.,انتخاب آن نشانهٔ تحلیل ناکافی context یا نقش دستوری است، نه صرفاً ندانستن شکل ظاهری.,CORE,
9452d2bf-3b54-4cbe-9410-2a607d9d9903,47,LE FUTUR SIMPLE,86f4613d-5a64-4336-bf0f-715616f0249c,L47-S06,Après « quand/pendant que/j’espère que »,آینده پس از quand و مشابه,CAT02,SUB05,PREPOSITION_RECTION,حرف اضافه/رکسیون/ارجاع مکانی-زمانی,Lesson 47; printed p. 226,Stage1 rule text + Stage2 classification; error frequency not claimed by source,misconception-catalogue-recovered-v1.0.0,CANDIDATE_PREDEPLOY_CONTENT_REVIEW,NOT_YET_OBSERVED__STAGE27_CALIBRATION,d55e2c4b-db3e-5d0f-8fdf-52f0e1ae7ab9,OVERGENERALIZATION,تعمیم بیش‌ازحد قاعده,قاعدهٔ هدف «وقتی بندها دربارهٔ آینده‌اند، futur simple پس از quand/pendant que/j’espère que به‌کار می‌رود.» را بدون توجه به شرط، نقش یا محدودیت بافتی زیرموضوع «آینده پس از quand و مشابه» به همهٔ موارد مشابه تعمیم می‌دهد.,ساخت distractor با اجرای قاعدهٔ عمومی در جایی که شرط دقیق subtopic آن را مجاز نمی‌کند.,اگر کاربر این گزینه را انتخاب کند، احتمالاً قاعده را می‌داند اما دامنهٔ کاربرد آن را بیش از حد گسترده گرفته است.,CORE,
9452d2bf-3b54-4cbe-9410-2a607d9d9903,47,LE FUTUR SIMPLE,86f4613d-5a64-4336-bf0f-715616f0249c,L47-S06,Après « quand/pendant que/j’espère que »,آینده پس از quand و مشابه,CAT02,SUB05,PREPOSITION_RECTION,حرف اضافه/رکسیون/ارجاع مکانی-زمانی,Lesson 47; printed p. 226,Stage1 rule text + Stage2 classification; error frequency not claimed by source,misconception-catalogue-recovered-v1.0.0,CANDIDATE_PREDEPLOY_CONTENT_REVIEW,NOT_YET_OBSERVED__STAGE27_CALIBRATION,bde2a4cb-0654-5584-930b-b98af56a1b78,NEAR_FORM_CONFUSION,اشتباه با فرم/قاعده نزدیک,حرف اضافهٔ پرتکرار یا نزدیک را بدون توجه به رکسیون، مکان/زمان یا معنای مکمل جایگزین می‌کند.,یک فرم واقعی و نزدیک از همان خانواده انتخاب شود؛ فرم باید در context دیگری معتبر باشد ولی اینجا به‌طور قطعی غلط باشد.,انتخاب آن نشان می‌دهد تمایز میان قاعده هدف و همسایهٔ نزدیک هنوز پایدار نشده است.,CORE,
9452d2bf-3b54-4cbe-9410-2a607d9d9903,47,LE FUTUR SIMPLE,86f4613d-5a64-4336-bf0f-715616f0249c,L47-S06,Après « quand/pendant que/j’espère que »,آینده پس از quand و مشابه,CAT02,SUB05,PREPOSITION_RECTION,حرف اضافه/رکسیون/ارجاع مکانی-زمانی,Lesson 47; printed p. 226,Stage1 rule text + Stage2 classification; error frequency not claimed by source,misconception-catalogue-recovered-v1.0.0,CANDIDATE_PREDEPLOY_CONTENT_REVIEW,NOT_YET_OBSERVED__STAGE27_CALIBRATION,0544417f-f2cc-5c83-94dc-b975fc3feb27,CONTEXT_ROLE_MISMATCH,انتقال قاعده درست به context نادرست,حرف اضافه‌ای را که در context مکانی/زمانی یا با فعل دیگری درست است، به ساخت هدف منتقل می‌کند.,distractor از قاعده‌ای ساخته شود که به‌خودی‌خود معتبر است، اما نقش/مرجع/زمان/register این context با آن سازگار نیست.,انتخاب آن نشانهٔ تحلیل ناکافی context یا نقش دستوری است، نه صرفاً ندانستن شکل ظاهری.,CORE,
9452d2bf-3b54-4cbe-9410-2a607d9d9903,47,LE FUTUR SIMPLE,0c9def43-b0f6-43b8-a640-30748984524f,L47-S07,Futur simple dans hypothèse future,futur در فرض آینده,CAT02,SUB05,TENSE_ASPECT,زمان و نمود,Lesson 47; printed p. 226,Stage1 rule text + Stage2 classification; error frequency not claimed by source,misconception-catalogue-recovered-v1.0.0,CANDIDATE_PREDEPLOY_CONTENT_REVIEW,NOT_YET_OBSERVED__STAGE27_CALIBRATION,4c14dba5-469a-521e-9605-36382f76c734,OVERGENERALIZATION,تعمیم بیش‌ازحد قاعده,قاعدهٔ هدف «در فرض آینده، جملهٔ نتیجه با futur simple می‌آید.» را بدون توجه به شرط، نقش یا محدودیت بافتی زیرموضوع «futur در فرض آینده» به همهٔ موارد مشابه تعمیم می‌دهد.,ساخت distractor با اجرای قاعدهٔ عمومی در جایی که شرط دقیق subtopic آن را مجاز نمی‌کند.,اگر کاربر این گزینه را انتخاب کند، احتمالاً قاعده را می‌داند اما دامنهٔ کاربرد آن را بیش از حد گسترده گرفته است.,CORE,
9452d2bf-3b54-4cbe-9410-2a607d9d9903,47,LE FUTUR SIMPLE,0c9def43-b0f6-43b8-a640-30748984524f,L47-S07,Futur simple dans hypothèse future,futur در فرض آینده,CAT02,SUB05,TENSE_ASPECT,زمان و نمود,Lesson 47; printed p. 226,Stage1 rule text + Stage2 classification; error frequency not claimed by source,misconception-catalogue-recovered-v1.0.0,CANDIDATE_PREDEPLOY_CONTENT_REVIEW,NOT_YET_OBSERVED__STAGE27_CALIBRATION,355500a6-312f-505b-911d-48d7c3d67839,NEAR_FORM_CONFUSION,اشتباه با فرم/قاعده نزدیک,زمان یا نمود نزدیک را بدون توجه به chronology، عادت/رویداد یا استمرار context انتخاب می‌کند.,یک فرم واقعی و نزدیک از همان خانواده انتخاب شود؛ فرم باید در context دیگری معتبر باشد ولی اینجا به‌طور قطعی غلط باشد.,انتخاب آن نشان می‌دهد تمایز میان قاعده هدف و همسایهٔ نزدیک هنوز پایدار نشده است.,CORE,
9452d2bf-3b54-4cbe-9410-2a607d9d9903,47,LE FUTUR SIMPLE,0c9def43-b0f6-43b8-a640-30748984524f,L47-S07,Futur simple dans hypothèse future,futur در فرض آینده,CAT02,SUB05,TENSE_ASPECT,زمان و نمود,Lesson 47; printed p. 226,Stage1 rule text + Stage2 classification; error frequency not claimed by source,misconception-catalogue-recovered-v1.0.0,CANDIDATE_PREDEPLOY_CONTENT_REVIEW,NOT_YET_OBSERVED__STAGE27_CALIBRATION,9bb58793-b232-5da8-9d6d-b53a01e6e4e8,CONTEXT_ROLE_MISMATCH,انتقال قاعده درست به context نادرست,زمانی را که در روایت دیگری درست است به context فعلی منتقل می‌کند و cueهای زمانی/نمودی را نادیده می‌گیرد.,distractor از قاعده‌ای ساخته شود که به‌خودی‌خود معتبر است، اما نقش/مرجع/زمان/register این context با آن سازگار نیست.,انتخاب آن نشانهٔ تحلیل ناکافی context یا نقش دستوری است، نه صرفاً ندانستن شکل ظاهری.,CORE,
c8b25314-e54b-4ec5-9a31-41e6af6cfab4,48,LE FUTUR ANTÉRIEUR,be5655fc-1793-4aea-9d26-21ea180a81a2,L48-S01,Antériorité dans le futur,پیشینگی در آینده,CAT02,SUB05,TENSE_ASPECT,زمان و نمود,Lesson 48; printed p. 228,Stage1 rule text + Stage2 classification; error frequency not claimed by source,misconception-catalogue-recovered-v1.0.0,CANDIDATE_PREDEPLOY_CONTENT_REVIEW,NOT_YET_OBSERVED__STAGE27_CALIBRATION,dce1bc6d-addf-504e-a229-02c549ec8584,OVERGENERALIZATION,تعمیم بیش‌ازحد قاعده,قاعدهٔ هدف «futur antérieur رویدادی را نشان می‌دهد که پیش از رویداد دیگری در آینده کامل می‌شود.» را بدون توجه به شرط، نقش یا محدودیت بافتی زیرموضوع «پیشینگی در آینده» به همهٔ موارد مشابه تعمیم می‌دهد.,ساخت distractor با اجرای قاعدهٔ عمومی در جایی که شرط دقیق subtopic آن را مجاز نمی‌کند.,اگر کاربر این گزینه را انتخاب کند، احتمالاً قاعده را می‌داند اما دامنهٔ کاربرد آن را بیش از حد گسترده گرفته است.,CORE,
c8b25314-e54b-4ec5-9a31-41e6af6cfab4,48,LE FUTUR ANTÉRIEUR,be5655fc-1793-4aea-9d26-21ea180a81a2,L48-S01,Antériorité dans le futur,پیشینگی در آینده,CAT02,SUB05,TENSE_ASPECT,زمان و نمود,Lesson 48; printed p. 228,Stage1 rule text + Stage2 classification; error frequency not claimed by source,misconception-catalogue-recovered-v1.0.0,CANDIDATE_PREDEPLOY_CONTENT_REVIEW,NOT_YET_OBSERVED__STAGE27_CALIBRATION,a5ac414c-e316-5072-8a1c-4b5698df17da,NEAR_FORM_CONFUSION,اشتباه با فرم/قاعده نزدیک,زمان یا نمود نزدیک را بدون توجه به chronology، عادت/رویداد یا استمرار context انتخاب می‌کند.,یک فرم واقعی و نزدیک از همان خانواده انتخاب شود؛ فرم باید در context دیگری معتبر باشد ولی اینجا به‌طور قطعی غلط باشد.,انتخاب آن نشان می‌دهد تمایز میان قاعده هدف و همسایهٔ نزدیک هنوز پایدار نشده است.,CORE,
c8b25314-e54b-4ec5-9a31-41e6af6cfab4,48,LE FUTUR ANTÉRIEUR,be5655fc-1793-4aea-9d26-21ea180a81a2,L48-S01,Antériorité dans le futur,پیشینگی در آینده,CAT02,SUB05,TENSE_ASPECT,زمان و نمود,Lesson 48; printed p. 228,Stage1 rule text + Stage2 classification; error frequency not claimed by source,misconception-catalogue-recovered-v1.0.0,CANDIDATE_PREDEPLOY_CONTENT_REVIEW,NOT_YET_OBSERVED__STAGE27_CALIBRATION,15ee0722-d447-537c-8a26-c700ee767d65,CONTEXT_ROLE_MISMATCH,انتقال قاعده درست به context نادرست,زمانی را که در روایت دیگری درست است به context فعلی منتقل می‌کند و cueهای زمانی/نمودی را نادیده می‌گیرد.,distractor از قاعده‌ای ساخته شود که به‌خودی‌خود معتبر است، اما نقش/مرجع/زمان/register این context با آن سازگار نیست.,انتخاب آن نشانهٔ تحلیل ناکافی context یا نقش دستوری است، نه صرفاً ندانستن شکل ظاهری.,CORE,
c8b25314-e54b-4ec5-9a31-41e6af6cfab4,48,LE FUTUR ANTÉRIEUR,261fd0e7-6ee8-4916-aa81-07ff7b635708,L48-S02,Formation du futur antérieur,ساخت futur antérieur,CAT02,SUB05,TENSE_ASPECT,زمان و نمود,Lesson 48; printed p. 228,Stage1 rule text + Stage2 classification; error frequency not claimed by source,misconception-catalogue-recovered-v1.0.0,CANDIDATE_PREDEPLOY_CONTENT_REVIEW,NOT_YET_OBSERVED__STAGE27_CALIBRATION,722f2087-2802-5a65-b159-222461c6cec8,OVERGENERALIZATION,تعمیم بیش‌ازحد قاعده,قاعدهٔ هدف «être/avoir در futur simple + participe passé.» را بدون توجه به شرط، نقش یا محدودیت بافتی زیرموضوع «ساخت futur antérieur» به همهٔ موارد مشابه تعمیم می‌دهد.,ساخت distractor با اجرای قاعدهٔ عمومی در جایی که شرط دقیق subtopic آن را مجاز نمی‌کند.,اگر کاربر این گزینه را انتخاب کند، احتمالاً قاعده را می‌داند اما دامنهٔ کاربرد آن را بیش از حد گسترده گرفته است.,CORE,
c8b25314-e54b-4ec5-9a31-41e6af6cfab4,48,LE FUTUR ANTÉRIEUR,261fd0e7-6ee8-4916-aa81-07ff7b635708,L48-S02,Formation du futur antérieur,ساخت futur antérieur,CAT02,SUB05,TENSE_ASPECT,زمان و نمود,Lesson 48; printed p. 228,Stage1 rule text + Stage2 classification; error frequency not claimed by source,misconception-catalogue-recovered-v1.0.0,CANDIDATE_PREDEPLOY_CONTENT_REVIEW,NOT_YET_OBSERVED__STAGE27_CALIBRATION,870f7309-f25c-59e6-9ede-ab63a5f321c2,NEAR_FORM_CONFUSION,اشتباه با فرم/قاعده نزدیک,زمان یا نمود نزدیک را بدون توجه به chronology، عادت/رویداد یا استمرار context انتخاب می‌کند.,یک فرم واقعی و نزدیک از همان خانواده انتخاب شود؛ فرم باید در context دیگری معتبر باشد ولی اینجا به‌طور قطعی غلط باشد.,انتخاب آن نشان می‌دهد تمایز میان قاعده هدف و همسایهٔ نزدیک هنوز پایدار نشده است.,CORE,
c8b25314-e54b-4ec5-9a31-41e6af6cfab4,48,LE FUTUR ANTÉRIEUR,261fd0e7-6ee8-4916-aa81-07ff7b635708,L48-S02,Formation du futur antérieur,ساخت futur antérieur,CAT02,SUB05,TENSE_ASPECT,زمان و نمود,Lesson 48; printed p. 228,Stage1 rule text + Stage2 classification; error frequency not claimed by source,misconception-catalogue-recovered-v1.0.0,CANDIDATE_PREDEPLOY_CONTENT_REVIEW,NOT_YET_OBSERVED__STAGE27_CALIBRATION,a7237123-b2d4-5b19-ad05-f8f81989e998,CONTEXT_ROLE_MISMATCH,انتقال قاعده درست به context نادرست,زمانی را که در روایت دیگری درست است به context فعلی منتقل می‌کند و cueهای زمانی/نمودی را نادیده می‌گیرد.,distractor از قاعده‌ای ساخته شود که به‌خودی‌خود معتبر است، اما نقش/مرجع/زمان/register این context با آن سازگار نیست.,انتخاب آن نشانهٔ تحلیل ناکافی context یا نقش دستوری است، نه صرفاً ندانستن شکل ظاهری.,CORE,
c8b25314-e54b-4ec5-9a31-41e6af6cfab4,48,LE FUTUR ANTÉRIEUR,52a4dc69-09ec-418f-a951-1ed75534dbd3,L48-S03,Résumé des temps de l’indicatif,خلاصهٔ زمان‌های indicatif,CAT02,SUB05,TENSE_ASPECT,زمان و نمود,Lesson 48; printed p. 228,Stage1 rule text + Stage2 classification; error frequency not claimed by source,misconception-catalogue-recovered-v1.0.0,CANDIDATE_PREDEPLOY_CONTENT_REVIEW,NOT_YET_OBSERVED__STAGE27_CALIBRATION,dc25c09c-41a9-5dc4-bc47-e5ce25180f2e,OVERGENERALIZATION,تعمیم بیش‌ازحد قاعده,قاعدهٔ هدف «کتاب زمان‌های ساده را برای وضعیت/عادت و زمان‌های مرکب را برای تغییر/گسست روی محور زمانی مقایسه می‌کند.» را بدون توجه به شرط، نقش یا محدودیت بافتی زیرموضوع «خلاصهٔ زمان‌های indicatif» به همهٔ موارد مشابه تعمیم می‌دهد.,ساخت distractor با اجرای قاعدهٔ عمومی در جایی که شرط دقیق subtopic آن را مجاز نمی‌کند.,اگر کاربر این گزینه را انتخاب کند، احتمالاً قاعده را می‌داند اما دامنهٔ کاربرد آن را بیش از حد گسترده گرفته است.,CORE,
c8b25314-e54b-4ec5-9a31-41e6af6cfab4,48,LE FUTUR ANTÉRIEUR,52a4dc69-09ec-418f-a951-1ed75534dbd3,L48-S03,Résumé des temps de l’indicatif,خلاصهٔ زمان‌های indicatif,CAT02,SUB05,TENSE_ASPECT,زمان و نمود,Lesson 48; printed p. 228,Stage1 rule text + Stage2 classification; error frequency not claimed by source,misconception-catalogue-recovered-v1.0.0,CANDIDATE_PREDEPLOY_CONTENT_REVIEW,NOT_YET_OBSERVED__STAGE27_CALIBRATION,4a7adcbb-2c3e-537c-9c9b-ccee75b429e9,NEAR_FORM_CONFUSION,اشتباه با فرم/قاعده نزدیک,زمان یا نمود نزدیک را بدون توجه به chronology، عادت/رویداد یا استمرار context انتخاب می‌کند.,یک فرم واقعی و نزدیک از همان خانواده انتخاب شود؛ فرم باید در context دیگری معتبر باشد ولی اینجا به‌طور قطعی غلط باشد.,انتخاب آن نشان می‌دهد تمایز میان قاعده هدف و همسایهٔ نزدیک هنوز پایدار نشده است.,CORE,
c8b25314-e54b-4ec5-9a31-41e6af6cfab4,48,LE FUTUR ANTÉRIEUR,52a4dc69-09ec-418f-a951-1ed75534dbd3,L48-S03,Résumé des temps de l’indicatif,خلاصهٔ زمان‌های indicatif,CAT02,SUB05,TENSE_ASPECT,زمان و نمود,Lesson 48; printed p. 228,Stage1 rule text + Stage2 classification; error frequency not claimed by source,misconception-catalogue-recovered-v1.0.0,CANDIDATE_PREDEPLOY_CONTENT_REVIEW,NOT_YET_OBSERVED__STAGE27_CALIBRATION,1b4de7e0-e52e-5b03-9bb0-b2067c36fc58,CONTEXT_ROLE_MISMATCH,انتقال قاعده درست به context نادرست,زمانی را که در روایت دیگری درست است به context فعلی منتقل می‌کند و cueهای زمانی/نمودی را نادیده می‌گیرد.,distractor از قاعده‌ای ساخته شود که به‌خودی‌خود معتبر است، اما نقش/مرجع/زمان/register این context با آن سازگار نیست.,انتخاب آن نشانهٔ تحلیل ناکافی context یا نقش دستوری است، نه صرفاً ندانستن شکل ظاهری.,CORE,
8492c636-b6f3-4368-97df-c4e0387ff946,49,LE CONDITIONNEL (2),81b6851f-51be-4653-ba60-d5683d58c26a,L49-S01,Conditionnel présent: imaginaire,conditionnel و خیال,CAT03,SUB06,MOOD_CONDITION,وجه و شرط,Lesson 49; printed p. 230,Stage1 rule text + Stage2 classification; error frequency not claimed by source,misconception-catalogue-recovered-v1.0.0,CANDIDATE_PREDEPLOY_CONTENT_REVIEW,NOT_YET_OBSERVED__STAGE27_CALIBRATION,e7d23ac3-b91e-5299-bcd3-b543b9df74dc,OVERGENERALIZATION,تعمیم بیش‌ازحد قاعده,قاعدهٔ هدف «conditionnel برای تصور واقعیتی دیگر/غیرواقعی استفاده می‌شود.» را بدون توجه به شرط، نقش یا محدودیت بافتی زیرموضوع «conditionnel و خیال» به همهٔ موارد مشابه تعمیم می‌دهد.,ساخت distractor با اجرای قاعدهٔ عمومی در جایی که شرط دقیق subtopic آن را مجاز نمی‌کند.,اگر کاربر این گزینه را انتخاب کند، احتمالاً قاعده را می‌داند اما دامنهٔ کاربرد آن را بیش از حد گسترده گرفته است.,CORE,
8492c636-b6f3-4368-97df-c4e0387ff946,49,LE CONDITIONNEL (2),81b6851f-51be-4653-ba60-d5683d58c26a,L49-S01,Conditionnel présent: imaginaire,conditionnel و خیال,CAT03,SUB06,MOOD_CONDITION,وجه و شرط,Lesson 49; printed p. 230,Stage1 rule text + Stage2 classification; error frequency not claimed by source,misconception-catalogue-recovered-v1.0.0,CANDIDATE_PREDEPLOY_CONTENT_REVIEW,NOT_YET_OBSERVED__STAGE27_CALIBRATION,a4c3a98f-2efc-5a12-9c74-d54948d2706d,NEAR_FORM_CONFUSION,اشتباه با فرم/قاعده نزدیک,وجه یا ساخت شرطی نزدیک را در محیطی به‌کار می‌برد که شرط/نگرش جمله آن را مجاز نمی‌کند.,یک فرم واقعی و نزدیک از همان خانواده انتخاب شود؛ فرم باید در context دیگری معتبر باشد ولی اینجا به‌طور قطعی غلط باشد.,انتخاب آن نشان می‌دهد تمایز میان قاعده هدف و همسایهٔ نزدیک هنوز پایدار نشده است.,CORE,
8492c636-b6f3-4368-97df-c4e0387ff946,49,LE CONDITIONNEL (2),81b6851f-51be-4653-ba60-d5683d58c26a,L49-S01,Conditionnel présent: imaginaire,conditionnel و خیال,CAT03,SUB06,MOOD_CONDITION,وجه و شرط,Lesson 49; printed p. 230,Stage1 rule text + Stage2 classification; error frequency not claimed by source,misconception-catalogue-recovered-v1.0.0,CANDIDATE_PREDEPLOY_CONTENT_REVIEW,NOT_YET_OBSERVED__STAGE27_CALIBRATION,229fe599-e694-54ef-8c06-bd6728dc46f9,CONTEXT_ROLE_MISMATCH,انتقال قاعده درست به context نادرست,قاعده درستِ یک نوع شرط/وجه را به نوع دیگری از شرط، نگرش یا واقعیت منتقل می‌کند.,distractor از قاعده‌ای ساخته شود که به‌خودی‌خود معتبر است، اما نقش/مرجع/زمان/register این context با آن سازگار نیست.,انتخاب آن نشانهٔ تحلیل ناکافی context یا نقش دستوری است، نه صرفاً ندانستن شکل ظاهری.,CORE,
8492c636-b6f3-4368-97df-c4e0387ff946,49,LE CONDITIONNEL (2),fc788975-f7e3-4559-9330-2c6d2f695092,L49-S02,« au cas où » + conditionnel,au cas où,CAT03,SUB06,MOOD_CONDITION,وجه و شرط,Lesson 49; printed p. 230,Stage1 rule text + Stage2 classification; error frequency not claimed by source,misconception-catalogue-recovered-v1.0.0,CANDIDATE_PREDEPLOY_CONTENT_REVIEW,NOT_YET_OBSERVED__STAGE27_CALIBRATION,f952cb92-7a61-5e2e-9393-afd303c1ed4c,OVERGENERALIZATION,تعمیم بیش‌ازحد قاعده,قاعدهٔ هدف «au cas où یک فرض احتیاطی/احتمالی را معرفی می‌کند و conditionnel می‌گیرد.» را بدون توجه به شرط، نقش یا محدودیت بافتی زیرموضوع «au cas où» به همهٔ موارد مشابه تعمیم می‌دهد.,ساخت distractor با اجرای قاعدهٔ عمومی در جایی که شرط دقیق subtopic آن را مجاز نمی‌کند.,اگر کاربر این گزینه را انتخاب کند، احتمالاً قاعده را می‌داند اما دامنهٔ کاربرد آن را بیش از حد گسترده گرفته است.,CORE,
8492c636-b6f3-4368-97df-c4e0387ff946,49,LE CONDITIONNEL (2),fc788975-f7e3-4559-9330-2c6d2f695092,L49-S02,« au cas où » + conditionnel,au cas où,CAT03,SUB06,MOOD_CONDITION,وجه و شرط,Lesson 49; printed p. 230,Stage1 rule text + Stage2 classification; error frequency not claimed by source,misconception-catalogue-recovered-v1.0.0,CANDIDATE_PREDEPLOY_CONTENT_REVIEW,NOT_YET_OBSERVED__STAGE27_CALIBRATION,6321bafb-c7d2-54f8-ad33-39b0e57b7509,NEAR_FORM_CONFUSION,اشتباه با فرم/قاعده نزدیک,وجه یا ساخت شرطی نزدیک را در محیطی به‌کار می‌برد که شرط/نگرش جمله آن را مجاز نمی‌کند.,یک فرم واقعی و نزدیک از همان خانواده انتخاب شود؛ فرم باید در context دیگری معتبر باشد ولی اینجا به‌طور قطعی غلط باشد.,انتخاب آن نشان می‌دهد تمایز میان قاعده هدف و همسایهٔ نزدیک هنوز پایدار نشده است.,CORE,
8492c636-b6f3-4368-97df-c4e0387ff946,49,LE CONDITIONNEL (2),fc788975-f7e3-4559-9330-2c6d2f695092,L49-S02,« au cas où » + conditionnel,au cas où,CAT03,SUB06,MOOD_CONDITION,وجه و شرط,Lesson 49; printed p. 230,Stage1 rule text + Stage2 classification; error frequency not claimed by source,misconception-catalogue-recovered-v1.0.0,CANDIDATE_PREDEPLOY_CONTENT_REVIEW,NOT_YET_OBSERVED__STAGE27_CALIBRATION,f4c444c9-9f79-51b3-9071-42a120a8eda5,CONTEXT_ROLE_MISMATCH,انتقال قاعده درست به context نادرست,قاعده درستِ یک نوع شرط/وجه را به نوع دیگری از شرط، نگرش یا واقعیت منتقل می‌کند.,distractor از قاعده‌ای ساخته شود که به‌خودی‌خود معتبر است، اما نقش/مرجع/زمان/register این context با آن سازگار نیست.,انتخاب آن نشانهٔ تحلیل ناکافی context یا نقش دستوری است، نه صرفاً ندانستن شکل ظاهری.,CORE,
8492c636-b6f3-4368-97df-c4e0387ff946,49,LE CONDITIONNEL (2),6ba9813e-648b-42a2-9f89-b04fc2714b5c,L49-S03,Information non confirmée,اطلاعات تأییدنشده,CAT03,SUB06,MOOD_CONDITION,وجه و شرط,Lesson 49; printed p. 230,Stage1 rule text + Stage2 classification; error frequency not claimed by source,misconception-catalogue-recovered-v1.0.0,CANDIDATE_PREDEPLOY_CONTENT_REVIEW,NOT_YET_OBSERVED__STAGE27_CALIBRATION,9fb6cd85-c9c4-5209-a95e-1b6cd9c72080,OVERGENERALIZATION,تعمیم بیش‌ازحد قاعده,قاعدهٔ هدف «conditionnel می‌تواند برای گزارش اطلاعات غیرقطعی/تأییدنشده استفاده شود.» را بدون توجه به شرط، نقش یا محدودیت بافتی زیرموضوع «اطلاعات تأییدنشده» به همهٔ موارد مشابه تعمیم می‌دهد.,ساخت distractor با اجرای قاعدهٔ عمومی در جایی که شرط دقیق subtopic آن را مجاز نمی‌کند.,اگر کاربر این گزینه را انتخاب کند، احتمالاً قاعده را می‌داند اما دامنهٔ کاربرد آن را بیش از حد گسترده گرفته است.,CORE,
8492c636-b6f3-4368-97df-c4e0387ff946,49,LE CONDITIONNEL (2),6ba9813e-648b-42a2-9f89-b04fc2714b5c,L49-S03,Information non confirmée,اطلاعات تأییدنشده,CAT03,SUB06,MOOD_CONDITION,وجه و شرط,Lesson 49; printed p. 230,Stage1 rule text + Stage2 classification; error frequency not claimed by source,misconception-catalogue-recovered-v1.0.0,CANDIDATE_PREDEPLOY_CONTENT_REVIEW,NOT_YET_OBSERVED__STAGE27_CALIBRATION,8cef0ab1-5263-50db-9d89-c20310bdc7b6,NEAR_FORM_CONFUSION,اشتباه با فرم/قاعده نزدیک,وجه یا ساخت شرطی نزدیک را در محیطی به‌کار می‌برد که شرط/نگرش جمله آن را مجاز نمی‌کند.,یک فرم واقعی و نزدیک از همان خانواده انتخاب شود؛ فرم باید در context دیگری معتبر باشد ولی اینجا به‌طور قطعی غلط باشد.,انتخاب آن نشان می‌دهد تمایز میان قاعده هدف و همسایهٔ نزدیک هنوز پایدار نشده است.,CORE,
8492c636-b6f3-4368-97df-c4e0387ff946,49,LE CONDITIONNEL (2),6ba9813e-648b-42a2-9f89-b04fc2714b5c,L49-S03,Information non confirmée,اطلاعات تأییدنشده,CAT03,SUB06,MOOD_CONDITION,وجه و شرط,Lesson 49; printed p. 230,Stage1 rule text + Stage2 classification; error frequency not claimed by source,misconception-catalogue-recovered-v1.0.0,CANDIDATE_PREDEPLOY_CONTENT_REVIEW,NOT_YET_OBSERVED__STAGE27_CALIBRATION,f2c5052f-4be2-5142-8276-ec93bc51fcf8,CONTEXT_ROLE_MISMATCH,انتقال قاعده درست به context نادرست,قاعده درستِ یک نوع شرط/وجه را به نوع دیگری از شرط، نگرش یا واقعیت منتقل می‌کند.,distractor از قاعده‌ای ساخته شود که به‌خودی‌خود معتبر است، اما نقش/مرجع/زمان/register این context با آن سازگار نیست.,انتخاب آن نشانهٔ تحلیل ناکافی context یا نقش دستوری است، نه صرفاً ندانستن شکل ظاهری.,CORE,
8492c636-b6f3-4368-97df-c4e0387ff946,49,LE CONDITIONNEL (2),292c09ff-e1c7-4605-89fe-ad91f8ed1045,L49-S04,Regret au conditionnel passé,حسرت,CAT03,SUB06,MOOD_CONDITION,وجه و شرط,Lesson 49; printed p. 230,Stage1 rule text + Stage2 classification; error frequency not claimed by source,misconception-catalogue-recovered-v1.0.0,CANDIDATE_PREDEPLOY_CONTENT_REVIEW,NOT_YET_OBSERVED__STAGE27_CALIBRATION,b2f5af3b-aab2-57db-90a6-83d1f1ffa0ae,OVERGENERALIZATION,تعمیم بیش‌ازحد قاعده,قاعدهٔ هدف «conditionnel passé برای کاری که بهتر بود انجام می‌شد/نمی‌شد به‌کار می‌رود.» را بدون توجه به شرط، نقش یا محدودیت بافتی زیرموضوع «حسرت» به همهٔ موارد مشابه تعمیم می‌دهد.,ساخت distractor با اجرای قاعدهٔ عمومی در جایی که شرط دقیق subtopic آن را مجاز نمی‌کند.,اگر کاربر این گزینه را انتخاب کند، احتمالاً قاعده را می‌داند اما دامنهٔ کاربرد آن را بیش از حد گسترده گرفته است.,CORE,
8492c636-b6f3-4368-97df-c4e0387ff946,49,LE CONDITIONNEL (2),292c09ff-e1c7-4605-89fe-ad91f8ed1045,L49-S04,Regret au conditionnel passé,حسرت,CAT03,SUB06,MOOD_CONDITION,وجه و شرط,Lesson 49; printed p. 230,Stage1 rule text + Stage2 classification; error frequency not claimed by source,misconception-catalogue-recovered-v1.0.0,CANDIDATE_PREDEPLOY_CONTENT_REVIEW,NOT_YET_OBSERVED__STAGE27_CALIBRATION,6c4a8984-4bd8-5737-a3d3-8c8ca25a2d89,NEAR_FORM_CONFUSION,اشتباه با فرم/قاعده نزدیک,وجه یا ساخت شرطی نزدیک را در محیطی به‌کار می‌برد که شرط/نگرش جمله آن را مجاز نمی‌کند.,یک فرم واقعی و نزدیک از همان خانواده انتخاب شود؛ فرم باید در context دیگری معتبر باشد ولی اینجا به‌طور قطعی غلط باشد.,انتخاب آن نشان می‌دهد تمایز میان قاعده هدف و همسایهٔ نزدیک هنوز پایدار نشده است.,CORE,
8492c636-b6f3-4368-97df-c4e0387ff946,49,LE CONDITIONNEL (2),292c09ff-e1c7-4605-89fe-ad91f8ed1045,L49-S04,Regret au conditionnel passé,حسرت,CAT03,SUB06,MOOD_CONDITION,وجه و شرط,Lesson 49; printed p. 230,Stage1 rule text + Stage2 classification; error frequency not claimed by source,misconception-catalogue-recovered-v1.0.0,CANDIDATE_PREDEPLOY_CONTENT_REVIEW,NOT_YET_OBSERVED__STAGE27_CALIBRATION,48805bf7-774b-5c3b-9260-d9faad33b1bb,CONTEXT_ROLE_MISMATCH,انتقال قاعده درست به context نادرست,قاعده درستِ یک نوع شرط/وجه را به نوع دیگری از شرط، نگرش یا واقعیت منتقل می‌کند.,distractor از قاعده‌ای ساخته شود که به‌خودی‌خود معتبر است، اما نقش/مرجع/زمان/register این context با آن سازگار نیست.,انتخاب آن نشانهٔ تحلیل ناکافی context یا نقش دستوری است، نه صرفاً ندانستن شکل ظاهری.,CORE,
8492c636-b6f3-4368-97df-c4e0387ff946,49,LE CONDITIONNEL (2),539b6b8e-7a76-4fd3-bd31-b45a4184b029,L49-S05,Formation du conditionnel présent,ساخت conditionnel présent,CAT03,SUB06,CONJUGATION_FORM,صرف و صورت فعل,Lesson 49; printed p. 230,Stage1 rule text + Stage2 classification; error frequency not claimed by source,misconception-catalogue-recovered-v1.0.0,CANDIDATE_PREDEPLOY_CONTENT_REVIEW,NOT_YET_OBSERVED__STAGE27_CALIBRATION,df366e1f-9d67-50ca-a077-1d15019ee891,OVERGENERALIZATION,تعمیم بیش‌ازحد قاعده,قاعدهٔ هدف «ریشهٔ futur + پایان‌های imparfait.» را بدون توجه به شرط، نقش یا محدودیت بافتی زیرموضوع «ساخت conditionnel présent» به همهٔ موارد مشابه تعمیم می‌دهد.,ساخت distractor با اجرای قاعدهٔ عمومی در جایی که شرط دقیق subtopic آن را مجاز نمی‌کند.,اگر کاربر این گزینه را انتخاب کند، احتمالاً قاعده را می‌داند اما دامنهٔ کاربرد آن را بیش از حد گسترده گرفته است.,CORE,
8492c636-b6f3-4368-97df-c4e0387ff946,49,LE CONDITIONNEL (2),539b6b8e-7a76-4fd3-bd31-b45a4184b029,L49-S05,Formation du conditionnel présent,ساخت conditionnel présent,CAT03,SUB06,CONJUGATION_FORM,صرف و صورت فعل,Lesson 49; printed p. 230,Stage1 rule text + Stage2 classification; error frequency not claimed by source,misconception-catalogue-recovered-v1.0.0,CANDIDATE_PREDEPLOY_CONTENT_REVIEW,NOT_YET_OBSERVED__STAGE27_CALIBRATION,62b44f87-caec-5e83-967f-f9480e5c1368,NEAR_FORM_CONFUSION,اشتباه با فرم/قاعده نزدیک,صورت صرفی نزدیک همان فعل (شخص، ریشه یا پایانه دیگر) را به‌جای صورت هدف انتخاب می‌کند.,یک فرم واقعی و نزدیک از همان خانواده انتخاب شود؛ فرم باید در context دیگری معتبر باشد ولی اینجا به‌طور قطعی غلط باشد.,انتخاب آن نشان می‌دهد تمایز میان قاعده هدف و همسایهٔ نزدیک هنوز پایدار نشده است.,CORE,
8492c636-b6f3-4368-97df-c4e0387ff946,49,LE CONDITIONNEL (2),539b6b8e-7a76-4fd3-bd31-b45a4184b029,L49-S05,Formation du conditionnel présent,ساخت conditionnel présent,CAT03,SUB06,CONJUGATION_FORM,صرف و صورت فعل,Lesson 49; printed p. 230,Stage1 rule text + Stage2 classification; error frequency not claimed by source,misconception-catalogue-recovered-v1.0.0,CANDIDATE_PREDEPLOY_CONTENT_REVIEW,NOT_YET_OBSERVED__STAGE27_CALIBRATION,626f6eae-1622-54bb-adc4-c53fe420e4b3,CONTEXT_ROLE_MISMATCH,انتقال قاعده درست به context نادرست,صورت صرفی‌ای را که برای فاعل/زمان دیگری درست است به context فعلی منتقل می‌کند.,distractor از قاعده‌ای ساخته شود که به‌خودی‌خود معتبر است، اما نقش/مرجع/زمان/register این context با آن سازگار نیست.,انتخاب آن نشانهٔ تحلیل ناکافی context یا نقش دستوری است، نه صرفاً ندانستن شکل ظاهری.,CORE,
8492c636-b6f3-4368-97df-c4e0387ff946,49,LE CONDITIONNEL (2),c0c0c51c-0bbb-4a73-9a8e-f94c9e1f5e9d,L49-S06,Formation du conditionnel passé,ساخت conditionnel passé,CAT03,SUB06,CONJUGATION_FORM,صرف و صورت فعل,Lesson 49; printed p. 230,Stage1 rule text + Stage2 classification; error frequency not claimed by source,misconception-catalogue-recovered-v1.0.0,CANDIDATE_PREDEPLOY_CONTENT_REVIEW,NOT_YET_OBSERVED__STAGE27_CALIBRATION,230d40fa-abad-581b-8ac4-f28a6ad3209c,OVERGENERALIZATION,تعمیم بیش‌ازحد قاعده,قاعدهٔ هدف «être/avoir در conditionnel présent + participe passé.» را بدون توجه به شرط، نقش یا محدودیت بافتی زیرموضوع «ساخت conditionnel passé» به همهٔ موارد مشابه تعمیم می‌دهد.,ساخت distractor با اجرای قاعدهٔ عمومی در جایی که شرط دقیق subtopic آن را مجاز نمی‌کند.,اگر کاربر این گزینه را انتخاب کند، احتمالاً قاعده را می‌داند اما دامنهٔ کاربرد آن را بیش از حد گسترده گرفته است.,CORE,
8492c636-b6f3-4368-97df-c4e0387ff946,49,LE CONDITIONNEL (2),c0c0c51c-0bbb-4a73-9a8e-f94c9e1f5e9d,L49-S06,Formation du conditionnel passé,ساخت conditionnel passé,CAT03,SUB06,CONJUGATION_FORM,صرف و صورت فعل,Lesson 49; printed p. 230,Stage1 rule text + Stage2 classification; error frequency not claimed by source,misconception-catalogue-recovered-v1.0.0,CANDIDATE_PREDEPLOY_CONTENT_REVIEW,NOT_YET_OBSERVED__STAGE27_CALIBRATION,3ee71172-7280-5bb6-a305-5b53d377ceb9,NEAR_FORM_CONFUSION,اشتباه با فرم/قاعده نزدیک,صورت صرفی نزدیک همان فعل (شخص، ریشه یا پایانه دیگر) را به‌جای صورت هدف انتخاب می‌کند.,یک فرم واقعی و نزدیک از همان خانواده انتخاب شود؛ فرم باید در context دیگری معتبر باشد ولی اینجا به‌طور قطعی غلط باشد.,انتخاب آن نشان می‌دهد تمایز میان قاعده هدف و همسایهٔ نزدیک هنوز پایدار نشده است.,CORE,
8492c636-b6f3-4368-97df-c4e0387ff946,49,LE CONDITIONNEL (2),c0c0c51c-0bbb-4a73-9a8e-f94c9e1f5e9d,L49-S06,Formation du conditionnel passé,ساخت conditionnel passé,CAT03,SUB06,CONJUGATION_FORM,صرف و صورت فعل,Lesson 49; printed p. 230,Stage1 rule text + Stage2 classification; error frequency not claimed by source,misconception-catalogue-recovered-v1.0.0,CANDIDATE_PREDEPLOY_CONTENT_REVIEW,NOT_YET_OBSERVED__STAGE27_CALIBRATION,84c80c02-5095-5225-84d3-e43a9361b6fb,CONTEXT_ROLE_MISMATCH,انتقال قاعده درست به context نادرست,صورت صرفی‌ای را که برای فاعل/زمان دیگری درست است به context فعلی منتقل می‌کند.,distractor از قاعده‌ای ساخته شود که به‌خودی‌خود معتبر است، اما نقش/مرجع/زمان/register این context با آن سازگار نیست.,انتخاب آن نشانهٔ تحلیل ناکافی context یا نقش دستوری است، نه صرفاً ندانستن شکل ظاهری.,CORE,
7292614b-ad5b-496f-836e-1ca257cb80cc,50,LES HYPOTHÈSES,c45beaae-cca3-4a1a-91f8-a6c197c8ea1e,L50-S01,Hypothèse certaine: « quand + futur »,قطعیت آینده با quand,CAT11,SUB26,MOOD_CONDITION,وجه و شرط,Lesson 50; printed p. 232,Stage1 rule text + Stage2 classification; error frequency not claimed by source,misconception-catalogue-recovered-v1.0.0,CANDIDATE_PREDEPLOY_CONTENT_REVIEW,NOT_YET_OBSERVED__STAGE27_CALIBRATION,08437855-2da7-571f-8a27-0b3839946a9b,OVERGENERALIZATION,تعمیم بیش‌ازحد قاعده,قاعدهٔ هدف «وقتی رویداد آینده قطعی فرض می‌شود، quand + futur و futur در نتیجه می‌آید.» را بدون توجه به شرط، نقش یا محدودیت بافتی زیرموضوع «قطعیت آینده با quand» به همهٔ موارد مشابه تعمیم می‌دهد.,ساخت distractor با اجرای قاعدهٔ عمومی در جایی که شرط دقیق subtopic آن را مجاز نمی‌کند.,اگر کاربر این گزینه را انتخاب کند، احتمالاً قاعده را می‌داند اما دامنهٔ کاربرد آن را بیش از حد گسترده گرفته است.,CORE,
7292614b-ad5b-496f-836e-1ca257cb80cc,50,LES HYPOTHÈSES,c45beaae-cca3-4a1a-91f8-a6c197c8ea1e,L50-S01,Hypothèse certaine: « quand + futur »,قطعیت آینده با quand,CAT11,SUB26,MOOD_CONDITION,وجه و شرط,Lesson 50; printed p. 232,Stage1 rule text + Stage2 classification; error frequency not claimed by source,misconception-catalogue-recovered-v1.0.0,CANDIDATE_PREDEPLOY_CONTENT_REVIEW,NOT_YET_OBSERVED__STAGE27_CALIBRATION,85e497db-659d-53ca-9aa3-d5481ccd6906,NEAR_FORM_CONFUSION,اشتباه با فرم/قاعده نزدیک,وجه یا ساخت شرطی نزدیک را در محیطی به‌کار می‌برد که شرط/نگرش جمله آن را مجاز نمی‌کند.,یک فرم واقعی و نزدیک از همان خانواده انتخاب شود؛ فرم باید در context دیگری معتبر باشد ولی اینجا به‌طور قطعی غلط باشد.,انتخاب آن نشان می‌دهد تمایز میان قاعده هدف و همسایهٔ نزدیک هنوز پایدار نشده است.,CORE,
7292614b-ad5b-496f-836e-1ca257cb80cc,50,LES HYPOTHÈSES,c45beaae-cca3-4a1a-91f8-a6c197c8ea1e,L50-S01,Hypothèse certaine: « quand + futur »,قطعیت آینده با quand,CAT11,SUB26,MOOD_CONDITION,وجه و شرط,Lesson 50; printed p. 232,Stage1 rule text + Stage2 classification; error frequency not claimed by source,misconception-catalogue-recovered-v1.0.0,CANDIDATE_PREDEPLOY_CONTENT_REVIEW,NOT_YET_OBSERVED__STAGE27_CALIBRATION,cd74ad35-aa36-58f0-b2a8-d64c92fa6614,CONTEXT_ROLE_MISMATCH,انتقال قاعده درست به context نادرست,قاعده درستِ یک نوع شرط/وجه را به نوع دیگری از شرط، نگرش یا واقعیت منتقل می‌کند.,distractor از قاعده‌ای ساخته شود که به‌خودی‌خود معتبر است، اما نقش/مرجع/زمان/register این context با آن سازگار نیست.,انتخاب آن نشانهٔ تحلیل ناکافی context یا نقش دستوری است، نه صرفاً ندانستن شکل ظاهری.,CORE,
7292614b-ad5b-496f-836e-1ca257cb80cc,50,LES HYPOTHÈSES,49ddd659-dab2-4134-87a0-a46b09fca81c,L50-S02,Hypothèse sur le futur: « si + présent → futur »,فرض آینده,CAT11,SUB26,MOOD_CONDITION,وجه و شرط,Lesson 50; printed p. 232,Stage1 rule text + Stage2 classification; error frequency not claimed by source,misconception-catalogue-recovered-v1.0.0,CANDIDATE_PREDEPLOY_CONTENT_REVIEW,NOT_YET_OBSERVED__STAGE27_CALIBRATION,68af6aab-f4ad-5060-b51c-4f7232f0fe5f,OVERGENERALIZATION,تعمیم بیش‌ازحد قاعده,قاعدهٔ هدف «برای فرض احتمالی آینده: si + présent و نتیجه futur simple.» را بدون توجه به شرط، نقش یا محدودیت بافتی زیرموضوع «فرض آینده» به همهٔ موارد مشابه تعمیم می‌دهد.,ساخت distractor با اجرای قاعدهٔ عمومی در جایی که شرط دقیق subtopic آن را مجاز نمی‌کند.,اگر کاربر این گزینه را انتخاب کند، احتمالاً قاعده را می‌داند اما دامنهٔ کاربرد آن را بیش از حد گسترده گرفته است.,CORE,Jamais de futur après si در این ساخت.
7292614b-ad5b-496f-836e-1ca257cb80cc,50,LES HYPOTHÈSES,49ddd659-dab2-4134-87a0-a46b09fca81c,L50-S02,Hypothèse sur le futur: « si + présent → futur »,فرض آینده,CAT11,SUB26,MOOD_CONDITION,وجه و شرط,Lesson 50; printed p. 232,Stage1 rule text + Stage2 classification; error frequency not claimed by source,misconception-catalogue-recovered-v1.0.0,CANDIDATE_PREDEPLOY_CONTENT_REVIEW,NOT_YET_OBSERVED__STAGE27_CALIBRATION,1fa4ce57-e0e7-5080-9d0a-985163a1a6d1,NEAR_FORM_CONFUSION,اشتباه با فرم/قاعده نزدیک,وجه یا ساخت شرطی نزدیک را در محیطی به‌کار می‌برد که شرط/نگرش جمله آن را مجاز نمی‌کند.,یک فرم واقعی و نزدیک از همان خانواده انتخاب شود؛ فرم باید در context دیگری معتبر باشد ولی اینجا به‌طور قطعی غلط باشد.,انتخاب آن نشان می‌دهد تمایز میان قاعده هدف و همسایهٔ نزدیک هنوز پایدار نشده است.,CORE,Jamais de futur après si در این ساخت.
7292614b-ad5b-496f-836e-1ca257cb80cc,50,LES HYPOTHÈSES,49ddd659-dab2-4134-87a0-a46b09fca81c,L50-S02,Hypothèse sur le futur: « si + présent → futur »,فرض آینده,CAT11,SUB26,MOOD_CONDITION,وجه و شرط,Lesson 50; printed p. 232,Stage1 rule text + Stage2 classification; error frequency not claimed by source,misconception-catalogue-recovered-v1.0.0,CANDIDATE_PREDEPLOY_CONTENT_REVIEW,NOT_YET_OBSERVED__STAGE27_CALIBRATION,ea1f3c6a-3dae-5fc3-9e5a-08e74651b779,CONTEXT_ROLE_MISMATCH,انتقال قاعده درست به context نادرست,قاعده درستِ یک نوع شرط/وجه را به نوع دیگری از شرط، نگرش یا واقعیت منتقل می‌کند.,distractor از قاعده‌ای ساخته شود که به‌خودی‌خود معتبر است، اما نقش/مرجع/زمان/register این context با آن سازگار نیست.,انتخاب آن نشانهٔ تحلیل ناکافی context یا نقش دستوری است، نه صرفاً ندانستن شکل ظاهری.,CORE,Jamais de futur après si در این ساخت.
7292614b-ad5b-496f-836e-1ca257cb80cc,50,LES HYPOTHÈSES,49ddd659-dab2-4134-87a0-a46b09fca81c,L50-S02,Hypothèse sur le futur: « si + présent → futur »,فرض آینده,CAT11,SUB26,MOOD_CONDITION,وجه و شرط,Lesson 50; printed p. 232,Stage1 rule text + Stage2 classification; error frequency not claimed by source,misconception-catalogue-recovered-v1.0.0,CANDIDATE_PREDEPLOY_CONTENT_REVIEW,NOT_YET_OBSERVED__STAGE27_CALIBRATION,e00d8a42-3fa8-56a9-8459-994f68802f1d,EXCEPTION_NEGLECT,نادیده‌گرفتن استثنا/محدودیت صریح,قاعدهٔ عمومی زیرموضوع «فرض آینده» را اعمال می‌کند اما نکته/استثنای صریح ثبت‌شده را نادیده می‌گیرد: Jamais de futur après si در این ساخت.,گزینه از خروجی قاعدهٔ عمومی ساخته شود؛ تنها تفاوت باید همان استثنا/محدودیت ثبت‌شده باشد.,انتخاب آن به‌طور مستقیم نشان می‌دهد قاعده عمومی بازیابی شده ولی استثنای کتاب تثبیت نشده است.,HIGH_EXCEPTION,Jamais de futur après si در این ساخت.
7292614b-ad5b-496f-836e-1ca257cb80cc,50,LES HYPOTHÈSES,7324d745-fd6a-4b04-b729-952bd3177e49,L50-S03,« si » interrogatif vs hypothétique,si پرسشی/شرطی,CAT11,SUB26,REPORTED_SPEECH,گفتار غیرمستقیم,Lesson 50; printed p. 232,Stage1 rule text + Stage2 classification; error frequency not claimed by source,misconception-catalogue-recovered-v1.0.0,CANDIDATE_PREDEPLOY_CONTENT_REVIEW,NOT_YET_OBSERVED__STAGE27_CALIBRATION,65b60f90-f11e-5995-9bf5-4dfff102c55c,OVERGENERALIZATION,تعمیم بیش‌ازحد قاعده,قاعدهٔ هدف «si فرضی با si نقل پرسش بله/خیر یکسان نیست.» را بدون توجه به شرط، نقش یا محدودیت بافتی زیرموضوع «si پرسشی/شرطی» به همهٔ موارد مشابه تعمیم می‌دهد.,ساخت distractor با اجرای قاعدهٔ عمومی در جایی که شرط دقیق subtopic آن را مجاز نمی‌کند.,اگر کاربر این گزینه را انتخاب کند، احتمالاً قاعده را می‌داند اما دامنهٔ کاربرد آن را بیش از حد گسترده گرفته است.,CORE,
7292614b-ad5b-496f-836e-1ca257cb80cc,50,LES HYPOTHÈSES,7324d745-fd6a-4b04-b729-952bd3177e49,L50-S03,« si » interrogatif vs hypothétique,si پرسشی/شرطی,CAT11,SUB26,REPORTED_SPEECH,گفتار غیرمستقیم,Lesson 50; printed p. 232,Stage1 rule text + Stage2 classification; error frequency not claimed by source,misconception-catalogue-recovered-v1.0.0,CANDIDATE_PREDEPLOY_CONTENT_REVIEW,NOT_YET_OBSERVED__STAGE27_CALIBRATION,5912f78e-89f9-5452-a564-9d3280aede51,NEAR_FORM_CONFUSION,اشتباه با فرم/قاعده نزدیک,ساخت نقل قول/گفتار غیرمستقیم نزدیک را با تغییر نادرست زمان، ضمیر یا واژه پرسشی انتخاب می‌کند.,یک فرم واقعی و نزدیک از همان خانواده انتخاب شود؛ فرم باید در context دیگری معتبر باشد ولی اینجا به‌طور قطعی غلط باشد.,انتخاب آن نشان می‌دهد تمایز میان قاعده هدف و همسایهٔ نزدیک هنوز پایدار نشده است.,CORE,
7292614b-ad5b-496f-836e-1ca257cb80cc,50,LES HYPOTHÈSES,7324d745-fd6a-4b04-b729-952bd3177e49,L50-S03,« si » interrogatif vs hypothétique,si پرسشی/شرطی,CAT11,SUB26,REPORTED_SPEECH,گفتار غیرمستقیم,Lesson 50; printed p. 232,Stage1 rule text + Stage2 classification; error frequency not claimed by source,misconception-catalogue-recovered-v1.0.0,CANDIDATE_PREDEPLOY_CONTENT_REVIEW,NOT_YET_OBSERVED__STAGE27_CALIBRATION,967100ce-52e8-503a-9c12-5fa9dbb13a91,CONTEXT_ROLE_MISMATCH,انتقال قاعده درست به context نادرست,قاعده نقل غیرمستقیم معتبر را بدون توجه به زمان فعل گزارشگر یا نوع جمله اصلی اعمال می‌کند.,distractor از قاعده‌ای ساخته شود که به‌خودی‌خود معتبر است، اما نقش/مرجع/زمان/register این context با آن سازگار نیست.,انتخاب آن نشانهٔ تحلیل ناکافی context یا نقش دستوری است، نه صرفاً ندانستن شکل ظاهری.,CORE,
7292614b-ad5b-496f-836e-1ca257cb80cc,50,LES HYPOTHÈSES,5418211e-24f0-4b50-93c8-c2e1e96a9a2b,L50-S04,Généralité: « si + présent/présent »,حقیقت عمومی با si,CAT11,SUB26,MOOD_CONDITION,وجه و شرط,Lesson 50; printed p. 232,Stage1 rule text + Stage2 classification; error frequency not claimed by source,misconception-catalogue-recovered-v1.0.0,CANDIDATE_PREDEPLOY_CONTENT_REVIEW,NOT_YET_OBSERVED__STAGE27_CALIBRATION,48d40080-143b-52ff-9987-ac1f5eaf2798,OVERGENERALIZATION,تعمیم بیش‌ازحد قاعده,قاعدهٔ هدف «برای رابطهٔ عمومی/عادتی: si + présent، présent.» را بدون توجه به شرط، نقش یا محدودیت بافتی زیرموضوع «حقیقت عمومی با si» به همهٔ موارد مشابه تعمیم می‌دهد.,ساخت distractor با اجرای قاعدهٔ عمومی در جایی که شرط دقیق subtopic آن را مجاز نمی‌کند.,اگر کاربر این گزینه را انتخاب کند، احتمالاً قاعده را می‌داند اما دامنهٔ کاربرد آن را بیش از حد گسترده گرفته است.,CORE,
7292614b-ad5b-496f-836e-1ca257cb80cc,50,LES HYPOTHÈSES,5418211e-24f0-4b50-93c8-c2e1e96a9a2b,L50-S04,Généralité: « si + présent/présent »,حقیقت عمومی با si,CAT11,SUB26,MOOD_CONDITION,وجه و شرط,Lesson 50; printed p. 232,Stage1 rule text + Stage2 classification; error frequency not claimed by source,misconception-catalogue-recovered-v1.0.0,CANDIDATE_PREDEPLOY_CONTENT_REVIEW,NOT_YET_OBSERVED__STAGE27_CALIBRATION,2b7aa404-94cf-53ac-8877-3a854c788d21,NEAR_FORM_CONFUSION,اشتباه با فرم/قاعده نزدیک,وجه یا ساخت شرطی نزدیک را در محیطی به‌کار می‌برد که شرط/نگرش جمله آن را مجاز نمی‌کند.,یک فرم واقعی و نزدیک از همان خانواده انتخاب شود؛ فرم باید در context دیگری معتبر باشد ولی اینجا به‌طور قطعی غلط باشد.,انتخاب آن نشان می‌دهد تمایز میان قاعده هدف و همسایهٔ نزدیک هنوز پایدار نشده است.,CORE,
7292614b-ad5b-496f-836e-1ca257cb80cc,50,LES HYPOTHÈSES,5418211e-24f0-4b50-93c8-c2e1e96a9a2b,L50-S04,Généralité: « si + présent/présent »,حقیقت عمومی با si,CAT11,SUB26,MOOD_CONDITION,وجه و شرط,Lesson 50; printed p. 232,Stage1 rule text + Stage2 classification; error frequency not claimed by source,misconception-catalogue-recovered-v1.0.0,CANDIDATE_PREDEPLOY_CONTENT_REVIEW,NOT_YET_OBSERVED__STAGE27_CALIBRATION,b992b766-9ecc-55de-8aae-9e56aa502be3,CONTEXT_ROLE_MISMATCH,انتقال قاعده درست به context نادرست,قاعده درستِ یک نوع شرط/وجه را به نوع دیگری از شرط، نگرش یا واقعیت منتقل می‌کند.,distractor از قاعده‌ای ساخته شود که به‌خودی‌خود معتبر است، اما نقش/مرجع/زمان/register این context با آن سازگار نیست.,انتخاب آن نشانهٔ تحلیل ناکافی context یا نقش دستوری است، نه صرفاً ندانستن شکل ظاهری.,CORE,
7292614b-ad5b-496f-836e-1ca257cb80cc,50,LES HYPOTHÈSES,75429c23-a1ff-40f2-a518-1a36346fcf5a,L50-S05,Recommandation: « si + présent/impératif »,توصیه با si,CAT11,SUB26,MOOD_CONDITION,وجه و شرط,Lesson 50; printed p. 232,Stage1 rule text + Stage2 classification; error frequency not claimed by source,misconception-catalogue-recovered-v1.0.0,CANDIDATE_PREDEPLOY_CONTENT_REVIEW,NOT_YET_OBSERVED__STAGE27_CALIBRATION,dcca09d7-865b-5df2-8be5-44bf536146bb,OVERGENERALIZATION,تعمیم بیش‌ازحد قاعده,قاعدهٔ هدف «برای توصیه: si + présent و impératif در نتیجه.» را بدون توجه به شرط، نقش یا محدودیت بافتی زیرموضوع «توصیه با si» به همهٔ موارد مشابه تعمیم می‌دهد.,ساخت distractor با اجرای قاعدهٔ عمومی در جایی که شرط دقیق subtopic آن را مجاز نمی‌کند.,اگر کاربر این گزینه را انتخاب کند، احتمالاً قاعده را می‌داند اما دامنهٔ کاربرد آن را بیش از حد گسترده گرفته است.,CORE,
7292614b-ad5b-496f-836e-1ca257cb80cc,50,LES HYPOTHÈSES,75429c23-a1ff-40f2-a518-1a36346fcf5a,L50-S05,Recommandation: « si + présent/impératif »,توصیه با si,CAT11,SUB26,MOOD_CONDITION,وجه و شرط,Lesson 50; printed p. 232,Stage1 rule text + Stage2 classification; error frequency not claimed by source,misconception-catalogue-recovered-v1.0.0,CANDIDATE_PREDEPLOY_CONTENT_REVIEW,NOT_YET_OBSERVED__STAGE27_CALIBRATION,92da5163-2a9b-5f64-a742-33c96033b621,NEAR_FORM_CONFUSION,اشتباه با فرم/قاعده نزدیک,وجه یا ساخت شرطی نزدیک را در محیطی به‌کار می‌برد که شرط/نگرش جمله آن را مجاز نمی‌کند.,یک فرم واقعی و نزدیک از همان خانواده انتخاب شود؛ فرم باید در context دیگری معتبر باشد ولی اینجا به‌طور قطعی غلط باشد.,انتخاب آن نشان می‌دهد تمایز میان قاعده هدف و همسایهٔ نزدیک هنوز پایدار نشده است.,CORE,
7292614b-ad5b-496f-836e-1ca257cb80cc,50,LES HYPOTHÈSES,75429c23-a1ff-40f2-a518-1a36346fcf5a,L50-S05,Recommandation: « si + présent/impératif »,توصیه با si,CAT11,SUB26,MOOD_CONDITION,وجه و شرط,Lesson 50; printed p. 232,Stage1 rule text + Stage2 classification; error frequency not claimed by source,misconception-catalogue-recovered-v1.0.0,CANDIDATE_PREDEPLOY_CONTENT_REVIEW,NOT_YET_OBSERVED__STAGE27_CALIBRATION,77ca63a2-8de2-5490-93fd-a238d4235b07,CONTEXT_ROLE_MISMATCH,انتقال قاعده درست به context نادرست,قاعده درستِ یک نوع شرط/وجه را به نوع دیگری از شرط، نگرش یا واقعیت منتقل می‌کند.,distractor از قاعده‌ای ساخته شود که به‌خودی‌خود معتبر است، اما نقش/مرجع/زمان/register این context با آن سازگار نیست.,انتخاب آن نشانهٔ تحلیل ناکافی context یا نقش دستوری است، نه صرفاً ندانستن شکل ظاهری.,CORE,
7292614b-ad5b-496f-836e-1ca257cb80cc,50,LES HYPOTHÈSES,546204e9-92ed-4d62-a96a-6d3b50fe32c4,L50-S06,Hypothèse sur le présent,فرض خلاف واقع حال,CAT11,SUB26,MOOD_CONDITION,وجه و شرط,Lesson 50; printed p. 234,Stage1 rule text + Stage2 classification; error frequency not claimed by source,misconception-catalogue-recovered-v1.0.0,CANDIDATE_PREDEPLOY_CONTENT_REVIEW,NOT_YET_OBSERVED__STAGE27_CALIBRATION,0f770de3-ff04-5ea9-8529-0eabb6ee94f2,OVERGENERALIZATION,تعمیم بیش‌ازحد قاعده,قاعدهٔ هدف «برای وضعیت غیرواقعی/تصوری در حال: si + imparfait، conditionnel présent.» را بدون توجه به شرط، نقش یا محدودیت بافتی زیرموضوع «فرض خلاف واقع حال» به همهٔ موارد مشابه تعمیم می‌دهد.,ساخت distractor با اجرای قاعدهٔ عمومی در جایی که شرط دقیق subtopic آن را مجاز نمی‌کند.,اگر کاربر این گزینه را انتخاب کند، احتمالاً قاعده را می‌داند اما دامنهٔ کاربرد آن را بیش از حد گسترده گرفته است.,CORE,
7292614b-ad5b-496f-836e-1ca257cb80cc,50,LES HYPOTHÈSES,546204e9-92ed-4d62-a96a-6d3b50fe32c4,L50-S06,Hypothèse sur le présent,فرض خلاف واقع حال,CAT11,SUB26,MOOD_CONDITION,وجه و شرط,Lesson 50; printed p. 234,Stage1 rule text + Stage2 classification; error frequency not claimed by source,misconception-catalogue-recovered-v1.0.0,CANDIDATE_PREDEPLOY_CONTENT_REVIEW,NOT_YET_OBSERVED__STAGE27_CALIBRATION,2a74d5ad-5ce5-5e30-a952-c09c245b155d,NEAR_FORM_CONFUSION,اشتباه با فرم/قاعده نزدیک,وجه یا ساخت شرطی نزدیک را در محیطی به‌کار می‌برد که شرط/نگرش جمله آن را مجاز نمی‌کند.,یک فرم واقعی و نزدیک از همان خانواده انتخاب شود؛ فرم باید در context دیگری معتبر باشد ولی اینجا به‌طور قطعی غلط باشد.,انتخاب آن نشان می‌دهد تمایز میان قاعده هدف و همسایهٔ نزدیک هنوز پایدار نشده است.,CORE,
7292614b-ad5b-496f-836e-1ca257cb80cc,50,LES HYPOTHÈSES,546204e9-92ed-4d62-a96a-6d3b50fe32c4,L50-S06,Hypothèse sur le présent,فرض خلاف واقع حال,CAT11,SUB26,MOOD_CONDITION,وجه و شرط,Lesson 50; printed p. 234,Stage1 rule text + Stage2 classification; error frequency not claimed by source,misconception-catalogue-recovered-v1.0.0,CANDIDATE_PREDEPLOY_CONTENT_REVIEW,NOT_YET_OBSERVED__STAGE27_CALIBRATION,e9755344-67c6-5869-b9d9-cc1d1e11782e,CONTEXT_ROLE_MISMATCH,انتقال قاعده درست به context نادرست,قاعده درستِ یک نوع شرط/وجه را به نوع دیگری از شرط، نگرش یا واقعیت منتقل می‌کند.,distractor از قاعده‌ای ساخته شود که به‌خودی‌خود معتبر است، اما نقش/مرجع/زمان/register این context با آن سازگار نیست.,انتخاب آن نشانهٔ تحلیل ناکافی context یا نقش دستوری است، نه صرفاً ندانستن شکل ظاهری.,CORE,
7292614b-ad5b-496f-836e-1ca257cb80cc,50,LES HYPOTHÈSES,4ebdf28a-6f8e-46df-b903-4c94d64c211b,L50-S07,Suggestion avec « si + imparfait »,پیشنهاد با si+imparfait,CAT11,SUB26,TENSE_ASPECT,زمان و نمود,Lesson 50; printed p. 234,Stage1 rule text + Stage2 classification; error frequency not claimed by source,misconception-catalogue-recovered-v1.0.0,CANDIDATE_PREDEPLOY_CONTENT_REVIEW,NOT_YET_OBSERVED__STAGE27_CALIBRATION,ef6981e0-1049-5c82-bc40-2efb140e30cf,OVERGENERALIZATION,تعمیم بیش‌ازحد قاعده,قاعدهٔ هدف «Si on allait… ? / Si on prenait… ? پیشنهاد نرم است.» را بدون توجه به شرط، نقش یا محدودیت بافتی زیرموضوع «پیشنهاد با si+imparfait» به همهٔ موارد مشابه تعمیم می‌دهد.,ساخت distractor با اجرای قاعدهٔ عمومی در جایی که شرط دقیق subtopic آن را مجاز نمی‌کند.,اگر کاربر این گزینه را انتخاب کند، احتمالاً قاعده را می‌داند اما دامنهٔ کاربرد آن را بیش از حد گسترده گرفته است.,CORE,
7292614b-ad5b-496f-836e-1ca257cb80cc,50,LES HYPOTHÈSES,4ebdf28a-6f8e-46df-b903-4c94d64c211b,L50-S07,Suggestion avec « si + imparfait »,پیشنهاد با si+imparfait,CAT11,SUB26,TENSE_ASPECT,زمان و نمود,Lesson 50; printed p. 234,Stage1 rule text + Stage2 classification; error frequency not claimed by source,misconception-catalogue-recovered-v1.0.0,CANDIDATE_PREDEPLOY_CONTENT_REVIEW,NOT_YET_OBSERVED__STAGE27_CALIBRATION,642d3fd0-822c-55ba-b181-8ed70d8b54ec,NEAR_FORM_CONFUSION,اشتباه با فرم/قاعده نزدیک,زمان یا نمود نزدیک را بدون توجه به chronology، عادت/رویداد یا استمرار context انتخاب می‌کند.,یک فرم واقعی و نزدیک از همان خانواده انتخاب شود؛ فرم باید در context دیگری معتبر باشد ولی اینجا به‌طور قطعی غلط باشد.,انتخاب آن نشان می‌دهد تمایز میان قاعده هدف و همسایهٔ نزدیک هنوز پایدار نشده است.,CORE,
7292614b-ad5b-496f-836e-1ca257cb80cc,50,LES HYPOTHÈSES,4ebdf28a-6f8e-46df-b903-4c94d64c211b,L50-S07,Suggestion avec « si + imparfait »,پیشنهاد با si+imparfait,CAT11,SUB26,TENSE_ASPECT,زمان و نمود,Lesson 50; printed p. 234,Stage1 rule text + Stage2 classification; error frequency not claimed by source,misconception-catalogue-recovered-v1.0.0,CANDIDATE_PREDEPLOY_CONTENT_REVIEW,NOT_YET_OBSERVED__STAGE27_CALIBRATION,0f369585-ef80-5c83-8141-558668d0f843,CONTEXT_ROLE_MISMATCH,انتقال قاعده درست به context نادرست,زمانی را که در روایت دیگری درست است به context فعلی منتقل می‌کند و cueهای زمانی/نمودی را نادیده می‌گیرد.,distractor از قاعده‌ای ساخته شود که به‌خودی‌خود معتبر است، اما نقش/مرجع/زمان/register این context با آن سازگار نیست.,انتخاب آن نشانهٔ تحلیل ناکافی context یا نقش دستوری است، نه صرفاً ندانستن شکل ظاهری.,CORE,
7292614b-ad5b-496f-836e-1ca257cb80cc,50,LES HYPOTHÈSES,06f987df-ddf0-4b70-a2e9-31866042a635,L50-S08,Hypothèse sur le passé,فرض خلاف واقع گذشته,CAT11,SUB26,MOOD_CONDITION,وجه و شرط,Lesson 50; printed p. 234,Stage1 rule text + Stage2 classification; error frequency not claimed by source,misconception-catalogue-recovered-v1.0.0,CANDIDATE_PREDEPLOY_CONTENT_REVIEW,NOT_YET_OBSERVED__STAGE27_CALIBRATION,60599a5b-715f-528e-8b45-bcb2f16b43a9,OVERGENERALIZATION,تعمیم بیش‌ازحد قاعده,قاعدهٔ هدف «برای رخداد انجام‌نشده در گذشته: si + plus-que-parfait، conditionnel passé.» را بدون توجه به شرط، نقش یا محدودیت بافتی زیرموضوع «فرض خلاف واقع گذشته» به همهٔ موارد مشابه تعمیم می‌دهد.,ساخت distractor با اجرای قاعدهٔ عمومی در جایی که شرط دقیق subtopic آن را مجاز نمی‌کند.,اگر کاربر این گزینه را انتخاب کند، احتمالاً قاعده را می‌داند اما دامنهٔ کاربرد آن را بیش از حد گسترده گرفته است.,CORE,
7292614b-ad5b-496f-836e-1ca257cb80cc,50,LES HYPOTHÈSES,06f987df-ddf0-4b70-a2e9-31866042a635,L50-S08,Hypothèse sur le passé,فرض خلاف واقع گذشته,CAT11,SUB26,MOOD_CONDITION,وجه و شرط,Lesson 50; printed p. 234,Stage1 rule text + Stage2 classification; error frequency not claimed by source,misconception-catalogue-recovered-v1.0.0,CANDIDATE_PREDEPLOY_CONTENT_REVIEW,NOT_YET_OBSERVED__STAGE27_CALIBRATION,3d6d1fb0-d11d-5197-9480-25cb2e85e82d,NEAR_FORM_CONFUSION,اشتباه با فرم/قاعده نزدیک,وجه یا ساخت شرطی نزدیک را در محیطی به‌کار می‌برد که شرط/نگرش جمله آن را مجاز نمی‌کند.,یک فرم واقعی و نزدیک از همان خانواده انتخاب شود؛ فرم باید در context دیگری معتبر باشد ولی اینجا به‌طور قطعی غلط باشد.,انتخاب آن نشان می‌دهد تمایز میان قاعده هدف و همسایهٔ نزدیک هنوز پایدار نشده است.,CORE,
7292614b-ad5b-496f-836e-1ca257cb80cc,50,LES HYPOTHÈSES,06f987df-ddf0-4b70-a2e9-31866042a635,L50-S08,Hypothèse sur le passé,فرض خلاف واقع گذشته,CAT11,SUB26,MOOD_CONDITION,وجه و شرط,Lesson 50; printed p. 234,Stage1 rule text + Stage2 classification; error frequency not claimed by source,misconception-catalogue-recovered-v1.0.0,CANDIDATE_PREDEPLOY_CONTENT_REVIEW,NOT_YET_OBSERVED__STAGE27_CALIBRATION,b4b218ef-1d03-5248-88dd-53e05302ce72,CONTEXT_ROLE_MISMATCH,انتقال قاعده درست به context نادرست,قاعده درستِ یک نوع شرط/وجه را به نوع دیگری از شرط، نگرش یا واقعیت منتقل می‌کند.,distractor از قاعده‌ای ساخته شود که به‌خودی‌خود معتبر است، اما نقش/مرجع/زمان/register این context با آن سازگار نیست.,انتخاب آن نشانهٔ تحلیل ناکافی context یا نقش دستوری است، نه صرفاً ندانستن شکل ظاهری.,CORE,
5a20dade-1724-4c8a-887c-14dee287c1a2,51,LE SUBJONCTIF,45a121bf-bac9-4f71-b40c-78e3780d845b,L51-S01,Indicatif objectif vs subjonctif subjectif,indicatif عینی و subjonctif ذهنی,CAT03,SUB06,MOOD_CONDITION,وجه و شرط,Lesson 51; printed p. 238,Stage1 rule text + Stage2 classification; error frequency not claimed by source,misconception-catalogue-recovered-v1.0.0,CANDIDATE_PREDEPLOY_CONTENT_REVIEW,NOT_YET_OBSERVED__STAGE27_CALIBRATION,fd04dc7f-c4d4-51fd-ae08-1e10880f3b05,OVERGENERALIZATION,تعمیم بیش‌ازحد قاعده,قاعدهٔ هدف «کتاب indicatif را برای واقعیت عینی/داده‌شده و subjonctif را برای خواسته، احساس، انتظار یا الزام معرفی می‌کند.» را بدون توجه به شرط، نقش یا محدودیت بافتی زیرموضوع «indicatif عینی و subjonctif ذهنی» به همهٔ موارد مشابه تعمیم می‌دهد.,ساخت distractor با اجرای قاعدهٔ عمومی در جایی که شرط دقیق subtopic آن را مجاز نمی‌کند.,اگر کاربر این گزینه را انتخاب کند، احتمالاً قاعده را می‌داند اما دامنهٔ کاربرد آن را بیش از حد گسترده گرفته است.,CORE,
5a20dade-1724-4c8a-887c-14dee287c1a2,51,LE SUBJONCTIF,45a121bf-bac9-4f71-b40c-78e3780d845b,L51-S01,Indicatif objectif vs subjonctif subjectif,indicatif عینی و subjonctif ذهنی,CAT03,SUB06,MOOD_CONDITION,وجه و شرط,Lesson 51; printed p. 238,Stage1 rule text + Stage2 classification; error frequency not claimed by source,misconception-catalogue-recovered-v1.0.0,CANDIDATE_PREDEPLOY_CONTENT_REVIEW,NOT_YET_OBSERVED__STAGE27_CALIBRATION,090cdef0-4bb3-56f1-94a3-58aea84769b6,NEAR_FORM_CONFUSION,اشتباه با فرم/قاعده نزدیک,وجه یا ساخت شرطی نزدیک را در محیطی به‌کار می‌برد که شرط/نگرش جمله آن را مجاز نمی‌کند.,یک فرم واقعی و نزدیک از همان خانواده انتخاب شود؛ فرم باید در context دیگری معتبر باشد ولی اینجا به‌طور قطعی غلط باشد.,انتخاب آن نشان می‌دهد تمایز میان قاعده هدف و همسایهٔ نزدیک هنوز پایدار نشده است.,CORE,
5a20dade-1724-4c8a-887c-14dee287c1a2,51,LE SUBJONCTIF,45a121bf-bac9-4f71-b40c-78e3780d845b,L51-S01,Indicatif objectif vs subjonctif subjectif,indicatif عینی و subjonctif ذهنی,CAT03,SUB06,MOOD_CONDITION,وجه و شرط,Lesson 51; printed p. 238,Stage1 rule text + Stage2 classification; error frequency not claimed by source,misconception-catalogue-recovered-v1.0.0,CANDIDATE_PREDEPLOY_CONTENT_REVIEW,NOT_YET_OBSERVED__STAGE27_CALIBRATION,b781f446-c84f-549b-9010-cbdb35a2b073,CONTEXT_ROLE_MISMATCH,انتقال قاعده درست به context نادرست,قاعده درستِ یک نوع شرط/وجه را به نوع دیگری از شرط، نگرش یا واقعیت منتقل می‌کند.,distractor از قاعده‌ای ساخته شود که به‌خودی‌خود معتبر است، اما نقش/مرجع/زمان/register این context با آن سازگار نیست.,انتخاب آن نشانهٔ تحلیل ناکافی context یا نقش دستوری است، نه صرفاً ندانستن شکل ظاهری.,CORE,
5a20dade-1724-4c8a-887c-14dee287c1a2,51,LE SUBJONCTIF,e2322e61-f991-4dd3-8080-192e0c7ac4a4,L51-S02,« il faut + infinitif » vs « il faut que + subjonctif »,الزام عمومی/شخصی,CAT03,SUB06,NONFINITE_ASPECT,ساخت‌های غیرصرفی و نمود,Lesson 51; printed p. 238,Stage1 rule text + Stage2 classification; error frequency not claimed by source,misconception-catalogue-recovered-v1.0.0,CANDIDATE_PREDEPLOY_CONTENT_REVIEW,NOT_YET_OBSERVED__STAGE27_CALIBRATION,24acf3d5-05ec-5732-95de-402a7fdde8c7,OVERGENERALIZATION,تعمیم بیش‌ازحد قاعده,قاعدهٔ هدف «il faut + infinitif الزام عمومی و il faut que + subjonctif الزام شخصی با فاعل مشخص را بیان می‌کند.» را بدون توجه به شرط، نقش یا محدودیت بافتی زیرموضوع «الزام عمومی/شخصی» به همهٔ موارد مشابه تعمیم می‌دهد.,ساخت distractor با اجرای قاعدهٔ عمومی در جایی که شرط دقیق subtopic آن را مجاز نمی‌کند.,اگر کاربر این گزینه را انتخاب کند، احتمالاً قاعده را می‌داند اما دامنهٔ کاربرد آن را بیش از حد گسترده گرفته است.,CORE,
5a20dade-1724-4c8a-887c-14dee287c1a2,51,LE SUBJONCTIF,e2322e61-f991-4dd3-8080-192e0c7ac4a4,L51-S02,« il faut + infinitif » vs « il faut que + subjonctif »,الزام عمومی/شخصی,CAT03,SUB06,NONFINITE_ASPECT,ساخت‌های غیرصرفی و نمود,Lesson 51; printed p. 238,Stage1 rule text + Stage2 classification; error frequency not claimed by source,misconception-catalogue-recovered-v1.0.0,CANDIDATE_PREDEPLOY_CONTENT_REVIEW,NOT_YET_OBSERVED__STAGE27_CALIBRATION,920f15b2-631d-5112-b5fa-f7a50d336bc0,NEAR_FORM_CONFUSION,اشتباه با فرم/قاعده نزدیک,مصدر، gérondif، participe یا periphrase نزدیک را بدون توجه به فاعل/هم‌زمانی/نمود انتخاب می‌کند.,یک فرم واقعی و نزدیک از همان خانواده انتخاب شود؛ فرم باید در context دیگری معتبر باشد ولی اینجا به‌طور قطعی غلط باشد.,انتخاب آن نشان می‌دهد تمایز میان قاعده هدف و همسایهٔ نزدیک هنوز پایدار نشده است.,CORE,
5a20dade-1724-4c8a-887c-14dee287c1a2,51,LE SUBJONCTIF,e2322e61-f991-4dd3-8080-192e0c7ac4a4,L51-S02,« il faut + infinitif » vs « il faut que + subjonctif »,الزام عمومی/شخصی,CAT03,SUB06,NONFINITE_ASPECT,ساخت‌های غیرصرفی و نمود,Lesson 51; printed p. 238,Stage1 rule text + Stage2 classification; error frequency not claimed by source,misconception-catalogue-recovered-v1.0.0,CANDIDATE_PREDEPLOY_CONTENT_REVIEW,NOT_YET_OBSERVED__STAGE27_CALIBRATION,eba47675-1508-5cab-b8a3-753dc25eed5f,CONTEXT_ROLE_MISMATCH,انتقال قاعده درست به context نادرست,ساخت غیرصرفی درست در بافت دیگری را با فاعل، توالی یا aspect نامتناسب به جمله فعلی منتقل می‌کند.,distractor از قاعده‌ای ساخته شود که به‌خودی‌خود معتبر است، اما نقش/مرجع/زمان/register این context با آن سازگار نیست.,انتخاب آن نشانهٔ تحلیل ناکافی context یا نقش دستوری است، نه صرفاً ندانستن شکل ظاهری.,CORE,
5a20dade-1724-4c8a-887c-14dee287c1a2,51,LE SUBJONCTIF,a2095cf8-26d0-4d05-ad47-80462e521fae,L51-S03,Subjonctif des verbes en -er,subjonctif افعال -er,CAT03,SUB06,MOOD_CONDITION,وجه و شرط,Lesson 51; printed p. 238,Stage1 rule text + Stage2 classification; error frequency not claimed by source,misconception-catalogue-recovered-v1.0.0,CANDIDATE_PREDEPLOY_CONTENT_REVIEW,NOT_YET_OBSERVED__STAGE27_CALIBRATION,844fb9f9-2920-512c-9eb7-75e46180866b,OVERGENERALIZATION,تعمیم بیش‌ازحد قاعده,قاعدهٔ هدف «برای -er بیشتر اشخاص مانند présent هستند؛ nous/vous -ions/-iez می‌گیرند.» را بدون توجه به شرط، نقش یا محدودیت بافتی زیرموضوع «subjonctif افعال -er» به همهٔ موارد مشابه تعمیم می‌دهد.,ساخت distractor با اجرای قاعدهٔ عمومی در جایی که شرط دقیق subtopic آن را مجاز نمی‌کند.,اگر کاربر این گزینه را انتخاب کند، احتمالاً قاعده را می‌داند اما دامنهٔ کاربرد آن را بیش از حد گسترده گرفته است.,CORE,
5a20dade-1724-4c8a-887c-14dee287c1a2,51,LE SUBJONCTIF,a2095cf8-26d0-4d05-ad47-80462e521fae,L51-S03,Subjonctif des verbes en -er,subjonctif افعال -er,CAT03,SUB06,MOOD_CONDITION,وجه و شرط,Lesson 51; printed p. 238,Stage1 rule text + Stage2 classification; error frequency not claimed by source,misconception-catalogue-recovered-v1.0.0,CANDIDATE_PREDEPLOY_CONTENT_REVIEW,NOT_YET_OBSERVED__STAGE27_CALIBRATION,4db736e4-fd3b-500d-acbd-8f84e87fba04,NEAR_FORM_CONFUSION,اشتباه با فرم/قاعده نزدیک,وجه یا ساخت شرطی نزدیک را در محیطی به‌کار می‌برد که شرط/نگرش جمله آن را مجاز نمی‌کند.,یک فرم واقعی و نزدیک از همان خانواده انتخاب شود؛ فرم باید در context دیگری معتبر باشد ولی اینجا به‌طور قطعی غلط باشد.,انتخاب آن نشان می‌دهد تمایز میان قاعده هدف و همسایهٔ نزدیک هنوز پایدار نشده است.,CORE,
5a20dade-1724-4c8a-887c-14dee287c1a2,51,LE SUBJONCTIF,a2095cf8-26d0-4d05-ad47-80462e521fae,L51-S03,Subjonctif des verbes en -er,subjonctif افعال -er,CAT03,SUB06,MOOD_CONDITION,وجه و شرط,Lesson 51; printed p. 238,Stage1 rule text + Stage2 classification; error frequency not claimed by source,misconception-catalogue-recovered-v1.0.0,CANDIDATE_PREDEPLOY_CONTENT_REVIEW,NOT_YET_OBSERVED__STAGE27_CALIBRATION,bdecb7af-a254-50f0-a142-46d6a9b83313,CONTEXT_ROLE_MISMATCH,انتقال قاعده درست به context نادرست,قاعده درستِ یک نوع شرط/وجه را به نوع دیگری از شرط، نگرش یا واقعیت منتقل می‌کند.,distractor از قاعده‌ای ساخته شود که به‌خودی‌خود معتبر است، اما نقش/مرجع/زمان/register این context با آن سازگار نیست.,انتخاب آن نشانهٔ تحلیل ناکافی context یا نقش دستوری است، نه صرفاً ندانستن شکل ظاهری.,CORE,
5a20dade-1724-4c8a-887c-14dee287c1a2,51,LE SUBJONCTIF,23fb26d2-f4eb-4338-9732-e1c9bd38e318,L51-S04,Formation générale,ساخت عمومی subjonctif,CAT03,SUB06,MOOD_CONDITION,وجه و شرط,Lesson 51; printed p. 240,Stage1 rule text + Stage2 classification; error frequency not claimed by source,misconception-catalogue-recovered-v1.0.0,CANDIDATE_PREDEPLOY_CONTENT_REVIEW,NOT_YET_OBSERVED__STAGE27_CALIBRATION,48d2ccad-c4d5-51e2-af81-d1e8d3086fc0,OVERGENERALIZATION,تعمیم بیش‌ازحد قاعده,"قاعدهٔ هدف «ریشهٔ ils présent بدون -ent + e, es, e, ions, iez, ent.» را بدون توجه به شرط، نقش یا محدودیت بافتی زیرموضوع «ساخت عمومی subjonctif» به همهٔ موارد مشابه تعمیم می‌دهد.",ساخت distractor با اجرای قاعدهٔ عمومی در جایی که شرط دقیق subtopic آن را مجاز نمی‌کند.,اگر کاربر این گزینه را انتخاب کند، احتمالاً قاعده را می‌داند اما دامنهٔ کاربرد آن را بیش از حد گسترده گرفته است.,CORE,
5a20dade-1724-4c8a-887c-14dee287c1a2,51,LE SUBJONCTIF,23fb26d2-f4eb-4338-9732-e1c9bd38e318,L51-S04,Formation générale,ساخت عمومی subjonctif,CAT03,SUB06,MOOD_CONDITION,وجه و شرط,Lesson 51; printed p. 240,Stage1 rule text + Stage2 classification; error frequency not claimed by source,misconception-catalogue-recovered-v1.0.0,CANDIDATE_PREDEPLOY_CONTENT_REVIEW,NOT_YET_OBSERVED__STAGE27_CALIBRATION,f6dc47d6-c6d2-5a62-aefc-49d4436db7b3,NEAR_FORM_CONFUSION,اشتباه با فرم/قاعده نزدیک,وجه یا ساخت شرطی نزدیک را در محیطی به‌کار می‌برد که شرط/نگرش جمله آن را مجاز نمی‌کند.,یک فرم واقعی و نزدیک از همان خانواده انتخاب شود؛ فرم باید در context دیگری معتبر باشد ولی اینجا به‌طور قطعی غلط باشد.,انتخاب آن نشان می‌دهد تمایز میان قاعده هدف و همسایهٔ نزدیک هنوز پایدار نشده است.,CORE,
5a20dade-1724-4c8a-887c-14dee287c1a2,51,LE SUBJONCTIF,23fb26d2-f4eb-4338-9732-e1c9bd38e318,L51-S04,Formation générale,ساخت عمومی subjonctif,CAT03,SUB06,MOOD_CONDITION,وجه و شرط,Lesson 51; printed p. 240,Stage1 rule text + Stage2 classification; error frequency not claimed by source,misconception-catalogue-recovered-v1.0.0,CANDIDATE_PREDEPLOY_CONTENT_REVIEW,NOT_YET_OBSERVED__STAGE27_CALIBRATION,30edc6df-267b-5f45-8d75-040f26faee02,CONTEXT_ROLE_MISMATCH,انتقال قاعده درست به context نادرست,قاعده درستِ یک نوع شرط/وجه را به نوع دیگری از شرط، نگرش یا واقعیت منتقل می‌کند.,distractor از قاعده‌ای ساخته شود که به‌خودی‌خود معتبر است، اما نقش/مرجع/زمان/register این context با آن سازگار نیست.,انتخاب آن نشانهٔ تحلیل ناکافی context یا نقش دستوری است، نه صرفاً ندانستن شکل ظاهری.,CORE,
5a20dade-1724-4c8a-887c-14dee287c1a2,51,LE SUBJONCTIF,95d4c889-f9fe-475a-8569-e60227227576,L51-S05,Verbes irréguliers,افعال نامنظم subjonctif,CAT03,SUB06,MOOD_CONDITION,وجه و شرط,Lesson 51; printed p. 240,Stage1 rule text + Stage2 classification; error frequency not claimed by source,misconception-catalogue-recovered-v1.0.0,CANDIDATE_PREDEPLOY_CONTENT_REVIEW,NOT_YET_OBSERVED__STAGE27_CALIBRATION,293c3c1d-1705-566a-a2d5-6fcbe76a31de,OVERGENERALIZATION,تعمیم بیش‌ازحد قاعده,"قاعدهٔ هدف «être, avoir, aller, faire و نیز pouvoir/savoir شکل‌های نامنظم دارند.» را بدون توجه به شرط، نقش یا محدودیت بافتی زیرموضوع «افعال نامنظم subjonctif» به همهٔ موارد مشابه تعمیم می‌دهد.",ساخت distractor با اجرای قاعدهٔ عمومی در جایی که شرط دقیق subtopic آن را مجاز نمی‌کند.,اگر کاربر این گزینه را انتخاب کند، احتمالاً قاعده را می‌داند اما دامنهٔ کاربرد آن را بیش از حد گسترده گرفته است.,CORE,
5a20dade-1724-4c8a-887c-14dee287c1a2,51,LE SUBJONCTIF,95d4c889-f9fe-475a-8569-e60227227576,L51-S05,Verbes irréguliers,افعال نامنظم subjonctif,CAT03,SUB06,MOOD_CONDITION,وجه و شرط,Lesson 51; printed p. 240,Stage1 rule text + Stage2 classification; error frequency not claimed by source,misconception-catalogue-recovered-v1.0.0,CANDIDATE_PREDEPLOY_CONTENT_REVIEW,NOT_YET_OBSERVED__STAGE27_CALIBRATION,c04ade34-59c3-53f8-b111-5faaf030f700,NEAR_FORM_CONFUSION,اشتباه با فرم/قاعده نزدیک,وجه یا ساخت شرطی نزدیک را در محیطی به‌کار می‌برد که شرط/نگرش جمله آن را مجاز نمی‌کند.,یک فرم واقعی و نزدیک از همان خانواده انتخاب شود؛ فرم باید در context دیگری معتبر باشد ولی اینجا به‌طور قطعی غلط باشد.,انتخاب آن نشان می‌دهد تمایز میان قاعده هدف و همسایهٔ نزدیک هنوز پایدار نشده است.,CORE,
5a20dade-1724-4c8a-887c-14dee287c1a2,51,LE SUBJONCTIF,95d4c889-f9fe-475a-8569-e60227227576,L51-S05,Verbes irréguliers,افعال نامنظم subjonctif,CAT03,SUB06,MOOD_CONDITION,وجه و شرط,Lesson 51; printed p. 240,Stage1 rule text + Stage2 classification; error frequency not claimed by source,misconception-catalogue-recovered-v1.0.0,CANDIDATE_PREDEPLOY_CONTENT_REVIEW,NOT_YET_OBSERVED__STAGE27_CALIBRATION,344704e7-8677-551e-9a7d-6da036e34acb,CONTEXT_ROLE_MISMATCH,انتقال قاعده درست به context نادرست,قاعده درستِ یک نوع شرط/وجه را به نوع دیگری از شرط، نگرش یا واقعیت منتقل می‌کند.,distractor از قاعده‌ای ساخته شود که به‌خودی‌خود معتبر است، اما نقش/مرجع/زمان/register این context با آن سازگار نیست.,انتخاب آن نشانهٔ تحلیل ناکافی context یا نقش دستوری است، نه صرفاً ندانستن شکل ظاهری.,CORE,
5a20dade-1724-4c8a-887c-14dee287c1a2,51,LE SUBJONCTIF,726e7213-00e2-4d17-9a3e-9d0a0303a4b7,L51-S06,Verbes « objectifs » + indicatif,افعال عینی + indicatif,CAT03,SUB06,MOOD_CONDITION,وجه و شرط,Lesson 51; printed p. 242,Stage1 rule text + Stage2 classification; error frequency not claimed by source,misconception-catalogue-recovered-v1.0.0,CANDIDATE_PREDEPLOY_CONTENT_REVIEW,NOT_YET_OBSERVED__STAGE27_CALIBRATION,6b70bf39-dc03-56b5-8c18-a985492c0dbd,OVERGENERALIZATION,تعمیم بیش‌ازحد قاعده,"قاعدهٔ هدف «constater, observer, remarquer, penser, croire, supposer, affirmer, déclarer, dire عموماً indicatif می‌گیرند.» را بدون توجه به شرط، نقش یا محدودیت بافتی زیرموضوع «افعال عینی + indicatif» به همهٔ موارد مشابه تعمیم می‌دهد.",ساخت distractor با اجرای قاعدهٔ عمومی در جایی که شرط دقیق subtopic آن را مجاز نمی‌کند.,اگر کاربر این گزینه را انتخاب کند، احتمالاً قاعده را می‌داند اما دامنهٔ کاربرد آن را بیش از حد گسترده گرفته است.,CORE,
5a20dade-1724-4c8a-887c-14dee287c1a2,51,LE SUBJONCTIF,726e7213-00e2-4d17-9a3e-9d0a0303a4b7,L51-S06,Verbes « objectifs » + indicatif,افعال عینی + indicatif,CAT03,SUB06,MOOD_CONDITION,وجه و شرط,Lesson 51; printed p. 242,Stage1 rule text + Stage2 classification; error frequency not claimed by source,misconception-catalogue-recovered-v1.0.0,CANDIDATE_PREDEPLOY_CONTENT_REVIEW,NOT_YET_OBSERVED__STAGE27_CALIBRATION,55e9fe52-450d-5bf0-9374-c7eb27f2202b,NEAR_FORM_CONFUSION,اشتباه با فرم/قاعده نزدیک,وجه یا ساخت شرطی نزدیک را در محیطی به‌کار می‌برد که شرط/نگرش جمله آن را مجاز نمی‌کند.,یک فرم واقعی و نزدیک از همان خانواده انتخاب شود؛ فرم باید در context دیگری معتبر باشد ولی اینجا به‌طور قطعی غلط باشد.,انتخاب آن نشان می‌دهد تمایز میان قاعده هدف و همسایهٔ نزدیک هنوز پایدار نشده است.,CORE,
5a20dade-1724-4c8a-887c-14dee287c1a2,51,LE SUBJONCTIF,726e7213-00e2-4d17-9a3e-9d0a0303a4b7,L51-S06,Verbes « objectifs » + indicatif,افعال عینی + indicatif,CAT03,SUB06,MOOD_CONDITION,وجه و شرط,Lesson 51; printed p. 242,Stage1 rule text + Stage2 classification; error frequency not claimed by source,misconception-catalogue-recovered-v1.0.0,CANDIDATE_PREDEPLOY_CONTENT_REVIEW,NOT_YET_OBSERVED__STAGE27_CALIBRATION,11935dd6-3605-5497-a83f-bccd1c1811db,CONTEXT_ROLE_MISMATCH,انتقال قاعده درست به context نادرست,قاعده درستِ یک نوع شرط/وجه را به نوع دیگری از شرط، نگرش یا واقعیت منتقل می‌کند.,distractor از قاعده‌ای ساخته شود که به‌خودی‌خود معتبر است، اما نقش/مرجع/زمان/register این context با آن سازگار نیست.,انتخاب آن نشانهٔ تحلیل ناکافی context یا نقش دستوری است، نه صرفاً ندانستن شکل ظاهری.,CORE,
5a20dade-1724-4c8a-887c-14dee287c1a2,51,LE SUBJONCTIF,cf37f91c-5a35-4792-9172-5ee13609a125,L51-S07,Verbes « subjectifs » + subjonctif,افعال ذهنی + subjonctif,CAT03,SUB06,MOOD_CONDITION,وجه و شرط,Lesson 51; printed p. 242,Stage1 rule text + Stage2 classification; error frequency not claimed by source,misconception-catalogue-recovered-v1.0.0,CANDIDATE_PREDEPLOY_CONTENT_REVIEW,NOT_YET_OBSERVED__STAGE27_CALIBRATION,ece6c237-960e-5c55-a4cb-fdaf07b5fc5f,OVERGENERALIZATION,تعمیم بیش‌ازحد قاعده,"قاعدهٔ هدف «désirer, aimer, souhaiter, avoir peur, craindre, redouter, vouloir, ordonner, exiger, supplier subjonctif می‌گیرند.» را بدون توجه به شرط، نقش یا محدودیت بافتی زیرموضوع «افعال ذهنی + subjonctif» به همهٔ موارد مشابه تعمیم می‌دهد.",ساخت distractor با اجرای قاعدهٔ عمومی در جایی که شرط دقیق subtopic آن را مجاز نمی‌کند.,اگر کاربر این گزینه را انتخاب کند، احتمالاً قاعده را می‌داند اما دامنهٔ کاربرد آن را بیش از حد گسترده گرفته است.,CORE,
5a20dade-1724-4c8a-887c-14dee287c1a2,51,LE SUBJONCTIF,cf37f91c-5a35-4792-9172-5ee13609a125,L51-S07,Verbes « subjectifs » + subjonctif,افعال ذهنی + subjonctif,CAT03,SUB06,MOOD_CONDITION,وجه و شرط,Lesson 51; printed p. 242,Stage1 rule text + Stage2 classification; error frequency not claimed by source,misconception-catalogue-recovered-v1.0.0,CANDIDATE_PREDEPLOY_CONTENT_REVIEW,NOT_YET_OBSERVED__STAGE27_CALIBRATION,5d2bbe3b-6838-539b-9147-c340baa65dbb,NEAR_FORM_CONFUSION,اشتباه با فرم/قاعده نزدیک,وجه یا ساخت شرطی نزدیک را در محیطی به‌کار می‌برد که شرط/نگرش جمله آن را مجاز نمی‌کند.,یک فرم واقعی و نزدیک از همان خانواده انتخاب شود؛ فرم باید در context دیگری معتبر باشد ولی اینجا به‌طور قطعی غلط باشد.,انتخاب آن نشان می‌دهد تمایز میان قاعده هدف و همسایهٔ نزدیک هنوز پایدار نشده است.,CORE,
5a20dade-1724-4c8a-887c-14dee287c1a2,51,LE SUBJONCTIF,cf37f91c-5a35-4792-9172-5ee13609a125,L51-S07,Verbes « subjectifs » + subjonctif,افعال ذهنی + subjonctif,CAT03,SUB06,MOOD_CONDITION,وجه و شرط,Lesson 51; printed p. 242,Stage1 rule text + Stage2 classification; error frequency not claimed by source,misconception-catalogue-recovered-v1.0.0,CANDIDATE_PREDEPLOY_CONTENT_REVIEW,NOT_YET_OBSERVED__STAGE27_CALIBRATION,400cee26-4366-5cd0-ab97-3419652a595e,CONTEXT_ROLE_MISMATCH,انتقال قاعده درست به context نادرست,قاعده درستِ یک نوع شرط/وجه را به نوع دیگری از شرط، نگرش یا واقعیت منتقل می‌کند.,distractor از قاعده‌ای ساخته شود که به‌خودی‌خود معتبر است، اما نقش/مرجع/زمان/register این context با آن سازگار نیست.,انتخاب آن نشانهٔ تحلیل ناکافی context یا نقش دستوری است، نه صرفاً ندانستن شکل ظاهری.,CORE,
5a20dade-1724-4c8a-887c-14dee287c1a2,51,LE SUBJONCTIF,5df33d64-6ddb-42e1-b658-4978b6daf76e,L51-S08,Exception « espérer + indicatif »,استثنای espérer,CAT03,SUB06,MOOD_CONDITION,وجه و شرط,Lesson 51; printed p. 242,Stage1 rule text + Stage2 classification; error frequency not claimed by source,misconception-catalogue-recovered-v1.0.0,CANDIDATE_PREDEPLOY_CONTENT_REVIEW,NOT_YET_OBSERVED__STAGE27_CALIBRATION,bcaa1423-da28-5a5f-ba8a-66b47122fa09,OVERGENERALIZATION,تعمیم بیش‌ازحد قاعده,قاعدهٔ هدف «espérer با indicatif می‌آید، نه subjonctif.» را بدون توجه به شرط، نقش یا محدودیت بافتی زیرموضوع «استثنای espérer» به همهٔ موارد مشابه تعمیم می‌دهد.,ساخت distractor با اجرای قاعدهٔ عمومی در جایی که شرط دقیق subtopic آن را مجاز نمی‌کند.,اگر کاربر این گزینه را انتخاب کند، احتمالاً قاعده را می‌داند اما دامنهٔ کاربرد آن را بیش از حد گسترده گرفته است.,CORE,
5a20dade-1724-4c8a-887c-14dee287c1a2,51,LE SUBJONCTIF,5df33d64-6ddb-42e1-b658-4978b6daf76e,L51-S08,Exception « espérer + indicatif »,استثنای espérer,CAT03,SUB06,MOOD_CONDITION,وجه و شرط,Lesson 51; printed p. 242,Stage1 rule text + Stage2 classification; error frequency not claimed by source,misconception-catalogue-recovered-v1.0.0,CANDIDATE_PREDEPLOY_CONTENT_REVIEW,NOT_YET_OBSERVED__STAGE27_CALIBRATION,7394ef51-da91-59e9-afcc-943e15627855,NEAR_FORM_CONFUSION,اشتباه با فرم/قاعده نزدیک,وجه یا ساخت شرطی نزدیک را در محیطی به‌کار می‌برد که شرط/نگرش جمله آن را مجاز نمی‌کند.,یک فرم واقعی و نزدیک از همان خانواده انتخاب شود؛ فرم باید در context دیگری معتبر باشد ولی اینجا به‌طور قطعی غلط باشد.,انتخاب آن نشان می‌دهد تمایز میان قاعده هدف و همسایهٔ نزدیک هنوز پایدار نشده است.,CORE,
5a20dade-1724-4c8a-887c-14dee287c1a2,51,LE SUBJONCTIF,5df33d64-6ddb-42e1-b658-4978b6daf76e,L51-S08,Exception « espérer + indicatif »,استثنای espérer,CAT03,SUB06,MOOD_CONDITION,وجه و شرط,Lesson 51; printed p. 242,Stage1 rule text + Stage2 classification; error frequency not claimed by source,misconception-catalogue-recovered-v1.0.0,CANDIDATE_PREDEPLOY_CONTENT_REVIEW,NOT_YET_OBSERVED__STAGE27_CALIBRATION,d6c91dbe-38b0-5988-8298-07d7549a3255,CONTEXT_ROLE_MISMATCH,انتقال قاعده درست به context نادرست,قاعده درستِ یک نوع شرط/وجه را به نوع دیگری از شرط، نگرش یا واقعیت منتقل می‌کند.,distractor از قاعده‌ای ساخته شود که به‌خودی‌خود معتبر است، اما نقش/مرجع/زمان/register این context با آن سازگار نیست.,انتخاب آن نشانهٔ تحلیل ناکافی context یا نقش دستوری است، نه صرفاً ندانستن شکل ظاهری.,CORE,
5a20dade-1724-4c8a-887c-14dee287c1a2,51,LE SUBJONCTIF,e82e6c09-4af0-4a36-a27e-ba4aa963b78b,L51-S09,Négation/interrogation des verbes objectifs,افعال عینی در نفی/پرسش,CAT03,SUB06,QUESTION_STRUCTURE,ساخت پرسش,Lesson 51; printed p. 242,Stage1 rule text + Stage2 classification; error frequency not claimed by source,misconception-catalogue-recovered-v1.0.0,CANDIDATE_PREDEPLOY_CONTENT_REVIEW,NOT_YET_OBSERVED__STAGE27_CALIBRATION,83d93c70-4044-5029-8c73-543f1b9b001f,OVERGENERALIZATION,تعمیم بیش‌ازحد قاعده,قاعدهٔ هدف «افعال عینی در شکل منفی غالباً subjonctif می‌گیرند؛ پس از پرسش با inversion نیز subjonctif رایج است.» را بدون توجه به شرط، نقش یا محدودیت بافتی زیرموضوع «افعال عینی در نفی/پرسش» به همهٔ موارد مشابه تعمیم می‌دهد.,ساخت distractor با اجرای قاعدهٔ عمومی در جایی که شرط دقیق subtopic آن را مجاز نمی‌کند.,اگر کاربر این گزینه را انتخاب کند، احتمالاً قاعده را می‌داند اما دامنهٔ کاربرد آن را بیش از حد گسترده گرفته است.,CORE,
5a20dade-1724-4c8a-887c-14dee287c1a2,51,LE SUBJONCTIF,e82e6c09-4af0-4a36-a27e-ba4aa963b78b,L51-S09,Négation/interrogation des verbes objectifs,افعال عینی در نفی/پرسش,CAT03,SUB06,QUESTION_STRUCTURE,ساخت پرسش,Lesson 51; printed p. 242,Stage1 rule text + Stage2 classification; error frequency not claimed by source,misconception-catalogue-recovered-v1.0.0,CANDIDATE_PREDEPLOY_CONTENT_REVIEW,NOT_YET_OBSERVED__STAGE27_CALIBRATION,d42a3bc3-3c25-595e-a298-9ee7df745b46,NEAR_FORM_CONFUSION,اشتباه با فرم/قاعده نزدیک,ساخت پرسشی نزدیک را بدون رعایت نقش واژه پرسشی، inversion یا نوع پاسخ هدف انتخاب می‌کند.,یک فرم واقعی و نزدیک از همان خانواده انتخاب شود؛ فرم باید در context دیگری معتبر باشد ولی اینجا به‌طور قطعی غلط باشد.,انتخاب آن نشان می‌دهد تمایز میان قاعده هدف و همسایهٔ نزدیک هنوز پایدار نشده است.,CORE,
5a20dade-1724-4c8a-887c-14dee287c1a2,51,LE SUBJONCTIF,e82e6c09-4af0-4a36-a27e-ba4aa963b78b,L51-S09,Négation/interrogation des verbes objectifs,افعال عینی در نفی/پرسش,CAT03,SUB06,QUESTION_STRUCTURE,ساخت پرسش,Lesson 51; printed p. 242,Stage1 rule text + Stage2 classification; error frequency not claimed by source,misconception-catalogue-recovered-v1.0.0,CANDIDATE_PREDEPLOY_CONTENT_REVIEW,NOT_YET_OBSERVED__STAGE27_CALIBRATION,7d7e27a3-684f-5344-8a4c-944655e24e70,CONTEXT_ROLE_MISMATCH,انتقال قاعده درست به context نادرست,الگوی پرسشی درست برای نقش/نوع پرسش دیگری را به سؤال فعلی منتقل می‌کند.,distractor از قاعده‌ای ساخته شود که به‌خودی‌خود معتبر است، اما نقش/مرجع/زمان/register این context با آن سازگار نیست.,انتخاب آن نشانهٔ تحلیل ناکافی context یا نقش دستوری است، نه صرفاً ندانستن شکل ظاهری.,CORE,
5a20dade-1724-4c8a-887c-14dee287c1a2,51,LE SUBJONCTIF,d122da58-bbce-41da-913b-7c721230418a,L51-S10,Jugement adjectival,قضاوت صفتی,CAT03,SUB06,MOOD_CONDITION,وجه و شرط,Lesson 51; printed p. 242,Stage1 rule text + Stage2 classification; error frequency not claimed by source,misconception-catalogue-recovered-v1.0.0,CANDIDATE_PREDEPLOY_CONTENT_REVIEW,NOT_YET_OBSERVED__STAGE27_CALIBRATION,b5661947-d44e-5294-a863-5c558d82a43c,OVERGENERALIZATION,تعمیم بیش‌ازحد قاعده,قاعدهٔ هدف «وقتی صفت داوری/ارزیابی را بیان کند، جملهٔ وابسته subjonctif می‌گیرد.» را بدون توجه به شرط، نقش یا محدودیت بافتی زیرموضوع «قضاوت صفتی» به همهٔ موارد مشابه تعمیم می‌دهد.,ساخت distractor با اجرای قاعدهٔ عمومی در جایی که شرط دقیق subtopic آن را مجاز نمی‌کند.,اگر کاربر این گزینه را انتخاب کند، احتمالاً قاعده را می‌داند اما دامنهٔ کاربرد آن را بیش از حد گسترده گرفته است.,CORE,
5a20dade-1724-4c8a-887c-14dee287c1a2,51,LE SUBJONCTIF,d122da58-bbce-41da-913b-7c721230418a,L51-S10,Jugement adjectival,قضاوت صفتی,CAT03,SUB06,MOOD_CONDITION,وجه و شرط,Lesson 51; printed p. 242,Stage1 rule text + Stage2 classification; error frequency not claimed by source,misconception-catalogue-recovered-v1.0.0,CANDIDATE_PREDEPLOY_CONTENT_REVIEW,NOT_YET_OBSERVED__STAGE27_CALIBRATION,0824bf64-15c8-5680-bfa8-04927d8fa4e4,NEAR_FORM_CONFUSION,اشتباه با فرم/قاعده نزدیک,وجه یا ساخت شرطی نزدیک را در محیطی به‌کار می‌برد که شرط/نگرش جمله آن را مجاز نمی‌کند.,یک فرم واقعی و نزدیک از همان خانواده انتخاب شود؛ فرم باید در context دیگری معتبر باشد ولی اینجا به‌طور قطعی غلط باشد.,انتخاب آن نشان می‌دهد تمایز میان قاعده هدف و همسایهٔ نزدیک هنوز پایدار نشده است.,CORE,
5a20dade-1724-4c8a-887c-14dee287c1a2,51,LE SUBJONCTIF,d122da58-bbce-41da-913b-7c721230418a,L51-S10,Jugement adjectival,قضاوت صفتی,CAT03,SUB06,MOOD_CONDITION,وجه و شرط,Lesson 51; printed p. 242,Stage1 rule text + Stage2 classification; error frequency not claimed by source,misconception-catalogue-recovered-v1.0.0,CANDIDATE_PREDEPLOY_CONTENT_REVIEW,NOT_YET_OBSERVED__STAGE27_CALIBRATION,445ac3b8-ce96-5fdd-867e-c6b551f04a79,CONTEXT_ROLE_MISMATCH,انتقال قاعده درست به context نادرست,قاعده درستِ یک نوع شرط/وجه را به نوع دیگری از شرط، نگرش یا واقعیت منتقل می‌کند.,distractor از قاعده‌ای ساخته شود که به‌خودی‌خود معتبر است، اما نقش/مرجع/زمان/register این context با آن سازگار نیست.,انتخاب آن نشانهٔ تحلیل ناکافی context یا نقش دستوری است، نه صرفاً ندانستن شکل ظاهری.,CORE,
5a20dade-1724-4c8a-887c-14dee287c1a2,51,LE SUBJONCTIF,67104d2b-d956-490d-a98c-d82be49e636c,L51-S11,« ne » stylistique après crainte,ne سبکی پس از ترس,CAT03,SUB06,MOOD_CONDITION,وجه و شرط,Lesson 51; printed p. 242,Stage1 rule text + Stage2 classification; error frequency not claimed by source,misconception-catalogue-recovered-v1.0.0,CANDIDATE_PREDEPLOY_CONTENT_REVIEW,NOT_YET_OBSERVED__STAGE27_CALIBRATION,3850d0b5-9e0d-5097-b11b-5f778e1c4158,OVERGENERALIZATION,تعمیم بیش‌ازحد قاعده,قاعدهٔ هدف «پس از افعال ترس ممکن است ne غیرمنفی پیش از subjonctif بیاید.» را بدون توجه به شرط، نقش یا محدودیت بافتی زیرموضوع «ne سبکی پس از ترس» به همهٔ موارد مشابه تعمیم می‌دهد.,ساخت distractor با اجرای قاعدهٔ عمومی در جایی که شرط دقیق subtopic آن را مجاز نمی‌کند.,اگر کاربر این گزینه را انتخاب کند، احتمالاً قاعده را می‌داند اما دامنهٔ کاربرد آن را بیش از حد گسترده گرفته است.,CORE,
5a20dade-1724-4c8a-887c-14dee287c1a2,51,LE SUBJONCTIF,67104d2b-d956-490d-a98c-d82be49e636c,L51-S11,« ne » stylistique après crainte,ne سبکی پس از ترس,CAT03,SUB06,MOOD_CONDITION,وجه و شرط,Lesson 51; printed p. 242,Stage1 rule text + Stage2 classification; error frequency not claimed by source,misconception-catalogue-recovered-v1.0.0,CANDIDATE_PREDEPLOY_CONTENT_REVIEW,NOT_YET_OBSERVED__STAGE27_CALIBRATION,c4b1940c-f57e-5633-88ef-fd8838a86e1a,NEAR_FORM_CONFUSION,اشتباه با فرم/قاعده نزدیک,وجه یا ساخت شرطی نزدیک را در محیطی به‌کار می‌برد که شرط/نگرش جمله آن را مجاز نمی‌کند.,یک فرم واقعی و نزدیک از همان خانواده انتخاب شود؛ فرم باید در context دیگری معتبر باشد ولی اینجا به‌طور قطعی غلط باشد.,انتخاب آن نشان می‌دهد تمایز میان قاعده هدف و همسایهٔ نزدیک هنوز پایدار نشده است.,CORE,
5a20dade-1724-4c8a-887c-14dee287c1a2,51,LE SUBJONCTIF,67104d2b-d956-490d-a98c-d82be49e636c,L51-S11,« ne » stylistique après crainte,ne سبکی پس از ترس,CAT03,SUB06,MOOD_CONDITION,وجه و شرط,Lesson 51; printed p. 242,Stage1 rule text + Stage2 classification; error frequency not claimed by source,misconception-catalogue-recovered-v1.0.0,CANDIDATE_PREDEPLOY_CONTENT_REVIEW,NOT_YET_OBSERVED__STAGE27_CALIBRATION,5a0b8ab3-6dd3-59bb-a615-ba1b4572123a,CONTEXT_ROLE_MISMATCH,انتقال قاعده درست به context نادرست,قاعده درستِ یک نوع شرط/وجه را به نوع دیگری از شرط، نگرش یا واقعیت منتقل می‌کند.,distractor از قاعده‌ای ساخته شود که به‌خودی‌خود معتبر است، اما نقش/مرجع/زمان/register این context با آن سازگار نیست.,انتخاب آن نشانهٔ تحلیل ناکافی context یا نقش دستوری است، نه صرفاً ندانستن شکل ظاهری.,CORE,
5a20dade-1724-4c8a-887c-14dee287c1a2,51,LE SUBJONCTIF,826c92db-0d7a-4037-b2ed-96a5099d063e,L51-S12,Constructions impersonnelles: contrainte/jugement,ساخت بی‌شخصِ الزام/قضاوت,CAT03,SUB06,MOOD_CONDITION,وجه و شرط,Lesson 51; printed p. 246,Stage1 rule text + Stage2 classification; error frequency not claimed by source,misconception-catalogue-recovered-v1.0.0,CANDIDATE_PREDEPLOY_CONTENT_REVIEW,NOT_YET_OBSERVED__STAGE27_CALIBRATION,060273e1-66e8-5566-bcf5-16c69904b71d,OVERGENERALIZATION,تعمیم بیش‌ازحد قاعده,"قاعدهٔ هدف «il faut, il vaut mieux, il vaudrait mieux, il est important, il est dommage و مشابه‌ها subjonctif می‌گیرند.» را بدون توجه به شرط، نقش یا محدودیت بافتی زیرموضوع «ساخت بی‌شخصِ الزام/قضاوت» به همهٔ موارد مشابه تعمیم می‌دهد.",ساخت distractor با اجرای قاعدهٔ عمومی در جایی که شرط دقیق subtopic آن را مجاز نمی‌کند.,اگر کاربر این گزینه را انتخاب کند، احتمالاً قاعده را می‌داند اما دامنهٔ کاربرد آن را بیش از حد گسترده گرفته است.,CORE,
5a20dade-1724-4c8a-887c-14dee287c1a2,51,LE SUBJONCTIF,826c92db-0d7a-4037-b2ed-96a5099d063e,L51-S12,Constructions impersonnelles: contrainte/jugement,ساخت بی‌شخصِ الزام/قضاوت,CAT03,SUB06,MOOD_CONDITION,وجه و شرط,Lesson 51; printed p. 246,Stage1 rule text + Stage2 classification; error frequency not claimed by source,misconception-catalogue-recovered-v1.0.0,CANDIDATE_PREDEPLOY_CONTENT_REVIEW,NOT_YET_OBSERVED__STAGE27_CALIBRATION,a25934e9-24df-5381-97f5-ed40c28e22d2,NEAR_FORM_CONFUSION,اشتباه با فرم/قاعده نزدیک,وجه یا ساخت شرطی نزدیک را در محیطی به‌کار می‌برد که شرط/نگرش جمله آن را مجاز نمی‌کند.,یک فرم واقعی و نزدیک از همان خانواده انتخاب شود؛ فرم باید در context دیگری معتبر باشد ولی اینجا به‌طور قطعی غلط باشد.,انتخاب آن نشان می‌دهد تمایز میان قاعده هدف و همسایهٔ نزدیک هنوز پایدار نشده است.,CORE,
5a20dade-1724-4c8a-887c-14dee287c1a2,51,LE SUBJONCTIF,826c92db-0d7a-4037-b2ed-96a5099d063e,L51-S12,Constructions impersonnelles: contrainte/jugement,ساخت بی‌شخصِ الزام/قضاوت,CAT03,SUB06,MOOD_CONDITION,وجه و شرط,Lesson 51; printed p. 246,Stage1 rule text + Stage2 classification; error frequency not claimed by source,misconception-catalogue-recovered-v1.0.0,CANDIDATE_PREDEPLOY_CONTENT_REVIEW,NOT_YET_OBSERVED__STAGE27_CALIBRATION,0d210914-7774-51e4-bc35-e3186cd08643,CONTEXT_ROLE_MISMATCH,انتقال قاعده درست به context نادرست,قاعده درستِ یک نوع شرط/وجه را به نوع دیگری از شرط، نگرش یا واقعیت منتقل می‌کند.,distractor از قاعده‌ای ساخته شود که به‌خودی‌خود معتبر است، اما نقش/مرجع/زمان/register این context با آن سازگار نیست.,انتخاب آن نشانهٔ تحلیل ناکافی context یا نقش دستوری است، نه صرفاً ندانستن شکل ظاهری.,CORE,
5a20dade-1724-4c8a-887c-14dee287c1a2,51,LE SUBJONCTIF,6bacc3ea-68c5-46f8-9573-040cb721cf3a,L51-S13,Constructions impersonnelles de certitude,ساخت بی‌شخصِ قطعیت,CAT03,SUB06,MOOD_CONDITION,وجه و شرط,Lesson 51; printed p. 246,Stage1 rule text + Stage2 classification; error frequency not claimed by source,misconception-catalogue-recovered-v1.0.0,CANDIDATE_PREDEPLOY_CONTENT_REVIEW,NOT_YET_OBSERVED__STAGE27_CALIBRATION,994ba882-2bc3-5947-8c11-7dcaf4b681c7,OVERGENERALIZATION,تعمیم بیش‌ازحد قاعده,قاعدهٔ هدف «il est évident/clair/certain + que معمولاً indicatif می‌گیرد.» را بدون توجه به شرط، نقش یا محدودیت بافتی زیرموضوع «ساخت بی‌شخصِ قطعیت» به همهٔ موارد مشابه تعمیم می‌دهد.,ساخت distractor با اجرای قاعدهٔ عمومی در جایی که شرط دقیق subtopic آن را مجاز نمی‌کند.,اگر کاربر این گزینه را انتخاب کند، احتمالاً قاعده را می‌داند اما دامنهٔ کاربرد آن را بیش از حد گسترده گرفته است.,CORE,
5a20dade-1724-4c8a-887c-14dee287c1a2,51,LE SUBJONCTIF,6bacc3ea-68c5-46f8-9573-040cb721cf3a,L51-S13,Constructions impersonnelles de certitude,ساخت بی‌شخصِ قطعیت,CAT03,SUB06,MOOD_CONDITION,وجه و شرط,Lesson 51; printed p. 246,Stage1 rule text + Stage2 classification; error frequency not claimed by source,misconception-catalogue-recovered-v1.0.0,CANDIDATE_PREDEPLOY_CONTENT_REVIEW,NOT_YET_OBSERVED__STAGE27_CALIBRATION,bed1d17f-293b-5dca-a3bf-a854c9d6092d,NEAR_FORM_CONFUSION,اشتباه با فرم/قاعده نزدیک,وجه یا ساخت شرطی نزدیک را در محیطی به‌کار می‌برد که شرط/نگرش جمله آن را مجاز نمی‌کند.,یک فرم واقعی و نزدیک از همان خانواده انتخاب شود؛ فرم باید در context دیگری معتبر باشد ولی اینجا به‌طور قطعی غلط باشد.,انتخاب آن نشان می‌دهد تمایز میان قاعده هدف و همسایهٔ نزدیک هنوز پایدار نشده است.,CORE,
5a20dade-1724-4c8a-887c-14dee287c1a2,51,LE SUBJONCTIF,6bacc3ea-68c5-46f8-9573-040cb721cf3a,L51-S13,Constructions impersonnelles de certitude,ساخت بی‌شخصِ قطعیت,CAT03,SUB06,MOOD_CONDITION,وجه و شرط,Lesson 51; printed p. 246,Stage1 rule text + Stage2 classification; error frequency not claimed by source,misconception-catalogue-recovered-v1.0.0,CANDIDATE_PREDEPLOY_CONTENT_REVIEW,NOT_YET_OBSERVED__STAGE27_CALIBRATION,4f458a6c-8597-5ff6-94a0-e0204b0513d0,CONTEXT_ROLE_MISMATCH,انتقال قاعده درست به context نادرست,قاعده درستِ یک نوع شرط/وجه را به نوع دیگری از شرط، نگرش یا واقعیت منتقل می‌کند.,distractor از قاعده‌ای ساخته شود که به‌خودی‌خود معتبر است، اما نقش/مرجع/زمان/register این context با آن سازگار نیست.,انتخاب آن نشانهٔ تحلیل ناکافی context یا نقش دستوری است، نه صرفاً ندانستن شکل ظاهری.,CORE,
5a20dade-1724-4c8a-887c-14dee287c1a2,51,LE SUBJONCTIF,76a301f6-d302-4d13-bcdc-27b9bbe1ae6c,L51-S14,Subjonctif et réalité,واقعیت معلوم/نامعلوم,CAT03,SUB06,MOOD_CONDITION,وجه و شرط,Lesson 51; printed p. 246,Stage1 rule text + Stage2 classification; error frequency not claimed by source,misconception-catalogue-recovered-v1.0.0,CANDIDATE_PREDEPLOY_CONTENT_REVIEW,NOT_YET_OBSERVED__STAGE27_CALIBRATION,ebb074f1-ef7d-5e7a-964b-8cf43a67e3d9,OVERGENERALIZATION,تعمیم بیش‌ازحد قاعده,قاعدهٔ هدف «indicatif برای مرجع معلوم/محتمل و subjonctif برای مرجع نامعلوم/ناموجود می‌تواند به‌کار رود.» را بدون توجه به شرط، نقش یا محدودیت بافتی زیرموضوع «واقعیت معلوم/نامعلوم» به همهٔ موارد مشابه تعمیم می‌دهد.,ساخت distractor با اجرای قاعدهٔ عمومی در جایی که شرط دقیق subtopic آن را مجاز نمی‌کند.,اگر کاربر این گزینه را انتخاب کند، احتمالاً قاعده را می‌داند اما دامنهٔ کاربرد آن را بیش از حد گسترده گرفته است.,CORE,در چارچوب کتاب: il est probable que + indicatif؛ il est possible que + subjonctif.
5a20dade-1724-4c8a-887c-14dee287c1a2,51,LE SUBJONCTIF,76a301f6-d302-4d13-bcdc-27b9bbe1ae6c,L51-S14,Subjonctif et réalité,واقعیت معلوم/نامعلوم,CAT03,SUB06,MOOD_CONDITION,وجه و شرط,Lesson 51; printed p. 246,Stage1 rule text + Stage2 classification; error frequency not claimed by source,misconception-catalogue-recovered-v1.0.0,CANDIDATE_PREDEPLOY_CONTENT_REVIEW,NOT_YET_OBSERVED__STAGE27_CALIBRATION,7fe70f36-76a1-5f6f-a141-460fdb42fa3d,NEAR_FORM_CONFUSION,اشتباه با فرم/قاعده نزدیک,وجه یا ساخت شرطی نزدیک را در محیطی به‌کار می‌برد که شرط/نگرش جمله آن را مجاز نمی‌کند.,یک فرم واقعی و نزدیک از همان خانواده انتخاب شود؛ فرم باید در context دیگری معتبر باشد ولی اینجا به‌طور قطعی غلط باشد.,انتخاب آن نشان می‌دهد تمایز میان قاعده هدف و همسایهٔ نزدیک هنوز پایدار نشده است.,CORE,در چارچوب کتاب: il est probable que + indicatif؛ il est possible que + subjonctif.
5a20dade-1724-4c8a-887c-14dee287c1a2,51,LE SUBJONCTIF,76a301f6-d302-4d13-bcdc-27b9bbe1ae6c,L51-S14,Subjonctif et réalité,واقعیت معلوم/نامعلوم,CAT03,SUB06,MOOD_CONDITION,وجه و شرط,Lesson 51; printed p. 246,Stage1 rule text + Stage2 classification; error frequency not claimed by source,misconception-catalogue-recovered-v1.0.0,CANDIDATE_PREDEPLOY_CONTENT_REVIEW,NOT_YET_OBSERVED__STAGE27_CALIBRATION,7f83e86e-6da8-5e78-89d4-4bc3467dba7d,CONTEXT_ROLE_MISMATCH,انتقال قاعده درست به context نادرست,قاعده درستِ یک نوع شرط/وجه را به نوع دیگری از شرط، نگرش یا واقعیت منتقل می‌کند.,distractor از قاعده‌ای ساخته شود که به‌خودی‌خود معتبر است، اما نقش/مرجع/زمان/register این context با آن سازگار نیست.,انتخاب آن نشانهٔ تحلیل ناکافی context یا نقش دستوری است، نه صرفاً ندانستن شکل ظاهری.,CORE,در چارچوب کتاب: il est probable que + indicatif؛ il est possible que + subjonctif.
5a20dade-1724-4c8a-887c-14dee287c1a2,51,LE SUBJONCTIF,76a301f6-d302-4d13-bcdc-27b9bbe1ae6c,L51-S14,Subjonctif et réalité,واقعیت معلوم/نامعلوم,CAT03,SUB06,MOOD_CONDITION,وجه و شرط,Lesson 51; printed p. 246,Stage1 rule text + Stage2 classification; error frequency not claimed by source,misconception-catalogue-recovered-v1.0.0,CANDIDATE_PREDEPLOY_CONTENT_REVIEW,NOT_YET_OBSERVED__STAGE27_CALIBRATION,9809fda8-66a6-5587-8c56-519378992e83,EXCEPTION_NEGLECT,نادیده‌گرفتن استثنا/محدودیت صریح,قاعدهٔ عمومی زیرموضوع «واقعیت معلوم/نامعلوم» را اعمال می‌کند اما نکته/استثنای صریح ثبت‌شده را نادیده می‌گیرد: در چارچوب کتاب: il est probable que + indicatif؛ il est possible que + subjonctif.,گزینه از خروجی قاعدهٔ عمومی ساخته شود؛ تنها تفاوت باید همان استثنا/محدودیت ثبت‌شده باشد.,انتخاب آن به‌طور مستقیم نشان می‌دهد قاعده عمومی بازیابی شده ولی استثنای کتاب تثبیت نشده است.,HIGH_EXCEPTION,در چارچوب کتاب: il est probable que + indicatif؛ il est possible que + subjonctif.
5a20dade-1724-4c8a-887c-14dee287c1a2,51,LE SUBJONCTIF,ac3881bb-88bd-43e1-bf66-f5ebb0ca6474,L51-S15,Subjonctif présent vs passé,subjonctif حال/گذشته,CAT03,SUB06,MOOD_CONDITION,وجه و شرط,Lesson 51; printed p. 246,Stage1 rule text + Stage2 classification; error frequency not claimed by source,misconception-catalogue-recovered-v1.0.0,CANDIDATE_PREDEPLOY_CONTENT_REVIEW,NOT_YET_OBSERVED__STAGE27_CALIBRATION,c8902c6f-3cc8-56bf-af8b-e1ffa8fca1ba,OVERGENERALIZATION,تعمیم بیش‌ازحد قاعده,قاعدهٔ هدف «subjonctif présent معمولاً برای عمل هم‌زمان/آینده و subjonctif passé برای عمل کامل‌شده است.» را بدون توجه به شرط، نقش یا محدودیت بافتی زیرموضوع «subjonctif حال/گذشته» به همهٔ موارد مشابه تعمیم می‌دهد.,ساخت distractor با اجرای قاعدهٔ عمومی در جایی که شرط دقیق subtopic آن را مجاز نمی‌کند.,اگر کاربر این گزینه را انتخاب کند، احتمالاً قاعده را می‌داند اما دامنهٔ کاربرد آن را بیش از حد گسترده گرفته است.,CORE,
5a20dade-1724-4c8a-887c-14dee287c1a2,51,LE SUBJONCTIF,ac3881bb-88bd-43e1-bf66-f5ebb0ca6474,L51-S15,Subjonctif présent vs passé,subjonctif حال/گذشته,CAT03,SUB06,MOOD_CONDITION,وجه و شرط,Lesson 51; printed p. 246,Stage1 rule text + Stage2 classification; error frequency not claimed by source,misconception-catalogue-recovered-v1.0.0,CANDIDATE_PREDEPLOY_CONTENT_REVIEW,NOT_YET_OBSERVED__STAGE27_CALIBRATION,2d1d119b-2125-55f3-a54e-2addbca0f059,NEAR_FORM_CONFUSION,اشتباه با فرم/قاعده نزدیک,وجه یا ساخت شرطی نزدیک را در محیطی به‌کار می‌برد که شرط/نگرش جمله آن را مجاز نمی‌کند.,یک فرم واقعی و نزدیک از همان خانواده انتخاب شود؛ فرم باید در context دیگری معتبر باشد ولی اینجا به‌طور قطعی غلط باشد.,انتخاب آن نشان می‌دهد تمایز میان قاعده هدف و همسایهٔ نزدیک هنوز پایدار نشده است.,CORE,
5a20dade-1724-4c8a-887c-14dee287c1a2,51,LE SUBJONCTIF,ac3881bb-88bd-43e1-bf66-f5ebb0ca6474,L51-S15,Subjonctif présent vs passé,subjonctif حال/گذشته,CAT03,SUB06,MOOD_CONDITION,وجه و شرط,Lesson 51; printed p. 246,Stage1 rule text + Stage2 classification; error frequency not claimed by source,misconception-catalogue-recovered-v1.0.0,CANDIDATE_PREDEPLOY_CONTENT_REVIEW,NOT_YET_OBSERVED__STAGE27_CALIBRATION,2ca4938d-13ed-5e27-8e1f-9b142719200c,CONTEXT_ROLE_MISMATCH,انتقال قاعده درست به context نادرست,قاعده درستِ یک نوع شرط/وجه را به نوع دیگری از شرط، نگرش یا واقعیت منتقل می‌کند.,distractor از قاعده‌ای ساخته شود که به‌خودی‌خود معتبر است، اما نقش/مرجع/زمان/register این context با آن سازگار نیست.,انتخاب آن نشانهٔ تحلیل ناکافی context یا نقش دستوری است، نه صرفاً ندانستن شکل ظاهری.,CORE,
5a20dade-1724-4c8a-887c-14dee287c1a2,51,LE SUBJONCTIF,2f0ccaf6-f14d-4954-b2f6-993a21c2e0d0,L51-S16,Conjonctions de but,پیوندهای هدف,CAT03,SUB06,MOOD_CONDITION,وجه و شرط,Lesson 51; printed p. 248,Stage1 rule text + Stage2 classification; error frequency not claimed by source,misconception-catalogue-recovered-v1.0.0,CANDIDATE_PREDEPLOY_CONTENT_REVIEW,NOT_YET_OBSERVED__STAGE27_CALIBRATION,c8e2c688-3be4-5466-bfc7-528331fde06a,OVERGENERALIZATION,تعمیم بیش‌ازحد قاعده,"قاعدهٔ هدف «pour que, afin que, de sorte que در معنای هدف subjonctif می‌گیرند.» را بدون توجه به شرط، نقش یا محدودیت بافتی زیرموضوع «پیوندهای هدف» به همهٔ موارد مشابه تعمیم می‌دهد.",ساخت distractor با اجرای قاعدهٔ عمومی در جایی که شرط دقیق subtopic آن را مجاز نمی‌کند.,اگر کاربر این گزینه را انتخاب کند، احتمالاً قاعده را می‌داند اما دامنهٔ کاربرد آن را بیش از حد گسترده گرفته است.,CORE,
5a20dade-1724-4c8a-887c-14dee287c1a2,51,LE SUBJONCTIF,2f0ccaf6-f14d-4954-b2f6-993a21c2e0d0,L51-S16,Conjonctions de but,پیوندهای هدف,CAT03,SUB06,MOOD_CONDITION,وجه و شرط,Lesson 51; printed p. 248,Stage1 rule text + Stage2 classification; error frequency not claimed by source,misconception-catalogue-recovered-v1.0.0,CANDIDATE_PREDEPLOY_CONTENT_REVIEW,NOT_YET_OBSERVED__STAGE27_CALIBRATION,236e3766-92e8-58aa-840e-0d0daf14f2cf,NEAR_FORM_CONFUSION,اشتباه با فرم/قاعده نزدیک,وجه یا ساخت شرطی نزدیک را در محیطی به‌کار می‌برد که شرط/نگرش جمله آن را مجاز نمی‌کند.,یک فرم واقعی و نزدیک از همان خانواده انتخاب شود؛ فرم باید در context دیگری معتبر باشد ولی اینجا به‌طور قطعی غلط باشد.,انتخاب آن نشان می‌دهد تمایز میان قاعده هدف و همسایهٔ نزدیک هنوز پایدار نشده است.,CORE,
5a20dade-1724-4c8a-887c-14dee287c1a2,51,LE SUBJONCTIF,2f0ccaf6-f14d-4954-b2f6-993a21c2e0d0,L51-S16,Conjonctions de but,پیوندهای هدف,CAT03,SUB06,MOOD_CONDITION,وجه و شرط,Lesson 51; printed p. 248,Stage1 rule text + Stage2 classification; error frequency not claimed by source,misconception-catalogue-recovered-v1.0.0,CANDIDATE_PREDEPLOY_CONTENT_REVIEW,NOT_YET_OBSERVED__STAGE27_CALIBRATION,bad9b97f-d28e-52ee-aa38-e1b791affd3b,CONTEXT_ROLE_MISMATCH,انتقال قاعده درست به context نادرست,قاعده درستِ یک نوع شرط/وجه را به نوع دیگری از شرط، نگرش یا واقعیت منتقل می‌کند.,distractor از قاعده‌ای ساخته شود که به‌خودی‌خود معتبر است، اما نقش/مرجع/زمان/register این context با آن سازگار نیست.,انتخاب آن نشانهٔ تحلیل ناکافی context یا نقش دستوری است، نه صرفاً ندانستن شکل ظاهری.,CORE,
5a20dade-1724-4c8a-887c-14dee287c1a2,51,LE SUBJONCTIF,d9824c46-77b1-4629-8ee4-8b9eaccca644,L51-S17,Conjonctions de crainte,پیوندهای ترس,CAT03,SUB06,MOOD_CONDITION,وجه و شرط,Lesson 51; printed p. 248,Stage1 rule text + Stage2 classification; error frequency not claimed by source,misconception-catalogue-recovered-v1.0.0,CANDIDATE_PREDEPLOY_CONTENT_REVIEW,NOT_YET_OBSERVED__STAGE27_CALIBRATION,5b572a89-9a0c-583e-b769-51aa32869f35,OVERGENERALIZATION,تعمیم بیش‌ازحد قاعده,قاعدهٔ هدف «de crainte que / de peur que با subjonctif می‌آیند و ممکن است ne stylistique داشته باشند.» را بدون توجه به شرط، نقش یا محدودیت بافتی زیرموضوع «پیوندهای ترس» به همهٔ موارد مشابه تعمیم می‌دهد.,ساخت distractor با اجرای قاعدهٔ عمومی در جایی که شرط دقیق subtopic آن را مجاز نمی‌کند.,اگر کاربر این گزینه را انتخاب کند، احتمالاً قاعده را می‌داند اما دامنهٔ کاربرد آن را بیش از حد گسترده گرفته است.,CORE,
5a20dade-1724-4c8a-887c-14dee287c1a2,51,LE SUBJONCTIF,d9824c46-77b1-4629-8ee4-8b9eaccca644,L51-S17,Conjonctions de crainte,پیوندهای ترس,CAT03,SUB06,MOOD_CONDITION,وجه و شرط,Lesson 51; printed p. 248,Stage1 rule text + Stage2 classification; error frequency not claimed by source,misconception-catalogue-recovered-v1.0.0,CANDIDATE_PREDEPLOY_CONTENT_REVIEW,NOT_YET_OBSERVED__STAGE27_CALIBRATION,efc091ea-66f1-556f-bdf2-e26654ada40c,NEAR_FORM_CONFUSION,اشتباه با فرم/قاعده نزدیک,وجه یا ساخت شرطی نزدیک را در محیطی به‌کار می‌برد که شرط/نگرش جمله آن را مجاز نمی‌کند.,یک فرم واقعی و نزدیک از همان خانواده انتخاب شود؛ فرم باید در context دیگری معتبر باشد ولی اینجا به‌طور قطعی غلط باشد.,انتخاب آن نشان می‌دهد تمایز میان قاعده هدف و همسایهٔ نزدیک هنوز پایدار نشده است.,CORE,
5a20dade-1724-4c8a-887c-14dee287c1a2,51,LE SUBJONCTIF,d9824c46-77b1-4629-8ee4-8b9eaccca644,L51-S17,Conjonctions de crainte,پیوندهای ترس,CAT03,SUB06,MOOD_CONDITION,وجه و شرط,Lesson 51; printed p. 248,Stage1 rule text + Stage2 classification; error frequency not claimed by source,misconception-catalogue-recovered-v1.0.0,CANDIDATE_PREDEPLOY_CONTENT_REVIEW,NOT_YET_OBSERVED__STAGE27_CALIBRATION,f1f31cef-4b42-5e71-8c5b-0b9cf4db1735,CONTEXT_ROLE_MISMATCH,انتقال قاعده درست به context نادرست,قاعده درستِ یک نوع شرط/وجه را به نوع دیگری از شرط، نگرش یا واقعیت منتقل می‌کند.,distractor از قاعده‌ای ساخته شود که به‌خودی‌خود معتبر است، اما نقش/مرجع/زمان/register این context با آن سازگار نیست.,انتخاب آن نشانهٔ تحلیل ناکافی context یا نقش دستوری است، نه صرفاً ندانستن شکل ظاهری.,CORE,
5a20dade-1724-4c8a-887c-14dee287c1a2,51,LE SUBJONCTIF,7366a44f-a768-46b9-a74d-7e39ee839887,L51-S18,Conjonctions temporelles,پیوندهای زمانی subjonctif,CAT03,SUB06,MOOD_CONDITION,وجه و شرط,Lesson 51; printed p. 248,Stage1 rule text + Stage2 classification; error frequency not claimed by source,misconception-catalogue-recovered-v1.0.0,CANDIDATE_PREDEPLOY_CONTENT_REVIEW,NOT_YET_OBSERVED__STAGE27_CALIBRATION,f84900a9-c8e2-5df5-aacd-6d3b7d5aedf1,OVERGENERALIZATION,تعمیم بیش‌ازحد قاعده,"قاعدهٔ هدف «jusqu’à ce que, en attendant que, avant que subjonctif می‌گیرند.» را بدون توجه به شرط، نقش یا محدودیت بافتی زیرموضوع «پیوندهای زمانی subjonctif» به همهٔ موارد مشابه تعمیم می‌دهد.",ساخت distractor با اجرای قاعدهٔ عمومی در جایی که شرط دقیق subtopic آن را مجاز نمی‌کند.,اگر کاربر این گزینه را انتخاب کند، احتمالاً قاعده را می‌داند اما دامنهٔ کاربرد آن را بیش از حد گسترده گرفته است.,CORE,
5a20dade-1724-4c8a-887c-14dee287c1a2,51,LE SUBJONCTIF,7366a44f-a768-46b9-a74d-7e39ee839887,L51-S18,Conjonctions temporelles,پیوندهای زمانی subjonctif,CAT03,SUB06,MOOD_CONDITION,وجه و شرط,Lesson 51; printed p. 248,Stage1 rule text + Stage2 classification; error frequency not claimed by source,misconception-catalogue-recovered-v1.0.0,CANDIDATE_PREDEPLOY_CONTENT_REVIEW,NOT_YET_OBSERVED__STAGE27_CALIBRATION,f233b80c-cc7a-558e-ac89-cf3fb075588a,NEAR_FORM_CONFUSION,اشتباه با فرم/قاعده نزدیک,وجه یا ساخت شرطی نزدیک را در محیطی به‌کار می‌برد که شرط/نگرش جمله آن را مجاز نمی‌کند.,یک فرم واقعی و نزدیک از همان خانواده انتخاب شود؛ فرم باید در context دیگری معتبر باشد ولی اینجا به‌طور قطعی غلط باشد.,انتخاب آن نشان می‌دهد تمایز میان قاعده هدف و همسایهٔ نزدیک هنوز پایدار نشده است.,CORE,
5a20dade-1724-4c8a-887c-14dee287c1a2,51,LE SUBJONCTIF,7366a44f-a768-46b9-a74d-7e39ee839887,L51-S18,Conjonctions temporelles,پیوندهای زمانی subjonctif,CAT03,SUB06,MOOD_CONDITION,وجه و شرط,Lesson 51; printed p. 248,Stage1 rule text + Stage2 classification; error frequency not claimed by source,misconception-catalogue-recovered-v1.0.0,CANDIDATE_PREDEPLOY_CONTENT_REVIEW,NOT_YET_OBSERVED__STAGE27_CALIBRATION,f0e5be03-d626-5807-bd93-e4599f1d6b48,CONTEXT_ROLE_MISMATCH,انتقال قاعده درست به context نادرست,قاعده درستِ یک نوع شرط/وجه را به نوع دیگری از شرط، نگرش یا واقعیت منتقل می‌کند.,distractor از قاعده‌ای ساخته شود که به‌خودی‌خود معتبر است، اما نقش/مرجع/زمان/register این context با آن سازگار نیست.,انتخاب آن نشانهٔ تحلیل ناکافی context یا نقش دستوری است، نه صرفاً ندانستن شکل ظاهری.,CORE,
5a20dade-1724-4c8a-887c-14dee287c1a2,51,LE SUBJONCTIF,abb15f0c-4193-4080-8ef6-ae53faca02cc,L51-S19,Concession/restriction,محدودیت/امتیاز,CAT03,SUB06,MOOD_CONDITION,وجه و شرط,Lesson 51; printed p. 248,Stage1 rule text + Stage2 classification; error frequency not claimed by source,misconception-catalogue-recovered-v1.0.0,CANDIDATE_PREDEPLOY_CONTENT_REVIEW,NOT_YET_OBSERVED__STAGE27_CALIBRATION,7b3f7574-2ad6-5efd-868c-e3f96ff20c96,OVERGENERALIZATION,تعمیم بیش‌ازحد قاعده,قاعدهٔ هدف «bien que و à moins que subjonctif می‌گیرند.» را بدون توجه به شرط، نقش یا محدودیت بافتی زیرموضوع «محدودیت/امتیاز» به همهٔ موارد مشابه تعمیم می‌دهد.,ساخت distractor با اجرای قاعدهٔ عمومی در جایی که شرط دقیق subtopic آن را مجاز نمی‌کند.,اگر کاربر این گزینه را انتخاب کند، احتمالاً قاعده را می‌داند اما دامنهٔ کاربرد آن را بیش از حد گسترده گرفته است.,CORE,
5a20dade-1724-4c8a-887c-14dee287c1a2,51,LE SUBJONCTIF,abb15f0c-4193-4080-8ef6-ae53faca02cc,L51-S19,Concession/restriction,محدودیت/امتیاز,CAT03,SUB06,MOOD_CONDITION,وجه و شرط,Lesson 51; printed p. 248,Stage1 rule text + Stage2 classification; error frequency not claimed by source,misconception-catalogue-recovered-v1.0.0,CANDIDATE_PREDEPLOY_CONTENT_REVIEW,NOT_YET_OBSERVED__STAGE27_CALIBRATION,01679225-16ee-5897-8b7f-f68c84113a70,NEAR_FORM_CONFUSION,اشتباه با فرم/قاعده نزدیک,وجه یا ساخت شرطی نزدیک را در محیطی به‌کار می‌برد که شرط/نگرش جمله آن را مجاز نمی‌کند.,یک فرم واقعی و نزدیک از همان خانواده انتخاب شود؛ فرم باید در context دیگری معتبر باشد ولی اینجا به‌طور قطعی غلط باشد.,انتخاب آن نشان می‌دهد تمایز میان قاعده هدف و همسایهٔ نزدیک هنوز پایدار نشده است.,CORE,
5a20dade-1724-4c8a-887c-14dee287c1a2,51,LE SUBJONCTIF,abb15f0c-4193-4080-8ef6-ae53faca02cc,L51-S19,Concession/restriction,محدودیت/امتیاز,CAT03,SUB06,MOOD_CONDITION,وجه و شرط,Lesson 51; printed p. 248,Stage1 rule text + Stage2 classification; error frequency not claimed by source,misconception-catalogue-recovered-v1.0.0,CANDIDATE_PREDEPLOY_CONTENT_REVIEW,NOT_YET_OBSERVED__STAGE27_CALIBRATION,612d53c8-01cd-53fa-ba9f-bdcec5788cb8,CONTEXT_ROLE_MISMATCH,انتقال قاعده درست به context نادرست,قاعده درستِ یک نوع شرط/وجه را به نوع دیگری از شرط، نگرش یا واقعیت منتقل می‌کند.,distractor از قاعده‌ای ساخته شود که به‌خودی‌خود معتبر است، اما نقش/مرجع/زمان/register این context با آن سازگار نیست.,انتخاب آن نشانهٔ تحلیل ناکافی context یا نقش دستوری است، نه صرفاً ندانستن شکل ظاهری.,CORE,
5a20dade-1724-4c8a-887c-14dee287c1a2,51,LE SUBJONCTIF,2907ecc0-4788-48ed-ab94-746665c228a1,L51-S20,Condition + subjonctif,شرط با subjonctif,CAT03,SUB06,MOOD_CONDITION,وجه و شرط,Lesson 51; printed p. 248,Stage1 rule text + Stage2 classification; error frequency not claimed by source,misconception-catalogue-recovered-v1.0.0,CANDIDATE_PREDEPLOY_CONTENT_REVIEW,NOT_YET_OBSERVED__STAGE27_CALIBRATION,cee1059a-4b81-51ad-b52d-4e6bd3af9b40,OVERGENERALIZATION,تعمیم بیش‌ازحد قاعده,قاعدهٔ هدف «à condition que و pourvu que subjonctif می‌گیرند.» را بدون توجه به شرط، نقش یا محدودیت بافتی زیرموضوع «شرط با subjonctif» به همهٔ موارد مشابه تعمیم می‌دهد.,ساخت distractor با اجرای قاعدهٔ عمومی در جایی که شرط دقیق subtopic آن را مجاز نمی‌کند.,اگر کاربر این گزینه را انتخاب کند، احتمالاً قاعده را می‌داند اما دامنهٔ کاربرد آن را بیش از حد گسترده گرفته است.,CORE,
5a20dade-1724-4c8a-887c-14dee287c1a2,51,LE SUBJONCTIF,2907ecc0-4788-48ed-ab94-746665c228a1,L51-S20,Condition + subjonctif,شرط با subjonctif,CAT03,SUB06,MOOD_CONDITION,وجه و شرط,Lesson 51; printed p. 248,Stage1 rule text + Stage2 classification; error frequency not claimed by source,misconception-catalogue-recovered-v1.0.0,CANDIDATE_PREDEPLOY_CONTENT_REVIEW,NOT_YET_OBSERVED__STAGE27_CALIBRATION,a45f5a1b-5e7b-58ed-95f6-92840871522f,NEAR_FORM_CONFUSION,اشتباه با فرم/قاعده نزدیک,وجه یا ساخت شرطی نزدیک را در محیطی به‌کار می‌برد که شرط/نگرش جمله آن را مجاز نمی‌کند.,یک فرم واقعی و نزدیک از همان خانواده انتخاب شود؛ فرم باید در context دیگری معتبر باشد ولی اینجا به‌طور قطعی غلط باشد.,انتخاب آن نشان می‌دهد تمایز میان قاعده هدف و همسایهٔ نزدیک هنوز پایدار نشده است.,CORE,
5a20dade-1724-4c8a-887c-14dee287c1a2,51,LE SUBJONCTIF,2907ecc0-4788-48ed-ab94-746665c228a1,L51-S20,Condition + subjonctif,شرط با subjonctif,CAT03,SUB06,MOOD_CONDITION,وجه و شرط,Lesson 51; printed p. 248,Stage1 rule text + Stage2 classification; error frequency not claimed by source,misconception-catalogue-recovered-v1.0.0,CANDIDATE_PREDEPLOY_CONTENT_REVIEW,NOT_YET_OBSERVED__STAGE27_CALIBRATION,4af4d47a-545a-54e8-816b-616ae90548a6,CONTEXT_ROLE_MISMATCH,انتقال قاعده درست به context نادرست,قاعده درستِ یک نوع شرط/وجه را به نوع دیگری از شرط، نگرش یا واقعیت منتقل می‌کند.,distractor از قاعده‌ای ساخته شود که به‌خودی‌خود معتبر است، اما نقش/مرجع/زمان/register این context با آن سازگار نیست.,انتخاب آن نشانهٔ تحلیل ناکافی context یا نقش دستوری است، نه صرفاً ندانستن شکل ظاهری.,CORE,
f0a5d28c-4b03-42c8-bd92-0708737ab3f1,52,LES RELATIONS LOGIQUES,79e6796e-5cd8-48d1-a54c-9bf3d30b878d,L52-S01,Cause avec « parce que »,علت با parce que,CAT11,SUB27,RELATIVE_CLAUSE,جمله و ضمیر نسبی,Lesson 52; printed p. 250,Stage1 rule text + Stage2 classification; error frequency not claimed by source,misconception-catalogue-recovered-v1.0.0,CANDIDATE_PREDEPLOY_CONTENT_REVIEW,NOT_YET_OBSERVED__STAGE27_CALIBRATION,32008a47-23cf-568d-bdce-0dee2928debc,OVERGENERALIZATION,تعمیم بیش‌ازحد قاعده,قاعدهٔ هدف «parce que علت مستقیم را معمولاً پس از جملهٔ اصلی می‌آورد و به Pourquoi ? پاسخ می‌دهد.» را بدون توجه به شرط، نقش یا محدودیت بافتی زیرموضوع «علت با parce que» به همهٔ موارد مشابه تعمیم می‌دهد.,ساخت distractor با اجرای قاعدهٔ عمومی در جایی که شرط دقیق subtopic آن را مجاز نمی‌کند.,اگر کاربر این گزینه را انتخاب کند، احتمالاً قاعده را می‌داند اما دامنهٔ کاربرد آن را بیش از حد گسترده گرفته است.,CORE,
f0a5d28c-4b03-42c8-bd92-0708737ab3f1,52,LES RELATIONS LOGIQUES,79e6796e-5cd8-48d1-a54c-9bf3d30b878d,L52-S01,Cause avec « parce que »,علت با parce que,CAT11,SUB27,RELATIVE_CLAUSE,جمله و ضمیر نسبی,Lesson 52; printed p. 250,Stage1 rule text + Stage2 classification; error frequency not claimed by source,misconception-catalogue-recovered-v1.0.0,CANDIDATE_PREDEPLOY_CONTENT_REVIEW,NOT_YET_OBSERVED__STAGE27_CALIBRATION,5be4ed26-bda3-5ec4-b65e-e2027e3e500f,NEAR_FORM_CONFUSION,اشتباه با فرم/قاعده نزدیک,ضمیر نسبی نزدیک را بدون توجه به نقش در clause یا حرف اضافه/رکسیون antecedent جایگزین می‌کند.,یک فرم واقعی و نزدیک از همان خانواده انتخاب شود؛ فرم باید در context دیگری معتبر باشد ولی اینجا به‌طور قطعی غلط باشد.,انتخاب آن نشان می‌دهد تمایز میان قاعده هدف و همسایهٔ نزدیک هنوز پایدار نشده است.,CORE,
f0a5d28c-4b03-42c8-bd92-0708737ab3f1,52,LES RELATIONS LOGIQUES,79e6796e-5cd8-48d1-a54c-9bf3d30b878d,L52-S01,Cause avec « parce que »,علت با parce que,CAT11,SUB27,RELATIVE_CLAUSE,جمله و ضمیر نسبی,Lesson 52; printed p. 250,Stage1 rule text + Stage2 classification; error frequency not claimed by source,misconception-catalogue-recovered-v1.0.0,CANDIDATE_PREDEPLOY_CONTENT_REVIEW,NOT_YET_OBSERVED__STAGE27_CALIBRATION,ba2cb5ab-6543-5783-b4a3-9e3f6380763e,CONTEXT_ROLE_MISMATCH,انتقال قاعده درست به context نادرست,ضمیر نسبی درست برای نقش نحوی دیگری را به clause فعلی منتقل می‌کند.,distractor از قاعده‌ای ساخته شود که به‌خودی‌خود معتبر است، اما نقش/مرجع/زمان/register این context با آن سازگار نیست.,انتخاب آن نشانهٔ تحلیل ناکافی context یا نقش دستوری است، نه صرفاً ندانستن شکل ظاهری.,CORE,
f0a5d28c-4b03-42c8-bd92-0708737ab3f1,52,LES RELATIONS LOGIQUES,6b4a785a-d16d-4a91-9f66-3e8c1da66869,L52-S02,Cause avec « comme »,علت با comme,CAT11,SUB27,GENERAL_GRAMMAR,گرامر عمومی,Lesson 52; printed p. 250,Stage1 rule text + Stage2 classification; error frequency not claimed by source,misconception-catalogue-recovered-v1.0.0,CANDIDATE_PREDEPLOY_CONTENT_REVIEW,NOT_YET_OBSERVED__STAGE27_CALIBRATION,6f27994e-134d-5f9a-8095-353f6360599d,OVERGENERALIZATION,تعمیم بیش‌ازحد قاعده,قاعدهٔ هدف «comme علت را در ابتدای جمله می‌آورد.» را بدون توجه به شرط، نقش یا محدودیت بافتی زیرموضوع «علت با comme» به همهٔ موارد مشابه تعمیم می‌دهد.,ساخت distractor با اجرای قاعدهٔ عمومی در جایی که شرط دقیق subtopic آن را مجاز نمی‌کند.,اگر کاربر این گزینه را انتخاب کند، احتمالاً قاعده را می‌داند اما دامنهٔ کاربرد آن را بیش از حد گسترده گرفته است.,CORE,
f0a5d28c-4b03-42c8-bd92-0708737ab3f1,52,LES RELATIONS LOGIQUES,6b4a785a-d16d-4a91-9f66-3e8c1da66869,L52-S02,Cause avec « comme »,علت با comme,CAT11,SUB27,GENERAL_GRAMMAR,گرامر عمومی,Lesson 52; printed p. 250,Stage1 rule text + Stage2 classification; error frequency not claimed by source,misconception-catalogue-recovered-v1.0.0,CANDIDATE_PREDEPLOY_CONTENT_REVIEW,NOT_YET_OBSERVED__STAGE27_CALIBRATION,12153ef8-6afd-5d36-8eb3-ac484d214ba0,NEAR_FORM_CONFUSION,اشتباه با فرم/قاعده نزدیک,ساخت گرامری نزدیک و در ظاهر معتبر را به‌جای ساخت هدف انتخاب می‌کند.,یک فرم واقعی و نزدیک از همان خانواده انتخاب شود؛ فرم باید در context دیگری معتبر باشد ولی اینجا به‌طور قطعی غلط باشد.,انتخاب آن نشان می‌دهد تمایز میان قاعده هدف و همسایهٔ نزدیک هنوز پایدار نشده است.,CORE,
f0a5d28c-4b03-42c8-bd92-0708737ab3f1,52,LES RELATIONS LOGIQUES,6b4a785a-d16d-4a91-9f66-3e8c1da66869,L52-S02,Cause avec « comme »,علت با comme,CAT11,SUB27,GENERAL_GRAMMAR,گرامر عمومی,Lesson 52; printed p. 250,Stage1 rule text + Stage2 classification; error frequency not claimed by source,misconception-catalogue-recovered-v1.0.0,CANDIDATE_PREDEPLOY_CONTENT_REVIEW,NOT_YET_OBSERVED__STAGE27_CALIBRATION,d3f549a1-1e67-5b36-ac47-4f7d453d2bf9,CONTEXT_ROLE_MISMATCH,انتقال قاعده درست به context نادرست,قاعده‌ای که به‌خودی‌خود معتبر است را در نقش، زمان، مرجع یا context نامتناسب به‌کار می‌برد.,distractor از قاعده‌ای ساخته شود که به‌خودی‌خود معتبر است، اما نقش/مرجع/زمان/register این context با آن سازگار نیست.,انتخاب آن نشانهٔ تحلیل ناکافی context یا نقش دستوری است، نه صرفاً ندانستن شکل ظاهری.,CORE,
f0a5d28c-4b03-42c8-bd92-0708737ab3f1,52,LES RELATIONS LOGIQUES,4f014767-524c-42c7-aee1-9c563ca1f529,L52-S03,Cause connue avec « puisque »,علت معلوم با puisque,CAT11,SUB27,GENERAL_GRAMMAR,گرامر عمومی,Lesson 52; printed p. 250,Stage1 rule text + Stage2 classification; error frequency not claimed by source,misconception-catalogue-recovered-v1.0.0,CANDIDATE_PREDEPLOY_CONTENT_REVIEW,NOT_YET_OBSERVED__STAGE27_CALIBRATION,ea82a1d9-969b-564f-adf3-3c6a110bea7c,OVERGENERALIZATION,تعمیم بیش‌ازحد قاعده,قاعدهٔ هدف «puisque علتی را بیان می‌کند که برای مخاطب معلوم یا بدیهی فرض می‌شود.» را بدون توجه به شرط، نقش یا محدودیت بافتی زیرموضوع «علت معلوم با puisque» به همهٔ موارد مشابه تعمیم می‌دهد.,ساخت distractor با اجرای قاعدهٔ عمومی در جایی که شرط دقیق subtopic آن را مجاز نمی‌کند.,اگر کاربر این گزینه را انتخاب کند، احتمالاً قاعده را می‌داند اما دامنهٔ کاربرد آن را بیش از حد گسترده گرفته است.,CORE,
f0a5d28c-4b03-42c8-bd92-0708737ab3f1,52,LES RELATIONS LOGIQUES,4f014767-524c-42c7-aee1-9c563ca1f529,L52-S03,Cause connue avec « puisque »,علت معلوم با puisque,CAT11,SUB27,GENERAL_GRAMMAR,گرامر عمومی,Lesson 52; printed p. 250,Stage1 rule text + Stage2 classification; error frequency not claimed by source,misconception-catalogue-recovered-v1.0.0,CANDIDATE_PREDEPLOY_CONTENT_REVIEW,NOT_YET_OBSERVED__STAGE27_CALIBRATION,253a1e40-54b4-5e53-8d5c-a3e031c4b7b5,NEAR_FORM_CONFUSION,اشتباه با فرم/قاعده نزدیک,ساخت گرامری نزدیک و در ظاهر معتبر را به‌جای ساخت هدف انتخاب می‌کند.,یک فرم واقعی و نزدیک از همان خانواده انتخاب شود؛ فرم باید در context دیگری معتبر باشد ولی اینجا به‌طور قطعی غلط باشد.,انتخاب آن نشان می‌دهد تمایز میان قاعده هدف و همسایهٔ نزدیک هنوز پایدار نشده است.,CORE,
f0a5d28c-4b03-42c8-bd92-0708737ab3f1,52,LES RELATIONS LOGIQUES,4f014767-524c-42c7-aee1-9c563ca1f529,L52-S03,Cause connue avec « puisque »,علت معلوم با puisque,CAT11,SUB27,GENERAL_GRAMMAR,گرامر عمومی,Lesson 52; printed p. 250,Stage1 rule text + Stage2 classification; error frequency not claimed by source,misconception-catalogue-recovered-v1.0.0,CANDIDATE_PREDEPLOY_CONTENT_REVIEW,NOT_YET_OBSERVED__STAGE27_CALIBRATION,adac3c22-0951-5a57-a5c4-d87a49bf4948,CONTEXT_ROLE_MISMATCH,انتقال قاعده درست به context نادرست,قاعده‌ای که به‌خودی‌خود معتبر است را در نقش، زمان، مرجع یا context نامتناسب به‌کار می‌برد.,distractor از قاعده‌ای ساخته شود که به‌خودی‌خود معتبر است، اما نقش/مرجع/زمان/register این context با آن سازگار نیست.,انتخاب آن نشانهٔ تحلیل ناکافی context یا نقش دستوری است، نه صرفاً ندانستن شکل ظاهری.,CORE,
f0a5d28c-4b03-42c8-bd92-0708737ab3f1,52,LES RELATIONS LOGIQUES,f284b2fe-e509-45fc-9226-1862e2cc3b3f,L52-S04,« car/en effet »,car/en effet,CAT11,SUB27,GENERAL_GRAMMAR,گرامر عمومی,Lesson 52; printed p. 250,Stage1 rule text + Stage2 classification; error frequency not claimed by source,misconception-catalogue-recovered-v1.0.0,CANDIDATE_PREDEPLOY_CONTENT_REVIEW,NOT_YET_OBSERVED__STAGE27_CALIBRATION,7aef0b50-9e11-52f3-a7f9-4ccbbacb951d,OVERGENERALIZATION,تعمیم بیش‌ازحد قاعده,قاعدهٔ هدف «car و en effet بیشتر در نوشتار برای توضیح/توجیه به‌کار می‌روند.» را بدون توجه به شرط، نقش یا محدودیت بافتی زیرموضوع «car/en effet» به همهٔ موارد مشابه تعمیم می‌دهد.,ساخت distractor با اجرای قاعدهٔ عمومی در جایی که شرط دقیق subtopic آن را مجاز نمی‌کند.,اگر کاربر این گزینه را انتخاب کند، احتمالاً قاعده را می‌داند اما دامنهٔ کاربرد آن را بیش از حد گسترده گرفته است.,CORE,
f0a5d28c-4b03-42c8-bd92-0708737ab3f1,52,LES RELATIONS LOGIQUES,f284b2fe-e509-45fc-9226-1862e2cc3b3f,L52-S04,« car/en effet »,car/en effet,CAT11,SUB27,GENERAL_GRAMMAR,گرامر عمومی,Lesson 52; printed p. 250,Stage1 rule text + Stage2 classification; error frequency not claimed by source,misconception-catalogue-recovered-v1.0.0,CANDIDATE_PREDEPLOY_CONTENT_REVIEW,NOT_YET_OBSERVED__STAGE27_CALIBRATION,8b8d4678-6064-5295-9a5b-d626da1b564b,NEAR_FORM_CONFUSION,اشتباه با فرم/قاعده نزدیک,ساخت گرامری نزدیک و در ظاهر معتبر را به‌جای ساخت هدف انتخاب می‌کند.,یک فرم واقعی و نزدیک از همان خانواده انتخاب شود؛ فرم باید در context دیگری معتبر باشد ولی اینجا به‌طور قطعی غلط باشد.,انتخاب آن نشان می‌دهد تمایز میان قاعده هدف و همسایهٔ نزدیک هنوز پایدار نشده است.,CORE,
f0a5d28c-4b03-42c8-bd92-0708737ab3f1,52,LES RELATIONS LOGIQUES,f284b2fe-e509-45fc-9226-1862e2cc3b3f,L52-S04,« car/en effet »,car/en effet,CAT11,SUB27,GENERAL_GRAMMAR,گرامر عمومی,Lesson 52; printed p. 250,Stage1 rule text + Stage2 classification; error frequency not claimed by source,misconception-catalogue-recovered-v1.0.0,CANDIDATE_PREDEPLOY_CONTENT_REVIEW,NOT_YET_OBSERVED__STAGE27_CALIBRATION,707d6378-8e84-5461-969b-ae962e5515ca,CONTEXT_ROLE_MISMATCH,انتقال قاعده درست به context نادرست,قاعده‌ای که به‌خودی‌خود معتبر است را در نقش، زمان، مرجع یا context نامتناسب به‌کار می‌برد.,distractor از قاعده‌ای ساخته شود که به‌خودی‌خود معتبر است، اما نقش/مرجع/زمان/register این context با آن سازگار نیست.,انتخاب آن نشانهٔ تحلیل ناکافی context یا نقش دستوری است، نه صرفاً ندانستن شکل ظاهری.,CORE,
f0a5d28c-4b03-42c8-bd92-0708737ab3f1,52,LES RELATIONS LOGIQUES,cd1de3b1-1b25-4b7c-843b-3f3542601b43,L52-S05,« à cause de » vs « grâce à »,à cause de در برابر grâce à,CAT11,SUB27,GENERAL_GRAMMAR,گرامر عمومی,Lesson 52; printed p. 250,Stage1 rule text + Stage2 classification; error frequency not claimed by source,misconception-catalogue-recovered-v1.0.0,CANDIDATE_PREDEPLOY_CONTENT_REVIEW,NOT_YET_OBSERVED__STAGE27_CALIBRATION,a7ce211f-96b7-5990-ab04-85d80d5d77e1,OVERGENERALIZATION,تعمیم بیش‌ازحد قاعده,قاعدهٔ هدف «à cause de + nom علت با نتیجهٔ نامطلوب/خنثی و grâce à + nom علت مثبت را بیان می‌کند.» را بدون توجه به شرط، نقش یا محدودیت بافتی زیرموضوع «à cause de در برابر grâce à» به همهٔ موارد مشابه تعمیم می‌دهد.,ساخت distractor با اجرای قاعدهٔ عمومی در جایی که شرط دقیق subtopic آن را مجاز نمی‌کند.,اگر کاربر این گزینه را انتخاب کند، احتمالاً قاعده را می‌داند اما دامنهٔ کاربرد آن را بیش از حد گسترده گرفته است.,CORE,
f0a5d28c-4b03-42c8-bd92-0708737ab3f1,52,LES RELATIONS LOGIQUES,cd1de3b1-1b25-4b7c-843b-3f3542601b43,L52-S05,« à cause de » vs « grâce à »,à cause de در برابر grâce à,CAT11,SUB27,GENERAL_GRAMMAR,گرامر عمومی,Lesson 52; printed p. 250,Stage1 rule text + Stage2 classification; error frequency not claimed by source,misconception-catalogue-recovered-v1.0.0,CANDIDATE_PREDEPLOY_CONTENT_REVIEW,NOT_YET_OBSERVED__STAGE27_CALIBRATION,3aea02bb-c255-5a80-8201-15073e659a4b,NEAR_FORM_CONFUSION,اشتباه با فرم/قاعده نزدیک,ساخت گرامری نزدیک و در ظاهر معتبر را به‌جای ساخت هدف انتخاب می‌کند.,یک فرم واقعی و نزدیک از همان خانواده انتخاب شود؛ فرم باید در context دیگری معتبر باشد ولی اینجا به‌طور قطعی غلط باشد.,انتخاب آن نشان می‌دهد تمایز میان قاعده هدف و همسایهٔ نزدیک هنوز پایدار نشده است.,CORE,
f0a5d28c-4b03-42c8-bd92-0708737ab3f1,52,LES RELATIONS LOGIQUES,cd1de3b1-1b25-4b7c-843b-3f3542601b43,L52-S05,« à cause de » vs « grâce à »,à cause de در برابر grâce à,CAT11,SUB27,GENERAL_GRAMMAR,گرامر عمومی,Lesson 52; printed p. 250,Stage1 rule text + Stage2 classification; error frequency not claimed by source,misconception-catalogue-recovered-v1.0.0,CANDIDATE_PREDEPLOY_CONTENT_REVIEW,NOT_YET_OBSERVED__STAGE27_CALIBRATION,3dd17730-b1d4-5025-9b5e-b6a57d350145,CONTEXT_ROLE_MISMATCH,انتقال قاعده درست به context نادرست,قاعده‌ای که به‌خودی‌خود معتبر است را در نقش، زمان، مرجع یا context نامتناسب به‌کار می‌برد.,distractor از قاعده‌ای ساخته شود که به‌خودی‌خود معتبر است، اما نقش/مرجع/زمان/register این context با آن سازگار نیست.,انتخاب آن نشانهٔ تحلیل ناکافی context یا نقش دستوری است، نه صرفاً ندانستن شکل ظاهری.,CORE,
f0a5d28c-4b03-42c8-bd92-0708737ab3f1,52,LES RELATIONS LOGIQUES,e54f2f7b-da87-4e46-8f9b-02199d0fc984,L52-S06,Conséquence « donc/par conséquent/alors »,نتیجه با donc/par conséquent/alors,CAT11,SUB27,GENERAL_GRAMMAR,گرامر عمومی,Lesson 52; printed p. 252,Stage1 rule text + Stage2 classification; error frequency not claimed by source,misconception-catalogue-recovered-v1.0.0,CANDIDATE_PREDEPLOY_CONTENT_REVIEW,NOT_YET_OBSERVED__STAGE27_CALIBRATION,873faf3f-8a19-533c-993c-d0a0d3ab781f,OVERGENERALIZATION,تعمیم بیش‌ازحد قاعده,قاعدهٔ هدف «donc و par conséquent نتیجه را معرفی می‌کنند؛ alors در زبان جاری بسیار رایج است.» را بدون توجه به شرط، نقش یا محدودیت بافتی زیرموضوع «نتیجه با donc/par conséquent/alors» به همهٔ موارد مشابه تعمیم می‌دهد.,ساخت distractor با اجرای قاعدهٔ عمومی در جایی که شرط دقیق subtopic آن را مجاز نمی‌کند.,اگر کاربر این گزینه را انتخاب کند، احتمالاً قاعده را می‌داند اما دامنهٔ کاربرد آن را بیش از حد گسترده گرفته است.,CORE,
f0a5d28c-4b03-42c8-bd92-0708737ab3f1,52,LES RELATIONS LOGIQUES,e54f2f7b-da87-4e46-8f9b-02199d0fc984,L52-S06,Conséquence « donc/par conséquent/alors »,نتیجه با donc/par conséquent/alors,CAT11,SUB27,GENERAL_GRAMMAR,گرامر عمومی,Lesson 52; printed p. 252,Stage1 rule text + Stage2 classification; error frequency not claimed by source,misconception-catalogue-recovered-v1.0.0,CANDIDATE_PREDEPLOY_CONTENT_REVIEW,NOT_YET_OBSERVED__STAGE27_CALIBRATION,403407ef-bf93-5f74-9b01-7b7543a95b71,NEAR_FORM_CONFUSION,اشتباه با فرم/قاعده نزدیک,ساخت گرامری نزدیک و در ظاهر معتبر را به‌جای ساخت هدف انتخاب می‌کند.,یک فرم واقعی و نزدیک از همان خانواده انتخاب شود؛ فرم باید در context دیگری معتبر باشد ولی اینجا به‌طور قطعی غلط باشد.,انتخاب آن نشان می‌دهد تمایز میان قاعده هدف و همسایهٔ نزدیک هنوز پایدار نشده است.,CORE,
f0a5d28c-4b03-42c8-bd92-0708737ab3f1,52,LES RELATIONS LOGIQUES,e54f2f7b-da87-4e46-8f9b-02199d0fc984,L52-S06,Conséquence « donc/par conséquent/alors »,نتیجه با donc/par conséquent/alors,CAT11,SUB27,GENERAL_GRAMMAR,گرامر عمومی,Lesson 52; printed p. 252,Stage1 rule text + Stage2 classification; error frequency not claimed by source,misconception-catalogue-recovered-v1.0.0,CANDIDATE_PREDEPLOY_CONTENT_REVIEW,NOT_YET_OBSERVED__STAGE27_CALIBRATION,ee54fbea-897f-5819-a80c-ac957db4f9b6,CONTEXT_ROLE_MISMATCH,انتقال قاعده درست به context نادرست,قاعده‌ای که به‌خودی‌خود معتبر است را در نقش، زمان، مرجع یا context نامتناسب به‌کار می‌برد.,distractor از قاعده‌ای ساخته شود که به‌خودی‌خود معتبر است، اما نقش/مرجع/زمان/register این context با آن سازگار نیست.,انتخاب آن نشانهٔ تحلیل ناکافی context یا نقش دستوری است، نه صرفاً ندانستن شکل ظاهری.,CORE,
f0a5d28c-4b03-42c8-bd92-0708737ab3f1,52,LES RELATIONS LOGIQUES,972c84e1-6ed5-41f7-a6db-d6f789bc7c24,L52-S07,Conséquence « si bien que/de sorte que »,نتیجهٔ قابل پیش‌بینی,CAT11,SUB27,GENERAL_GRAMMAR,گرامر عمومی,Lesson 52; printed p. 252,Stage1 rule text + Stage2 classification; error frequency not claimed by source,misconception-catalogue-recovered-v1.0.0,CANDIDATE_PREDEPLOY_CONTENT_REVIEW,NOT_YET_OBSERVED__STAGE27_CALIBRATION,19126959-311b-5b9b-9df7-0f3041dbcd71,OVERGENERALIZATION,تعمیم بیش‌ازحد قاعده,قاعدهٔ هدف «si bien que و de sorte que می‌توانند نتیجهٔ واقعی/قابل‌پیش‌بینی را بیان کنند.» را بدون توجه به شرط، نقش یا محدودیت بافتی زیرموضوع «نتیجهٔ قابل پیش‌بینی» به همهٔ موارد مشابه تعمیم می‌دهد.,ساخت distractor با اجرای قاعدهٔ عمومی در جایی که شرط دقیق subtopic آن را مجاز نمی‌کند.,اگر کاربر این گزینه را انتخاب کند، احتمالاً قاعده را می‌داند اما دامنهٔ کاربرد آن را بیش از حد گسترده گرفته است.,CORE,
f0a5d28c-4b03-42c8-bd92-0708737ab3f1,52,LES RELATIONS LOGIQUES,972c84e1-6ed5-41f7-a6db-d6f789bc7c24,L52-S07,Conséquence « si bien que/de sorte que »,نتیجهٔ قابل پیش‌بینی,CAT11,SUB27,GENERAL_GRAMMAR,گرامر عمومی,Lesson 52; printed p. 252,Stage1 rule text + Stage2 classification; error frequency not claimed by source,misconception-catalogue-recovered-v1.0.0,CANDIDATE_PREDEPLOY_CONTENT_REVIEW,NOT_YET_OBSERVED__STAGE27_CALIBRATION,03890fbd-3c21-5396-8dc7-b55799ebd2cb,NEAR_FORM_CONFUSION,اشتباه با فرم/قاعده نزدیک,ساخت گرامری نزدیک و در ظاهر معتبر را به‌جای ساخت هدف انتخاب می‌کند.,یک فرم واقعی و نزدیک از همان خانواده انتخاب شود؛ فرم باید در context دیگری معتبر باشد ولی اینجا به‌طور قطعی غلط باشد.,انتخاب آن نشان می‌دهد تمایز میان قاعده هدف و همسایهٔ نزدیک هنوز پایدار نشده است.,CORE,
f0a5d28c-4b03-42c8-bd92-0708737ab3f1,52,LES RELATIONS LOGIQUES,972c84e1-6ed5-41f7-a6db-d6f789bc7c24,L52-S07,Conséquence « si bien que/de sorte que »,نتیجهٔ قابل پیش‌بینی,CAT11,SUB27,GENERAL_GRAMMAR,گرامر عمومی,Lesson 52; printed p. 252,Stage1 rule text + Stage2 classification; error frequency not claimed by source,misconception-catalogue-recovered-v1.0.0,CANDIDATE_PREDEPLOY_CONTENT_REVIEW,NOT_YET_OBSERVED__STAGE27_CALIBRATION,3c389192-811c-513c-b6e8-ed3865d6d00f,CONTEXT_ROLE_MISMATCH,انتقال قاعده درست به context نادرست,قاعده‌ای که به‌خودی‌خود معتبر است را در نقش، زمان، مرجع یا context نامتناسب به‌کار می‌برد.,distractor از قاعده‌ای ساخته شود که به‌خودی‌خود معتبر است، اما نقش/مرجع/زمان/register این context با آن سازگار نیست.,انتخاب آن نشانهٔ تحلیل ناکافی context یا نقش دستوری است، نه صرفاً ندانستن شکل ظاهری.,CORE,
f0a5d28c-4b03-42c8-bd92-0708737ab3f1,52,LES RELATIONS LOGIQUES,b99f1549-c029-4b09-aac6-fe78a924dc8e,L52-S08,« c’est pourquoi / c’est pour ça que / raison pour laquelle »,ساخت‌های نتیجه,CAT11,SUB27,GENERAL_GRAMMAR,گرامر عمومی,Lesson 52; printed p. 252,Stage1 rule text + Stage2 classification; error frequency not claimed by source,misconception-catalogue-recovered-v1.0.0,CANDIDATE_PREDEPLOY_CONTENT_REVIEW,NOT_YET_OBSERVED__STAGE27_CALIBRATION,0f9fa4a3-c9d8-55cc-b7e7-b95ac47d4d56,OVERGENERALIZATION,تعمیم بیش‌ازحد قاعده,قاعدهٔ هدف «این ساخت‌ها رابطهٔ علت/نتیجه را با درجات مختلف رسمیت بیان می‌کنند.» را بدون توجه به شرط، نقش یا محدودیت بافتی زیرموضوع «ساخت‌های نتیجه» به همهٔ موارد مشابه تعمیم می‌دهد.,ساخت distractor با اجرای قاعدهٔ عمومی در جایی که شرط دقیق subtopic آن را مجاز نمی‌کند.,اگر کاربر این گزینه را انتخاب کند، احتمالاً قاعده را می‌داند اما دامنهٔ کاربرد آن را بیش از حد گسترده گرفته است.,CORE,
f0a5d28c-4b03-42c8-bd92-0708737ab3f1,52,LES RELATIONS LOGIQUES,b99f1549-c029-4b09-aac6-fe78a924dc8e,L52-S08,« c’est pourquoi / c’est pour ça que / raison pour laquelle »,ساخت‌های نتیجه,CAT11,SUB27,GENERAL_GRAMMAR,گرامر عمومی,Lesson 52; printed p. 252,Stage1 rule text + Stage2 classification; error frequency not claimed by source,misconception-catalogue-recovered-v1.0.0,CANDIDATE_PREDEPLOY_CONTENT_REVIEW,NOT_YET_OBSERVED__STAGE27_CALIBRATION,dc09cf69-9db0-52c2-afea-6fa8baba8f91,NEAR_FORM_CONFUSION,اشتباه با فرم/قاعده نزدیک,ساخت گرامری نزدیک و در ظاهر معتبر را به‌جای ساخت هدف انتخاب می‌کند.,یک فرم واقعی و نزدیک از همان خانواده انتخاب شود؛ فرم باید در context دیگری معتبر باشد ولی اینجا به‌طور قطعی غلط باشد.,انتخاب آن نشان می‌دهد تمایز میان قاعده هدف و همسایهٔ نزدیک هنوز پایدار نشده است.,CORE,
f0a5d28c-4b03-42c8-bd92-0708737ab3f1,52,LES RELATIONS LOGIQUES,b99f1549-c029-4b09-aac6-fe78a924dc8e,L52-S08,« c’est pourquoi / c’est pour ça que / raison pour laquelle »,ساخت‌های نتیجه,CAT11,SUB27,GENERAL_GRAMMAR,گرامر عمومی,Lesson 52; printed p. 252,Stage1 rule text + Stage2 classification; error frequency not claimed by source,misconception-catalogue-recovered-v1.0.0,CANDIDATE_PREDEPLOY_CONTENT_REVIEW,NOT_YET_OBSERVED__STAGE27_CALIBRATION,3c16a370-a183-5b89-8580-a23d32157b08,CONTEXT_ROLE_MISMATCH,انتقال قاعده درست به context نادرست,قاعده‌ای که به‌خودی‌خود معتبر است را در نقش، زمان، مرجع یا context نامتناسب به‌کار می‌برد.,distractor از قاعده‌ای ساخته شود که به‌خودی‌خود معتبر است، اما نقش/مرجع/زمان/register این context با آن سازگار نیست.,انتخاب آن نشانهٔ تحلیل ناکافی context یا نقش دستوری است، نه صرفاً ندانستن شکل ظاهری.,CORE,
f0a5d28c-4b03-42c8-bd92-0708737ab3f1,52,LES RELATIONS LOGIQUES,7f792052-6db3-45d6-bdef-232c8ef8b7a4,L52-S09,But « pour/pour que »,هدف با pour/pour que,CAT11,SUB27,GENERAL_GRAMMAR,گرامر عمومی,Lesson 52; printed p. 252,Stage1 rule text + Stage2 classification; error frequency not claimed by source,misconception-catalogue-recovered-v1.0.0,CANDIDATE_PREDEPLOY_CONTENT_REVIEW,NOT_YET_OBSERVED__STAGE27_CALIBRATION,c555582a-e1d7-5a81-a122-6566bb374b05,OVERGENERALIZATION,تعمیم بیش‌ازحد قاعده,قاعدهٔ هدف «برای فاعل یکسان pour + infinitif؛ برای فاعل متفاوت pour que + subjonctif.» را بدون توجه به شرط، نقش یا محدودیت بافتی زیرموضوع «هدف با pour/pour que» به همهٔ موارد مشابه تعمیم می‌دهد.,ساخت distractor با اجرای قاعدهٔ عمومی در جایی که شرط دقیق subtopic آن را مجاز نمی‌کند.,اگر کاربر این گزینه را انتخاب کند، احتمالاً قاعده را می‌داند اما دامنهٔ کاربرد آن را بیش از حد گسترده گرفته است.,CORE,pour que = هدف؛ parce que = علت.
f0a5d28c-4b03-42c8-bd92-0708737ab3f1,52,LES RELATIONS LOGIQUES,7f792052-6db3-45d6-bdef-232c8ef8b7a4,L52-S09,But « pour/pour que »,هدف با pour/pour que,CAT11,SUB27,GENERAL_GRAMMAR,گرامر عمومی,Lesson 52; printed p. 252,Stage1 rule text + Stage2 classification; error frequency not claimed by source,misconception-catalogue-recovered-v1.0.0,CANDIDATE_PREDEPLOY_CONTENT_REVIEW,NOT_YET_OBSERVED__STAGE27_CALIBRATION,be256c04-3ace-5718-a0a9-b17859eb92f1,NEAR_FORM_CONFUSION,اشتباه با فرم/قاعده نزدیک,ساخت گرامری نزدیک و در ظاهر معتبر را به‌جای ساخت هدف انتخاب می‌کند.,یک فرم واقعی و نزدیک از همان خانواده انتخاب شود؛ فرم باید در context دیگری معتبر باشد ولی اینجا به‌طور قطعی غلط باشد.,انتخاب آن نشان می‌دهد تمایز میان قاعده هدف و همسایهٔ نزدیک هنوز پایدار نشده است.,CORE,pour que = هدف؛ parce que = علت.
f0a5d28c-4b03-42c8-bd92-0708737ab3f1,52,LES RELATIONS LOGIQUES,7f792052-6db3-45d6-bdef-232c8ef8b7a4,L52-S09,But « pour/pour que »,هدف با pour/pour que,CAT11,SUB27,GENERAL_GRAMMAR,گرامر عمومی,Lesson 52; printed p. 252,Stage1 rule text + Stage2 classification; error frequency not claimed by source,misconception-catalogue-recovered-v1.0.0,CANDIDATE_PREDEPLOY_CONTENT_REVIEW,NOT_YET_OBSERVED__STAGE27_CALIBRATION,48423aea-2bc5-5504-a60e-12f0356a99bd,CONTEXT_ROLE_MISMATCH,انتقال قاعده درست به context نادرست,قاعده‌ای که به‌خودی‌خود معتبر است را در نقش، زمان، مرجع یا context نامتناسب به‌کار می‌برد.,distractor از قاعده‌ای ساخته شود که به‌خودی‌خود معتبر است، اما نقش/مرجع/زمان/register این context با آن سازگار نیست.,انتخاب آن نشانهٔ تحلیل ناکافی context یا نقش دستوری است، نه صرفاً ندانستن شکل ظاهری.,CORE,pour que = هدف؛ parce que = علت.
f0a5d28c-4b03-42c8-bd92-0708737ab3f1,52,LES RELATIONS LOGIQUES,7f792052-6db3-45d6-bdef-232c8ef8b7a4,L52-S09,But « pour/pour que »,هدف با pour/pour que,CAT11,SUB27,GENERAL_GRAMMAR,گرامر عمومی,Lesson 52; printed p. 252,Stage1 rule text + Stage2 classification; error frequency not claimed by source,misconception-catalogue-recovered-v1.0.0,CANDIDATE_PREDEPLOY_CONTENT_REVIEW,NOT_YET_OBSERVED__STAGE27_CALIBRATION,c7d52b3f-71ac-5550-9eb8-18e8a25b42d3,EXCEPTION_NEGLECT,نادیده‌گرفتن استثنا/محدودیت صریح,قاعدهٔ عمومی زیرموضوع «هدف با pour/pour que» را اعمال می‌کند اما نکته/استثنای صریح ثبت‌شده را نادیده می‌گیرد: pour que = هدف؛ parce que = علت.,گزینه از خروجی قاعدهٔ عمومی ساخته شود؛ تنها تفاوت باید همان استثنا/محدودیت ثبت‌شده باشد.,انتخاب آن به‌طور مستقیم نشان می‌دهد قاعده عمومی بازیابی شده ولی استثنای کتاب تثبیت نشده است.,HIGH_EXCEPTION,pour que = هدف؛ parce que = علت.
f0a5d28c-4b03-42c8-bd92-0708737ab3f1,52,LES RELATIONS LOGIQUES,7b63a80d-91dc-4375-a34c-0ffd3e5c4067,L52-S10,But « afin de/afin que »,هدف رسمی‌تر,CAT11,SUB27,GENERAL_GRAMMAR,گرامر عمومی,Lesson 52; printed p. 252,Stage1 rule text + Stage2 classification; error frequency not claimed by source,misconception-catalogue-recovered-v1.0.0,CANDIDATE_PREDEPLOY_CONTENT_REVIEW,NOT_YET_OBSERVED__STAGE27_CALIBRATION,e50dbfa2-0348-5f8d-870a-f402abed1c2c,OVERGENERALIZATION,تعمیم بیش‌ازحد قاعده,قاعدهٔ هدف «afin de + infinitif و afin que + subjonctif برای هدف، به‌ویژه در سبک رسمی‌تر، استفاده می‌شوند.» را بدون توجه به شرط، نقش یا محدودیت بافتی زیرموضوع «هدف رسمی‌تر» به همهٔ موارد مشابه تعمیم می‌دهد.,ساخت distractor با اجرای قاعدهٔ عمومی در جایی که شرط دقیق subtopic آن را مجاز نمی‌کند.,اگر کاربر این گزینه را انتخاب کند، احتمالاً قاعده را می‌داند اما دامنهٔ کاربرد آن را بیش از حد گسترده گرفته است.,CORE,
f0a5d28c-4b03-42c8-bd92-0708737ab3f1,52,LES RELATIONS LOGIQUES,7b63a80d-91dc-4375-a34c-0ffd3e5c4067,L52-S10,But « afin de/afin que »,هدف رسمی‌تر,CAT11,SUB27,GENERAL_GRAMMAR,گرامر عمومی,Lesson 52; printed p. 252,Stage1 rule text + Stage2 classification; error frequency not claimed by source,misconception-catalogue-recovered-v1.0.0,CANDIDATE_PREDEPLOY_CONTENT_REVIEW,NOT_YET_OBSERVED__STAGE27_CALIBRATION,e14cdda1-749e-5ce3-b5a8-c5d16fe8771c,NEAR_FORM_CONFUSION,اشتباه با فرم/قاعده نزدیک,ساخت گرامری نزدیک و در ظاهر معتبر را به‌جای ساخت هدف انتخاب می‌کند.,یک فرم واقعی و نزدیک از همان خانواده انتخاب شود؛ فرم باید در context دیگری معتبر باشد ولی اینجا به‌طور قطعی غلط باشد.,انتخاب آن نشان می‌دهد تمایز میان قاعده هدف و همسایهٔ نزدیک هنوز پایدار نشده است.,CORE,
f0a5d28c-4b03-42c8-bd92-0708737ab3f1,52,LES RELATIONS LOGIQUES,7b63a80d-91dc-4375-a34c-0ffd3e5c4067,L52-S10,But « afin de/afin que »,هدف رسمی‌تر,CAT11,SUB27,GENERAL_GRAMMAR,گرامر عمومی,Lesson 52; printed p. 252,Stage1 rule text + Stage2 classification; error frequency not claimed by source,misconception-catalogue-recovered-v1.0.0,CANDIDATE_PREDEPLOY_CONTENT_REVIEW,NOT_YET_OBSERVED__STAGE27_CALIBRATION,fe4a06e3-e30d-5321-b27c-d0ab876c4d83,CONTEXT_ROLE_MISMATCH,انتقال قاعده درست به context نادرست,قاعده‌ای که به‌خودی‌خود معتبر است را در نقش، زمان، مرجع یا context نامتناسب به‌کار می‌برد.,distractor از قاعده‌ای ساخته شود که به‌خودی‌خود معتبر است، اما نقش/مرجع/زمان/register این context با آن سازگار نیست.,انتخاب آن نشانهٔ تحلیل ناکافی context یا نقش دستوری است، نه صرفاً ندانستن شکل ظاهری.,CORE,
f0a5d28c-4b03-42c8-bd92-0708737ab3f1,52,LES RELATIONS LOGIQUES,5c6ffc10-0ec8-4dd3-9b2a-a553baff659a,L52-S11,Opposition « mais/par contre/en revanche »,تضاد مستقل,CAT11,SUB27,GENERAL_GRAMMAR,گرامر عمومی,Lesson 52; printed p. 254,Stage1 rule text + Stage2 classification; error frequency not claimed by source,misconception-catalogue-recovered-v1.0.0,CANDIDATE_PREDEPLOY_CONTENT_REVIEW,NOT_YET_OBSERVED__STAGE27_CALIBRATION,9beb2fa8-5bfd-5834-a881-ffb6b4e29517,OVERGENERALIZATION,تعمیم بیش‌ازحد قاعده,قاعدهٔ هدف «mais دو واقعیت مستقل متفاوت را مقابل می‌گذارد؛ par contre/en revanche تضاد را تقویت می‌کنند.» را بدون توجه به شرط، نقش یا محدودیت بافتی زیرموضوع «تضاد مستقل» به همهٔ موارد مشابه تعمیم می‌دهد.,ساخت distractor با اجرای قاعدهٔ عمومی در جایی که شرط دقیق subtopic آن را مجاز نمی‌کند.,اگر کاربر این گزینه را انتخاب کند، احتمالاً قاعده را می‌داند اما دامنهٔ کاربرد آن را بیش از حد گسترده گرفته است.,CORE,
f0a5d28c-4b03-42c8-bd92-0708737ab3f1,52,LES RELATIONS LOGIQUES,5c6ffc10-0ec8-4dd3-9b2a-a553baff659a,L52-S11,Opposition « mais/par contre/en revanche »,تضاد مستقل,CAT11,SUB27,GENERAL_GRAMMAR,گرامر عمومی,Lesson 52; printed p. 254,Stage1 rule text + Stage2 classification; error frequency not claimed by source,misconception-catalogue-recovered-v1.0.0,CANDIDATE_PREDEPLOY_CONTENT_REVIEW,NOT_YET_OBSERVED__STAGE27_CALIBRATION,835abb9e-3e9e-51ec-a819-90b0023f5aa8,NEAR_FORM_CONFUSION,اشتباه با فرم/قاعده نزدیک,ساخت گرامری نزدیک و در ظاهر معتبر را به‌جای ساخت هدف انتخاب می‌کند.,یک فرم واقعی و نزدیک از همان خانواده انتخاب شود؛ فرم باید در context دیگری معتبر باشد ولی اینجا به‌طور قطعی غلط باشد.,انتخاب آن نشان می‌دهد تمایز میان قاعده هدف و همسایهٔ نزدیک هنوز پایدار نشده است.,CORE,
f0a5d28c-4b03-42c8-bd92-0708737ab3f1,52,LES RELATIONS LOGIQUES,5c6ffc10-0ec8-4dd3-9b2a-a553baff659a,L52-S11,Opposition « mais/par contre/en revanche »,تضاد مستقل,CAT11,SUB27,GENERAL_GRAMMAR,گرامر عمومی,Lesson 52; printed p. 254,Stage1 rule text + Stage2 classification; error frequency not claimed by source,misconception-catalogue-recovered-v1.0.0,CANDIDATE_PREDEPLOY_CONTENT_REVIEW,NOT_YET_OBSERVED__STAGE27_CALIBRATION,9e64089b-9c30-5fa9-87ac-226a923faa2d,CONTEXT_ROLE_MISMATCH,انتقال قاعده درست به context نادرست,قاعده‌ای که به‌خودی‌خود معتبر است را در نقش، زمان، مرجع یا context نامتناسب به‌کار می‌برد.,distractor از قاعده‌ای ساخته شود که به‌خودی‌خود معتبر است، اما نقش/مرجع/زمان/register این context با آن سازگار نیست.,انتخاب آن نشانهٔ تحلیل ناکافی context یا نقش دستوری است، نه صرفاً ندانستن شکل ظاهری.,CORE,
f0a5d28c-4b03-42c8-bd92-0708737ab3f1,52,LES RELATIONS LOGIQUES,854bb16a-2b2d-4a45-b14f-a543b1ad33ab,L52-S12,Opposition « tandis que/alors que »,تقابل مقایسه‌ای,CAT11,SUB27,GENERAL_GRAMMAR,گرامر عمومی,Lesson 52; printed p. 254,Stage1 rule text + Stage2 classification; error frequency not claimed by source,misconception-catalogue-recovered-v1.0.0,CANDIDATE_PREDEPLOY_CONTENT_REVIEW,NOT_YET_OBSERVED__STAGE27_CALIBRATION,9d4d6a3d-f308-5a55-8b7d-574aa6a78c77,OVERGENERALIZATION,تعمیم بیش‌ازحد قاعده,قاعدهٔ هدف «tandis que و alors que دو وضعیت را در مقایسه با هم مقابل می‌گذارند.» را بدون توجه به شرط، نقش یا محدودیت بافتی زیرموضوع «تقابل مقایسه‌ای» به همهٔ موارد مشابه تعمیم می‌دهد.,ساخت distractor با اجرای قاعدهٔ عمومی در جایی که شرط دقیق subtopic آن را مجاز نمی‌کند.,اگر کاربر این گزینه را انتخاب کند، احتمالاً قاعده را می‌داند اما دامنهٔ کاربرد آن را بیش از حد گسترده گرفته است.,CORE,
f0a5d28c-4b03-42c8-bd92-0708737ab3f1,52,LES RELATIONS LOGIQUES,854bb16a-2b2d-4a45-b14f-a543b1ad33ab,L52-S12,Opposition « tandis que/alors que »,تقابل مقایسه‌ای,CAT11,SUB27,GENERAL_GRAMMAR,گرامر عمومی,Lesson 52; printed p. 254,Stage1 rule text + Stage2 classification; error frequency not claimed by source,misconception-catalogue-recovered-v1.0.0,CANDIDATE_PREDEPLOY_CONTENT_REVIEW,NOT_YET_OBSERVED__STAGE27_CALIBRATION,9bf5b2a4-d205-50ce-bd82-0277ba15db54,NEAR_FORM_CONFUSION,اشتباه با فرم/قاعده نزدیک,ساخت گرامری نزدیک و در ظاهر معتبر را به‌جای ساخت هدف انتخاب می‌کند.,یک فرم واقعی و نزدیک از همان خانواده انتخاب شود؛ فرم باید در context دیگری معتبر باشد ولی اینجا به‌طور قطعی غلط باشد.,انتخاب آن نشان می‌دهد تمایز میان قاعده هدف و همسایهٔ نزدیک هنوز پایدار نشده است.,CORE,
f0a5d28c-4b03-42c8-bd92-0708737ab3f1,52,LES RELATIONS LOGIQUES,854bb16a-2b2d-4a45-b14f-a543b1ad33ab,L52-S12,Opposition « tandis que/alors que »,تقابل مقایسه‌ای,CAT11,SUB27,GENERAL_GRAMMAR,گرامر عمومی,Lesson 52; printed p. 254,Stage1 rule text + Stage2 classification; error frequency not claimed by source,misconception-catalogue-recovered-v1.0.0,CANDIDATE_PREDEPLOY_CONTENT_REVIEW,NOT_YET_OBSERVED__STAGE27_CALIBRATION,7e8c052a-f9ba-5fe1-b82c-19707ed20c4d,CONTEXT_ROLE_MISMATCH,انتقال قاعده درست به context نادرست,قاعده‌ای که به‌خودی‌خود معتبر است را در نقش، زمان، مرجع یا context نامتناسب به‌کار می‌برد.,distractor از قاعده‌ای ساخته شود که به‌خودی‌خود معتبر است، اما نقش/مرجع/زمان/register این context با آن سازگار نیست.,انتخاب آن نشانهٔ تحلیل ناکافی context یا نقش دستوری است، نه صرفاً ندانستن شکل ظاهری.,CORE,
f0a5d28c-4b03-42c8-bd92-0708737ab3f1,52,LES RELATIONS LOGIQUES,11481250-0508-4e8d-8b58-1a60778d7bbd,L52-S13,Concession « pourtant/cependant/toutefois »,concession خلاف انتظار,CAT11,SUB27,PREPOSITION_RECTION,حرف اضافه/رکسیون/ارجاع مکانی-زمانی,Lesson 52; printed p. 254,Stage1 rule text + Stage2 classification; error frequency not claimed by source,misconception-catalogue-recovered-v1.0.0,CANDIDATE_PREDEPLOY_CONTENT_REVIEW,NOT_YET_OBSERVED__STAGE27_CALIBRATION,0245abfb-f425-5387-8027-f792577716e3,OVERGENERALIZATION,تعمیم بیش‌ازحد قاعده,قاعدهٔ هدف «pourtant نتیجهٔ خلاف انتظار را می‌آورد؛ cependant/toutefois نوشتاری‌ترند.» را بدون توجه به شرط، نقش یا محدودیت بافتی زیرموضوع «concession خلاف انتظار» به همهٔ موارد مشابه تعمیم می‌دهد.,ساخت distractor با اجرای قاعدهٔ عمومی در جایی که شرط دقیق subtopic آن را مجاز نمی‌کند.,اگر کاربر این گزینه را انتخاب کند، احتمالاً قاعده را می‌داند اما دامنهٔ کاربرد آن را بیش از حد گسترده گرفته است.,CORE,
f0a5d28c-4b03-42c8-bd92-0708737ab3f1,52,LES RELATIONS LOGIQUES,11481250-0508-4e8d-8b58-1a60778d7bbd,L52-S13,Concession « pourtant/cependant/toutefois »,concession خلاف انتظار,CAT11,SUB27,PREPOSITION_RECTION,حرف اضافه/رکسیون/ارجاع مکانی-زمانی,Lesson 52; printed p. 254,Stage1 rule text + Stage2 classification; error frequency not claimed by source,misconception-catalogue-recovered-v1.0.0,CANDIDATE_PREDEPLOY_CONTENT_REVIEW,NOT_YET_OBSERVED__STAGE27_CALIBRATION,65dd2f6a-b8c2-557b-b874-ad7501d83d96,NEAR_FORM_CONFUSION,اشتباه با فرم/قاعده نزدیک,حرف اضافهٔ پرتکرار یا نزدیک را بدون توجه به رکسیون، مکان/زمان یا معنای مکمل جایگزین می‌کند.,یک فرم واقعی و نزدیک از همان خانواده انتخاب شود؛ فرم باید در context دیگری معتبر باشد ولی اینجا به‌طور قطعی غلط باشد.,انتخاب آن نشان می‌دهد تمایز میان قاعده هدف و همسایهٔ نزدیک هنوز پایدار نشده است.,CORE,
f0a5d28c-4b03-42c8-bd92-0708737ab3f1,52,LES RELATIONS LOGIQUES,11481250-0508-4e8d-8b58-1a60778d7bbd,L52-S13,Concession « pourtant/cependant/toutefois »,concession خلاف انتظار,CAT11,SUB27,PREPOSITION_RECTION,حرف اضافه/رکسیون/ارجاع مکانی-زمانی,Lesson 52; printed p. 254,Stage1 rule text + Stage2 classification; error frequency not claimed by source,misconception-catalogue-recovered-v1.0.0,CANDIDATE_PREDEPLOY_CONTENT_REVIEW,NOT_YET_OBSERVED__STAGE27_CALIBRATION,9b081460-5040-5879-b6a7-1cf3b1f4a47a,CONTEXT_ROLE_MISMATCH,انتقال قاعده درست به context نادرست,حرف اضافه‌ای را که در context مکانی/زمانی یا با فعل دیگری درست است، به ساخت هدف منتقل می‌کند.,distractor از قاعده‌ای ساخته شود که به‌خودی‌خود معتبر است، اما نقش/مرجع/زمان/register این context با آن سازگار نیست.,انتخاب آن نشانهٔ تحلیل ناکافی context یا نقش دستوری است، نه صرفاً ندانستن شکل ظاهری.,CORE,
f0a5d28c-4b03-42c8-bd92-0708737ab3f1,52,LES RELATIONS LOGIQUES,decc0807-3da7-4eb3-9727-1f285dfe415e,L52-S14,Concession « bien que/malgré »,bien que در برابر malgré,CAT11,SUB27,GENERAL_GRAMMAR,گرامر عمومی,Lesson 52; printed p. 254,Stage1 rule text + Stage2 classification; error frequency not claimed by source,misconception-catalogue-recovered-v1.0.0,CANDIDATE_PREDEPLOY_CONTENT_REVIEW,NOT_YET_OBSERVED__STAGE27_CALIBRATION,bd77b94f-99c6-558b-ade4-d6dfe2664d56,OVERGENERALIZATION,تعمیم بیش‌ازحد قاعده,قاعدهٔ هدف «bien que + subjonctif و malgré + nom «با وجود» را بیان می‌کنند.» را بدون توجه به شرط، نقش یا محدودیت بافتی زیرموضوع «bien que در برابر malgré» به همهٔ موارد مشابه تعمیم می‌دهد.,ساخت distractor با اجرای قاعدهٔ عمومی در جایی که شرط دقیق subtopic آن را مجاز نمی‌کند.,اگر کاربر این گزینه را انتخاب کند، احتمالاً قاعده را می‌داند اما دامنهٔ کاربرد آن را بیش از حد گسترده گرفته است.,CORE,
f0a5d28c-4b03-42c8-bd92-0708737ab3f1,52,LES RELATIONS LOGIQUES,decc0807-3da7-4eb3-9727-1f285dfe415e,L52-S14,Concession « bien que/malgré »,bien que در برابر malgré,CAT11,SUB27,GENERAL_GRAMMAR,گرامر عمومی,Lesson 52; printed p. 254,Stage1 rule text + Stage2 classification; error frequency not claimed by source,misconception-catalogue-recovered-v1.0.0,CANDIDATE_PREDEPLOY_CONTENT_REVIEW,NOT_YET_OBSERVED__STAGE27_CALIBRATION,6ead0015-eddc-5717-9d9c-2e1580a4be46,NEAR_FORM_CONFUSION,اشتباه با فرم/قاعده نزدیک,ساخت گرامری نزدیک و در ظاهر معتبر را به‌جای ساخت هدف انتخاب می‌کند.,یک فرم واقعی و نزدیک از همان خانواده انتخاب شود؛ فرم باید در context دیگری معتبر باشد ولی اینجا به‌طور قطعی غلط باشد.,انتخاب آن نشان می‌دهد تمایز میان قاعده هدف و همسایهٔ نزدیک هنوز پایدار نشده است.,CORE,
f0a5d28c-4b03-42c8-bd92-0708737ab3f1,52,LES RELATIONS LOGIQUES,decc0807-3da7-4eb3-9727-1f285dfe415e,L52-S14,Concession « bien que/malgré »,bien que در برابر malgré,CAT11,SUB27,GENERAL_GRAMMAR,گرامر عمومی,Lesson 52; printed p. 254,Stage1 rule text + Stage2 classification; error frequency not claimed by source,misconception-catalogue-recovered-v1.0.0,CANDIDATE_PREDEPLOY_CONTENT_REVIEW,NOT_YET_OBSERVED__STAGE27_CALIBRATION,4ac1f8fb-0287-55c3-a8be-4150c4dc37b9,CONTEXT_ROLE_MISMATCH,انتقال قاعده درست به context نادرست,قاعده‌ای که به‌خودی‌خود معتبر است را در نقش، زمان، مرجع یا context نامتناسب به‌کار می‌برد.,distractor از قاعده‌ای ساخته شود که به‌خودی‌خود معتبر است، اما نقش/مرجع/زمان/register این context با آن سازگار نیست.,انتخاب آن نشانهٔ تحلیل ناکافی context یا نقش دستوری است، نه صرفاً ندانستن شکل ظاهری.,CORE,
f0a5d28c-4b03-42c8-bd92-0708737ab3f1,52,LES RELATIONS LOGIQUES,43e6fcce-78f4-40d5-b07a-af6e223358a0,L52-S15,« quand même »,quand même,CAT11,SUB27,GENERAL_GRAMMAR,گرامر عمومی,Lesson 52; printed p. 254,Stage1 rule text + Stage2 classification; error frequency not claimed by source,misconception-catalogue-recovered-v1.0.0,CANDIDATE_PREDEPLOY_CONTENT_REVIEW,NOT_YET_OBSERVED__STAGE27_CALIBRATION,202ddbc3-cb71-56a1-9438-c03dbfc81471,OVERGENERALIZATION,تعمیم بیش‌ازحد قاعده,قاعدهٔ هدف «quand même در گفتار «با این حال/با وجود همه‌چیز» و گاهی سرزنش را بیان می‌کند.» را بدون توجه به شرط، نقش یا محدودیت بافتی زیرموضوع «quand même» به همهٔ موارد مشابه تعمیم می‌دهد.,ساخت distractor با اجرای قاعدهٔ عمومی در جایی که شرط دقیق subtopic آن را مجاز نمی‌کند.,اگر کاربر این گزینه را انتخاب کند، احتمالاً قاعده را می‌داند اما دامنهٔ کاربرد آن را بیش از حد گسترده گرفته است.,CORE,
f0a5d28c-4b03-42c8-bd92-0708737ab3f1,52,LES RELATIONS LOGIQUES,43e6fcce-78f4-40d5-b07a-af6e223358a0,L52-S15,« quand même »,quand même,CAT11,SUB27,GENERAL_GRAMMAR,گرامر عمومی,Lesson 52; printed p. 254,Stage1 rule text + Stage2 classification; error frequency not claimed by source,misconception-catalogue-recovered-v1.0.0,CANDIDATE_PREDEPLOY_CONTENT_REVIEW,NOT_YET_OBSERVED__STAGE27_CALIBRATION,a1481b2b-b52a-5fd8-9727-d66e3936bef3,NEAR_FORM_CONFUSION,اشتباه با فرم/قاعده نزدیک,ساخت گرامری نزدیک و در ظاهر معتبر را به‌جای ساخت هدف انتخاب می‌کند.,یک فرم واقعی و نزدیک از همان خانواده انتخاب شود؛ فرم باید در context دیگری معتبر باشد ولی اینجا به‌طور قطعی غلط باشد.,انتخاب آن نشان می‌دهد تمایز میان قاعده هدف و همسایهٔ نزدیک هنوز پایدار نشده است.,CORE,
f0a5d28c-4b03-42c8-bd92-0708737ab3f1,52,LES RELATIONS LOGIQUES,43e6fcce-78f4-40d5-b07a-af6e223358a0,L52-S15,« quand même »,quand même,CAT11,SUB27,GENERAL_GRAMMAR,گرامر عمومی,Lesson 52; printed p. 254,Stage1 rule text + Stage2 classification; error frequency not claimed by source,misconception-catalogue-recovered-v1.0.0,CANDIDATE_PREDEPLOY_CONTENT_REVIEW,NOT_YET_OBSERVED__STAGE27_CALIBRATION,0ef388f9-62e0-5e55-b3fc-602d126f4ae4,CONTEXT_ROLE_MISMATCH,انتقال قاعده درست به context نادرست,قاعده‌ای که به‌خودی‌خود معتبر است را در نقش، زمان، مرجع یا context نامتناسب به‌کار می‌برد.,distractor از قاعده‌ای ساخته شود که به‌خودی‌خود معتبر است، اما نقش/مرجع/زمان/register این context با آن سازگار نیست.,انتخاب آن نشانهٔ تحلیل ناکافی context یا نقش دستوری است، نه صرفاً ندانستن شکل ظاهری.,CORE,
f0a5d28c-4b03-42c8-bd92-0708737ab3f1,52,LES RELATIONS LOGIQUES,38be82f9-176e-4970-9c24-4209bdf74e5d,L52-S16,« avoir beau + infinitif »,avoir beau + مصدر,CAT11,SUB27,NONFINITE_ASPECT,ساخت‌های غیرصرفی و نمود,Lesson 52; printed p. 254,Stage1 rule text + Stage2 classification; error frequency not claimed by source,misconception-catalogue-recovered-v1.0.0,CANDIDATE_PREDEPLOY_CONTENT_REVIEW,NOT_YET_OBSERVED__STAGE27_CALIBRATION,72bbcaa8-3f1a-54aa-af3a-ec171749270b,OVERGENERALIZATION,تعمیم بیش‌ازحد قاعده,قاعدهٔ هدف «avoir beau + infinitif بیان می‌کند با وجود تلاش/واقعیت، نتیجهٔ مورد انتظار حاصل نمی‌شود.» را بدون توجه به شرط، نقش یا محدودیت بافتی زیرموضوع «avoir beau + مصدر» به همهٔ موارد مشابه تعمیم می‌دهد.,ساخت distractor با اجرای قاعدهٔ عمومی در جایی که شرط دقیق subtopic آن را مجاز نمی‌کند.,اگر کاربر این گزینه را انتخاب کند، احتمالاً قاعده را می‌داند اما دامنهٔ کاربرد آن را بیش از حد گسترده گرفته است.,CORE,
f0a5d28c-4b03-42c8-bd92-0708737ab3f1,52,LES RELATIONS LOGIQUES,38be82f9-176e-4970-9c24-4209bdf74e5d,L52-S16,« avoir beau + infinitif »,avoir beau + مصدر,CAT11,SUB27,NONFINITE_ASPECT,ساخت‌های غیرصرفی و نمود,Lesson 52; printed p. 254,Stage1 rule text + Stage2 classification; error frequency not claimed by source,misconception-catalogue-recovered-v1.0.0,CANDIDATE_PREDEPLOY_CONTENT_REVIEW,NOT_YET_OBSERVED__STAGE27_CALIBRATION,09a52ec0-e1fa-5786-8b2b-124f581e159d,NEAR_FORM_CONFUSION,اشتباه با فرم/قاعده نزدیک,مصدر، gérondif، participe یا periphrase نزدیک را بدون توجه به فاعل/هم‌زمانی/نمود انتخاب می‌کند.,یک فرم واقعی و نزدیک از همان خانواده انتخاب شود؛ فرم باید در context دیگری معتبر باشد ولی اینجا به‌طور قطعی غلط باشد.,انتخاب آن نشان می‌دهد تمایز میان قاعده هدف و همسایهٔ نزدیک هنوز پایدار نشده است.,CORE,
f0a5d28c-4b03-42c8-bd92-0708737ab3f1,52,LES RELATIONS LOGIQUES,38be82f9-176e-4970-9c24-4209bdf74e5d,L52-S16,« avoir beau + infinitif »,avoir beau + مصدر,CAT11,SUB27,NONFINITE_ASPECT,ساخت‌های غیرصرفی و نمود,Lesson 52; printed p. 254,Stage1 rule text + Stage2 classification; error frequency not claimed by source,misconception-catalogue-recovered-v1.0.0,CANDIDATE_PREDEPLOY_CONTENT_REVIEW,NOT_YET_OBSERVED__STAGE27_CALIBRATION,34d9a8ef-efcb-5933-a6f3-50cd73acee17,CONTEXT_ROLE_MISMATCH,انتقال قاعده درست به context نادرست,ساخت غیرصرفی درست در بافت دیگری را با فاعل، توالی یا aspect نامتناسب به جمله فعلی منتقل می‌کند.,distractor از قاعده‌ای ساخته شود که به‌خودی‌خود معتبر است، اما نقش/مرجع/زمان/register این context با آن سازگار نیست.,انتخاب آن نشانهٔ تحلیل ناکافی context یا نقش دستوری است، نه صرفاً ندانستن شکل ظاهری.,CORE,
