misconception_id,subtopic_code,misconception_family,id_origin,recovery_version
3cd2b4ab-6fe3-575b-a59b-f326732af77f,L01-S01,OVERGENERALIZATION,HISTORICAL_ID_PRESERVED_FROM_PRIOR_ARTIFACT,question-authoring-recovery-v1.0.0
ed1cb618-49c5-5e0e-b64e-53219e3404d0,L01-S01,NEAR_FORM_CONFUSION,HISTORICAL_ID_PRESERVED_FROM_PRIOR_ARTIFACT,question-authoring-recovery-v1.0.0
b6cc8989-a591-57a7-a9ee-2f086dc8723b,L01-S01,CONTEXT_ROLE_MISMATCH,HISTORICAL_ID_PRESERVED_FROM_PRIOR_ARTIFACT,question-authoring-recovery-v1.0.0
ed1e4e4b-62d2-5ed8-8af6-f95c44aacf4c,L01-S01,EXCEPTION_NEGLECT,HISTORICAL_ID_PRESERVED_FROM_PRIOR_ARTIFACT,question-authoring-recovery-v1.0.0
75aceb1d-0764-55ae-9eae-dd2b4c2377df,L01-S02,OVERGENERALIZATION,HISTORICAL_ID_PRESERVED_FROM_PRIOR_ARTIFACT,question-authoring-recovery-v1.0.0
1bd50e07-bb56-599b-819d-25e515287709,L01-S02,NEAR_FORM_CONFUSION,HISTORICAL_ID_PRESERVED_FROM_PRIOR_ARTIFACT,question-authoring-recovery-v1.0.0
53b4a91c-e5a2-5ec0-b58f-6852e79c5d2e,L01-S02,CONTEXT_ROLE_MISMATCH,HISTORICAL_ID_PRESERVED_FROM_PRIOR_ARTIFACT,question-authoring-recovery-v1.0.0
821164ac-85c7-58f9-88fd-a4ac7300d3e9,L01-S03,OVERGENERALIZATION,RECOVERED_DETERMINISTIC_UUID5,question-authoring-recovery-v1.0.0
cf4d4be1-15ee-54e2-a7fa-cdb2196a2709,L01-S03,NEAR_FORM_CONFUSION,RECOVERED_DETERMINISTIC_UUID5,question-authoring-recovery-v1.0.0
dacc499c-707a-5ea0-b3ee-3fae16ce4c08,L01-S03,CONTEXT_ROLE_MISMATCH,RECOVERED_DETERMINISTIC_UUID5,question-authoring-recovery-v1.0.0
e19ce568-e639-5dfc-bef7-e005b077faf7,L01-S03,EXCEPTION_NEGLECT,RECOVERED_DETERMINISTIC_UUID5,question-authoring-recovery-v1.0.0
7e5c4ddb-102e-5de7-89ea-bf925d9df10d,L01-S04,OVERGENERALIZATION,RECOVERED_DETERMINISTIC_UUID5,question-authoring-recovery-v1.0.0
1be62354-dfd8-5cff-9a9f-2dfb51e2e9e6,L01-S04,NEAR_FORM_CONFUSION,RECOVERED_DETERMINISTIC_UUID5,question-authoring-recovery-v1.0.0
9df7199b-c069-54d7-b70c-3a7fda0420a5,L01-S04,CONTEXT_ROLE_MISMATCH,RECOVERED_DETERMINISTIC_UUID5,question-authoring-recovery-v1.0.0
968f7f16-2ca8-57ba-8fe0-fda33eb53a11,L02-S01,OVERGENERALIZATION,RECOVERED_DETERMINISTIC_UUID5,question-authoring-recovery-v1.0.0
47d690b1-6220-5032-b2d7-12d166162c1b,L02-S01,NEAR_FORM_CONFUSION,RECOVERED_DETERMINISTIC_UUID5,question-authoring-recovery-v1.0.0
d74c7c07-e0a9-5eeb-ba22-fb681a5d54e9,L02-S01,CONTEXT_ROLE_MISMATCH,RECOVERED_DETERMINISTIC_UUID5,question-authoring-recovery-v1.0.0
d7c037c3-b5b7-5d84-8f98-67c917a29a48,L02-S01,EXCEPTION_NEGLECT,RECOVERED_DETERMINISTIC_UUID5,question-authoring-recovery-v1.0.0
4c73a980-0261-5981-91c8-b297c5c5047d,L02-S02,OVERGENERALIZATION,RECOVERED_DETERMINISTIC_UUID5,question-authoring-recovery-v1.0.0
66153b2e-8ae0-5f42-8d10-92fc53459eec,L02-S02,NEAR_FORM_CONFUSION,RECOVERED_DETERMINISTIC_UUID5,question-authoring-recovery-v1.0.0
f4665490-ae6a-5e2d-b099-fe8e5ed41f41,L02-S02,CONTEXT_ROLE_MISMATCH,RECOVERED_DETERMINISTIC_UUID5,question-authoring-recovery-v1.0.0
446dce57-d03b-5000-a0c3-d5b78c1b4a1d,L02-S02,EXCEPTION_NEGLECT,RECOVERED_DETERMINISTIC_UUID5,question-authoring-recovery-v1.0.0
59ad84fe-85d8-5eac-b152-f80a7bbc51fc,L02-S03,OVERGENERALIZATION,RECOVERED_DETERMINISTIC_UUID5,question-authoring-recovery-v1.0.0
926cc81b-5b94-588d-9d33-c647c8a2c200,L02-S03,NEAR_FORM_CONFUSION,RECOVERED_DETERMINISTIC_UUID5,question-authoring-recovery-v1.0.0
84e44f29-079f-5e14-a2b3-d189e731635e,L02-S03,CONTEXT_ROLE_MISMATCH,RECOVERED_DETERMINISTIC_UUID5,question-authoring-recovery-v1.0.0
28b42f12-3976-5403-b2cf-f2040e7a9105,L02-S03,EXCEPTION_NEGLECT,RECOVERED_DETERMINISTIC_UUID5,question-authoring-recovery-v1.0.0
76575514-baab-593a-9e9c-04ead9281292,L02-S04,OVERGENERALIZATION,RECOVERED_DETERMINISTIC_UUID5,question-authoring-recovery-v1.0.0
5ba1f255-6575-5218-b657-db7a948e9097,L02-S04,NEAR_FORM_CONFUSION,RECOVERED_DETERMINISTIC_UUID5,question-authoring-recovery-v1.0.0
dfb4eab9-40ef-5a0e-aba4-aca267fddfca,L02-S04,CONTEXT_ROLE_MISMATCH,RECOVERED_DETERMINISTIC_UUID5,question-authoring-recovery-v1.0.0
7340d03e-b3d5-5f68-a87c-07022a28b8f6,L02-S04,EXCEPTION_NEGLECT,RECOVERED_DETERMINISTIC_UUID5,question-authoring-recovery-v1.0.0
bbb2c06c-e98d-511e-97da-07c09b7a78a7,L03-S01,OVERGENERALIZATION,RECOVERED_DETERMINISTIC_UUID5,question-authoring-recovery-v1.0.0
ac9f5af6-af86-5876-b66f-0a0481bf8360,L03-S01,NEAR_FORM_CONFUSION,RECOVERED_DETERMINISTIC_UUID5,question-authoring-recovery-v1.0.0
62d2b96e-db15-50b8-8777-73227a36d929,L03-S01,CONTEXT_ROLE_MISMATCH,RECOVERED_DETERMINISTIC_UUID5,question-authoring-recovery-v1.0.0
96ccfd62-957f-5f22-95bf-9c36743435c4,L03-S02,OVERGENERALIZATION,RECOVERED_DETERMINISTIC_UUID5,question-authoring-recovery-v1.0.0
02aa02e5-fca4-55b3-9639-7a01640b9150,L03-S02,NEAR_FORM_CONFUSION,RECOVERED_DETERMINISTIC_UUID5,question-authoring-recovery-v1.0.0
04da786e-00d9-5e0c-9974-1917cc7860f9,L03-S02,CONTEXT_ROLE_MISMATCH,RECOVERED_DETERMINISTIC_UUID5,question-authoring-recovery-v1.0.0
ef84e751-dfb8-5b0d-8908-e580550b1a9a,L03-S02,EXCEPTION_NEGLECT,RECOVERED_DETERMINISTIC_UUID5,question-authoring-recovery-v1.0.0
b2101ddc-5101-5717-8a1e-2dd9d76cd708,L03-S03,OVERGENERALIZATION,RECOVERED_DETERMINISTIC_UUID5,question-authoring-recovery-v1.0.0
133cc177-4a92-58c9-ab8e-d8148a4049e4,L03-S03,NEAR_FORM_CONFUSION,RECOVERED_DETERMINISTIC_UUID5,question-authoring-recovery-v1.0.0
4763dc5d-adcf-55f0-bd47-9affe2c12ecc,L03-S03,CONTEXT_ROLE_MISMATCH,RECOVERED_DETERMINISTIC_UUID5,question-authoring-recovery-v1.0.0
c5e44b12-6f66-5515-8f77-68ce5ee6cbdd,L03-S03,EXCEPTION_NEGLECT,RECOVERED_DETERMINISTIC_UUID5,question-authoring-recovery-v1.0.0
29b3fbd5-16af-528a-b66b-e1335323af1d,L04-S01,OVERGENERALIZATION,RECOVERED_DETERMINISTIC_UUID5,question-authoring-recovery-v1.0.0
d3a31ab9-0550-5344-a94c-65f7ea0bc946,L04-S01,NEAR_FORM_CONFUSION,RECOVERED_DETERMINISTIC_UUID5,question-authoring-recovery-v1.0.0
1545c438-1671-5ebf-a895-c868c729a056,L04-S01,CONTEXT_ROLE_MISMATCH,RECOVERED_DETERMINISTIC_UUID5,question-authoring-recovery-v1.0.0
1c2c384b-8ab6-5b65-b053-48baf21b7a98,L04-S02,OVERGENERALIZATION,RECOVERED_DETERMINISTIC_UUID5,question-authoring-recovery-v1.0.0
6941922b-205f-5846-86a2-e88732f68a65,L04-S02,NEAR_FORM_CONFUSION,RECOVERED_DETERMINISTIC_UUID5,question-authoring-recovery-v1.0.0
0ffce7fe-7408-5cbf-b5e0-286787aaa302,L04-S02,CONTEXT_ROLE_MISMATCH,RECOVERED_DETERMINISTIC_UUID5,question-authoring-recovery-v1.0.0
176c786b-b7c0-5138-b23f-6df99c4791f1,L04-S03,OVERGENERALIZATION,RECOVERED_DETERMINISTIC_UUID5,question-authoring-recovery-v1.0.0
b1390a17-8670-5760-aa8d-820799a29bfa,L04-S03,NEAR_FORM_CONFUSION,RECOVERED_DETERMINISTIC_UUID5,question-authoring-recovery-v1.0.0
79a193e3-e650-5dc7-9592-1bc09a9d1841,L04-S03,CONTEXT_ROLE_MISMATCH,RECOVERED_DETERMINISTIC_UUID5,question-authoring-recovery-v1.0.0
a4d5dba6-31c0-57ee-a9f9-c7c869fd8de6,L04-S04,OVERGENERALIZATION,RECOVERED_DETERMINISTIC_UUID5,question-authoring-recovery-v1.0.0
e36f5c33-116b-585a-a85b-e00d380a2911,L04-S04,NEAR_FORM_CONFUSION,RECOVERED_DETERMINISTIC_UUID5,question-authoring-recovery-v1.0.0
29ff0bc8-1a2d-59a0-a235-507319b7571e,L04-S04,CONTEXT_ROLE_MISMATCH,RECOVERED_DETERMINISTIC_UUID5,question-authoring-recovery-v1.0.0
6835af36-62a9-59f8-b2de-51766365d4ed,L04-S05,OVERGENERALIZATION,RECOVERED_DETERMINISTIC_UUID5,question-authoring-recovery-v1.0.0
c7bef7cb-13b2-59f9-8323-ee3c4f0de185,L04-S05,NEAR_FORM_CONFUSION,RECOVERED_DETERMINISTIC_UUID5,question-authoring-recovery-v1.0.0
cd9f44ac-4dfe-5f6b-b0e1-1025bc9a203b,L04-S05,CONTEXT_ROLE_MISMATCH,RECOVERED_DETERMINISTIC_UUID5,question-authoring-recovery-v1.0.0
26c0598c-39f1-5b24-b941-d757d856306e,L04-S06,OVERGENERALIZATION,RECOVERED_DETERMINISTIC_UUID5,question-authoring-recovery-v1.0.0
654605af-1c8c-5e44-bd35-067e3e059c70,L04-S06,NEAR_FORM_CONFUSION,RECOVERED_DETERMINISTIC_UUID5,question-authoring-recovery-v1.0.0
81c568dc-80fe-57c5-9f5b-1fad15aeb2e1,L04-S06,CONTEXT_ROLE_MISMATCH,RECOVERED_DETERMINISTIC_UUID5,question-authoring-recovery-v1.0.0
00242e04-0fa2-5d85-9006-c4f80ccab7e3,L05-S01,OVERGENERALIZATION,RECOVERED_DETERMINISTIC_UUID5,question-authoring-recovery-v1.0.0
caf583cb-6247-50c2-8d41-584f7f0cd095,L05-S01,NEAR_FORM_CONFUSION,RECOVERED_DETERMINISTIC_UUID5,question-authoring-recovery-v1.0.0
8a9927de-290e-5db4-b8fb-326a0a39b231,L05-S01,CONTEXT_ROLE_MISMATCH,RECOVERED_DETERMINISTIC_UUID5,question-authoring-recovery-v1.0.0
3b220364-8502-5bd1-8544-7931c9f03a08,L05-S02,OVERGENERALIZATION,RECOVERED_DETERMINISTIC_UUID5,question-authoring-recovery-v1.0.0
b38287d8-5699-5f7c-ab09-f5882d8f3c0a,L05-S02,NEAR_FORM_CONFUSION,RECOVERED_DETERMINISTIC_UUID5,question-authoring-recovery-v1.0.0
2559aa11-55ba-50ae-beaf-1dbddb6cb52e,L05-S02,CONTEXT_ROLE_MISMATCH,RECOVERED_DETERMINISTIC_UUID5,question-authoring-recovery-v1.0.0
ee55b8af-f3ef-525d-806b-a3b48b29d618,L05-S03,OVERGENERALIZATION,RECOVERED_DETERMINISTIC_UUID5,question-authoring-recovery-v1.0.0
9b484e05-7b4b-5f01-b45f-1cb2e2c72ec3,L05-S03,NEAR_FORM_CONFUSION,RECOVERED_DETERMINISTIC_UUID5,question-authoring-recovery-v1.0.0
ecd77677-4c8b-59ba-b750-fa7c3886c036,L05-S03,CONTEXT_ROLE_MISMATCH,RECOVERED_DETERMINISTIC_UUID5,question-authoring-recovery-v1.0.0
6fd5c6ea-fdb2-5584-ab52-f4e57def4719,L05-S03,EXCEPTION_NEGLECT,RECOVERED_DETERMINISTIC_UUID5,question-authoring-recovery-v1.0.0
f1c90d6c-fbab-5fec-8725-506348092ee2,L05-S04,OVERGENERALIZATION,RECOVERED_DETERMINISTIC_UUID5,question-authoring-recovery-v1.0.0
68a1fd0d-7915-5102-b28f-00a953ecf4f0,L05-S04,NEAR_FORM_CONFUSION,RECOVERED_DETERMINISTIC_UUID5,question-authoring-recovery-v1.0.0
68585b71-2c2d-5040-af65-f2b04be67011,L05-S04,CONTEXT_ROLE_MISMATCH,RECOVERED_DETERMINISTIC_UUID5,question-authoring-recovery-v1.0.0
ff533b72-18a9-5f1a-923f-30b8beef9e96,L06-S01,OVERGENERALIZATION,RECOVERED_DETERMINISTIC_UUID5,question-authoring-recovery-v1.0.0
d489ebe0-f867-5c2c-b94c-421d67e5ff3f,L06-S01,NEAR_FORM_CONFUSION,RECOVERED_DETERMINISTIC_UUID5,question-authoring-recovery-v1.0.0
c741c8f5-1b5c-5bcc-aa67-7e52526ceb6e,L06-S01,CONTEXT_ROLE_MISMATCH,RECOVERED_DETERMINISTIC_UUID5,question-authoring-recovery-v1.0.0
546eb6de-e2c6-582c-9862-df321c1512dc,L06-S01,EXCEPTION_NEGLECT,RECOVERED_DETERMINISTIC_UUID5,question-authoring-recovery-v1.0.0
ba1029d1-6cee-5919-9673-7a9904e80280,L06-S02,OVERGENERALIZATION,RECOVERED_DETERMINISTIC_UUID5,question-authoring-recovery-v1.0.0
3baee9f5-90e8-561d-a1c0-d10d8518d7d7,L06-S02,NEAR_FORM_CONFUSION,RECOVERED_DETERMINISTIC_UUID5,question-authoring-recovery-v1.0.0
0af11383-6a89-5031-9b8a-4227e266378e,L06-S02,CONTEXT_ROLE_MISMATCH,RECOVERED_DETERMINISTIC_UUID5,question-authoring-recovery-v1.0.0
262a1e69-1277-5326-b192-e258e60cd8f5,L06-S03,OVERGENERALIZATION,RECOVERED_DETERMINISTIC_UUID5,question-authoring-recovery-v1.0.0
709bc405-162e-52b8-8e06-7eb3d590b290,L06-S03,NEAR_FORM_CONFUSION,RECOVERED_DETERMINISTIC_UUID5,question-authoring-recovery-v1.0.0
3fe9a582-a8da-5c33-87d1-cc1cbcfd192c,L06-S03,CONTEXT_ROLE_MISMATCH,RECOVERED_DETERMINISTIC_UUID5,question-authoring-recovery-v1.0.0
0234ab97-1bc6-5e8c-b407-091f1266e237,L06-S04,OVERGENERALIZATION,RECOVERED_DETERMINISTIC_UUID5,question-authoring-recovery-v1.0.0
663066a6-16c2-561a-b997-ad179133fb2b,L06-S04,NEAR_FORM_CONFUSION,RECOVERED_DETERMINISTIC_UUID5,question-authoring-recovery-v1.0.0
62e668df-d05b-56b4-9069-7f20c8424de5,L06-S04,CONTEXT_ROLE_MISMATCH,RECOVERED_DETERMINISTIC_UUID5,question-authoring-recovery-v1.0.0
6b4b76fd-e600-5d24-9f6e-df7bc2eec37b,L06-S04,EXCEPTION_NEGLECT,RECOVERED_DETERMINISTIC_UUID5,question-authoring-recovery-v1.0.0
c9219f32-2c57-5a02-b29b-e9f73e82e24b,L07-S01,OVERGENERALIZATION,RECOVERED_DETERMINISTIC_UUID5,question-authoring-recovery-v1.0.0
4064ac79-49b7-5841-9c37-2b09fdc2aa10,L07-S01,NEAR_FORM_CONFUSION,RECOVERED_DETERMINISTIC_UUID5,question-authoring-recovery-v1.0.0
7b3adeaf-42e0-5734-93c4-2d3cc3b77ebf,L07-S01,CONTEXT_ROLE_MISMATCH,RECOVERED_DETERMINISTIC_UUID5,question-authoring-recovery-v1.0.0
0444ff6a-95e2-55a2-b7fe-6ac0df3b8aa4,L07-S01,EXCEPTION_NEGLECT,RECOVERED_DETERMINISTIC_UUID5,question-authoring-recovery-v1.0.0
663c8d9f-4932-5fae-a3e4-1fab8ce35297,L07-S02,OVERGENERALIZATION,RECOVERED_DETERMINISTIC_UUID5,question-authoring-recovery-v1.0.0
1274d9ea-0884-5775-9f74-5de1a158b31a,L07-S02,NEAR_FORM_CONFUSION,RECOVERED_DETERMINISTIC_UUID5,question-authoring-recovery-v1.0.0
61fc4b21-73d8-54dd-8cad-fdd46ba4a4c9,L07-S02,CONTEXT_ROLE_MISMATCH,RECOVERED_DETERMINISTIC_UUID5,question-authoring-recovery-v1.0.0
24b2a230-d8ff-5075-adb1-404774bc426a,L07-S03,OVERGENERALIZATION,RECOVERED_DETERMINISTIC_UUID5,question-authoring-recovery-v1.0.0
2434f5de-cfe3-5a13-83e7-db35fdf33137,L07-S03,NEAR_FORM_CONFUSION,RECOVERED_DETERMINISTIC_UUID5,question-authoring-recovery-v1.0.0
bfd1fd88-415b-5ae9-a701-e203aced2b40,L07-S03,CONTEXT_ROLE_MISMATCH,RECOVERED_DETERMINISTIC_UUID5,question-authoring-recovery-v1.0.0
0617c4ad-c364-5580-8298-d58179f55b86,L07-S04,OVERGENERALIZATION,RECOVERED_DETERMINISTIC_UUID5,question-authoring-recovery-v1.0.0
82e1b915-3396-512d-b119-9009f1a4d434,L07-S04,NEAR_FORM_CONFUSION,RECOVERED_DETERMINISTIC_UUID5,question-authoring-recovery-v1.0.0
2a974058-0054-5f35-88a7-12d333d81967,L07-S04,CONTEXT_ROLE_MISMATCH,RECOVERED_DETERMINISTIC_UUID5,question-authoring-recovery-v1.0.0
2cb78bd0-ad7a-5c05-81b8-a7072386fe69,L08-S01,OVERGENERALIZATION,RECOVERED_DETERMINISTIC_UUID5,question-authoring-recovery-v1.0.0
00fef432-15b6-58fd-9d53-740d313a6aec,L08-S01,NEAR_FORM_CONFUSION,RECOVERED_DETERMINISTIC_UUID5,question-authoring-recovery-v1.0.0
1dd16d11-3140-50c7-969a-16a0ff1c561a,L08-S01,CONTEXT_ROLE_MISMATCH,RECOVERED_DETERMINISTIC_UUID5,question-authoring-recovery-v1.0.0
168e5a3e-6dbd-5843-a2f4-bcbe1fc3976c,L08-S01,EXCEPTION_NEGLECT,RECOVERED_DETERMINISTIC_UUID5,question-authoring-recovery-v1.0.0
ebd48fa2-6c55-5d25-b35f-a441b323ad36,L08-S02,OVERGENERALIZATION,RECOVERED_DETERMINISTIC_UUID5,question-authoring-recovery-v1.0.0
1477b26d-08b8-5e8f-a0bd-4ece0a47aa31,L08-S02,NEAR_FORM_CONFUSION,RECOVERED_DETERMINISTIC_UUID5,question-authoring-recovery-v1.0.0
f4dfb375-bcb9-5357-95fa-cef5d0953dd1,L08-S02,CONTEXT_ROLE_MISMATCH,RECOVERED_DETERMINISTIC_UUID5,question-authoring-recovery-v1.0.0
428f551b-7977-5644-a8ff-d955657a5ca4,L08-S03,OVERGENERALIZATION,RECOVERED_DETERMINISTIC_UUID5,question-authoring-recovery-v1.0.0
1cef4c8c-026f-589b-9faf-cda41ab4e2ef,L08-S03,NEAR_FORM_CONFUSION,RECOVERED_DETERMINISTIC_UUID5,question-authoring-recovery-v1.0.0
9503b206-43da-53ff-8986-18fcb1be1f78,L08-S03,CONTEXT_ROLE_MISMATCH,RECOVERED_DETERMINISTIC_UUID5,question-authoring-recovery-v1.0.0
06c48f58-c26e-5eaa-80bd-5f58da13dc0a,L08-S04,OVERGENERALIZATION,RECOVERED_DETERMINISTIC_UUID5,question-authoring-recovery-v1.0.0
876a9e32-508c-5e7d-a23d-ea8f26e5ca5f,L08-S04,NEAR_FORM_CONFUSION,RECOVERED_DETERMINISTIC_UUID5,question-authoring-recovery-v1.0.0
8da74240-7bd4-5606-b2e4-93df213413c1,L08-S04,CONTEXT_ROLE_MISMATCH,RECOVERED_DETERMINISTIC_UUID5,question-authoring-recovery-v1.0.0
33e40676-a1d9-582e-b366-297e882451ba,L09-S01,OVERGENERALIZATION,RECOVERED_DETERMINISTIC_UUID5,question-authoring-recovery-v1.0.0
e258096b-82eb-596d-8850-c0bf3f7a8809,L09-S01,NEAR_FORM_CONFUSION,RECOVERED_DETERMINISTIC_UUID5,question-authoring-recovery-v1.0.0
fb75fac3-efc5-5bca-92cb-2962db512ba3,L09-S01,CONTEXT_ROLE_MISMATCH,RECOVERED_DETERMINISTIC_UUID5,question-authoring-recovery-v1.0.0
2a99e2e2-7826-5d4e-9bee-83404d05fc36,L09-S02,OVERGENERALIZATION,RECOVERED_DETERMINISTIC_UUID5,question-authoring-recovery-v1.0.0
0501d289-9ca7-5c64-a2f5-67fc12e4f511,L09-S02,NEAR_FORM_CONFUSION,RECOVERED_DETERMINISTIC_UUID5,question-authoring-recovery-v1.0.0
f18ee925-9fd0-5dc5-96e4-11d60af329a9,L09-S02,CONTEXT_ROLE_MISMATCH,RECOVERED_DETERMINISTIC_UUID5,question-authoring-recovery-v1.0.0
bfc67d49-520f-538b-8aaa-94262e2ba2bb,L10-S01,OVERGENERALIZATION,RECOVERED_DETERMINISTIC_UUID5,question-authoring-recovery-v1.0.0
5e28eef6-88be-5e80-a896-e791d0ca0efe,L10-S01,NEAR_FORM_CONFUSION,RECOVERED_DETERMINISTIC_UUID5,question-authoring-recovery-v1.0.0
58162832-cc01-5bda-a742-284b4c6bccc3,L10-S01,CONTEXT_ROLE_MISMATCH,RECOVERED_DETERMINISTIC_UUID5,question-authoring-recovery-v1.0.0
effdf243-bf09-552a-b679-297d56965546,L10-S01,EXCEPTION_NEGLECT,RECOVERED_DETERMINISTIC_UUID5,question-authoring-recovery-v1.0.0
bedd6c79-e6f0-5864-9242-6b5cbec90b05,L10-S02,OVERGENERALIZATION,RECOVERED_DETERMINISTIC_UUID5,question-authoring-recovery-v1.0.0
12e0626a-811b-5076-b019-be9a506d1cd7,L10-S02,NEAR_FORM_CONFUSION,RECOVERED_DETERMINISTIC_UUID5,question-authoring-recovery-v1.0.0
291538f9-f708-5c2e-97de-3c10d91b94db,L10-S02,CONTEXT_ROLE_MISMATCH,RECOVERED_DETERMINISTIC_UUID5,question-authoring-recovery-v1.0.0
799001b0-656e-5006-b7b8-382401478bfd,L10-S03,OVERGENERALIZATION,RECOVERED_DETERMINISTIC_UUID5,question-authoring-recovery-v1.0.0
58fe31fd-146b-59b1-90c4-4317d7736060,L10-S03,NEAR_FORM_CONFUSION,RECOVERED_DETERMINISTIC_UUID5,question-authoring-recovery-v1.0.0
2559e430-227a-51da-b8f7-af14dc0b9e1f,L10-S03,CONTEXT_ROLE_MISMATCH,RECOVERED_DETERMINISTIC_UUID5,question-authoring-recovery-v1.0.0
8abf0fb8-c2f6-5d38-95b8-694cba6c75b4,L10-S04,OVERGENERALIZATION,RECOVERED_DETERMINISTIC_UUID5,question-authoring-recovery-v1.0.0
6d902696-1bc1-588c-94b8-f00e14d96e69,L10-S04,NEAR_FORM_CONFUSION,RECOVERED_DETERMINISTIC_UUID5,question-authoring-recovery-v1.0.0
2a578706-88fc-5997-bebf-3e5b01c2df21,L10-S04,CONTEXT_ROLE_MISMATCH,RECOVERED_DETERMINISTIC_UUID5,question-authoring-recovery-v1.0.0
8968af22-9b09-58eb-a6ee-c145e961106d,L10-S05,OVERGENERALIZATION,RECOVERED_DETERMINISTIC_UUID5,question-authoring-recovery-v1.0.0
78501d5e-dcd5-58a2-80c4-682abfe530ed,L10-S05,NEAR_FORM_CONFUSION,RECOVERED_DETERMINISTIC_UUID5,question-authoring-recovery-v1.0.0
0d20905b-f5ad-5f76-b415-6c4108470d02,L10-S05,CONTEXT_ROLE_MISMATCH,RECOVERED_DETERMINISTIC_UUID5,question-authoring-recovery-v1.0.0
422ed223-ab60-5741-bbf2-1347030942a7,L11-S01,OVERGENERALIZATION,RECOVERED_DETERMINISTIC_UUID5,question-authoring-recovery-v1.0.0
abb68123-fe43-5448-abef-932f96b84efa,L11-S01,NEAR_FORM_CONFUSION,RECOVERED_DETERMINISTIC_UUID5,question-authoring-recovery-v1.0.0
93cb014a-ad34-53cb-b6cf-8107327fc554,L11-S01,CONTEXT_ROLE_MISMATCH,RECOVERED_DETERMINISTIC_UUID5,question-authoring-recovery-v1.0.0
bf0797a0-9895-50ea-84ec-149e42d29f97,L11-S02,OVERGENERALIZATION,RECOVERED_DETERMINISTIC_UUID5,question-authoring-recovery-v1.0.0
2ccc8b0a-1850-5685-b068-75ef50fa1b1c,L11-S02,NEAR_FORM_CONFUSION,RECOVERED_DETERMINISTIC_UUID5,question-authoring-recovery-v1.0.0
c903f03c-3c18-5e77-ab69-7f709b10df72,L11-S02,CONTEXT_ROLE_MISMATCH,RECOVERED_DETERMINISTIC_UUID5,question-authoring-recovery-v1.0.0
fc8236c0-2494-540f-a668-f91159a74391,L11-S03,OVERGENERALIZATION,RECOVERED_DETERMINISTIC_UUID5,question-authoring-recovery-v1.0.0
ba69b7e5-f23a-5b38-9f7c-cfc94aedebef,L11-S03,NEAR_FORM_CONFUSION,RECOVERED_DETERMINISTIC_UUID5,question-authoring-recovery-v1.0.0
1347d3f1-debd-5185-9c62-9ea91964fce9,L11-S03,CONTEXT_ROLE_MISMATCH,RECOVERED_DETERMINISTIC_UUID5,question-authoring-recovery-v1.0.0
58aede27-3c97-570c-b658-a2e17ac601cb,L11-S04,OVERGENERALIZATION,RECOVERED_DETERMINISTIC_UUID5,question-authoring-recovery-v1.0.0
a2f471de-c694-576a-bdf1-62a9248da772,L11-S04,NEAR_FORM_CONFUSION,RECOVERED_DETERMINISTIC_UUID5,question-authoring-recovery-v1.0.0
98bbb9f3-40fa-5ac5-9105-d10a1c1a3a8f,L11-S04,CONTEXT_ROLE_MISMATCH,RECOVERED_DETERMINISTIC_UUID5,question-authoring-recovery-v1.0.0
afbcbd96-9daa-5538-a465-9399e1f92a48,L11-S05,OVERGENERALIZATION,RECOVERED_DETERMINISTIC_UUID5,question-authoring-recovery-v1.0.0
d4718199-04df-52ba-8f92-0f06b1c1b355,L11-S05,NEAR_FORM_CONFUSION,RECOVERED_DETERMINISTIC_UUID5,question-authoring-recovery-v1.0.0
94f9acf1-6605-5221-880d-1eac731a773c,L11-S05,CONTEXT_ROLE_MISMATCH,RECOVERED_DETERMINISTIC_UUID5,question-authoring-recovery-v1.0.0
7ca5785f-348f-510c-9695-f10372701e42,L11-S06,OVERGENERALIZATION,RECOVERED_DETERMINISTIC_UUID5,question-authoring-recovery-v1.0.0
6f94b587-856a-5a0f-b093-445db57c9f1b,L11-S06,NEAR_FORM_CONFUSION,RECOVERED_DETERMINISTIC_UUID5,question-authoring-recovery-v1.0.0
75b60a31-3ec9-5b8d-937c-235d476f1d2f,L11-S06,CONTEXT_ROLE_MISMATCH,RECOVERED_DETERMINISTIC_UUID5,question-authoring-recovery-v1.0.0
3ca45dfa-0975-53ee-8d15-7633cb60d057,L12-S01,OVERGENERALIZATION,RECOVERED_DETERMINISTIC_UUID5,question-authoring-recovery-v1.0.0
628c56c3-2b68-554c-ab8d-678d5bb0b0d4,L12-S01,NEAR_FORM_CONFUSION,RECOVERED_DETERMINISTIC_UUID5,question-authoring-recovery-v1.0.0
2d60df3a-7ca1-58a4-936d-199b0ba40864,L12-S01,CONTEXT_ROLE_MISMATCH,RECOVERED_DETERMINISTIC_UUID5,question-authoring-recovery-v1.0.0
f1b4262e-563b-5951-80cc-62ccae17fd15,L12-S02,OVERGENERALIZATION,RECOVERED_DETERMINISTIC_UUID5,question-authoring-recovery-v1.0.0
c53d6bd1-a698-5e5e-bf11-f9458c5e8baf,L12-S02,NEAR_FORM_CONFUSION,RECOVERED_DETERMINISTIC_UUID5,question-authoring-recovery-v1.0.0
766cae19-d7c6-5f34-8359-726398e39380,L12-S02,CONTEXT_ROLE_MISMATCH,RECOVERED_DETERMINISTIC_UUID5,question-authoring-recovery-v1.0.0
f1410e4c-4542-5168-802c-8bb79174276b,L12-S03,OVERGENERALIZATION,RECOVERED_DETERMINISTIC_UUID5,question-authoring-recovery-v1.0.0
35b6170d-c83a-5a32-87b5-9294d0e2b159,L12-S03,NEAR_FORM_CONFUSION,RECOVERED_DETERMINISTIC_UUID5,question-authoring-recovery-v1.0.0
5945297b-8f7c-5581-ae6b-f0801f889c8b,L12-S03,CONTEXT_ROLE_MISMATCH,RECOVERED_DETERMINISTIC_UUID5,question-authoring-recovery-v1.0.0
564fd07b-8cef-530a-b62e-50213d11e6b7,L12-S04,OVERGENERALIZATION,RECOVERED_DETERMINISTIC_UUID5,question-authoring-recovery-v1.0.0
949861c4-29e1-5263-a006-615c1ce9e308,L12-S04,NEAR_FORM_CONFUSION,RECOVERED_DETERMINISTIC_UUID5,question-authoring-recovery-v1.0.0
0df7fc38-5e70-5559-b946-3ced907a26d7,L12-S04,CONTEXT_ROLE_MISMATCH,RECOVERED_DETERMINISTIC_UUID5,question-authoring-recovery-v1.0.0
ddcd50c0-c49a-5adf-a748-9b0c33682958,L12-S05,OVERGENERALIZATION,RECOVERED_DETERMINISTIC_UUID5,question-authoring-recovery-v1.0.0
d78f44d6-5a94-5b65-9775-09adaa7d90fb,L12-S05,NEAR_FORM_CONFUSION,HISTORICAL_ID_PRESERVED_FROM_PRIOR_ARTIFACT,question-authoring-recovery-v1.0.0
f083640e-af3a-5a70-b53e-443394812cf2,L12-S05,CONTEXT_ROLE_MISMATCH,RECOVERED_DETERMINISTIC_UUID5,question-authoring-recovery-v1.0.0
47ced59b-5160-5de5-937d-9b52eeee60c0,L12-S06,OVERGENERALIZATION,RECOVERED_DETERMINISTIC_UUID5,question-authoring-recovery-v1.0.0
b8c9c2cc-3d6f-58e1-8473-be0095d9d780,L12-S06,NEAR_FORM_CONFUSION,RECOVERED_DETERMINISTIC_UUID5,question-authoring-recovery-v1.0.0
452991e8-0551-50a5-986f-d76d02d9648c,L12-S06,CONTEXT_ROLE_MISMATCH,RECOVERED_DETERMINISTIC_UUID5,question-authoring-recovery-v1.0.0
9968e588-5efa-5114-bbff-afd66db0a0b4,L12-S07,OVERGENERALIZATION,RECOVERED_DETERMINISTIC_UUID5,question-authoring-recovery-v1.0.0
5f27e55c-2d3f-5a91-8815-06b65f9381d1,L12-S07,NEAR_FORM_CONFUSION,RECOVERED_DETERMINISTIC_UUID5,question-authoring-recovery-v1.0.0
efcd4520-ba91-5dec-9635-8dc48adcaa5a,L12-S07,CONTEXT_ROLE_MISMATCH,RECOVERED_DETERMINISTIC_UUID5,question-authoring-recovery-v1.0.0
1a5dfd0c-d13d-5e65-bb3d-2a2dd79526bd,L13-S01,OVERGENERALIZATION,RECOVERED_DETERMINISTIC_UUID5,question-authoring-recovery-v1.0.0
8ad303a3-0f50-5f2f-87f5-ffe66a591ec3,L13-S01,NEAR_FORM_CONFUSION,RECOVERED_DETERMINISTIC_UUID5,question-authoring-recovery-v1.0.0
ef30a913-cd08-5307-adf6-29a786ae42b5,L13-S01,CONTEXT_ROLE_MISMATCH,RECOVERED_DETERMINISTIC_UUID5,question-authoring-recovery-v1.0.0
8b4d7307-a2e3-5e14-b438-17df77ee85e1,L13-S02,OVERGENERALIZATION,RECOVERED_DETERMINISTIC_UUID5,question-authoring-recovery-v1.0.0
ed8b0daa-5edf-5fe4-9c06-688a3ef6b60f,L13-S02,NEAR_FORM_CONFUSION,RECOVERED_DETERMINISTIC_UUID5,question-authoring-recovery-v1.0.0
1abf0945-dd82-5ff9-9e38-96b7ce59e1c7,L13-S02,CONTEXT_ROLE_MISMATCH,RECOVERED_DETERMINISTIC_UUID5,question-authoring-recovery-v1.0.0
d6dcfdcd-40d0-5119-b27a-1a113b6004bd,L13-S03,OVERGENERALIZATION,RECOVERED_DETERMINISTIC_UUID5,question-authoring-recovery-v1.0.0
f157a8c1-6f2e-53f2-9f48-2a236dec829c,L13-S03,NEAR_FORM_CONFUSION,RECOVERED_DETERMINISTIC_UUID5,question-authoring-recovery-v1.0.0
b76b83f9-8c0d-5b04-b11b-5656c47fda62,L13-S03,CONTEXT_ROLE_MISMATCH,RECOVERED_DETERMINISTIC_UUID5,question-authoring-recovery-v1.0.0
83290e9e-b6ce-52dc-8c4b-ed9a41a38f7b,L13-S04,OVERGENERALIZATION,RECOVERED_DETERMINISTIC_UUID5,question-authoring-recovery-v1.0.0
e92498b3-7b8e-5b8c-9024-932a07492386,L13-S04,NEAR_FORM_CONFUSION,RECOVERED_DETERMINISTIC_UUID5,question-authoring-recovery-v1.0.0
967bbd9c-9b02-552a-8d47-337c4451b2ce,L13-S04,CONTEXT_ROLE_MISMATCH,RECOVERED_DETERMINISTIC_UUID5,question-authoring-recovery-v1.0.0
58b856c7-b57e-5eb8-a5d6-86bdb8d1e426,L13-S05,OVERGENERALIZATION,RECOVERED_DETERMINISTIC_UUID5,question-authoring-recovery-v1.0.0
bbb83202-d2c7-58d6-9392-825012c4ef9f,L13-S05,NEAR_FORM_CONFUSION,RECOVERED_DETERMINISTIC_UUID5,question-authoring-recovery-v1.0.0
03653965-24ea-5a19-8b4f-ee76ca702234,L13-S05,CONTEXT_ROLE_MISMATCH,RECOVERED_DETERMINISTIC_UUID5,question-authoring-recovery-v1.0.0
46d4c618-5413-58ab-90cf-38fce9ebe6ed,L13-S06,OVERGENERALIZATION,HISTORICAL_ID_PRESERVED_FROM_PRIOR_ARTIFACT,question-authoring-recovery-v1.0.0
c22487bc-e956-5e7f-8471-fb0247421334,L13-S06,NEAR_FORM_CONFUSION,RECOVERED_DETERMINISTIC_UUID5,question-authoring-recovery-v1.0.0
d56d9a90-a0cf-5bb8-96fb-0dde74f4d17a,L13-S06,CONTEXT_ROLE_MISMATCH,RECOVERED_DETERMINISTIC_UUID5,question-authoring-recovery-v1.0.0
2ee9ca60-47b5-5a9c-a07b-842e00b6e5a1,L14-S01,OVERGENERALIZATION,RECOVERED_DETERMINISTIC_UUID5,question-authoring-recovery-v1.0.0
92ac493a-7820-5665-9e64-9c572ada2356,L14-S01,NEAR_FORM_CONFUSION,RECOVERED_DETERMINISTIC_UUID5,question-authoring-recovery-v1.0.0
05d591bb-0fd1-5a07-a8fa-066fb8ca369b,L14-S01,CONTEXT_ROLE_MISMATCH,RECOVERED_DETERMINISTIC_UUID5,question-authoring-recovery-v1.0.0
1c938276-8410-5a0f-baf1-a4a79e354418,L14-S02,OVERGENERALIZATION,RECOVERED_DETERMINISTIC_UUID5,question-authoring-recovery-v1.0.0
e44a137d-1565-5cd7-b4aa-6a054c38aa2d,L14-S02,NEAR_FORM_CONFUSION,RECOVERED_DETERMINISTIC_UUID5,question-authoring-recovery-v1.0.0
5d3ded53-b5de-51c7-b49f-6fa2cde9fca7,L14-S02,CONTEXT_ROLE_MISMATCH,RECOVERED_DETERMINISTIC_UUID5,question-authoring-recovery-v1.0.0
724ec539-3e60-5bbe-81a3-bf3433320498,L14-S03,OVERGENERALIZATION,RECOVERED_DETERMINISTIC_UUID5,question-authoring-recovery-v1.0.0
83fde206-cdef-5bca-8be8-fab4e1037563,L14-S03,NEAR_FORM_CONFUSION,RECOVERED_DETERMINISTIC_UUID5,question-authoring-recovery-v1.0.0
1a219eea-8f49-54fd-a0be-f20030ce7135,L14-S03,CONTEXT_ROLE_MISMATCH,RECOVERED_DETERMINISTIC_UUID5,question-authoring-recovery-v1.0.0
65d5f6d4-a74c-50dd-9a2e-b20cf245675d,L14-S04,OVERGENERALIZATION,RECOVERED_DETERMINISTIC_UUID5,question-authoring-recovery-v1.0.0
c8776509-f373-5e07-8fad-88f5d519dfe3,L14-S04,NEAR_FORM_CONFUSION,RECOVERED_DETERMINISTIC_UUID5,question-authoring-recovery-v1.0.0
e3082347-dc6e-5219-8c8e-023016e7d18f,L14-S04,CONTEXT_ROLE_MISMATCH,RECOVERED_DETERMINISTIC_UUID5,question-authoring-recovery-v1.0.0
5311eb31-0854-5b9d-aae4-000d5a1fed60,L14-S05,OVERGENERALIZATION,RECOVERED_DETERMINISTIC_UUID5,question-authoring-recovery-v1.0.0
e348996d-6f12-5834-99b9-b284e74eb9f1,L14-S05,NEAR_FORM_CONFUSION,RECOVERED_DETERMINISTIC_UUID5,question-authoring-recovery-v1.0.0
279f56d5-8e66-5633-9b01-0c0e05f9737d,L14-S05,CONTEXT_ROLE_MISMATCH,RECOVERED_DETERMINISTIC_UUID5,question-authoring-recovery-v1.0.0
91797344-82ee-5449-b252-35978ce7a4b3,L14-S06,OVERGENERALIZATION,RECOVERED_DETERMINISTIC_UUID5,question-authoring-recovery-v1.0.0
2d3393ae-475d-513d-b966-9a37e617e4a1,L14-S06,NEAR_FORM_CONFUSION,RECOVERED_DETERMINISTIC_UUID5,question-authoring-recovery-v1.0.0
895e9497-abdd-57ff-bbef-aa9523841c2c,L14-S06,CONTEXT_ROLE_MISMATCH,RECOVERED_DETERMINISTIC_UUID5,question-authoring-recovery-v1.0.0
6faa0830-f9f3-52d5-af36-8f13ad2ff6c8,L15-S01,OVERGENERALIZATION,RECOVERED_DETERMINISTIC_UUID5,question-authoring-recovery-v1.0.0
79bc4a82-f30c-5505-99da-d3afe01e5e6e,L15-S01,NEAR_FORM_CONFUSION,RECOVERED_DETERMINISTIC_UUID5,question-authoring-recovery-v1.0.0
729c2711-27bc-5dae-bc90-0c38eb2119df,L15-S01,CONTEXT_ROLE_MISMATCH,RECOVERED_DETERMINISTIC_UUID5,question-authoring-recovery-v1.0.0
cade9d59-4ab7-5b9c-a17f-35ab45105002,L15-S02,OVERGENERALIZATION,RECOVERED_DETERMINISTIC_UUID5,question-authoring-recovery-v1.0.0
7df9fdcc-48f4-5a56-93e6-64e7018da63c,L15-S02,NEAR_FORM_CONFUSION,RECOVERED_DETERMINISTIC_UUID5,question-authoring-recovery-v1.0.0
498a9d1d-2b12-582a-be1f-d2a58a4a3daa,L15-S02,CONTEXT_ROLE_MISMATCH,RECOVERED_DETERMINISTIC_UUID5,question-authoring-recovery-v1.0.0
06e47734-1240-53ab-bf6c-261a2b5c4f20,L15-S03,OVERGENERALIZATION,HISTORICAL_ID_PRESERVED_FROM_PRIOR_ARTIFACT,question-authoring-recovery-v1.0.0
78af3dfe-81c0-540c-a8e2-2ca9ab50ac3a,L15-S03,NEAR_FORM_CONFUSION,RECOVERED_DETERMINISTIC_UUID5,question-authoring-recovery-v1.0.0
8b46e81e-2eb0-5af6-8eee-87465df9ddfa,L15-S03,CONTEXT_ROLE_MISMATCH,RECOVERED_DETERMINISTIC_UUID5,question-authoring-recovery-v1.0.0
54739000-ebe1-52cf-8763-7441fe87d54c,L15-S04,OVERGENERALIZATION,RECOVERED_DETERMINISTIC_UUID5,question-authoring-recovery-v1.0.0
a191bdd3-5063-567c-9ae1-9a06fd98b7e6,L15-S04,NEAR_FORM_CONFUSION,RECOVERED_DETERMINISTIC_UUID5,question-authoring-recovery-v1.0.0
fa7e9701-2c7b-5a00-a2bf-3d840856d05b,L15-S04,CONTEXT_ROLE_MISMATCH,RECOVERED_DETERMINISTIC_UUID5,question-authoring-recovery-v1.0.0
5f6a9b27-b570-5dff-a9e5-3197069b659e,L15-S05,OVERGENERALIZATION,RECOVERED_DETERMINISTIC_UUID5,question-authoring-recovery-v1.0.0
fdd744c7-0b59-54b4-9485-f016ee543b43,L15-S05,NEAR_FORM_CONFUSION,RECOVERED_DETERMINISTIC_UUID5,question-authoring-recovery-v1.0.0
ca84906c-6ccb-5a63-b4e9-40a314390edd,L15-S05,CONTEXT_ROLE_MISMATCH,RECOVERED_DETERMINISTIC_UUID5,question-authoring-recovery-v1.0.0
97e5fae4-d741-5267-ac08-c1d66e3ac57f,L16-S01,OVERGENERALIZATION,RECOVERED_DETERMINISTIC_UUID5,question-authoring-recovery-v1.0.0
fa59a58e-d917-5f95-9ca0-e10961980c20,L16-S01,NEAR_FORM_CONFUSION,RECOVERED_DETERMINISTIC_UUID5,question-authoring-recovery-v1.0.0
c241928d-5ecd-579c-8ebd-9c1c8277328b,L16-S01,CONTEXT_ROLE_MISMATCH,RECOVERED_DETERMINISTIC_UUID5,question-authoring-recovery-v1.0.0
06335538-b76e-55c0-b1de-1fc2d13288fb,L16-S02,OVERGENERALIZATION,RECOVERED_DETERMINISTIC_UUID5,question-authoring-recovery-v1.0.0
cf5bb261-f702-55e7-9aa4-68c9cb81a9be,L16-S02,NEAR_FORM_CONFUSION,RECOVERED_DETERMINISTIC_UUID5,question-authoring-recovery-v1.0.0
a4a046f4-bca2-587f-927e-88dde0ee8238,L16-S02,CONTEXT_ROLE_MISMATCH,RECOVERED_DETERMINISTIC_UUID5,question-authoring-recovery-v1.0.0
371eb548-b164-5778-85ca-4b50b4328163,L16-S03,OVERGENERALIZATION,RECOVERED_DETERMINISTIC_UUID5,question-authoring-recovery-v1.0.0
3bdd51d6-a3a9-5fb2-a0c2-c0039813cf15,L16-S03,NEAR_FORM_CONFUSION,RECOVERED_DETERMINISTIC_UUID5,question-authoring-recovery-v1.0.0
6fd743a6-3fa7-572f-8506-8104fdfcbf5a,L16-S03,CONTEXT_ROLE_MISMATCH,RECOVERED_DETERMINISTIC_UUID5,question-authoring-recovery-v1.0.0
397020b0-e508-5c81-8a0b-851087f86621,L16-S04,OVERGENERALIZATION,RECOVERED_DETERMINISTIC_UUID5,question-authoring-recovery-v1.0.0
5be929ad-cba3-5aa8-a7d4-ff0822e212bf,L16-S04,NEAR_FORM_CONFUSION,RECOVERED_DETERMINISTIC_UUID5,question-authoring-recovery-v1.0.0
e608df8e-28e2-59e1-a5ad-ab38bd4c5d73,L16-S04,CONTEXT_ROLE_MISMATCH,RECOVERED_DETERMINISTIC_UUID5,question-authoring-recovery-v1.0.0
4f33aae9-7c36-52fa-a0e6-4806fd639880,L16-S04,EXCEPTION_NEGLECT,RECOVERED_DETERMINISTIC_UUID5,question-authoring-recovery-v1.0.0
970ddb85-45d8-5a96-b4df-60ff7a4baf68,L17-S01,OVERGENERALIZATION,RECOVERED_DETERMINISTIC_UUID5,question-authoring-recovery-v1.0.0
6bab19fe-c0ba-5a44-a987-26097e737a3a,L17-S01,NEAR_FORM_CONFUSION,RECOVERED_DETERMINISTIC_UUID5,question-authoring-recovery-v1.0.0
67a0f891-4b4b-5852-960a-f45705702c20,L17-S01,CONTEXT_ROLE_MISMATCH,RECOVERED_DETERMINISTIC_UUID5,question-authoring-recovery-v1.0.0
58700dd0-e6e6-5fdf-8817-5ec99dae2aa8,L17-S02,OVERGENERALIZATION,RECOVERED_DETERMINISTIC_UUID5,question-authoring-recovery-v1.0.0
0c79b137-da04-5819-9502-4d682436571d,L17-S02,NEAR_FORM_CONFUSION,RECOVERED_DETERMINISTIC_UUID5,question-authoring-recovery-v1.0.0
37498e1e-84e5-5991-9656-03c734c0bbe2,L17-S02,CONTEXT_ROLE_MISMATCH,RECOVERED_DETERMINISTIC_UUID5,question-authoring-recovery-v1.0.0
37809513-4727-52db-957f-b50e85a59406,L17-S03,OVERGENERALIZATION,RECOVERED_DETERMINISTIC_UUID5,question-authoring-recovery-v1.0.0
012fd54c-345c-57bc-a232-3f5b85ae0bb6,L17-S03,NEAR_FORM_CONFUSION,RECOVERED_DETERMINISTIC_UUID5,question-authoring-recovery-v1.0.0
b81a5ee2-be07-56fd-ae8c-a6d1b708cb29,L17-S03,CONTEXT_ROLE_MISMATCH,RECOVERED_DETERMINISTIC_UUID5,question-authoring-recovery-v1.0.0
86a81ad2-dcfa-5189-8dc4-30131a299b97,L17-S04,OVERGENERALIZATION,RECOVERED_DETERMINISTIC_UUID5,question-authoring-recovery-v1.0.0
4e2fafce-e967-592a-9646-f1be2820804f,L17-S04,NEAR_FORM_CONFUSION,RECOVERED_DETERMINISTIC_UUID5,question-authoring-recovery-v1.0.0
7ec38bed-0ee2-5c33-bf6f-0da7bdb30c76,L17-S04,CONTEXT_ROLE_MISMATCH,RECOVERED_DETERMINISTIC_UUID5,question-authoring-recovery-v1.0.0
a6dde892-62fb-56d2-a9b3-78e5e4fb8119,L18-S01,OVERGENERALIZATION,RECOVERED_DETERMINISTIC_UUID5,question-authoring-recovery-v1.0.0
884867bb-2462-59b9-9b1b-2328c145743f,L18-S01,NEAR_FORM_CONFUSION,RECOVERED_DETERMINISTIC_UUID5,question-authoring-recovery-v1.0.0
d255768b-e73f-5469-8127-15c57b1e3453,L18-S01,CONTEXT_ROLE_MISMATCH,RECOVERED_DETERMINISTIC_UUID5,question-authoring-recovery-v1.0.0
ab8c6221-4bb9-5fa5-a769-ab4f1f6f1885,L18-S02,OVERGENERALIZATION,RECOVERED_DETERMINISTIC_UUID5,question-authoring-recovery-v1.0.0
06c17533-db22-5adb-8644-9f48e8c1de0f,L18-S02,NEAR_FORM_CONFUSION,RECOVERED_DETERMINISTIC_UUID5,question-authoring-recovery-v1.0.0
2d2047e5-5588-5070-9706-86f05609a9c5,L18-S02,CONTEXT_ROLE_MISMATCH,RECOVERED_DETERMINISTIC_UUID5,question-authoring-recovery-v1.0.0
51969b9f-9159-5178-bba0-27da95766d72,L18-S03,OVERGENERALIZATION,RECOVERED_DETERMINISTIC_UUID5,question-authoring-recovery-v1.0.0
54443c6a-b6e3-5418-957a-d695818ff621,L18-S03,NEAR_FORM_CONFUSION,RECOVERED_DETERMINISTIC_UUID5,question-authoring-recovery-v1.0.0
c1b4fa2b-27b3-5085-9255-d940063b9cc2,L18-S03,CONTEXT_ROLE_MISMATCH,RECOVERED_DETERMINISTIC_UUID5,question-authoring-recovery-v1.0.0
faa63ea2-c483-51c9-9d19-201d5784fe5d,L18-S04,OVERGENERALIZATION,RECOVERED_DETERMINISTIC_UUID5,question-authoring-recovery-v1.0.0
de3883f2-2289-5815-9ab9-77af41931997,L18-S04,NEAR_FORM_CONFUSION,RECOVERED_DETERMINISTIC_UUID5,question-authoring-recovery-v1.0.0
0bb4d432-0544-5ecb-aa41-0ec248f69c38,L18-S04,CONTEXT_ROLE_MISMATCH,RECOVERED_DETERMINISTIC_UUID5,question-authoring-recovery-v1.0.0
257a1d92-f1ed-5348-b72f-e30f28c05d4e,L18-S05,OVERGENERALIZATION,RECOVERED_DETERMINISTIC_UUID5,question-authoring-recovery-v1.0.0
275341f0-6bc8-5206-bdac-55c88788ea37,L18-S05,NEAR_FORM_CONFUSION,RECOVERED_DETERMINISTIC_UUID5,question-authoring-recovery-v1.0.0
c75e1b46-956c-596e-8f99-5da8b1f3d91c,L18-S05,CONTEXT_ROLE_MISMATCH,RECOVERED_DETERMINISTIC_UUID5,question-authoring-recovery-v1.0.0
0d3eff4d-d3da-526d-8bc9-c7cf77d9e243,L18-S05,EXCEPTION_NEGLECT,RECOVERED_DETERMINISTIC_UUID5,question-authoring-recovery-v1.0.0
e6c3d3df-df0c-5e30-a870-5575bad8b985,L18-S06,OVERGENERALIZATION,RECOVERED_DETERMINISTIC_UUID5,question-authoring-recovery-v1.0.0
8565924f-a7c6-5ecd-b8cd-5ad185743ff4,L18-S06,NEAR_FORM_CONFUSION,RECOVERED_DETERMINISTIC_UUID5,question-authoring-recovery-v1.0.0
cce64aac-4ee2-5d04-b99c-6f4343bc3aa6,L18-S06,CONTEXT_ROLE_MISMATCH,RECOVERED_DETERMINISTIC_UUID5,question-authoring-recovery-v1.0.0
a137c40e-13ee-528b-8e6f-db42ea5563fc,L19-S01,OVERGENERALIZATION,RECOVERED_DETERMINISTIC_UUID5,question-authoring-recovery-v1.0.0
7de917b6-8caa-5b02-be12-59f842ae0eda,L19-S01,NEAR_FORM_CONFUSION,RECOVERED_DETERMINISTIC_UUID5,question-authoring-recovery-v1.0.0
e7c6bb02-4767-54f8-8c2b-6335c798fda8,L19-S01,CONTEXT_ROLE_MISMATCH,RECOVERED_DETERMINISTIC_UUID5,question-authoring-recovery-v1.0.0
69fd52a4-d581-5801-896e-535f7752cec0,L19-S02,OVERGENERALIZATION,RECOVERED_DETERMINISTIC_UUID5,question-authoring-recovery-v1.0.0
b68343d5-b60d-555f-b1d0-ec9b58667709,L19-S02,NEAR_FORM_CONFUSION,RECOVERED_DETERMINISTIC_UUID5,question-authoring-recovery-v1.0.0
2c3d8000-9064-5b2f-adc4-3505c06a6005,L19-S02,CONTEXT_ROLE_MISMATCH,RECOVERED_DETERMINISTIC_UUID5,question-authoring-recovery-v1.0.0
15319091-1d23-56e9-8211-47e713b1d84d,L19-S03,OVERGENERALIZATION,RECOVERED_DETERMINISTIC_UUID5,question-authoring-recovery-v1.0.0
65c96162-1db3-5193-b29a-17628f0fa59b,L19-S03,NEAR_FORM_CONFUSION,RECOVERED_DETERMINISTIC_UUID5,question-authoring-recovery-v1.0.0
0dcb8e0d-1df0-502e-b646-38b28b54a5d6,L19-S03,CONTEXT_ROLE_MISMATCH,RECOVERED_DETERMINISTIC_UUID5,question-authoring-recovery-v1.0.0
bb1c3fdc-f8c2-5690-a859-c7ac0455164d,L19-S04,OVERGENERALIZATION,HISTORICAL_ID_PRESERVED_FROM_PRIOR_ARTIFACT,question-authoring-recovery-v1.0.0
191f6245-5c16-5268-b19f-c60b3e6b72e6,L19-S04,NEAR_FORM_CONFUSION,RECOVERED_DETERMINISTIC_UUID5,question-authoring-recovery-v1.0.0
5c24b5ce-6f19-5d61-9f31-bf0b4ac29cb9,L19-S04,CONTEXT_ROLE_MISMATCH,RECOVERED_DETERMINISTIC_UUID5,question-authoring-recovery-v1.0.0
5adb9cce-79a6-53b5-9a87-5057be4d2149,L19-S05,OVERGENERALIZATION,RECOVERED_DETERMINISTIC_UUID5,question-authoring-recovery-v1.0.0
9c6f98ea-eedc-5b6b-b45d-fde43a69b09d,L19-S05,NEAR_FORM_CONFUSION,RECOVERED_DETERMINISTIC_UUID5,question-authoring-recovery-v1.0.0
afbb277c-cc1d-56fa-9d1d-e9161e1592b2,L19-S05,CONTEXT_ROLE_MISMATCH,RECOVERED_DETERMINISTIC_UUID5,question-authoring-recovery-v1.0.0
5bffedb9-ae2e-5b1e-9592-0cd7b9073f29,L19-S06,OVERGENERALIZATION,RECOVERED_DETERMINISTIC_UUID5,question-authoring-recovery-v1.0.0
3a1fd4b7-a092-5078-aeb4-9d4991627f11,L19-S06,NEAR_FORM_CONFUSION,RECOVERED_DETERMINISTIC_UUID5,question-authoring-recovery-v1.0.0
e06c742d-0e9d-50a9-a88b-3bf598254a47,L19-S06,CONTEXT_ROLE_MISMATCH,RECOVERED_DETERMINISTIC_UUID5,question-authoring-recovery-v1.0.0
e02b4bae-260c-539e-9541-51bdf554b94b,L20-S01,OVERGENERALIZATION,RECOVERED_DETERMINISTIC_UUID5,question-authoring-recovery-v1.0.0
f9b2c2f4-eecb-54a7-b951-1c60884d7d03,L20-S01,NEAR_FORM_CONFUSION,RECOVERED_DETERMINISTIC_UUID5,question-authoring-recovery-v1.0.0
cb28c5be-6afb-5244-8998-207aed7939a5,L20-S01,CONTEXT_ROLE_MISMATCH,RECOVERED_DETERMINISTIC_UUID5,question-authoring-recovery-v1.0.0
6417ef35-86fe-503a-8a39-69406737509d,L20-S02,OVERGENERALIZATION,RECOVERED_DETERMINISTIC_UUID5,question-authoring-recovery-v1.0.0
cf01d355-7293-5cf4-8b83-047bc7caa6b9,L20-S02,NEAR_FORM_CONFUSION,RECOVERED_DETERMINISTIC_UUID5,question-authoring-recovery-v1.0.0
2244a25b-405c-5a03-8b3a-eb33d11eaaa4,L20-S02,CONTEXT_ROLE_MISMATCH,RECOVERED_DETERMINISTIC_UUID5,question-authoring-recovery-v1.0.0
b7398522-8c4b-57bd-bbe7-7f25da4fd72e,L20-S02,EXCEPTION_NEGLECT,RECOVERED_DETERMINISTIC_UUID5,question-authoring-recovery-v1.0.0
2bbea696-be2d-57c6-807d-6675dc3da165,L20-S03,OVERGENERALIZATION,RECOVERED_DETERMINISTIC_UUID5,question-authoring-recovery-v1.0.0
b0abdd92-27a8-554e-931f-bb03a0ed0a99,L20-S03,NEAR_FORM_CONFUSION,RECOVERED_DETERMINISTIC_UUID5,question-authoring-recovery-v1.0.0
0b4400a6-6b0e-5864-849e-d132fae0ba44,L20-S03,CONTEXT_ROLE_MISMATCH,RECOVERED_DETERMINISTIC_UUID5,question-authoring-recovery-v1.0.0
164039bf-ea21-5b5d-884e-d51c6808249b,L20-S04,OVERGENERALIZATION,RECOVERED_DETERMINISTIC_UUID5,question-authoring-recovery-v1.0.0
2ab5927c-e131-5bae-adec-12c255654916,L20-S04,NEAR_FORM_CONFUSION,RECOVERED_DETERMINISTIC_UUID5,question-authoring-recovery-v1.0.0
8048fd24-02bd-528f-8d4e-9b78b6e728d7,L20-S04,CONTEXT_ROLE_MISMATCH,RECOVERED_DETERMINISTIC_UUID5,question-authoring-recovery-v1.0.0
a646ac93-65a4-59a6-9bd0-6037edabdb87,L20-S05,OVERGENERALIZATION,RECOVERED_DETERMINISTIC_UUID5,question-authoring-recovery-v1.0.0
1ca765ec-ce05-5f9d-943c-3f3ff19e6b12,L20-S05,NEAR_FORM_CONFUSION,RECOVERED_DETERMINISTIC_UUID5,question-authoring-recovery-v1.0.0
1cf72acc-bc48-5ef9-b2f3-63f41b616261,L20-S05,CONTEXT_ROLE_MISMATCH,RECOVERED_DETERMINISTIC_UUID5,question-authoring-recovery-v1.0.0
8ddd2510-6199-5ae1-9da4-3a681d47f91f,L20-S05,EXCEPTION_NEGLECT,RECOVERED_DETERMINISTIC_UUID5,question-authoring-recovery-v1.0.0
92474720-838c-5754-9d67-ca2be279846a,L21-S01,OVERGENERALIZATION,RECOVERED_DETERMINISTIC_UUID5,question-authoring-recovery-v1.0.0
ebb5bcb0-7182-5da7-9baa-aa42f468f91b,L21-S01,NEAR_FORM_CONFUSION,RECOVERED_DETERMINISTIC_UUID5,question-authoring-recovery-v1.0.0
87337538-f947-5809-ad42-bcda780cf812,L21-S01,CONTEXT_ROLE_MISMATCH,RECOVERED_DETERMINISTIC_UUID5,question-authoring-recovery-v1.0.0
b0c3b624-27a2-58b8-aa0c-818b0f359ebe,L21-S02,OVERGENERALIZATION,RECOVERED_DETERMINISTIC_UUID5,question-authoring-recovery-v1.0.0
76365f38-a5e2-50ad-b627-97260396d728,L21-S02,NEAR_FORM_CONFUSION,HISTORICAL_ID_PRESERVED_FROM_PRIOR_ARTIFACT,question-authoring-recovery-v1.0.0
4997aac2-fd24-523d-9eac-4fa4dd2e93dd,L21-S02,CONTEXT_ROLE_MISMATCH,HISTORICAL_ID_PRESERVED_FROM_PRIOR_ARTIFACT,question-authoring-recovery-v1.0.0
5cc01893-a197-5e08-868b-860cbf7c7587,L21-S02,EXCEPTION_NEGLECT,RECOVERED_DETERMINISTIC_UUID5,question-authoring-recovery-v1.0.0
aa99942f-c510-5ae8-8c1e-d7568a34468f,L22-S01,OVERGENERALIZATION,RECOVERED_DETERMINISTIC_UUID5,question-authoring-recovery-v1.0.0
e503703d-4836-55ca-9e51-d6ef237415a9,L22-S01,NEAR_FORM_CONFUSION,RECOVERED_DETERMINISTIC_UUID5,question-authoring-recovery-v1.0.0
1f06908d-ebb1-5dcd-8a12-aa23c5dea3ae,L22-S01,CONTEXT_ROLE_MISMATCH,RECOVERED_DETERMINISTIC_UUID5,question-authoring-recovery-v1.0.0
51a46fee-3ea6-5371-9138-982f5c51800b,L22-S02,OVERGENERALIZATION,HISTORICAL_ID_PRESERVED_FROM_PRIOR_ARTIFACT,question-authoring-recovery-v1.0.0
96196f83-b180-5ccd-aa77-bd70835858f2,L22-S02,NEAR_FORM_CONFUSION,RECOVERED_DETERMINISTIC_UUID5,question-authoring-recovery-v1.0.0
75efa3bd-9368-52c4-bbdf-9cfd2745ac43,L22-S02,CONTEXT_ROLE_MISMATCH,RECOVERED_DETERMINISTIC_UUID5,question-authoring-recovery-v1.0.0
965b6436-deec-50ed-b91a-8521d0d21880,L22-S03,OVERGENERALIZATION,HISTORICAL_ID_PRESERVED_FROM_PRIOR_ARTIFACT,question-authoring-recovery-v1.0.0
77a2316f-6474-5f01-abdf-279165b5eaaa,L22-S03,NEAR_FORM_CONFUSION,RECOVERED_DETERMINISTIC_UUID5,question-authoring-recovery-v1.0.0
cb748c37-16aa-58fa-bdc7-744adaf2a473,L22-S03,CONTEXT_ROLE_MISMATCH,RECOVERED_DETERMINISTIC_UUID5,question-authoring-recovery-v1.0.0
5a65d543-12ad-5061-acf1-57f4a5f35499,L22-S04,OVERGENERALIZATION,RECOVERED_DETERMINISTIC_UUID5,question-authoring-recovery-v1.0.0
a6e9d41b-3f68-5052-9a77-86957c0814ef,L22-S04,NEAR_FORM_CONFUSION,RECOVERED_DETERMINISTIC_UUID5,question-authoring-recovery-v1.0.0
14268f87-9804-59b2-a4eb-eaf53e5125cf,L22-S04,CONTEXT_ROLE_MISMATCH,RECOVERED_DETERMINISTIC_UUID5,question-authoring-recovery-v1.0.0
dde59da2-7b9e-5eab-8c5a-ddb3983c9332,L22-S05,OVERGENERALIZATION,RECOVERED_DETERMINISTIC_UUID5,question-authoring-recovery-v1.0.0
4e56d99a-3c1b-574e-9004-87251440243b,L22-S05,NEAR_FORM_CONFUSION,RECOVERED_DETERMINISTIC_UUID5,question-authoring-recovery-v1.0.0
edc882e9-bf72-5684-917a-1500b87f57ff,L22-S05,CONTEXT_ROLE_MISMATCH,RECOVERED_DETERMINISTIC_UUID5,question-authoring-recovery-v1.0.0
4dca28a4-c3a9-597d-9541-b6238df93a6b,L22-S05,EXCEPTION_NEGLECT,RECOVERED_DETERMINISTIC_UUID5,question-authoring-recovery-v1.0.0
1fff3adc-c15a-54f6-b9fe-103459bbef13,L23-S01,OVERGENERALIZATION,RECOVERED_DETERMINISTIC_UUID5,question-authoring-recovery-v1.0.0
da40702d-039f-58cd-a390-b28eb4b07b71,L23-S01,NEAR_FORM_CONFUSION,RECOVERED_DETERMINISTIC_UUID5,question-authoring-recovery-v1.0.0
24c3de78-3246-5e13-b69d-63c07c38955e,L23-S01,CONTEXT_ROLE_MISMATCH,RECOVERED_DETERMINISTIC_UUID5,question-authoring-recovery-v1.0.0
d6140c5c-8990-5d4f-b69d-77f76fd1676b,L23-S02,OVERGENERALIZATION,RECOVERED_DETERMINISTIC_UUID5,question-authoring-recovery-v1.0.0
5112274f-96f3-5d58-9b80-65aa8c7f75be,L23-S02,NEAR_FORM_CONFUSION,RECOVERED_DETERMINISTIC_UUID5,question-authoring-recovery-v1.0.0
faee2ff0-e605-5681-8142-adac8964db76,L23-S02,CONTEXT_ROLE_MISMATCH,RECOVERED_DETERMINISTIC_UUID5,question-authoring-recovery-v1.0.0
c9457829-3ab4-5198-a6ed-f42dd4cab211,L23-S03,OVERGENERALIZATION,RECOVERED_DETERMINISTIC_UUID5,question-authoring-recovery-v1.0.0
92e703d4-16a7-5958-af32-1d3ff82396fc,L23-S03,NEAR_FORM_CONFUSION,RECOVERED_DETERMINISTIC_UUID5,question-authoring-recovery-v1.0.0
4b4987ec-41c2-5d4f-ba9a-d5cc08278686,L23-S03,CONTEXT_ROLE_MISMATCH,RECOVERED_DETERMINISTIC_UUID5,question-authoring-recovery-v1.0.0
92e9318e-34ec-5ab3-95e8-1557c461d26a,L23-S03,EXCEPTION_NEGLECT,RECOVERED_DETERMINISTIC_UUID5,question-authoring-recovery-v1.0.0
dc559f43-245a-5437-93a8-d873cf96fcb5,L24-S01,OVERGENERALIZATION,RECOVERED_DETERMINISTIC_UUID5,question-authoring-recovery-v1.0.0
fdbae9e1-8738-5c90-8ece-eadb670de7e7,L24-S01,NEAR_FORM_CONFUSION,RECOVERED_DETERMINISTIC_UUID5,question-authoring-recovery-v1.0.0
80f7d338-6399-5d9c-aa37-44b1eb37c869,L24-S01,CONTEXT_ROLE_MISMATCH,RECOVERED_DETERMINISTIC_UUID5,question-authoring-recovery-v1.0.0
1b3e9d59-0b9f-5a8f-9309-daf8c224a3eb,L24-S02,OVERGENERALIZATION,RECOVERED_DETERMINISTIC_UUID5,question-authoring-recovery-v1.0.0
1e61a610-bc66-555b-9e1c-1a198278c795,L24-S02,NEAR_FORM_CONFUSION,RECOVERED_DETERMINISTIC_UUID5,question-authoring-recovery-v1.0.0
b82b6cd0-d05b-577c-b566-2318e46262a4,L24-S02,CONTEXT_ROLE_MISMATCH,RECOVERED_DETERMINISTIC_UUID5,question-authoring-recovery-v1.0.0
c47fdae3-0f36-57da-b155-e11731434586,L24-S03,OVERGENERALIZATION,RECOVERED_DETERMINISTIC_UUID5,question-authoring-recovery-v1.0.0
dda357ba-8221-5524-9952-ff8264c96e18,L24-S03,NEAR_FORM_CONFUSION,RECOVERED_DETERMINISTIC_UUID5,question-authoring-recovery-v1.0.0
94bc5d72-775c-5d1d-948e-e06b8cab62e6,L24-S03,CONTEXT_ROLE_MISMATCH,RECOVERED_DETERMINISTIC_UUID5,question-authoring-recovery-v1.0.0
08645d4e-e3e0-55e8-8d77-756596c6b438,L24-S04,OVERGENERALIZATION,RECOVERED_DETERMINISTIC_UUID5,question-authoring-recovery-v1.0.0
3932b123-5c87-5e5b-9def-4b6f743f9cad,L24-S04,NEAR_FORM_CONFUSION,RECOVERED_DETERMINISTIC_UUID5,question-authoring-recovery-v1.0.0
83cfcf29-90a0-51f8-b1e3-f28705acdc80,L24-S04,CONTEXT_ROLE_MISMATCH,RECOVERED_DETERMINISTIC_UUID5,question-authoring-recovery-v1.0.0
f2e5f7be-db9c-516f-9971-7e6f38d386fd,L25-S01,OVERGENERALIZATION,RECOVERED_DETERMINISTIC_UUID5,question-authoring-recovery-v1.0.0
9a384ec0-a81e-50d7-9c2b-955fc95064ba,L25-S01,NEAR_FORM_CONFUSION,RECOVERED_DETERMINISTIC_UUID5,question-authoring-recovery-v1.0.0
888371a5-0738-5f56-8f11-06b3a11b5ad9,L25-S01,CONTEXT_ROLE_MISMATCH,RECOVERED_DETERMINISTIC_UUID5,question-authoring-recovery-v1.0.0
ede3b43f-2cf4-5031-9829-a3fdb0e45ae0,L25-S02,OVERGENERALIZATION,RECOVERED_DETERMINISTIC_UUID5,question-authoring-recovery-v1.0.0
cfa29221-42c2-507f-b1ac-0c32214f9d12,L25-S02,NEAR_FORM_CONFUSION,RECOVERED_DETERMINISTIC_UUID5,question-authoring-recovery-v1.0.0
6ad2b8a6-4af0-5bcd-9f20-35e6e1b447cc,L25-S02,CONTEXT_ROLE_MISMATCH,RECOVERED_DETERMINISTIC_UUID5,question-authoring-recovery-v1.0.0
e2a07297-014e-55c1-a068-ad588a8297bf,L25-S03,OVERGENERALIZATION,RECOVERED_DETERMINISTIC_UUID5,question-authoring-recovery-v1.0.0
adf7f097-54e0-5ffb-abfa-6a5431db6797,L25-S03,NEAR_FORM_CONFUSION,RECOVERED_DETERMINISTIC_UUID5,question-authoring-recovery-v1.0.0
fe4b38ec-db53-5caa-88b2-b7b7d50cbf6d,L25-S03,CONTEXT_ROLE_MISMATCH,RECOVERED_DETERMINISTIC_UUID5,question-authoring-recovery-v1.0.0
110ae664-6771-5a74-b445-545bf862a011,L25-S04,OVERGENERALIZATION,RECOVERED_DETERMINISTIC_UUID5,question-authoring-recovery-v1.0.0
6f22a99a-567e-504f-8d44-1a87a73bbf0e,L25-S04,NEAR_FORM_CONFUSION,RECOVERED_DETERMINISTIC_UUID5,question-authoring-recovery-v1.0.0
89ee4248-fdf6-561b-baa2-5949cdc44183,L25-S04,CONTEXT_ROLE_MISMATCH,RECOVERED_DETERMINISTIC_UUID5,question-authoring-recovery-v1.0.0
b3769273-f545-5539-847c-dfc55b28553e,L25-S05,OVERGENERALIZATION,RECOVERED_DETERMINISTIC_UUID5,question-authoring-recovery-v1.0.0
7a8b3f5f-13bd-586d-bdea-40d28944570c,L25-S05,NEAR_FORM_CONFUSION,RECOVERED_DETERMINISTIC_UUID5,question-authoring-recovery-v1.0.0
9ee4f919-4664-5268-9e81-a9d0248d7dc7,L25-S05,CONTEXT_ROLE_MISMATCH,RECOVERED_DETERMINISTIC_UUID5,question-authoring-recovery-v1.0.0
5020ae96-309c-500b-9f55-90f358c7923a,L25-S06,OVERGENERALIZATION,RECOVERED_DETERMINISTIC_UUID5,question-authoring-recovery-v1.0.0
2d503b96-33b8-5eb4-a1a5-31eaa6871902,L25-S06,NEAR_FORM_CONFUSION,RECOVERED_DETERMINISTIC_UUID5,question-authoring-recovery-v1.0.0
973e0108-732c-50e8-ab45-2fcb44ea7ff6,L25-S06,CONTEXT_ROLE_MISMATCH,RECOVERED_DETERMINISTIC_UUID5,question-authoring-recovery-v1.0.0
5fb1c1e0-5739-5a3f-8d39-5102bc093509,L26-S01,OVERGENERALIZATION,RECOVERED_DETERMINISTIC_UUID5,question-authoring-recovery-v1.0.0
b066c193-7cb1-584e-b5e8-2633ef768219,L26-S01,NEAR_FORM_CONFUSION,RECOVERED_DETERMINISTIC_UUID5,question-authoring-recovery-v1.0.0
1e331291-0d61-5ee4-81d9-bceeaf9e343c,L26-S01,CONTEXT_ROLE_MISMATCH,RECOVERED_DETERMINISTIC_UUID5,question-authoring-recovery-v1.0.0
01b9d2c4-0a6e-5f1c-9d30-7f6794ef0739,L26-S02,OVERGENERALIZATION,RECOVERED_DETERMINISTIC_UUID5,question-authoring-recovery-v1.0.0
7bbede53-bc97-5c93-85c1-11288c3e34f6,L26-S02,NEAR_FORM_CONFUSION,RECOVERED_DETERMINISTIC_UUID5,question-authoring-recovery-v1.0.0
076f6a9a-a495-598f-88ad-7b0fb7020f2a,L26-S02,CONTEXT_ROLE_MISMATCH,RECOVERED_DETERMINISTIC_UUID5,question-authoring-recovery-v1.0.0
ec231db0-d7ef-58ff-8d94-d8918809a645,L26-S03,OVERGENERALIZATION,RECOVERED_DETERMINISTIC_UUID5,question-authoring-recovery-v1.0.0
5cf9214d-862a-5cc5-8bc3-cf85247727d7,L26-S03,NEAR_FORM_CONFUSION,RECOVERED_DETERMINISTIC_UUID5,question-authoring-recovery-v1.0.0
a131dca6-f51d-59e6-9d6b-3fee61669ed6,L26-S03,CONTEXT_ROLE_MISMATCH,RECOVERED_DETERMINISTIC_UUID5,question-authoring-recovery-v1.0.0
75b8de5e-8b67-5a64-a23c-3f8ba3bcceaa,L26-S04,OVERGENERALIZATION,RECOVERED_DETERMINISTIC_UUID5,question-authoring-recovery-v1.0.0
f97257df-caa9-5fb2-9e2b-fedd4375e523,L26-S04,NEAR_FORM_CONFUSION,RECOVERED_DETERMINISTIC_UUID5,question-authoring-recovery-v1.0.0
7d5ca5c6-e7e4-5c41-9539-0808659e8b76,L26-S04,CONTEXT_ROLE_MISMATCH,RECOVERED_DETERMINISTIC_UUID5,question-authoring-recovery-v1.0.0
a4423c26-8428-54a6-93a0-4a8c46af26fc,L26-S05,OVERGENERALIZATION,RECOVERED_DETERMINISTIC_UUID5,question-authoring-recovery-v1.0.0
1f0e0d96-477b-5735-8b1a-a23f4266c897,L26-S05,NEAR_FORM_CONFUSION,RECOVERED_DETERMINISTIC_UUID5,question-authoring-recovery-v1.0.0
22c85ff7-7854-543f-96b1-6278f40c9029,L26-S05,CONTEXT_ROLE_MISMATCH,RECOVERED_DETERMINISTIC_UUID5,question-authoring-recovery-v1.0.0
f841faa3-ef36-5f21-8179-67778306ce73,L26-S06,OVERGENERALIZATION,RECOVERED_DETERMINISTIC_UUID5,question-authoring-recovery-v1.0.0
3f5f84ce-ce67-5b1a-9277-916cfcdf32fa,L26-S06,NEAR_FORM_CONFUSION,RECOVERED_DETERMINISTIC_UUID5,question-authoring-recovery-v1.0.0
bb8d5e7d-1234-5124-aebf-48307420226b,L26-S06,CONTEXT_ROLE_MISMATCH,RECOVERED_DETERMINISTIC_UUID5,question-authoring-recovery-v1.0.0
4a956a0c-a359-50d2-a827-82d218063817,L26-S07,OVERGENERALIZATION,RECOVERED_DETERMINISTIC_UUID5,question-authoring-recovery-v1.0.0
831ccc1a-289c-5320-bb63-f5af95576f9b,L26-S07,NEAR_FORM_CONFUSION,RECOVERED_DETERMINISTIC_UUID5,question-authoring-recovery-v1.0.0
9f724ba3-396c-5ea0-a2f3-81ca54b8693d,L26-S07,CONTEXT_ROLE_MISMATCH,RECOVERED_DETERMINISTIC_UUID5,question-authoring-recovery-v1.0.0
94a772af-c3fd-52ac-8b5e-96e765a0cfa5,L26-S08,OVERGENERALIZATION,RECOVERED_DETERMINISTIC_UUID5,question-authoring-recovery-v1.0.0
b11eabab-85b6-51e2-bec4-cdd6b4fdee93,L26-S08,NEAR_FORM_CONFUSION,RECOVERED_DETERMINISTIC_UUID5,question-authoring-recovery-v1.0.0
a9cc897a-5b1a-523b-9925-f2ae55e99cca,L26-S08,CONTEXT_ROLE_MISMATCH,RECOVERED_DETERMINISTIC_UUID5,question-authoring-recovery-v1.0.0
6b1f6333-837b-5cac-8621-89a0ee34b2c5,L26-S09,OVERGENERALIZATION,RECOVERED_DETERMINISTIC_UUID5,question-authoring-recovery-v1.0.0
de87efd4-9781-5f38-9b49-b63b916d9dfa,L26-S09,NEAR_FORM_CONFUSION,RECOVERED_DETERMINISTIC_UUID5,question-authoring-recovery-v1.0.0
221d8254-7c85-50c1-8ed8-c0acb097c97e,L26-S09,CONTEXT_ROLE_MISMATCH,RECOVERED_DETERMINISTIC_UUID5,question-authoring-recovery-v1.0.0
7f283abb-9bfb-5581-8dcb-e61ef6367708,L26-S10,OVERGENERALIZATION,RECOVERED_DETERMINISTIC_UUID5,question-authoring-recovery-v1.0.0
e0f1a3d6-1228-552e-becf-821c38859ec1,L26-S10,NEAR_FORM_CONFUSION,RECOVERED_DETERMINISTIC_UUID5,question-authoring-recovery-v1.0.0
c89a9f64-a40e-5cc9-bb10-c93885212969,L26-S10,CONTEXT_ROLE_MISMATCH,RECOVERED_DETERMINISTIC_UUID5,question-authoring-recovery-v1.0.0
420c020b-e1c8-50a5-ad50-caf4656a70f0,L26-S11,OVERGENERALIZATION,RECOVERED_DETERMINISTIC_UUID5,question-authoring-recovery-v1.0.0
975535b6-6714-57e1-aa1e-7cb4450b15d7,L26-S11,NEAR_FORM_CONFUSION,RECOVERED_DETERMINISTIC_UUID5,question-authoring-recovery-v1.0.0
da4ac2e9-5b31-5962-b00c-d523b1ce747c,L26-S11,CONTEXT_ROLE_MISMATCH,RECOVERED_DETERMINISTIC_UUID5,question-authoring-recovery-v1.0.0
564d17bc-c5d4-5358-891e-7a750a8ac549,L26-S12,OVERGENERALIZATION,RECOVERED_DETERMINISTIC_UUID5,question-authoring-recovery-v1.0.0
1beea690-5d14-5c67-84f9-57b6c56efcc2,L26-S12,NEAR_FORM_CONFUSION,RECOVERED_DETERMINISTIC_UUID5,question-authoring-recovery-v1.0.0
ab25db91-9f06-5e2d-9ce8-327fd8282594,L26-S12,CONTEXT_ROLE_MISMATCH,RECOVERED_DETERMINISTIC_UUID5,question-authoring-recovery-v1.0.0
c16cf30b-25fd-5577-8aee-93b13734e68d,L26-S13,OVERGENERALIZATION,RECOVERED_DETERMINISTIC_UUID5,question-authoring-recovery-v1.0.0
0bc73385-ca57-56af-ad5a-9bf269198c08,L26-S13,NEAR_FORM_CONFUSION,RECOVERED_DETERMINISTIC_UUID5,question-authoring-recovery-v1.0.0
3f086106-ff67-5073-be4f-ffde0da25ffe,L26-S13,CONTEXT_ROLE_MISMATCH,RECOVERED_DETERMINISTIC_UUID5,question-authoring-recovery-v1.0.0
b39f41b7-04e4-5dc3-bbbe-7faf591f3eb7,L26-S14,OVERGENERALIZATION,RECOVERED_DETERMINISTIC_UUID5,question-authoring-recovery-v1.0.0
b23e8614-ac3c-5608-a419-8ef97dbff041,L26-S14,NEAR_FORM_CONFUSION,RECOVERED_DETERMINISTIC_UUID5,question-authoring-recovery-v1.0.0
aed309b2-b3ee-52c7-b108-e5b5191ee8c3,L26-S14,CONTEXT_ROLE_MISMATCH,RECOVERED_DETERMINISTIC_UUID5,question-authoring-recovery-v1.0.0
d74817de-4bc3-5c55-87ed-a867edf98a79,L27-S01,OVERGENERALIZATION,RECOVERED_DETERMINISTIC_UUID5,question-authoring-recovery-v1.0.0
d611be92-37b6-53a3-8807-e028849dbcc8,L27-S01,NEAR_FORM_CONFUSION,RECOVERED_DETERMINISTIC_UUID5,question-authoring-recovery-v1.0.0
8dc86604-db5f-5f7b-8d37-d634f5ddba75,L27-S01,CONTEXT_ROLE_MISMATCH,RECOVERED_DETERMINISTIC_UUID5,question-authoring-recovery-v1.0.0
84c52516-180d-56bb-b2b9-508f57e6c1b1,L27-S02,OVERGENERALIZATION,RECOVERED_DETERMINISTIC_UUID5,question-authoring-recovery-v1.0.0
010f9e81-999b-520a-acda-d0269460b802,L27-S02,NEAR_FORM_CONFUSION,RECOVERED_DETERMINISTIC_UUID5,question-authoring-recovery-v1.0.0
564c7854-75f8-5ef1-9fd2-1421f327611c,L27-S02,CONTEXT_ROLE_MISMATCH,RECOVERED_DETERMINISTIC_UUID5,question-authoring-recovery-v1.0.0
1145d186-4e60-5685-ad4d-b25cbfbd1a84,L27-S03,OVERGENERALIZATION,RECOVERED_DETERMINISTIC_UUID5,question-authoring-recovery-v1.0.0
08ec6e91-db39-5c93-ba1d-dded8c7c7c45,L27-S03,NEAR_FORM_CONFUSION,RECOVERED_DETERMINISTIC_UUID5,question-authoring-recovery-v1.0.0
f6e59c97-ec73-583b-85f1-00e4e6fc9881,L27-S03,CONTEXT_ROLE_MISMATCH,RECOVERED_DETERMINISTIC_UUID5,question-authoring-recovery-v1.0.0
d94898e4-b41f-5b2b-b6ac-510d380020f0,L27-S04,OVERGENERALIZATION,RECOVERED_DETERMINISTIC_UUID5,question-authoring-recovery-v1.0.0
2c10974a-0625-5672-9bf5-3b39a2b77da9,L27-S04,NEAR_FORM_CONFUSION,RECOVERED_DETERMINISTIC_UUID5,question-authoring-recovery-v1.0.0
388a17af-9cb8-519b-b86d-798390053750,L27-S04,CONTEXT_ROLE_MISMATCH,RECOVERED_DETERMINISTIC_UUID5,question-authoring-recovery-v1.0.0
77841b0d-74a5-56c5-ab58-65e079c71341,L28-S01,OVERGENERALIZATION,RECOVERED_DETERMINISTIC_UUID5,question-authoring-recovery-v1.0.0
8d808297-9ad6-566f-aff9-97de2274489e,L28-S01,NEAR_FORM_CONFUSION,RECOVERED_DETERMINISTIC_UUID5,question-authoring-recovery-v1.0.0
f208f092-d252-5752-bf61-03a444859577,L28-S01,CONTEXT_ROLE_MISMATCH,RECOVERED_DETERMINISTIC_UUID5,question-authoring-recovery-v1.0.0
2291d8a1-f246-55ee-9ac8-33b707f418ef,L28-S02,OVERGENERALIZATION,RECOVERED_DETERMINISTIC_UUID5,question-authoring-recovery-v1.0.0
8be13f91-c5e6-5fa2-abd3-ebb7ea5c6a23,L28-S02,NEAR_FORM_CONFUSION,RECOVERED_DETERMINISTIC_UUID5,question-authoring-recovery-v1.0.0
8b39f9d4-73df-527c-8751-b4c98c79302e,L28-S02,CONTEXT_ROLE_MISMATCH,RECOVERED_DETERMINISTIC_UUID5,question-authoring-recovery-v1.0.0
9a1e40ae-7836-5ebf-99a9-f58cf34cb5de,L28-S03,OVERGENERALIZATION,RECOVERED_DETERMINISTIC_UUID5,question-authoring-recovery-v1.0.0
76450b27-6774-5058-9d7c-421eb0bb1d6a,L28-S03,NEAR_FORM_CONFUSION,RECOVERED_DETERMINISTIC_UUID5,question-authoring-recovery-v1.0.0
0e78214e-2cf6-5e57-af6e-b5ce58162be8,L28-S03,CONTEXT_ROLE_MISMATCH,RECOVERED_DETERMINISTIC_UUID5,question-authoring-recovery-v1.0.0
2e1623a3-fc76-5d92-b76d-2d79d4e292cd,L28-S04,OVERGENERALIZATION,RECOVERED_DETERMINISTIC_UUID5,question-authoring-recovery-v1.0.0
40f1b789-2c57-59eb-8e15-e2bf2f067fa1,L28-S04,NEAR_FORM_CONFUSION,RECOVERED_DETERMINISTIC_UUID5,question-authoring-recovery-v1.0.0
ce21f255-9b67-513c-ba3a-4aa0e4264576,L28-S04,CONTEXT_ROLE_MISMATCH,RECOVERED_DETERMINISTIC_UUID5,question-authoring-recovery-v1.0.0
6920f594-c7ff-56de-8960-0693cce8e2df,L28-S05,OVERGENERALIZATION,RECOVERED_DETERMINISTIC_UUID5,question-authoring-recovery-v1.0.0
f4aecf55-eb3a-59d7-b2a8-847b1b267ed4,L28-S05,NEAR_FORM_CONFUSION,RECOVERED_DETERMINISTIC_UUID5,question-authoring-recovery-v1.0.0
3f5f9b24-c047-51e0-90e4-669560e2ecb6,L28-S05,CONTEXT_ROLE_MISMATCH,RECOVERED_DETERMINISTIC_UUID5,question-authoring-recovery-v1.0.0
a326cb4c-8876-580f-8cd0-d630c466eaa9,L28-S06,OVERGENERALIZATION,RECOVERED_DETERMINISTIC_UUID5,question-authoring-recovery-v1.0.0
04904cc8-905c-5241-8270-f388c7c70e7f,L28-S06,NEAR_FORM_CONFUSION,RECOVERED_DETERMINISTIC_UUID5,question-authoring-recovery-v1.0.0
76001a62-d0b9-50a8-b1d0-bf76aca08b3b,L28-S06,CONTEXT_ROLE_MISMATCH,RECOVERED_DETERMINISTIC_UUID5,question-authoring-recovery-v1.0.0
9235d1cc-3a5d-56c1-867a-4a5cf23b7a7d,L29-S01,OVERGENERALIZATION,RECOVERED_DETERMINISTIC_UUID5,question-authoring-recovery-v1.0.0
4c088667-7ee2-523c-8bc4-92d3aa172eab,L29-S01,NEAR_FORM_CONFUSION,RECOVERED_DETERMINISTIC_UUID5,question-authoring-recovery-v1.0.0
94a7d79b-961b-5c15-bea4-6334dc1baedf,L29-S01,CONTEXT_ROLE_MISMATCH,RECOVERED_DETERMINISTIC_UUID5,question-authoring-recovery-v1.0.0
632f6f50-3100-5a2b-b572-1e49e9ef84e0,L29-S02,OVERGENERALIZATION,RECOVERED_DETERMINISTIC_UUID5,question-authoring-recovery-v1.0.0
628ba52b-5f66-5ee4-8791-22caee4929ec,L29-S02,NEAR_FORM_CONFUSION,RECOVERED_DETERMINISTIC_UUID5,question-authoring-recovery-v1.0.0
319879e0-2634-5d51-9976-8302d8b01d1a,L29-S02,CONTEXT_ROLE_MISMATCH,RECOVERED_DETERMINISTIC_UUID5,question-authoring-recovery-v1.0.0
740cb209-b87a-58fe-9020-dda9f4bb2e19,L29-S03,OVERGENERALIZATION,RECOVERED_DETERMINISTIC_UUID5,question-authoring-recovery-v1.0.0
337916b0-380a-5ae6-800c-c844379d659d,L29-S03,NEAR_FORM_CONFUSION,RECOVERED_DETERMINISTIC_UUID5,question-authoring-recovery-v1.0.0
0b2c9f01-3796-58b2-9bde-360b8d9845b3,L29-S03,CONTEXT_ROLE_MISMATCH,RECOVERED_DETERMINISTIC_UUID5,question-authoring-recovery-v1.0.0
a07f23e5-a8de-5818-a19c-7e27f29c226e,L29-S04,OVERGENERALIZATION,RECOVERED_DETERMINISTIC_UUID5,question-authoring-recovery-v1.0.0
2371e1b5-c470-5e6b-bc1a-71a1080dbd0a,L29-S04,NEAR_FORM_CONFUSION,RECOVERED_DETERMINISTIC_UUID5,question-authoring-recovery-v1.0.0
ddec67d6-6130-5d13-855b-da2d4c12ceae,L29-S04,CONTEXT_ROLE_MISMATCH,RECOVERED_DETERMINISTIC_UUID5,question-authoring-recovery-v1.0.0
a48b7a8c-d88a-5fe6-a89d-18872ce60815,L29-S04,EXCEPTION_NEGLECT,RECOVERED_DETERMINISTIC_UUID5,question-authoring-recovery-v1.0.0
6563b2e7-4d1a-5c37-bc0f-b84379277e26,L30-S01,OVERGENERALIZATION,RECOVERED_DETERMINISTIC_UUID5,question-authoring-recovery-v1.0.0
64dfc046-cd14-57b3-87ef-a416993763ee,L30-S01,NEAR_FORM_CONFUSION,RECOVERED_DETERMINISTIC_UUID5,question-authoring-recovery-v1.0.0
c5f43302-02d5-5185-a486-4d5df45da4b8,L30-S01,CONTEXT_ROLE_MISMATCH,RECOVERED_DETERMINISTIC_UUID5,question-authoring-recovery-v1.0.0
f5a6bb55-4042-5cd1-8c45-69a478ac0571,L30-S02,OVERGENERALIZATION,RECOVERED_DETERMINISTIC_UUID5,question-authoring-recovery-v1.0.0
12a2b0e1-c923-59af-ad29-46f42e080c40,L30-S02,NEAR_FORM_CONFUSION,RECOVERED_DETERMINISTIC_UUID5,question-authoring-recovery-v1.0.0
0ba94fb0-ed1d-5c53-8536-0d81c1b2a21c,L30-S02,CONTEXT_ROLE_MISMATCH,RECOVERED_DETERMINISTIC_UUID5,question-authoring-recovery-v1.0.0
c1eff8bf-8f0f-5140-bdb2-dc01bbea1d8f,L30-S02,EXCEPTION_NEGLECT,RECOVERED_DETERMINISTIC_UUID5,question-authoring-recovery-v1.0.0
fc4326ab-7fcf-5d1e-b7bd-6ab18b324771,L30-S03,OVERGENERALIZATION,RECOVERED_DETERMINISTIC_UUID5,question-authoring-recovery-v1.0.0
524171ec-0d27-565f-94f5-9195e2781552,L30-S03,NEAR_FORM_CONFUSION,RECOVERED_DETERMINISTIC_UUID5,question-authoring-recovery-v1.0.0
2e98aa75-1426-53dd-8692-6c6819801eed,L30-S03,CONTEXT_ROLE_MISMATCH,RECOVERED_DETERMINISTIC_UUID5,question-authoring-recovery-v1.0.0
a3ed7045-94b8-5966-8c6f-709df6ec1bab,L30-S04,OVERGENERALIZATION,RECOVERED_DETERMINISTIC_UUID5,question-authoring-recovery-v1.0.0
53a67eed-af99-501b-9354-4c3cdfd12030,L30-S04,NEAR_FORM_CONFUSION,RECOVERED_DETERMINISTIC_UUID5,question-authoring-recovery-v1.0.0
df1a0fda-ca7e-50b4-aa94-db7306f69021,L30-S04,CONTEXT_ROLE_MISMATCH,RECOVERED_DETERMINISTIC_UUID5,question-authoring-recovery-v1.0.0
80734c75-e780-5b99-805c-16d0a5838a61,L30-S05,OVERGENERALIZATION,RECOVERED_DETERMINISTIC_UUID5,question-authoring-recovery-v1.0.0
a00ff254-2c9a-5847-ab0e-d3869e316350,L30-S05,NEAR_FORM_CONFUSION,RECOVERED_DETERMINISTIC_UUID5,question-authoring-recovery-v1.0.0
ff49025a-f395-5656-88de-ede98490c699,L30-S05,CONTEXT_ROLE_MISMATCH,RECOVERED_DETERMINISTIC_UUID5,question-authoring-recovery-v1.0.0
67b8f597-c54e-583b-8434-1c5c3367916f,L31-S01,OVERGENERALIZATION,RECOVERED_DETERMINISTIC_UUID5,question-authoring-recovery-v1.0.0
8daf4e8c-841c-5d44-97ad-fe3ed848d526,L31-S01,NEAR_FORM_CONFUSION,RECOVERED_DETERMINISTIC_UUID5,question-authoring-recovery-v1.0.0
e76dbf48-9ec6-582b-9947-5c07b7ef571c,L31-S01,CONTEXT_ROLE_MISMATCH,RECOVERED_DETERMINISTIC_UUID5,question-authoring-recovery-v1.0.0
48a18c37-8489-5015-94c1-802de91f3757,L31-S02,OVERGENERALIZATION,RECOVERED_DETERMINISTIC_UUID5,question-authoring-recovery-v1.0.0
8cf7f07d-c438-506f-9308-21ddb0eddf2c,L31-S02,NEAR_FORM_CONFUSION,RECOVERED_DETERMINISTIC_UUID5,question-authoring-recovery-v1.0.0
94814047-4dae-57c1-b71e-b4432082029c,L31-S02,CONTEXT_ROLE_MISMATCH,RECOVERED_DETERMINISTIC_UUID5,question-authoring-recovery-v1.0.0
3d9ac0d4-9cab-573a-827c-5f74c6fb727c,L31-S03,OVERGENERALIZATION,RECOVERED_DETERMINISTIC_UUID5,question-authoring-recovery-v1.0.0
e900b624-f846-5825-8f73-31a9d17e4a95,L31-S03,NEAR_FORM_CONFUSION,RECOVERED_DETERMINISTIC_UUID5,question-authoring-recovery-v1.0.0
e2eb0010-1f17-5a88-9567-88bb12c6d844,L31-S03,CONTEXT_ROLE_MISMATCH,RECOVERED_DETERMINISTIC_UUID5,question-authoring-recovery-v1.0.0
2b065d5a-05ab-56fc-8cb4-6044ca0ff7ed,L31-S04,OVERGENERALIZATION,RECOVERED_DETERMINISTIC_UUID5,question-authoring-recovery-v1.0.0
ff8e6dc2-4798-5d96-8431-2725f4671ec2,L31-S04,NEAR_FORM_CONFUSION,RECOVERED_DETERMINISTIC_UUID5,question-authoring-recovery-v1.0.0
e61fca11-97e5-5995-9470-4eb48ed6836b,L31-S04,CONTEXT_ROLE_MISMATCH,RECOVERED_DETERMINISTIC_UUID5,question-authoring-recovery-v1.0.0
fc7cbeee-73c9-5acb-8eca-15c356f132b1,L32-S01,OVERGENERALIZATION,RECOVERED_DETERMINISTIC_UUID5,question-authoring-recovery-v1.0.0
0695eb3b-03ae-52e4-903b-2200cddbd638,L32-S01,NEAR_FORM_CONFUSION,RECOVERED_DETERMINISTIC_UUID5,question-authoring-recovery-v1.0.0
e1082694-19e3-54d2-a29a-dfb35f4f19ed,L32-S01,CONTEXT_ROLE_MISMATCH,RECOVERED_DETERMINISTIC_UUID5,question-authoring-recovery-v1.0.0
02892a23-913d-5fff-8942-ccc2d3b33bfc,L32-S02,OVERGENERALIZATION,RECOVERED_DETERMINISTIC_UUID5,question-authoring-recovery-v1.0.0
65466692-a0fa-5c89-b11a-567f90584a4b,L32-S02,NEAR_FORM_CONFUSION,RECOVERED_DETERMINISTIC_UUID5,question-authoring-recovery-v1.0.0
5e0e835d-e8f8-5b60-91f9-26bc5e7938fc,L32-S02,CONTEXT_ROLE_MISMATCH,RECOVERED_DETERMINISTIC_UUID5,question-authoring-recovery-v1.0.0
86aeb7ab-2da8-582b-988f-c21f96cc1fed,L32-S03,OVERGENERALIZATION,RECOVERED_DETERMINISTIC_UUID5,question-authoring-recovery-v1.0.0
161602af-6c52-56e0-9600-aace5f2da04b,L32-S03,NEAR_FORM_CONFUSION,RECOVERED_DETERMINISTIC_UUID5,question-authoring-recovery-v1.0.0
17fba919-4037-549e-9dc1-56ebe0b560f0,L32-S03,CONTEXT_ROLE_MISMATCH,RECOVERED_DETERMINISTIC_UUID5,question-authoring-recovery-v1.0.0
efa4cd56-d85d-596d-a51b-670ef9210723,L32-S04,OVERGENERALIZATION,RECOVERED_DETERMINISTIC_UUID5,question-authoring-recovery-v1.0.0
dac62b22-7d9b-540f-b765-e4ad0c1fd476,L32-S04,NEAR_FORM_CONFUSION,HISTORICAL_ID_PRESERVED_FROM_PRIOR_ARTIFACT,question-authoring-recovery-v1.0.0
da720c4a-125b-50a5-9b3f-d00b7875a868,L32-S04,CONTEXT_ROLE_MISMATCH,RECOVERED_DETERMINISTIC_UUID5,question-authoring-recovery-v1.0.0
eb47f622-36f6-59f2-82bd-46e049086b53,L32-S05,OVERGENERALIZATION,RECOVERED_DETERMINISTIC_UUID5,question-authoring-recovery-v1.0.0
bad12f9b-378d-52a7-bed8-59d6543f018b,L32-S05,NEAR_FORM_CONFUSION,RECOVERED_DETERMINISTIC_UUID5,question-authoring-recovery-v1.0.0
8f548b7c-4e12-50dd-b6b6-2de826830182,L32-S05,CONTEXT_ROLE_MISMATCH,RECOVERED_DETERMINISTIC_UUID5,question-authoring-recovery-v1.0.0
1f2e18e6-6983-5e03-ae02-e179d15ca712,L32-S06,OVERGENERALIZATION,RECOVERED_DETERMINISTIC_UUID5,question-authoring-recovery-v1.0.0
be896174-6d1b-52dc-bde5-cc39a1853e5a,L32-S06,NEAR_FORM_CONFUSION,RECOVERED_DETERMINISTIC_UUID5,question-authoring-recovery-v1.0.0
c5b1a674-3d99-5057-8b33-74a949623d71,L32-S06,CONTEXT_ROLE_MISMATCH,RECOVERED_DETERMINISTIC_UUID5,question-authoring-recovery-v1.0.0
eaf2061b-67b2-5370-bb06-e92ba4ef732d,L32-S07,OVERGENERALIZATION,RECOVERED_DETERMINISTIC_UUID5,question-authoring-recovery-v1.0.0
81f84ab6-2e67-583e-84f2-d98fe0be201b,L32-S07,NEAR_FORM_CONFUSION,RECOVERED_DETERMINISTIC_UUID5,question-authoring-recovery-v1.0.0
0fce5a35-db3d-51b1-bd00-f4b35b056c14,L32-S07,CONTEXT_ROLE_MISMATCH,RECOVERED_DETERMINISTIC_UUID5,question-authoring-recovery-v1.0.0
067a7a17-28a4-58f7-8369-672a0d94bae2,L32-S08,OVERGENERALIZATION,RECOVERED_DETERMINISTIC_UUID5,question-authoring-recovery-v1.0.0
f03c194a-8535-5f2a-ac26-9522f71bdc7e,L32-S08,NEAR_FORM_CONFUSION,RECOVERED_DETERMINISTIC_UUID5,question-authoring-recovery-v1.0.0
f00d74b3-4d18-5d3e-8b34-4efc97a3abd8,L32-S08,CONTEXT_ROLE_MISMATCH,RECOVERED_DETERMINISTIC_UUID5,question-authoring-recovery-v1.0.0
e94506c4-6982-59d4-8106-5a707f2e3aa4,L33-S01,OVERGENERALIZATION,RECOVERED_DETERMINISTIC_UUID5,question-authoring-recovery-v1.0.0
219ece52-58c9-5468-bd17-484db6331efe,L33-S01,NEAR_FORM_CONFUSION,RECOVERED_DETERMINISTIC_UUID5,question-authoring-recovery-v1.0.0
1e617942-416c-58a0-b398-351413338963,L33-S01,CONTEXT_ROLE_MISMATCH,RECOVERED_DETERMINISTIC_UUID5,question-authoring-recovery-v1.0.0
34228a48-7079-52e7-bb85-7521d75cd489,L33-S02,OVERGENERALIZATION,RECOVERED_DETERMINISTIC_UUID5,question-authoring-recovery-v1.0.0
424d9037-2b41-5b02-81ff-e783916225a6,L33-S02,NEAR_FORM_CONFUSION,RECOVERED_DETERMINISTIC_UUID5,question-authoring-recovery-v1.0.0
4e0dcbca-f340-5a28-81fe-5b4503f6a183,L33-S02,CONTEXT_ROLE_MISMATCH,RECOVERED_DETERMINISTIC_UUID5,question-authoring-recovery-v1.0.0
2eec02b9-fe5f-5c6e-aaf1-1517dc1daad3,L33-S03,OVERGENERALIZATION,RECOVERED_DETERMINISTIC_UUID5,question-authoring-recovery-v1.0.0
9b5645ec-6a6a-5df6-a20e-49025bb28fcc,L33-S03,NEAR_FORM_CONFUSION,RECOVERED_DETERMINISTIC_UUID5,question-authoring-recovery-v1.0.0
046d49ad-08ca-55ca-9c37-3696fc0a58bf,L33-S03,CONTEXT_ROLE_MISMATCH,RECOVERED_DETERMINISTIC_UUID5,question-authoring-recovery-v1.0.0
002b1e7a-4f3d-5a37-9081-9e71caf5419f,L33-S04,OVERGENERALIZATION,RECOVERED_DETERMINISTIC_UUID5,question-authoring-recovery-v1.0.0
fa5288a6-3c43-585f-bfd8-4cbf468b3fc2,L33-S04,NEAR_FORM_CONFUSION,RECOVERED_DETERMINISTIC_UUID5,question-authoring-recovery-v1.0.0
5d8a218f-0bc6-5110-8c42-65be87734840,L33-S04,CONTEXT_ROLE_MISMATCH,RECOVERED_DETERMINISTIC_UUID5,question-authoring-recovery-v1.0.0
68d9fda7-4722-50c1-a904-282e26db7812,L33-S05,OVERGENERALIZATION,RECOVERED_DETERMINISTIC_UUID5,question-authoring-recovery-v1.0.0
5ce7077f-a71b-5911-957e-47f89f3ca65e,L33-S05,NEAR_FORM_CONFUSION,RECOVERED_DETERMINISTIC_UUID5,question-authoring-recovery-v1.0.0
4a5a10d2-bb24-5766-8ba6-95d53ce9a25f,L33-S05,CONTEXT_ROLE_MISMATCH,RECOVERED_DETERMINISTIC_UUID5,question-authoring-recovery-v1.0.0
e3152c95-50d9-559d-8613-94b6c006f450,L33-S06,OVERGENERALIZATION,RECOVERED_DETERMINISTIC_UUID5,question-authoring-recovery-v1.0.0
24b60c2b-b7f2-5390-b1bf-a57ec18f2e32,L33-S06,NEAR_FORM_CONFUSION,RECOVERED_DETERMINISTIC_UUID5,question-authoring-recovery-v1.0.0
89918b79-18ae-5f55-a22e-fe0dea28c3a8,L33-S06,CONTEXT_ROLE_MISMATCH,RECOVERED_DETERMINISTIC_UUID5,question-authoring-recovery-v1.0.0
e3c954d6-0ac9-5d6d-905e-80208e5a7167,L34-S01,OVERGENERALIZATION,RECOVERED_DETERMINISTIC_UUID5,question-authoring-recovery-v1.0.0
e60388b6-7214-5ae1-9385-db431d0cbf52,L34-S01,NEAR_FORM_CONFUSION,RECOVERED_DETERMINISTIC_UUID5,question-authoring-recovery-v1.0.0
61c40768-ec4c-5cbd-b1dd-d1a0a3697521,L34-S01,CONTEXT_ROLE_MISMATCH,RECOVERED_DETERMINISTIC_UUID5,question-authoring-recovery-v1.0.0
6750e9ef-7b7e-52c1-a4de-55b65d416968,L34-S02,OVERGENERALIZATION,RECOVERED_DETERMINISTIC_UUID5,question-authoring-recovery-v1.0.0
5a76d19e-1cd8-5317-8ae3-7cd1fa5e6503,L34-S02,NEAR_FORM_CONFUSION,RECOVERED_DETERMINISTIC_UUID5,question-authoring-recovery-v1.0.0
1efccedb-6318-53af-bacd-351759ccdc21,L34-S02,CONTEXT_ROLE_MISMATCH,RECOVERED_DETERMINISTIC_UUID5,question-authoring-recovery-v1.0.0
818e3562-45ce-5623-afeb-dc70f6fa3fec,L34-S03,OVERGENERALIZATION,RECOVERED_DETERMINISTIC_UUID5,question-authoring-recovery-v1.0.0
2bf974a2-6564-5ff0-98c0-65c59361ad89,L34-S03,NEAR_FORM_CONFUSION,RECOVERED_DETERMINISTIC_UUID5,question-authoring-recovery-v1.0.0
cbfbfb22-8e97-5c3e-9159-8f49242ed173,L34-S03,CONTEXT_ROLE_MISMATCH,RECOVERED_DETERMINISTIC_UUID5,question-authoring-recovery-v1.0.0
3737fc11-6c60-587e-81d7-07d04790934d,L34-S04,OVERGENERALIZATION,RECOVERED_DETERMINISTIC_UUID5,question-authoring-recovery-v1.0.0
9fc44b17-2f0b-520c-874c-9f8ba1f62591,L34-S04,NEAR_FORM_CONFUSION,RECOVERED_DETERMINISTIC_UUID5,question-authoring-recovery-v1.0.0
724a0831-d87f-5ab7-91a1-e2c5e5bc4c76,L34-S04,CONTEXT_ROLE_MISMATCH,RECOVERED_DETERMINISTIC_UUID5,question-authoring-recovery-v1.0.0
330413e0-3fb5-5919-ad6a-84aa90b650c5,L34-S05,OVERGENERALIZATION,RECOVERED_DETERMINISTIC_UUID5,question-authoring-recovery-v1.0.0
b3cb6ef2-c613-5c7e-99ad-4114258587b3,L34-S05,NEAR_FORM_CONFUSION,RECOVERED_DETERMINISTIC_UUID5,question-authoring-recovery-v1.0.0
7fbb64d8-8c58-5160-928a-cb358763218e,L34-S05,CONTEXT_ROLE_MISMATCH,RECOVERED_DETERMINISTIC_UUID5,question-authoring-recovery-v1.0.0
ee789307-abf3-5fce-aa68-ad933f5c9cf8,L34-S06,OVERGENERALIZATION,RECOVERED_DETERMINISTIC_UUID5,question-authoring-recovery-v1.0.0
065038c1-095c-5556-93cd-0ceca7e54c1d,L34-S06,NEAR_FORM_CONFUSION,RECOVERED_DETERMINISTIC_UUID5,question-authoring-recovery-v1.0.0
627416d0-fdc0-5992-b6ea-f914a9c309e7,L34-S06,CONTEXT_ROLE_MISMATCH,RECOVERED_DETERMINISTIC_UUID5,question-authoring-recovery-v1.0.0
b324688a-c3e4-530d-a138-b755c26a6c60,L34-S07,OVERGENERALIZATION,RECOVERED_DETERMINISTIC_UUID5,question-authoring-recovery-v1.0.0
aa38bb2f-667b-5b01-8d18-675a2f777bbe,L34-S07,NEAR_FORM_CONFUSION,RECOVERED_DETERMINISTIC_UUID5,question-authoring-recovery-v1.0.0
1e4f80c9-c784-531d-beff-0fc9f78a4e45,L34-S07,CONTEXT_ROLE_MISMATCH,RECOVERED_DETERMINISTIC_UUID5,question-authoring-recovery-v1.0.0
deebbe09-2303-5915-9d8a-f6912eaf4eaf,L34-S08,OVERGENERALIZATION,RECOVERED_DETERMINISTIC_UUID5,question-authoring-recovery-v1.0.0
fe134a42-9711-5922-99ad-facbc15294e3,L34-S08,NEAR_FORM_CONFUSION,RECOVERED_DETERMINISTIC_UUID5,question-authoring-recovery-v1.0.0
088845f9-b048-532b-af6c-7834257a2217,L34-S08,CONTEXT_ROLE_MISMATCH,RECOVERED_DETERMINISTIC_UUID5,question-authoring-recovery-v1.0.0
f3b73969-6042-5b2c-bc40-06e5bdbfaf0c,L34-S08,EXCEPTION_NEGLECT,RECOVERED_DETERMINISTIC_UUID5,question-authoring-recovery-v1.0.0
33c7d7f7-2e14-5404-9931-cad8690ca41c,L35-S01,OVERGENERALIZATION,RECOVERED_DETERMINISTIC_UUID5,question-authoring-recovery-v1.0.0
b49dedda-3d99-58c2-a394-646fdbb16464,L35-S01,NEAR_FORM_CONFUSION,RECOVERED_DETERMINISTIC_UUID5,question-authoring-recovery-v1.0.0
f88b0701-7137-5123-97a0-4c351dd6969f,L35-S01,CONTEXT_ROLE_MISMATCH,RECOVERED_DETERMINISTIC_UUID5,question-authoring-recovery-v1.0.0
79b55880-016f-5e51-b53a-8be68bf93802,L35-S02,OVERGENERALIZATION,RECOVERED_DETERMINISTIC_UUID5,question-authoring-recovery-v1.0.0
4691135c-2092-59aa-96f8-a5382b3642f3,L35-S02,NEAR_FORM_CONFUSION,RECOVERED_DETERMINISTIC_UUID5,question-authoring-recovery-v1.0.0
a32f9c08-af4e-5b2c-a1bc-12d1929a8810,L35-S02,CONTEXT_ROLE_MISMATCH,RECOVERED_DETERMINISTIC_UUID5,question-authoring-recovery-v1.0.0
525373e6-2195-58c5-a59b-48b64ad28deb,L35-S03,OVERGENERALIZATION,RECOVERED_DETERMINISTIC_UUID5,question-authoring-recovery-v1.0.0
1f5dfdb1-c660-55d3-8ba6-66c6d50afaf1,L35-S03,NEAR_FORM_CONFUSION,RECOVERED_DETERMINISTIC_UUID5,question-authoring-recovery-v1.0.0
33c7ca17-ef70-50ff-b87d-0f434e9f79b6,L35-S03,CONTEXT_ROLE_MISMATCH,RECOVERED_DETERMINISTIC_UUID5,question-authoring-recovery-v1.0.0
778211d1-a9fa-55f1-a086-c3e52d2064ae,L35-S04,OVERGENERALIZATION,RECOVERED_DETERMINISTIC_UUID5,question-authoring-recovery-v1.0.0
971e72c2-8a6b-5bb7-8b89-abcdf746ca83,L35-S04,NEAR_FORM_CONFUSION,RECOVERED_DETERMINISTIC_UUID5,question-authoring-recovery-v1.0.0
943fe70b-bc19-55a9-b139-3e7fc88dc039,L35-S04,CONTEXT_ROLE_MISMATCH,RECOVERED_DETERMINISTIC_UUID5,question-authoring-recovery-v1.0.0
ce0436f2-9481-53da-a8ac-7fab1d209388,L35-S05,OVERGENERALIZATION,RECOVERED_DETERMINISTIC_UUID5,question-authoring-recovery-v1.0.0
7188fb04-1a39-5d94-a0e3-11922c86f3d6,L35-S05,NEAR_FORM_CONFUSION,RECOVERED_DETERMINISTIC_UUID5,question-authoring-recovery-v1.0.0
314a379a-d44c-5b18-91b0-7dded769ef1f,L35-S05,CONTEXT_ROLE_MISMATCH,RECOVERED_DETERMINISTIC_UUID5,question-authoring-recovery-v1.0.0
3070c9dc-37b3-56dc-9445-6bd8f7b1f3ba,L36-S01,OVERGENERALIZATION,RECOVERED_DETERMINISTIC_UUID5,question-authoring-recovery-v1.0.0
ddeb5b32-e615-53ef-b116-aebce29aa76a,L36-S01,NEAR_FORM_CONFUSION,RECOVERED_DETERMINISTIC_UUID5,question-authoring-recovery-v1.0.0
d75e3544-f694-5a49-bad2-827571a45c44,L36-S01,CONTEXT_ROLE_MISMATCH,RECOVERED_DETERMINISTIC_UUID5,question-authoring-recovery-v1.0.0
156e359b-6dc7-5139-b3b7-361481de40ca,L36-S02,OVERGENERALIZATION,RECOVERED_DETERMINISTIC_UUID5,question-authoring-recovery-v1.0.0
5bbc4b08-beb7-5fec-a2fe-9ccfbee8a875,L36-S02,NEAR_FORM_CONFUSION,RECOVERED_DETERMINISTIC_UUID5,question-authoring-recovery-v1.0.0
885e5587-b437-552f-8ff1-f090f651c6b8,L36-S02,CONTEXT_ROLE_MISMATCH,RECOVERED_DETERMINISTIC_UUID5,question-authoring-recovery-v1.0.0
36a19b37-d4e7-530f-aff9-cf560c340193,L36-S03,OVERGENERALIZATION,RECOVERED_DETERMINISTIC_UUID5,question-authoring-recovery-v1.0.0
b27dc502-cc07-5fa2-bfec-99c56fb18f58,L36-S03,NEAR_FORM_CONFUSION,RECOVERED_DETERMINISTIC_UUID5,question-authoring-recovery-v1.0.0
8e930b61-8e22-555f-a447-8d7e1f19dcf1,L36-S03,CONTEXT_ROLE_MISMATCH,RECOVERED_DETERMINISTIC_UUID5,question-authoring-recovery-v1.0.0
fd772c62-e064-5a2b-9b2d-be3f4d309bd1,L36-S04,OVERGENERALIZATION,RECOVERED_DETERMINISTIC_UUID5,question-authoring-recovery-v1.0.0
1b8ff017-190c-5643-b5d9-ddf8b1f00756,L36-S04,NEAR_FORM_CONFUSION,RECOVERED_DETERMINISTIC_UUID5,question-authoring-recovery-v1.0.0
fe3a0456-a792-5ec2-887c-43da1c1733d6,L36-S04,CONTEXT_ROLE_MISMATCH,RECOVERED_DETERMINISTIC_UUID5,question-authoring-recovery-v1.0.0
c58c98c2-bf5a-53b3-9a5f-4d8b43d9e195,L36-S05,OVERGENERALIZATION,RECOVERED_DETERMINISTIC_UUID5,question-authoring-recovery-v1.0.0
9787f53d-b1fb-589d-ae91-a3b9794329bc,L36-S05,NEAR_FORM_CONFUSION,RECOVERED_DETERMINISTIC_UUID5,question-authoring-recovery-v1.0.0
6c0820f6-37be-5485-ac22-d519c8cfdcd5,L36-S05,CONTEXT_ROLE_MISMATCH,RECOVERED_DETERMINISTIC_UUID5,question-authoring-recovery-v1.0.0
e36096be-b783-599a-9a6d-252704705116,L37-S01,OVERGENERALIZATION,RECOVERED_DETERMINISTIC_UUID5,question-authoring-recovery-v1.0.0
50415b1c-ce1d-5610-b266-c14d6ea508cb,L37-S01,NEAR_FORM_CONFUSION,RECOVERED_DETERMINISTIC_UUID5,question-authoring-recovery-v1.0.0
593ead56-d46f-5915-a1e7-3cc691cc91b5,L37-S01,CONTEXT_ROLE_MISMATCH,RECOVERED_DETERMINISTIC_UUID5,question-authoring-recovery-v1.0.0
463f84ab-4dd3-52f7-891b-b1dc9ae4fce0,L37-S02,OVERGENERALIZATION,RECOVERED_DETERMINISTIC_UUID5,question-authoring-recovery-v1.0.0
f37749e4-1c0a-571c-a2c9-af6363d36984,L37-S02,NEAR_FORM_CONFUSION,RECOVERED_DETERMINISTIC_UUID5,question-authoring-recovery-v1.0.0
a8531911-41fe-514c-a4f5-e70ecdaa4df3,L37-S02,CONTEXT_ROLE_MISMATCH,RECOVERED_DETERMINISTIC_UUID5,question-authoring-recovery-v1.0.0
19ef3561-b32d-5302-b285-3aec35a14491,L37-S03,OVERGENERALIZATION,RECOVERED_DETERMINISTIC_UUID5,question-authoring-recovery-v1.0.0
2d29b163-0748-5be0-af0b-c913b1c28b6e,L37-S03,NEAR_FORM_CONFUSION,RECOVERED_DETERMINISTIC_UUID5,question-authoring-recovery-v1.0.0
fa050066-5bb3-5cc6-8bc4-5facbc86e0a0,L37-S03,CONTEXT_ROLE_MISMATCH,RECOVERED_DETERMINISTIC_UUID5,question-authoring-recovery-v1.0.0
f5ae0af5-9863-51b3-973f-6e96989a3ea2,L37-S04,OVERGENERALIZATION,RECOVERED_DETERMINISTIC_UUID5,question-authoring-recovery-v1.0.0
fdb8aa88-05b9-5110-ad6b-fc74023f44a5,L37-S04,NEAR_FORM_CONFUSION,RECOVERED_DETERMINISTIC_UUID5,question-authoring-recovery-v1.0.0
7588c3ac-fd52-5e8f-95a5-7a065e69e200,L37-S04,CONTEXT_ROLE_MISMATCH,RECOVERED_DETERMINISTIC_UUID5,question-authoring-recovery-v1.0.0
c9a9128c-16ab-5e82-80b0-1a25f209acf0,L37-S04,EXCEPTION_NEGLECT,RECOVERED_DETERMINISTIC_UUID5,question-authoring-recovery-v1.0.0
dc47e5ff-43db-5a27-9a09-2a966c4a5dbb,L37-S05,OVERGENERALIZATION,RECOVERED_DETERMINISTIC_UUID5,question-authoring-recovery-v1.0.0
6f7a6d6a-ab84-5713-bc77-97e125a14e0e,L37-S05,NEAR_FORM_CONFUSION,RECOVERED_DETERMINISTIC_UUID5,question-authoring-recovery-v1.0.0
805e93ad-2220-5cb3-82ae-d11014fb0a47,L37-S05,CONTEXT_ROLE_MISMATCH,RECOVERED_DETERMINISTIC_UUID5,question-authoring-recovery-v1.0.0
f5db4a89-5efa-505a-a027-1bc244310140,L38-S01,OVERGENERALIZATION,RECOVERED_DETERMINISTIC_UUID5,question-authoring-recovery-v1.0.0
5c0367f7-116b-5dfb-8def-fe66f7796232,L38-S01,NEAR_FORM_CONFUSION,RECOVERED_DETERMINISTIC_UUID5,question-authoring-recovery-v1.0.0
e56cf467-12ba-534a-97f9-82ed2f32e60f,L38-S01,CONTEXT_ROLE_MISMATCH,RECOVERED_DETERMINISTIC_UUID5,question-authoring-recovery-v1.0.0
c2b9b078-824a-5b7d-b254-abdc44941109,L38-S02,OVERGENERALIZATION,RECOVERED_DETERMINISTIC_UUID5,question-authoring-recovery-v1.0.0
fc82035f-a21f-575c-b446-f1710e3fa80d,L38-S02,NEAR_FORM_CONFUSION,RECOVERED_DETERMINISTIC_UUID5,question-authoring-recovery-v1.0.0
a1cdbe21-e30b-582f-9465-d3643d8ee1a9,L38-S02,CONTEXT_ROLE_MISMATCH,RECOVERED_DETERMINISTIC_UUID5,question-authoring-recovery-v1.0.0
b03504e5-c962-5221-a74a-3a7dc86305ca,L38-S03,OVERGENERALIZATION,RECOVERED_DETERMINISTIC_UUID5,question-authoring-recovery-v1.0.0
a41154d7-71e2-575c-8dd0-dc12b7325849,L38-S03,NEAR_FORM_CONFUSION,RECOVERED_DETERMINISTIC_UUID5,question-authoring-recovery-v1.0.0
5172a192-051c-56b6-a4e9-92ff14f65cab,L38-S03,CONTEXT_ROLE_MISMATCH,RECOVERED_DETERMINISTIC_UUID5,question-authoring-recovery-v1.0.0
cd5191ae-0acf-54eb-9af2-e10189a49db9,L38-S04,OVERGENERALIZATION,RECOVERED_DETERMINISTIC_UUID5,question-authoring-recovery-v1.0.0
113f4468-b520-5c7b-85e5-658ec7bbd77c,L38-S04,NEAR_FORM_CONFUSION,RECOVERED_DETERMINISTIC_UUID5,question-authoring-recovery-v1.0.0
0b6870c5-16cd-59eb-8224-c68698ce08d5,L38-S04,CONTEXT_ROLE_MISMATCH,RECOVERED_DETERMINISTIC_UUID5,question-authoring-recovery-v1.0.0
ed063aa4-d467-56ee-920d-3ec81f1e5c14,L38-S05,OVERGENERALIZATION,RECOVERED_DETERMINISTIC_UUID5,question-authoring-recovery-v1.0.0
68bb36de-4229-5ba6-b789-76abe9e948ca,L38-S05,NEAR_FORM_CONFUSION,RECOVERED_DETERMINISTIC_UUID5,question-authoring-recovery-v1.0.0
885dfd64-bc0c-5087-aea9-b51764c8ab31,L38-S05,CONTEXT_ROLE_MISMATCH,RECOVERED_DETERMINISTIC_UUID5,question-authoring-recovery-v1.0.0
ca55b32e-7043-56e8-be7e-edf171c44e2e,L38-S06,OVERGENERALIZATION,RECOVERED_DETERMINISTIC_UUID5,question-authoring-recovery-v1.0.0
ceb0f5f5-7d49-5224-9c80-92fad30a6e64,L38-S06,NEAR_FORM_CONFUSION,RECOVERED_DETERMINISTIC_UUID5,question-authoring-recovery-v1.0.0
621cb359-6ada-573e-bc01-ac353ab15d1d,L38-S06,CONTEXT_ROLE_MISMATCH,RECOVERED_DETERMINISTIC_UUID5,question-authoring-recovery-v1.0.0
4611e416-d5bb-5017-a11d-00aea970a8bd,L39-S01,OVERGENERALIZATION,RECOVERED_DETERMINISTIC_UUID5,question-authoring-recovery-v1.0.0
4be3fd59-3cef-5b02-818b-3653f3583a34,L39-S01,NEAR_FORM_CONFUSION,RECOVERED_DETERMINISTIC_UUID5,question-authoring-recovery-v1.0.0
069f3abd-67e7-597f-984a-12156c37fa52,L39-S01,CONTEXT_ROLE_MISMATCH,RECOVERED_DETERMINISTIC_UUID5,question-authoring-recovery-v1.0.0
41612fe2-bdb4-5bed-be32-dbcc59c0ed02,L39-S02,OVERGENERALIZATION,RECOVERED_DETERMINISTIC_UUID5,question-authoring-recovery-v1.0.0
6fca23cc-223c-5eec-85f6-ea619224dc76,L39-S02,NEAR_FORM_CONFUSION,RECOVERED_DETERMINISTIC_UUID5,question-authoring-recovery-v1.0.0
a4fb0a09-1a5c-5df9-8089-eeb9bfa97529,L39-S02,CONTEXT_ROLE_MISMATCH,RECOVERED_DETERMINISTIC_UUID5,question-authoring-recovery-v1.0.0
c48586da-bb46-5dd7-9ada-b358ee7b2067,L39-S03,OVERGENERALIZATION,RECOVERED_DETERMINISTIC_UUID5,question-authoring-recovery-v1.0.0
004acb5c-92c0-5290-89e9-13a3ee570e4c,L39-S03,NEAR_FORM_CONFUSION,RECOVERED_DETERMINISTIC_UUID5,question-authoring-recovery-v1.0.0
b1a19899-5933-5d52-a1b8-94533548369f,L39-S03,CONTEXT_ROLE_MISMATCH,RECOVERED_DETERMINISTIC_UUID5,question-authoring-recovery-v1.0.0
a5c25c26-d2ce-5e1e-8f67-b5302bf6fb76,L39-S04,OVERGENERALIZATION,RECOVERED_DETERMINISTIC_UUID5,question-authoring-recovery-v1.0.0
48c6a355-8940-5ec7-80d7-21e9c960b5cb,L39-S04,NEAR_FORM_CONFUSION,RECOVERED_DETERMINISTIC_UUID5,question-authoring-recovery-v1.0.0
88921e0e-c952-527f-9ecd-1026c033d820,L39-S04,CONTEXT_ROLE_MISMATCH,RECOVERED_DETERMINISTIC_UUID5,question-authoring-recovery-v1.0.0
f0df3358-dec8-598f-9f9a-b364b7238204,L39-S05,OVERGENERALIZATION,RECOVERED_DETERMINISTIC_UUID5,question-authoring-recovery-v1.0.0
c1d3d4b9-a2dd-521d-ad72-ce38b3b1e53d,L39-S05,NEAR_FORM_CONFUSION,RECOVERED_DETERMINISTIC_UUID5,question-authoring-recovery-v1.0.0
18894a3e-b351-5539-b7fa-108bd49880a8,L39-S05,CONTEXT_ROLE_MISMATCH,RECOVERED_DETERMINISTIC_UUID5,question-authoring-recovery-v1.0.0
028ab82a-2316-5dfe-97ef-474bd7f2ece2,L39-S06,OVERGENERALIZATION,RECOVERED_DETERMINISTIC_UUID5,question-authoring-recovery-v1.0.0
3c469383-84b2-54eb-9978-d0d754fb9f25,L39-S06,NEAR_FORM_CONFUSION,RECOVERED_DETERMINISTIC_UUID5,question-authoring-recovery-v1.0.0
bea6fcca-b6ce-5937-936c-bc7836e97fe2,L39-S06,CONTEXT_ROLE_MISMATCH,RECOVERED_DETERMINISTIC_UUID5,question-authoring-recovery-v1.0.0
ed73d3fb-dd0c-5318-b7f0-b254682495aa,L39-S07,OVERGENERALIZATION,RECOVERED_DETERMINISTIC_UUID5,question-authoring-recovery-v1.0.0
388c560c-8a40-557b-80b9-da74bd97baa3,L39-S07,NEAR_FORM_CONFUSION,RECOVERED_DETERMINISTIC_UUID5,question-authoring-recovery-v1.0.0
2fea7153-c2ae-56cb-951d-7c4ebbc39167,L39-S07,CONTEXT_ROLE_MISMATCH,RECOVERED_DETERMINISTIC_UUID5,question-authoring-recovery-v1.0.0
130965a4-61ea-5269-b032-657fec52aa0b,L39-S08,OVERGENERALIZATION,RECOVERED_DETERMINISTIC_UUID5,question-authoring-recovery-v1.0.0
498fb899-6c1d-54a5-b7b7-62126aa57f75,L39-S08,NEAR_FORM_CONFUSION,RECOVERED_DETERMINISTIC_UUID5,question-authoring-recovery-v1.0.0
bf97b062-5174-53e4-9869-350a7815bb25,L39-S08,CONTEXT_ROLE_MISMATCH,RECOVERED_DETERMINISTIC_UUID5,question-authoring-recovery-v1.0.0
7904d4be-c467-5ae3-9c3c-6d3ff67d93ea,L40-S01,OVERGENERALIZATION,RECOVERED_DETERMINISTIC_UUID5,question-authoring-recovery-v1.0.0
8439da5c-df4d-5d47-8273-853e84158040,L40-S01,NEAR_FORM_CONFUSION,RECOVERED_DETERMINISTIC_UUID5,question-authoring-recovery-v1.0.0
f3b125bc-37d4-5f90-b3ba-e856503fc63d,L40-S01,CONTEXT_ROLE_MISMATCH,RECOVERED_DETERMINISTIC_UUID5,question-authoring-recovery-v1.0.0
41b05b70-a724-5fc4-a2ed-b6ab21ec34f3,L40-S02,OVERGENERALIZATION,RECOVERED_DETERMINISTIC_UUID5,question-authoring-recovery-v1.0.0
304d410f-7312-5323-8c62-a89e0221ddf1,L40-S02,NEAR_FORM_CONFUSION,RECOVERED_DETERMINISTIC_UUID5,question-authoring-recovery-v1.0.0
0e3cb93c-0ec3-5023-b1ca-44db2047ca8a,L40-S02,CONTEXT_ROLE_MISMATCH,RECOVERED_DETERMINISTIC_UUID5,question-authoring-recovery-v1.0.0
567e8a9a-525a-5d3e-bca8-3baf21c69945,L40-S03,OVERGENERALIZATION,RECOVERED_DETERMINISTIC_UUID5,question-authoring-recovery-v1.0.0
73e6673e-92d9-5ab0-99db-4fb8d7fc88bc,L40-S03,NEAR_FORM_CONFUSION,RECOVERED_DETERMINISTIC_UUID5,question-authoring-recovery-v1.0.0
34473fa9-69d4-53bf-98c6-405e09b56253,L40-S03,CONTEXT_ROLE_MISMATCH,RECOVERED_DETERMINISTIC_UUID5,question-authoring-recovery-v1.0.0
4f6765a4-cba7-588a-9367-d4f2af9a76b1,L40-S04,OVERGENERALIZATION,RECOVERED_DETERMINISTIC_UUID5,question-authoring-recovery-v1.0.0
69177b63-1c29-557b-8119-2e34beaf7c6f,L40-S04,NEAR_FORM_CONFUSION,RECOVERED_DETERMINISTIC_UUID5,question-authoring-recovery-v1.0.0
ba85eb96-9e5b-52ef-b09f-9772d4091f76,L40-S04,CONTEXT_ROLE_MISMATCH,RECOVERED_DETERMINISTIC_UUID5,question-authoring-recovery-v1.0.0
42b2b870-a22d-5b22-8074-39f51d1c5397,L40-S04,EXCEPTION_NEGLECT,RECOVERED_DETERMINISTIC_UUID5,question-authoring-recovery-v1.0.0
292fce33-92ea-5482-a464-5956404b461d,L40-S05,OVERGENERALIZATION,RECOVERED_DETERMINISTIC_UUID5,question-authoring-recovery-v1.0.0
429565f1-5685-582e-83ba-f1c4b6cdcfbb,L40-S05,NEAR_FORM_CONFUSION,RECOVERED_DETERMINISTIC_UUID5,question-authoring-recovery-v1.0.0
19c03444-276a-51ee-836f-8851ead65cc7,L40-S05,CONTEXT_ROLE_MISMATCH,RECOVERED_DETERMINISTIC_UUID5,question-authoring-recovery-v1.0.0
ed63f529-dee5-53fc-a2cd-f26149741f81,L40-S06,OVERGENERALIZATION,RECOVERED_DETERMINISTIC_UUID5,question-authoring-recovery-v1.0.0
a1e99824-4c6a-57ca-9812-63116f7e6244,L40-S06,NEAR_FORM_CONFUSION,RECOVERED_DETERMINISTIC_UUID5,question-authoring-recovery-v1.0.0
e2df06d2-fc6d-5272-bd52-59c21fde1ff7,L40-S06,CONTEXT_ROLE_MISMATCH,RECOVERED_DETERMINISTIC_UUID5,question-authoring-recovery-v1.0.0
5d7546f3-42e5-5870-a860-e172f6b9ecb8,L40-S07,OVERGENERALIZATION,RECOVERED_DETERMINISTIC_UUID5,question-authoring-recovery-v1.0.0
20bc377a-980c-526c-95e9-237007312257,L40-S07,NEAR_FORM_CONFUSION,RECOVERED_DETERMINISTIC_UUID5,question-authoring-recovery-v1.0.0
4dde3037-2713-5421-b229-6cf38d008526,L40-S07,CONTEXT_ROLE_MISMATCH,RECOVERED_DETERMINISTIC_UUID5,question-authoring-recovery-v1.0.0
39858c76-7ea5-5d10-9dcb-a07fb34fb6d1,L40-S07,EXCEPTION_NEGLECT,RECOVERED_DETERMINISTIC_UUID5,question-authoring-recovery-v1.0.0
3515b6f7-b3bd-577e-b72d-76f7d6791a1c,L40-S08,OVERGENERALIZATION,RECOVERED_DETERMINISTIC_UUID5,question-authoring-recovery-v1.0.0
3a89e45a-7616-583f-a9d8-31ab22d49ed4,L40-S08,NEAR_FORM_CONFUSION,RECOVERED_DETERMINISTIC_UUID5,question-authoring-recovery-v1.0.0
11973c94-9693-58c6-b571-76caccf0f0f3,L40-S08,CONTEXT_ROLE_MISMATCH,RECOVERED_DETERMINISTIC_UUID5,question-authoring-recovery-v1.0.0
87a5755e-60a4-521a-a2a6-fc8bd0239dba,L40-S09,OVERGENERALIZATION,RECOVERED_DETERMINISTIC_UUID5,question-authoring-recovery-v1.0.0
53c8dda1-4e2a-5988-bb15-2858f02f8cd3,L40-S09,NEAR_FORM_CONFUSION,RECOVERED_DETERMINISTIC_UUID5,question-authoring-recovery-v1.0.0
ba2c3e31-2186-5271-985d-b89bb5635ede,L40-S09,CONTEXT_ROLE_MISMATCH,RECOVERED_DETERMINISTIC_UUID5,question-authoring-recovery-v1.0.0
4175d047-9924-5629-9df2-f15bf0c7c995,L40-S09,EXCEPTION_NEGLECT,RECOVERED_DETERMINISTIC_UUID5,question-authoring-recovery-v1.0.0
2f4fe090-507e-55f8-9dbf-c818effbda61,L40-S10,OVERGENERALIZATION,RECOVERED_DETERMINISTIC_UUID5,question-authoring-recovery-v1.0.0
e0c10f13-74ae-538a-a67d-287cc3d17427,L40-S10,NEAR_FORM_CONFUSION,RECOVERED_DETERMINISTIC_UUID5,question-authoring-recovery-v1.0.0
ff8f98ae-7f54-555d-a1c2-28c20a536819,L40-S10,CONTEXT_ROLE_MISMATCH,RECOVERED_DETERMINISTIC_UUID5,question-authoring-recovery-v1.0.0
2f7c1b11-59a9-5ff8-a721-2206fc03857c,L40-S11,OVERGENERALIZATION,RECOVERED_DETERMINISTIC_UUID5,question-authoring-recovery-v1.0.0
9b52ba3e-ba53-51af-93c2-f50ae3391ea1,L40-S11,NEAR_FORM_CONFUSION,RECOVERED_DETERMINISTIC_UUID5,question-authoring-recovery-v1.0.0
dd8fc4bc-1b50-594e-bc19-675f6a5005ee,L40-S11,CONTEXT_ROLE_MISMATCH,RECOVERED_DETERMINISTIC_UUID5,question-authoring-recovery-v1.0.0
3b3b171f-a9e2-5a60-b072-2c2bd34077e6,L40-S12,OVERGENERALIZATION,RECOVERED_DETERMINISTIC_UUID5,question-authoring-recovery-v1.0.0
308e4bd0-790a-56c1-85d1-1d55c091735f,L40-S12,NEAR_FORM_CONFUSION,RECOVERED_DETERMINISTIC_UUID5,question-authoring-recovery-v1.0.0
2395a63f-ee42-596c-a22a-9b19a3b29aa3,L40-S12,CONTEXT_ROLE_MISMATCH,RECOVERED_DETERMINISTIC_UUID5,question-authoring-recovery-v1.0.0
121eb5be-218a-58af-9c84-8ee7b1820f7b,L41-S01,OVERGENERALIZATION,RECOVERED_DETERMINISTIC_UUID5,question-authoring-recovery-v1.0.0
ee5c3532-83aa-5a85-a30c-70a5ed3abeb8,L41-S01,NEAR_FORM_CONFUSION,RECOVERED_DETERMINISTIC_UUID5,question-authoring-recovery-v1.0.0
357efba1-caeb-5678-8ca8-9e03613d5470,L41-S01,CONTEXT_ROLE_MISMATCH,RECOVERED_DETERMINISTIC_UUID5,question-authoring-recovery-v1.0.0
5dfcf903-744b-5309-bbfa-6c78648b38cc,L41-S02,OVERGENERALIZATION,RECOVERED_DETERMINISTIC_UUID5,question-authoring-recovery-v1.0.0
269f01eb-da0a-5077-8724-7f19cecfed85,L41-S02,NEAR_FORM_CONFUSION,RECOVERED_DETERMINISTIC_UUID5,question-authoring-recovery-v1.0.0
f635c3b5-6f55-5ea5-bc0e-6aa9cba6d67b,L41-S02,CONTEXT_ROLE_MISMATCH,RECOVERED_DETERMINISTIC_UUID5,question-authoring-recovery-v1.0.0
45836d5f-0c39-5249-9829-e9b4dafd62f8,L41-S03,OVERGENERALIZATION,RECOVERED_DETERMINISTIC_UUID5,question-authoring-recovery-v1.0.0
b256b69c-327d-5d4d-93f8-590a96404aff,L41-S03,NEAR_FORM_CONFUSION,RECOVERED_DETERMINISTIC_UUID5,question-authoring-recovery-v1.0.0
3416b4a6-2e53-5588-b669-ffbfda89c9e8,L41-S03,CONTEXT_ROLE_MISMATCH,RECOVERED_DETERMINISTIC_UUID5,question-authoring-recovery-v1.0.0
40394549-6eee-528c-8413-d697b07877eb,L41-S04,OVERGENERALIZATION,RECOVERED_DETERMINISTIC_UUID5,question-authoring-recovery-v1.0.0
1d3d6a14-f8eb-5eaa-9bfd-cf1a6935fb52,L41-S04,NEAR_FORM_CONFUSION,RECOVERED_DETERMINISTIC_UUID5,question-authoring-recovery-v1.0.0
40ba9694-1e83-5e42-9e78-aaf692dc5b33,L41-S04,CONTEXT_ROLE_MISMATCH,RECOVERED_DETERMINISTIC_UUID5,question-authoring-recovery-v1.0.0
8d04ab59-7d68-5c04-9345-7805960f66f5,L41-S05,OVERGENERALIZATION,RECOVERED_DETERMINISTIC_UUID5,question-authoring-recovery-v1.0.0
2e9b5856-7c5a-5022-a5d1-f00bed9e35c6,L41-S05,NEAR_FORM_CONFUSION,RECOVERED_DETERMINISTIC_UUID5,question-authoring-recovery-v1.0.0
85ed93f8-e0e3-5be8-9bda-24aef235751d,L41-S05,CONTEXT_ROLE_MISMATCH,RECOVERED_DETERMINISTIC_UUID5,question-authoring-recovery-v1.0.0
16ce719d-059a-50fa-938a-bf5d676cc7a6,L41-S06,OVERGENERALIZATION,RECOVERED_DETERMINISTIC_UUID5,question-authoring-recovery-v1.0.0
0cc8570a-91cf-5034-aa4c-71e3357c43ec,L41-S06,NEAR_FORM_CONFUSION,RECOVERED_DETERMINISTIC_UUID5,question-authoring-recovery-v1.0.0
710b5d60-c7f0-5eab-8038-79a66065d9ca,L41-S06,CONTEXT_ROLE_MISMATCH,RECOVERED_DETERMINISTIC_UUID5,question-authoring-recovery-v1.0.0
8051c57f-3143-5694-94e5-01d0d7837aee,L41-S07,OVERGENERALIZATION,RECOVERED_DETERMINISTIC_UUID5,question-authoring-recovery-v1.0.0
f5076c8b-0621-595a-89d0-3f3edd97ede6,L41-S07,NEAR_FORM_CONFUSION,RECOVERED_DETERMINISTIC_UUID5,question-authoring-recovery-v1.0.0
91d52865-9c3c-5b7b-a416-edf3e83ca772,L41-S07,CONTEXT_ROLE_MISMATCH,RECOVERED_DETERMINISTIC_UUID5,question-authoring-recovery-v1.0.0
91476c92-9878-51a1-9134-f1a247fc0c0d,L42-S01,OVERGENERALIZATION,RECOVERED_DETERMINISTIC_UUID5,question-authoring-recovery-v1.0.0
d3756d14-3772-5ceb-9beb-3af321f2396d,L42-S01,NEAR_FORM_CONFUSION,RECOVERED_DETERMINISTIC_UUID5,question-authoring-recovery-v1.0.0
14f85a67-6fa2-5823-b550-d1297a9a5509,L42-S01,CONTEXT_ROLE_MISMATCH,RECOVERED_DETERMINISTIC_UUID5,question-authoring-recovery-v1.0.0
1ad5126e-1ff2-5c27-94fc-f80eba9632fb,L42-S02,OVERGENERALIZATION,RECOVERED_DETERMINISTIC_UUID5,question-authoring-recovery-v1.0.0
fcd8862e-1156-5631-b343-c756ea111437,L42-S02,NEAR_FORM_CONFUSION,RECOVERED_DETERMINISTIC_UUID5,question-authoring-recovery-v1.0.0
8abf85f2-dacc-550a-a05b-9ddc5fa9806c,L42-S02,CONTEXT_ROLE_MISMATCH,RECOVERED_DETERMINISTIC_UUID5,question-authoring-recovery-v1.0.0
ecb1b83c-d47c-5516-8e0e-e86458a91e04,L42-S03,OVERGENERALIZATION,RECOVERED_DETERMINISTIC_UUID5,question-authoring-recovery-v1.0.0
f3041001-4244-5d46-a2c0-0a69606fd877,L42-S03,NEAR_FORM_CONFUSION,RECOVERED_DETERMINISTIC_UUID5,question-authoring-recovery-v1.0.0
1ea07bbe-afb8-535e-8a10-5b06cc535470,L42-S03,CONTEXT_ROLE_MISMATCH,RECOVERED_DETERMINISTIC_UUID5,question-authoring-recovery-v1.0.0
2c1fc34c-975b-535a-ba46-32a77bd74f28,L42-S04,OVERGENERALIZATION,RECOVERED_DETERMINISTIC_UUID5,question-authoring-recovery-v1.0.0
41137005-e81c-5a5e-9d23-618bf691ef2a,L42-S04,NEAR_FORM_CONFUSION,RECOVERED_DETERMINISTIC_UUID5,question-authoring-recovery-v1.0.0
9dfbca8a-d8c2-5524-ad67-c17ac3601ad6,L42-S04,CONTEXT_ROLE_MISMATCH,RECOVERED_DETERMINISTIC_UUID5,question-authoring-recovery-v1.0.0
a53faced-cc44-5a8d-b5f9-c0b05fb30e67,L42-S05,OVERGENERALIZATION,RECOVERED_DETERMINISTIC_UUID5,question-authoring-recovery-v1.0.0
14fd7612-9504-59f3-8867-8fee399186a6,L42-S05,NEAR_FORM_CONFUSION,RECOVERED_DETERMINISTIC_UUID5,question-authoring-recovery-v1.0.0
fd5246e4-79db-5fc7-8e8b-ec49ae00bf65,L42-S05,CONTEXT_ROLE_MISMATCH,RECOVERED_DETERMINISTIC_UUID5,question-authoring-recovery-v1.0.0
262f4c2d-437b-5c53-a999-a8f9b9145c61,L43-S01,OVERGENERALIZATION,RECOVERED_DETERMINISTIC_UUID5,question-authoring-recovery-v1.0.0
c0c6dd84-c6a4-5903-9e42-236ab1553e35,L43-S01,NEAR_FORM_CONFUSION,RECOVERED_DETERMINISTIC_UUID5,question-authoring-recovery-v1.0.0
52903796-2ad5-5d6b-89d9-e5d623533a2a,L43-S01,CONTEXT_ROLE_MISMATCH,RECOVERED_DETERMINISTIC_UUID5,question-authoring-recovery-v1.0.0
c3e287fb-f24d-5546-a3e7-5983d0a0a047,L43-S02,OVERGENERALIZATION,RECOVERED_DETERMINISTIC_UUID5,question-authoring-recovery-v1.0.0
2cd35210-cd04-5b8b-b7f2-a99e5a6b44f9,L43-S02,NEAR_FORM_CONFUSION,RECOVERED_DETERMINISTIC_UUID5,question-authoring-recovery-v1.0.0
e61bf1aa-d9af-5c2c-9cd1-2687c822c718,L43-S02,CONTEXT_ROLE_MISMATCH,RECOVERED_DETERMINISTIC_UUID5,question-authoring-recovery-v1.0.0
3024fcb3-6c03-54cb-b055-9813864e08e2,L43-S02,EXCEPTION_NEGLECT,RECOVERED_DETERMINISTIC_UUID5,question-authoring-recovery-v1.0.0
376ae3e1-ea21-5d6a-8bea-755cb88ec1ac,L43-S03,OVERGENERALIZATION,RECOVERED_DETERMINISTIC_UUID5,question-authoring-recovery-v1.0.0
9cbf4aca-93a4-5a56-a7bf-8cc74e292498,L43-S03,NEAR_FORM_CONFUSION,RECOVERED_DETERMINISTIC_UUID5,question-authoring-recovery-v1.0.0
e92d3e20-8268-5434-b02e-7d64178751cd,L43-S03,CONTEXT_ROLE_MISMATCH,RECOVERED_DETERMINISTIC_UUID5,question-authoring-recovery-v1.0.0
c3a2abf8-5ca8-545d-8b7d-3ec476c2a3b0,L43-S04,OVERGENERALIZATION,RECOVERED_DETERMINISTIC_UUID5,question-authoring-recovery-v1.0.0
add914a6-630d-5575-9422-6df904f81f10,L43-S04,NEAR_FORM_CONFUSION,RECOVERED_DETERMINISTIC_UUID5,question-authoring-recovery-v1.0.0
85715163-e5bc-57d0-9f91-c21b64e2aa72,L43-S04,CONTEXT_ROLE_MISMATCH,RECOVERED_DETERMINISTIC_UUID5,question-authoring-recovery-v1.0.0
39dc282b-9daa-543e-b38f-aba40330cd86,L43-S05,OVERGENERALIZATION,RECOVERED_DETERMINISTIC_UUID5,question-authoring-recovery-v1.0.0
d1de2084-93a9-56c4-8b96-a0c04c7d85b7,L43-S05,NEAR_FORM_CONFUSION,RECOVERED_DETERMINISTIC_UUID5,question-authoring-recovery-v1.0.0
4dcd9559-ea38-5bb6-80ad-4280e33c8a58,L43-S05,CONTEXT_ROLE_MISMATCH,RECOVERED_DETERMINISTIC_UUID5,question-authoring-recovery-v1.0.0
c6281dbe-e594-5da8-b929-6b92a6d1bbf7,L43-S06,OVERGENERALIZATION,RECOVERED_DETERMINISTIC_UUID5,question-authoring-recovery-v1.0.0
adfb3278-db94-59b7-a18a-a203f29f1755,L43-S06,NEAR_FORM_CONFUSION,RECOVERED_DETERMINISTIC_UUID5,question-authoring-recovery-v1.0.0
cb318e82-d859-501b-827b-c80c3ce71657,L43-S06,CONTEXT_ROLE_MISMATCH,RECOVERED_DETERMINISTIC_UUID5,question-authoring-recovery-v1.0.0
fd0b687a-4e62-5760-9805-48faf21f8f1d,L43-S07,OVERGENERALIZATION,RECOVERED_DETERMINISTIC_UUID5,question-authoring-recovery-v1.0.0
893e4e0e-988b-5bba-abf3-2da9deda3782,L43-S07,NEAR_FORM_CONFUSION,RECOVERED_DETERMINISTIC_UUID5,question-authoring-recovery-v1.0.0
940d85a1-cdb7-582f-b90b-9e310a6eb1b8,L43-S07,CONTEXT_ROLE_MISMATCH,RECOVERED_DETERMINISTIC_UUID5,question-authoring-recovery-v1.0.0
d127b2c9-c4f7-584b-aa54-feebc95ca6e7,L44-S01,OVERGENERALIZATION,RECOVERED_DETERMINISTIC_UUID5,question-authoring-recovery-v1.0.0
10468ec6-28a1-54e6-acee-ed42cff21d26,L44-S01,NEAR_FORM_CONFUSION,RECOVERED_DETERMINISTIC_UUID5,question-authoring-recovery-v1.0.0
29c3783c-9a1a-55ac-a5ec-409ac7a31e43,L44-S01,CONTEXT_ROLE_MISMATCH,RECOVERED_DETERMINISTIC_UUID5,question-authoring-recovery-v1.0.0
5eebc3d2-9110-5118-b738-b4ed353bae80,L44-S02,OVERGENERALIZATION,RECOVERED_DETERMINISTIC_UUID5,question-authoring-recovery-v1.0.0
3eb36f73-c768-572f-b897-1de56dd8c360,L44-S02,NEAR_FORM_CONFUSION,RECOVERED_DETERMINISTIC_UUID5,question-authoring-recovery-v1.0.0
bc3abd71-f4af-5991-a4da-baf0e48cd4c8,L44-S02,CONTEXT_ROLE_MISMATCH,RECOVERED_DETERMINISTIC_UUID5,question-authoring-recovery-v1.0.0
e72ac7ad-6385-534c-9e57-c7767b903006,L44-S03,OVERGENERALIZATION,RECOVERED_DETERMINISTIC_UUID5,question-authoring-recovery-v1.0.0
6b0a1fd6-68d7-5ac5-ae10-2fb75b5b719b,L44-S03,NEAR_FORM_CONFUSION,RECOVERED_DETERMINISTIC_UUID5,question-authoring-recovery-v1.0.0
7eb3bf31-1a04-56a4-9316-9eac43c5d7da,L44-S03,CONTEXT_ROLE_MISMATCH,RECOVERED_DETERMINISTIC_UUID5,question-authoring-recovery-v1.0.0
fc703209-7032-587e-ba21-ab8549794e45,L45-S01,OVERGENERALIZATION,RECOVERED_DETERMINISTIC_UUID5,question-authoring-recovery-v1.0.0
78189a6f-70e4-5640-8754-b55682b81f34,L45-S01,NEAR_FORM_CONFUSION,RECOVERED_DETERMINISTIC_UUID5,question-authoring-recovery-v1.0.0
9464c527-fcf3-5e5a-b0dc-377aed14bd6d,L45-S01,CONTEXT_ROLE_MISMATCH,RECOVERED_DETERMINISTIC_UUID5,question-authoring-recovery-v1.0.0
3977ef07-4768-537e-a770-2e4583c071da,L45-S02,OVERGENERALIZATION,RECOVERED_DETERMINISTIC_UUID5,question-authoring-recovery-v1.0.0
5eefa94c-d39c-5a7b-8e74-a95ae1794f0e,L45-S02,NEAR_FORM_CONFUSION,RECOVERED_DETERMINISTIC_UUID5,question-authoring-recovery-v1.0.0
4da50658-c076-5d51-be94-16f76d838675,L45-S02,CONTEXT_ROLE_MISMATCH,RECOVERED_DETERMINISTIC_UUID5,question-authoring-recovery-v1.0.0
38eea159-e222-5efc-8b88-4252c05e9e3d,L45-S03,OVERGENERALIZATION,RECOVERED_DETERMINISTIC_UUID5,question-authoring-recovery-v1.0.0
92ec01ff-e4ce-5f79-bf73-01f2c9ca0852,L45-S03,NEAR_FORM_CONFUSION,RECOVERED_DETERMINISTIC_UUID5,question-authoring-recovery-v1.0.0
278a2dc3-43be-5571-85f1-784ba3fcc8f8,L45-S03,CONTEXT_ROLE_MISMATCH,RECOVERED_DETERMINISTIC_UUID5,question-authoring-recovery-v1.0.0
16b0db53-9557-5a36-ac21-6dbced0b6635,L45-S04,OVERGENERALIZATION,RECOVERED_DETERMINISTIC_UUID5,question-authoring-recovery-v1.0.0
2ae51525-67d8-5bdb-8e1d-889bae265096,L45-S04,NEAR_FORM_CONFUSION,RECOVERED_DETERMINISTIC_UUID5,question-authoring-recovery-v1.0.0
077c22b2-45a3-5dd8-9a37-bc5ecd08b6c5,L45-S04,CONTEXT_ROLE_MISMATCH,RECOVERED_DETERMINISTIC_UUID5,question-authoring-recovery-v1.0.0
d97acb87-1a9e-5c4c-a2db-deefae4c3876,L46-S01,OVERGENERALIZATION,RECOVERED_DETERMINISTIC_UUID5,question-authoring-recovery-v1.0.0
27b10f97-8e5d-5b57-b5c2-147811c77e47,L46-S01,NEAR_FORM_CONFUSION,RECOVERED_DETERMINISTIC_UUID5,question-authoring-recovery-v1.0.0
6cfa1462-9e9d-5da7-a9de-89d821616043,L46-S01,CONTEXT_ROLE_MISMATCH,RECOVERED_DETERMINISTIC_UUID5,question-authoring-recovery-v1.0.0
1c2a8b5d-3b4a-50da-9236-bcc0e923684a,L46-S01,EXCEPTION_NEGLECT,RECOVERED_DETERMINISTIC_UUID5,question-authoring-recovery-v1.0.0
0a58b2bf-e377-5a1a-96c2-f9fd2ecc5d1f,L46-S02,OVERGENERALIZATION,RECOVERED_DETERMINISTIC_UUID5,question-authoring-recovery-v1.0.0
510b14a5-34a2-519a-af39-f0c42996ef2c,L46-S02,NEAR_FORM_CONFUSION,RECOVERED_DETERMINISTIC_UUID5,question-authoring-recovery-v1.0.0
a025ccdb-5a98-50f9-acfb-2fd25812e46b,L46-S02,CONTEXT_ROLE_MISMATCH,RECOVERED_DETERMINISTIC_UUID5,question-authoring-recovery-v1.0.0
e51cfca5-424e-5104-9a38-141176997952,L46-S03,OVERGENERALIZATION,RECOVERED_DETERMINISTIC_UUID5,question-authoring-recovery-v1.0.0
82a9af90-9dcd-5ca3-bddc-6db0e8860f54,L46-S03,NEAR_FORM_CONFUSION,RECOVERED_DETERMINISTIC_UUID5,question-authoring-recovery-v1.0.0
cab6b07f-822b-56cc-8d4a-fd2604b1c46d,L46-S03,CONTEXT_ROLE_MISMATCH,RECOVERED_DETERMINISTIC_UUID5,question-authoring-recovery-v1.0.0
f4f8f1e5-6130-5078-acba-709b80ea3759,L47-S01,OVERGENERALIZATION,RECOVERED_DETERMINISTIC_UUID5,question-authoring-recovery-v1.0.0
9f01c6c2-6abd-59d2-9d5f-7e80cf0c190a,L47-S01,NEAR_FORM_CONFUSION,RECOVERED_DETERMINISTIC_UUID5,question-authoring-recovery-v1.0.0
3c9d9392-e9a8-5997-b145-76c05d06a893,L47-S01,CONTEXT_ROLE_MISMATCH,RECOVERED_DETERMINISTIC_UUID5,question-authoring-recovery-v1.0.0
8a0a5e77-9f34-512f-b30e-bd611ce4517b,L47-S02,OVERGENERALIZATION,RECOVERED_DETERMINISTIC_UUID5,question-authoring-recovery-v1.0.0
73cafa43-1ecb-5d54-b822-bfe46431c8b5,L47-S02,NEAR_FORM_CONFUSION,RECOVERED_DETERMINISTIC_UUID5,question-authoring-recovery-v1.0.0
5c4c875d-ced1-5f9d-b7ce-06fa71861f37,L47-S02,CONTEXT_ROLE_MISMATCH,RECOVERED_DETERMINISTIC_UUID5,question-authoring-recovery-v1.0.0
e7349f2e-2f60-517b-988f-3047719ade98,L47-S03,OVERGENERALIZATION,RECOVERED_DETERMINISTIC_UUID5,question-authoring-recovery-v1.0.0
ad17b443-1375-5cb9-b8a4-23e63bbf3b6f,L47-S03,NEAR_FORM_CONFUSION,RECOVERED_DETERMINISTIC_UUID5,question-authoring-recovery-v1.0.0
eff7cbd3-ac77-5194-84b7-fb4a141393b8,L47-S03,CONTEXT_ROLE_MISMATCH,RECOVERED_DETERMINISTIC_UUID5,question-authoring-recovery-v1.0.0
fff2c381-8dfa-58d0-b7fb-89c1b099cfb1,L47-S04,OVERGENERALIZATION,RECOVERED_DETERMINISTIC_UUID5,question-authoring-recovery-v1.0.0
5f61e79a-793e-5a6b-8aba-35e0fa373264,L47-S04,NEAR_FORM_CONFUSION,RECOVERED_DETERMINISTIC_UUID5,question-authoring-recovery-v1.0.0
3e1a58c8-e397-5dd2-bae9-06c51e8dd732,L47-S04,CONTEXT_ROLE_MISMATCH,RECOVERED_DETERMINISTIC_UUID5,question-authoring-recovery-v1.0.0
49b722ed-5d9a-5c41-8e3b-736c35ab0b6b,L47-S05,OVERGENERALIZATION,RECOVERED_DETERMINISTIC_UUID5,question-authoring-recovery-v1.0.0
8172f9a5-0840-5173-954a-ff74ac1c62f7,L47-S05,NEAR_FORM_CONFUSION,RECOVERED_DETERMINISTIC_UUID5,question-authoring-recovery-v1.0.0
8be1d258-d1c0-5cfa-b6fe-db34464f730d,L47-S05,CONTEXT_ROLE_MISMATCH,RECOVERED_DETERMINISTIC_UUID5,question-authoring-recovery-v1.0.0
d55e2c4b-db3e-5d0f-8fdf-52f0e1ae7ab9,L47-S06,OVERGENERALIZATION,RECOVERED_DETERMINISTIC_UUID5,question-authoring-recovery-v1.0.0
bde2a4cb-0654-5584-930b-b98af56a1b78,L47-S06,NEAR_FORM_CONFUSION,RECOVERED_DETERMINISTIC_UUID5,question-authoring-recovery-v1.0.0
0544417f-f2cc-5c83-94dc-b975fc3feb27,L47-S06,CONTEXT_ROLE_MISMATCH,RECOVERED_DETERMINISTIC_UUID5,question-authoring-recovery-v1.0.0
4c14dba5-469a-521e-9605-36382f76c734,L47-S07,OVERGENERALIZATION,RECOVERED_DETERMINISTIC_UUID5,question-authoring-recovery-v1.0.0
355500a6-312f-505b-911d-48d7c3d67839,L47-S07,NEAR_FORM_CONFUSION,RECOVERED_DETERMINISTIC_UUID5,question-authoring-recovery-v1.0.0
9bb58793-b232-5da8-9d6d-b53a01e6e4e8,L47-S07,CONTEXT_ROLE_MISMATCH,RECOVERED_DETERMINISTIC_UUID5,question-authoring-recovery-v1.0.0
dce1bc6d-addf-504e-a229-02c549ec8584,L48-S01,OVERGENERALIZATION,RECOVERED_DETERMINISTIC_UUID5,question-authoring-recovery-v1.0.0
a5ac414c-e316-5072-8a1c-4b5698df17da,L48-S01,NEAR_FORM_CONFUSION,RECOVERED_DETERMINISTIC_UUID5,question-authoring-recovery-v1.0.0
15ee0722-d447-537c-8a26-c700ee767d65,L48-S01,CONTEXT_ROLE_MISMATCH,RECOVERED_DETERMINISTIC_UUID5,question-authoring-recovery-v1.0.0
722f2087-2802-5a65-b159-222461c6cec8,L48-S02,OVERGENERALIZATION,RECOVERED_DETERMINISTIC_UUID5,question-authoring-recovery-v1.0.0
870f7309-f25c-59e6-9ede-ab63a5f321c2,L48-S02,NEAR_FORM_CONFUSION,RECOVERED_DETERMINISTIC_UUID5,question-authoring-recovery-v1.0.0
a7237123-b2d4-5b19-ad05-f8f81989e998,L48-S02,CONTEXT_ROLE_MISMATCH,RECOVERED_DETERMINISTIC_UUID5,question-authoring-recovery-v1.0.0
dc25c09c-41a9-5dc4-bc47-e5ce25180f2e,L48-S03,OVERGENERALIZATION,RECOVERED_DETERMINISTIC_UUID5,question-authoring-recovery-v1.0.0
4a7adcbb-2c3e-537c-9c9b-ccee75b429e9,L48-S03,NEAR_FORM_CONFUSION,RECOVERED_DETERMINISTIC_UUID5,question-authoring-recovery-v1.0.0
1b4de7e0-e52e-5b03-9bb0-b2067c36fc58,L48-S03,CONTEXT_ROLE_MISMATCH,RECOVERED_DETERMINISTIC_UUID5,question-authoring-recovery-v1.0.0
e7d23ac3-b91e-5299-bcd3-b543b9df74dc,L49-S01,OVERGENERALIZATION,RECOVERED_DETERMINISTIC_UUID5,question-authoring-recovery-v1.0.0
a4c3a98f-2efc-5a12-9c74-d54948d2706d,L49-S01,NEAR_FORM_CONFUSION,RECOVERED_DETERMINISTIC_UUID5,question-authoring-recovery-v1.0.0
229fe599-e694-54ef-8c06-bd6728dc46f9,L49-S01,CONTEXT_ROLE_MISMATCH,RECOVERED_DETERMINISTIC_UUID5,question-authoring-recovery-v1.0.0
f952cb92-7a61-5e2e-9393-afd303c1ed4c,L49-S02,OVERGENERALIZATION,RECOVERED_DETERMINISTIC_UUID5,question-authoring-recovery-v1.0.0
6321bafb-c7d2-54f8-ad33-39b0e57b7509,L49-S02,NEAR_FORM_CONFUSION,RECOVERED_DETERMINISTIC_UUID5,question-authoring-recovery-v1.0.0
f4c444c9-9f79-51b3-9071-42a120a8eda5,L49-S02,CONTEXT_ROLE_MISMATCH,RECOVERED_DETERMINISTIC_UUID5,question-authoring-recovery-v1.0.0
9fb6cd85-c9c4-5209-a95e-1b6cd9c72080,L49-S03,OVERGENERALIZATION,RECOVERED_DETERMINISTIC_UUID5,question-authoring-recovery-v1.0.0
8cef0ab1-5263-50db-9d89-c20310bdc7b6,L49-S03,NEAR_FORM_CONFUSION,RECOVERED_DETERMINISTIC_UUID5,question-authoring-recovery-v1.0.0
f2c5052f-4be2-5142-8276-ec93bc51fcf8,L49-S03,CONTEXT_ROLE_MISMATCH,RECOVERED_DETERMINISTIC_UUID5,question-authoring-recovery-v1.0.0
b2f5af3b-aab2-57db-90a6-83d1f1ffa0ae,L49-S04,OVERGENERALIZATION,RECOVERED_DETERMINISTIC_UUID5,question-authoring-recovery-v1.0.0
6c4a8984-4bd8-5737-a3d3-8c8ca25a2d89,L49-S04,NEAR_FORM_CONFUSION,RECOVERED_DETERMINISTIC_UUID5,question-authoring-recovery-v1.0.0
48805bf7-774b-5c3b-9260-d9faad33b1bb,L49-S04,CONTEXT_ROLE_MISMATCH,RECOVERED_DETERMINISTIC_UUID5,question-authoring-recovery-v1.0.0
df366e1f-9d67-50ca-a077-1d15019ee891,L49-S05,OVERGENERALIZATION,RECOVERED_DETERMINISTIC_UUID5,question-authoring-recovery-v1.0.0
62b44f87-caec-5e83-967f-f9480e5c1368,L49-S05,NEAR_FORM_CONFUSION,RECOVERED_DETERMINISTIC_UUID5,question-authoring-recovery-v1.0.0
626f6eae-1622-54bb-adc4-c53fe420e4b3,L49-S05,CONTEXT_ROLE_MISMATCH,RECOVERED_DETERMINISTIC_UUID5,question-authoring-recovery-v1.0.0
230d40fa-abad-581b-8ac4-f28a6ad3209c,L49-S06,OVERGENERALIZATION,RECOVERED_DETERMINISTIC_UUID5,question-authoring-recovery-v1.0.0
3ee71172-7280-5bb6-a305-5b53d377ceb9,L49-S06,NEAR_FORM_CONFUSION,RECOVERED_DETERMINISTIC_UUID5,question-authoring-recovery-v1.0.0
84c80c02-5095-5225-84d3-e43a9361b6fb,L49-S06,CONTEXT_ROLE_MISMATCH,RECOVERED_DETERMINISTIC_UUID5,question-authoring-recovery-v1.0.0
08437855-2da7-571f-8a27-0b3839946a9b,L50-S01,OVERGENERALIZATION,RECOVERED_DETERMINISTIC_UUID5,question-authoring-recovery-v1.0.0
85e497db-659d-53ca-9aa3-d5481ccd6906,L50-S01,NEAR_FORM_CONFUSION,RECOVERED_DETERMINISTIC_UUID5,question-authoring-recovery-v1.0.0
cd74ad35-aa36-58f0-b2a8-d64c92fa6614,L50-S01,CONTEXT_ROLE_MISMATCH,RECOVERED_DETERMINISTIC_UUID5,question-authoring-recovery-v1.0.0
68af6aab-f4ad-5060-b51c-4f7232f0fe5f,L50-S02,OVERGENERALIZATION,RECOVERED_DETERMINISTIC_UUID5,question-authoring-recovery-v1.0.0
1fa4ce57-e0e7-5080-9d0a-985163a1a6d1,L50-S02,NEAR_FORM_CONFUSION,RECOVERED_DETERMINISTIC_UUID5,question-authoring-recovery-v1.0.0
ea1f3c6a-3dae-5fc3-9e5a-08e74651b779,L50-S02,CONTEXT_ROLE_MISMATCH,RECOVERED_DETERMINISTIC_UUID5,question-authoring-recovery-v1.0.0
e00d8a42-3fa8-56a9-8459-994f68802f1d,L50-S02,EXCEPTION_NEGLECT,RECOVERED_DETERMINISTIC_UUID5,question-authoring-recovery-v1.0.0
65b60f90-f11e-5995-9bf5-4dfff102c55c,L50-S03,OVERGENERALIZATION,RECOVERED_DETERMINISTIC_UUID5,question-authoring-recovery-v1.0.0
5912f78e-89f9-5452-a564-9d3280aede51,L50-S03,NEAR_FORM_CONFUSION,RECOVERED_DETERMINISTIC_UUID5,question-authoring-recovery-v1.0.0
967100ce-52e8-503a-9c12-5fa9dbb13a91,L50-S03,CONTEXT_ROLE_MISMATCH,RECOVERED_DETERMINISTIC_UUID5,question-authoring-recovery-v1.0.0
48d40080-143b-52ff-9987-ac1f5eaf2798,L50-S04,OVERGENERALIZATION,RECOVERED_DETERMINISTIC_UUID5,question-authoring-recovery-v1.0.0
2b7aa404-94cf-53ac-8877-3a854c788d21,L50-S04,NEAR_FORM_CONFUSION,RECOVERED_DETERMINISTIC_UUID5,question-authoring-recovery-v1.0.0
b992b766-9ecc-55de-8aae-9e56aa502be3,L50-S04,CONTEXT_ROLE_MISMATCH,RECOVERED_DETERMINISTIC_UUID5,question-authoring-recovery-v1.0.0
dcca09d7-865b-5df2-8be5-44bf536146bb,L50-S05,OVERGENERALIZATION,RECOVERED_DETERMINISTIC_UUID5,question-authoring-recovery-v1.0.0
92da5163-2a9b-5f64-a742-33c96033b621,L50-S05,NEAR_FORM_CONFUSION,RECOVERED_DETERMINISTIC_UUID5,question-authoring-recovery-v1.0.0
77ca63a2-8de2-5490-93fd-a238d4235b07,L50-S05,CONTEXT_ROLE_MISMATCH,RECOVERED_DETERMINISTIC_UUID5,question-authoring-recovery-v1.0.0
0f770de3-ff04-5ea9-8529-0eabb6ee94f2,L50-S06,OVERGENERALIZATION,RECOVERED_DETERMINISTIC_UUID5,question-authoring-recovery-v1.0.0
2a74d5ad-5ce5-5e30-a952-c09c245b155d,L50-S06,NEAR_FORM_CONFUSION,RECOVERED_DETERMINISTIC_UUID5,question-authoring-recovery-v1.0.0
e9755344-67c6-5869-b9d9-cc1d1e11782e,L50-S06,CONTEXT_ROLE_MISMATCH,RECOVERED_DETERMINISTIC_UUID5,question-authoring-recovery-v1.0.0
ef6981e0-1049-5c82-bc40-2efb140e30cf,L50-S07,OVERGENERALIZATION,RECOVERED_DETERMINISTIC_UUID5,question-authoring-recovery-v1.0.0
642d3fd0-822c-55ba-b181-8ed70d8b54ec,L50-S07,NEAR_FORM_CONFUSION,RECOVERED_DETERMINISTIC_UUID5,question-authoring-recovery-v1.0.0
0f369585-ef80-5c83-8141-558668d0f843,L50-S07,CONTEXT_ROLE_MISMATCH,RECOVERED_DETERMINISTIC_UUID5,question-authoring-recovery-v1.0.0
60599a5b-715f-528e-8b45-bcb2f16b43a9,L50-S08,OVERGENERALIZATION,RECOVERED_DETERMINISTIC_UUID5,question-authoring-recovery-v1.0.0
3d6d1fb0-d11d-5197-9480-25cb2e85e82d,L50-S08,NEAR_FORM_CONFUSION,RECOVERED_DETERMINISTIC_UUID5,question-authoring-recovery-v1.0.0
b4b218ef-1d03-5248-88dd-53e05302ce72,L50-S08,CONTEXT_ROLE_MISMATCH,RECOVERED_DETERMINISTIC_UUID5,question-authoring-recovery-v1.0.0
fd04dc7f-c4d4-51fd-ae08-1e10880f3b05,L51-S01,OVERGENERALIZATION,RECOVERED_DETERMINISTIC_UUID5,question-authoring-recovery-v1.0.0
090cdef0-4bb3-56f1-94a3-58aea84769b6,L51-S01,NEAR_FORM_CONFUSION,RECOVERED_DETERMINISTIC_UUID5,question-authoring-recovery-v1.0.0
b781f446-c84f-549b-9010-cbdb35a2b073,L51-S01,CONTEXT_ROLE_MISMATCH,RECOVERED_DETERMINISTIC_UUID5,question-authoring-recovery-v1.0.0
24acf3d5-05ec-5732-95de-402a7fdde8c7,L51-S02,OVERGENERALIZATION,RECOVERED_DETERMINISTIC_UUID5,question-authoring-recovery-v1.0.0
920f15b2-631d-5112-b5fa-f7a50d336bc0,L51-S02,NEAR_FORM_CONFUSION,RECOVERED_DETERMINISTIC_UUID5,question-authoring-recovery-v1.0.0
eba47675-1508-5cab-b8a3-753dc25eed5f,L51-S02,CONTEXT_ROLE_MISMATCH,RECOVERED_DETERMINISTIC_UUID5,question-authoring-recovery-v1.0.0
844fb9f9-2920-512c-9eb7-75e46180866b,L51-S03,OVERGENERALIZATION,RECOVERED_DETERMINISTIC_UUID5,question-authoring-recovery-v1.0.0
4db736e4-fd3b-500d-acbd-8f84e87fba04,L51-S03,NEAR_FORM_CONFUSION,RECOVERED_DETERMINISTIC_UUID5,question-authoring-recovery-v1.0.0
bdecb7af-a254-50f0-a142-46d6a9b83313,L51-S03,CONTEXT_ROLE_MISMATCH,RECOVERED_DETERMINISTIC_UUID5,question-authoring-recovery-v1.0.0
48d2ccad-c4d5-51e2-af81-d1e8d3086fc0,L51-S04,OVERGENERALIZATION,RECOVERED_DETERMINISTIC_UUID5,question-authoring-recovery-v1.0.0
f6dc47d6-c6d2-5a62-aefc-49d4436db7b3,L51-S04,NEAR_FORM_CONFUSION,RECOVERED_DETERMINISTIC_UUID5,question-authoring-recovery-v1.0.0
30edc6df-267b-5f45-8d75-040f26faee02,L51-S04,CONTEXT_ROLE_MISMATCH,RECOVERED_DETERMINISTIC_UUID5,question-authoring-recovery-v1.0.0
293c3c1d-1705-566a-a2d5-6fcbe76a31de,L51-S05,OVERGENERALIZATION,RECOVERED_DETERMINISTIC_UUID5,question-authoring-recovery-v1.0.0
c04ade34-59c3-53f8-b111-5faaf030f700,L51-S05,NEAR_FORM_CONFUSION,RECOVERED_DETERMINISTIC_UUID5,question-authoring-recovery-v1.0.0
344704e7-8677-551e-9a7d-6da036e34acb,L51-S05,CONTEXT_ROLE_MISMATCH,RECOVERED_DETERMINISTIC_UUID5,question-authoring-recovery-v1.0.0
6b70bf39-dc03-56b5-8c18-a985492c0dbd,L51-S06,OVERGENERALIZATION,RECOVERED_DETERMINISTIC_UUID5,question-authoring-recovery-v1.0.0
55e9fe52-450d-5bf0-9374-c7eb27f2202b,L51-S06,NEAR_FORM_CONFUSION,RECOVERED_DETERMINISTIC_UUID5,question-authoring-recovery-v1.0.0
11935dd6-3605-5497-a83f-bccd1c1811db,L51-S06,CONTEXT_ROLE_MISMATCH,RECOVERED_DETERMINISTIC_UUID5,question-authoring-recovery-v1.0.0
ece6c237-960e-5c55-a4cb-fdaf07b5fc5f,L51-S07,OVERGENERALIZATION,RECOVERED_DETERMINISTIC_UUID5,question-authoring-recovery-v1.0.0
5d2bbe3b-6838-539b-9147-c340baa65dbb,L51-S07,NEAR_FORM_CONFUSION,RECOVERED_DETERMINISTIC_UUID5,question-authoring-recovery-v1.0.0
400cee26-4366-5cd0-ab97-3419652a595e,L51-S07,CONTEXT_ROLE_MISMATCH,RECOVERED_DETERMINISTIC_UUID5,question-authoring-recovery-v1.0.0
bcaa1423-da28-5a5f-ba8a-66b47122fa09,L51-S08,OVERGENERALIZATION,RECOVERED_DETERMINISTIC_UUID5,question-authoring-recovery-v1.0.0
7394ef51-da91-59e9-afcc-943e15627855,L51-S08,NEAR_FORM_CONFUSION,RECOVERED_DETERMINISTIC_UUID5,question-authoring-recovery-v1.0.0
d6c91dbe-38b0-5988-8298-07d7549a3255,L51-S08,CONTEXT_ROLE_MISMATCH,RECOVERED_DETERMINISTIC_UUID5,question-authoring-recovery-v1.0.0
83d93c70-4044-5029-8c73-543f1b9b001f,L51-S09,OVERGENERALIZATION,RECOVERED_DETERMINISTIC_UUID5,question-authoring-recovery-v1.0.0
d42a3bc3-3c25-595e-a298-9ee7df745b46,L51-S09,NEAR_FORM_CONFUSION,RECOVERED_DETERMINISTIC_UUID5,question-authoring-recovery-v1.0.0
7d7e27a3-684f-5344-8a4c-944655e24e70,L51-S09,CONTEXT_ROLE_MISMATCH,RECOVERED_DETERMINISTIC_UUID5,question-authoring-recovery-v1.0.0
b5661947-d44e-5294-a863-5c558d82a43c,L51-S10,OVERGENERALIZATION,RECOVERED_DETERMINISTIC_UUID5,question-authoring-recovery-v1.0.0
0824bf64-15c8-5680-bfa8-04927d8fa4e4,L51-S10,NEAR_FORM_CONFUSION,RECOVERED_DETERMINISTIC_UUID5,question-authoring-recovery-v1.0.0
445ac3b8-ce96-5fdd-867e-c6b551f04a79,L51-S10,CONTEXT_ROLE_MISMATCH,RECOVERED_DETERMINISTIC_UUID5,question-authoring-recovery-v1.0.0
3850d0b5-9e0d-5097-b11b-5f778e1c4158,L51-S11,OVERGENERALIZATION,RECOVERED_DETERMINISTIC_UUID5,question-authoring-recovery-v1.0.0
c4b1940c-f57e-5633-88ef-fd8838a86e1a,L51-S11,NEAR_FORM_CONFUSION,RECOVERED_DETERMINISTIC_UUID5,question-authoring-recovery-v1.0.0
5a0b8ab3-6dd3-59bb-a615-ba1b4572123a,L51-S11,CONTEXT_ROLE_MISMATCH,RECOVERED_DETERMINISTIC_UUID5,question-authoring-recovery-v1.0.0
060273e1-66e8-5566-bcf5-16c69904b71d,L51-S12,OVERGENERALIZATION,RECOVERED_DETERMINISTIC_UUID5,question-authoring-recovery-v1.0.0
a25934e9-24df-5381-97f5-ed40c28e22d2,L51-S12,NEAR_FORM_CONFUSION,RECOVERED_DETERMINISTIC_UUID5,question-authoring-recovery-v1.0.0
0d210914-7774-51e4-bc35-e3186cd08643,L51-S12,CONTEXT_ROLE_MISMATCH,RECOVERED_DETERMINISTIC_UUID5,question-authoring-recovery-v1.0.0
994ba882-2bc3-5947-8c11-7dcaf4b681c7,L51-S13,OVERGENERALIZATION,RECOVERED_DETERMINISTIC_UUID5,question-authoring-recovery-v1.0.0
bed1d17f-293b-5dca-a3bf-a854c9d6092d,L51-S13,NEAR_FORM_CONFUSION,RECOVERED_DETERMINISTIC_UUID5,question-authoring-recovery-v1.0.0
4f458a6c-8597-5ff6-94a0-e0204b0513d0,L51-S13,CONTEXT_ROLE_MISMATCH,RECOVERED_DETERMINISTIC_UUID5,question-authoring-recovery-v1.0.0
ebb074f1-ef7d-5e7a-964b-8cf43a67e3d9,L51-S14,OVERGENERALIZATION,RECOVERED_DETERMINISTIC_UUID5,question-authoring-recovery-v1.0.0
7fe70f36-76a1-5f6f-a141-460fdb42fa3d,L51-S14,NEAR_FORM_CONFUSION,RECOVERED_DETERMINISTIC_UUID5,question-authoring-recovery-v1.0.0
7f83e86e-6da8-5e78-89d4-4bc3467dba7d,L51-S14,CONTEXT_ROLE_MISMATCH,RECOVERED_DETERMINISTIC_UUID5,question-authoring-recovery-v1.0.0
9809fda8-66a6-5587-8c56-519378992e83,L51-S14,EXCEPTION_NEGLECT,RECOVERED_DETERMINISTIC_UUID5,question-authoring-recovery-v1.0.0
c8902c6f-3cc8-56bf-af8b-e1ffa8fca1ba,L51-S15,OVERGENERALIZATION,RECOVERED_DETERMINISTIC_UUID5,question-authoring-recovery-v1.0.0
2d1d119b-2125-55f3-a54e-2addbca0f059,L51-S15,NEAR_FORM_CONFUSION,RECOVERED_DETERMINISTIC_UUID5,question-authoring-recovery-v1.0.0
2ca4938d-13ed-5e27-8e1f-9b142719200c,L51-S15,CONTEXT_ROLE_MISMATCH,RECOVERED_DETERMINISTIC_UUID5,question-authoring-recovery-v1.0.0
c8e2c688-3be4-5466-bfc7-528331fde06a,L51-S16,OVERGENERALIZATION,RECOVERED_DETERMINISTIC_UUID5,question-authoring-recovery-v1.0.0
236e3766-92e8-58aa-840e-0d0daf14f2cf,L51-S16,NEAR_FORM_CONFUSION,RECOVERED_DETERMINISTIC_UUID5,question-authoring-recovery-v1.0.0
bad9b97f-d28e-52ee-aa38-e1b791affd3b,L51-S16,CONTEXT_ROLE_MISMATCH,RECOVERED_DETERMINISTIC_UUID5,question-authoring-recovery-v1.0.0
5b572a89-9a0c-583e-b769-51aa32869f35,L51-S17,OVERGENERALIZATION,RECOVERED_DETERMINISTIC_UUID5,question-authoring-recovery-v1.0.0
efc091ea-66f1-556f-bdf2-e26654ada40c,L51-S17,NEAR_FORM_CONFUSION,RECOVERED_DETERMINISTIC_UUID5,question-authoring-recovery-v1.0.0
f1f31cef-4b42-5e71-8c5b-0b9cf4db1735,L51-S17,CONTEXT_ROLE_MISMATCH,RECOVERED_DETERMINISTIC_UUID5,question-authoring-recovery-v1.0.0
f84900a9-c8e2-5df5-aacd-6d3b7d5aedf1,L51-S18,OVERGENERALIZATION,RECOVERED_DETERMINISTIC_UUID5,question-authoring-recovery-v1.0.0
f233b80c-cc7a-558e-ac89-cf3fb075588a,L51-S18,NEAR_FORM_CONFUSION,RECOVERED_DETERMINISTIC_UUID5,question-authoring-recovery-v1.0.0
f0e5be03-d626-5807-bd93-e4599f1d6b48,L51-S18,CONTEXT_ROLE_MISMATCH,RECOVERED_DETERMINISTIC_UUID5,question-authoring-recovery-v1.0.0
7b3f7574-2ad6-5efd-868c-e3f96ff20c96,L51-S19,OVERGENERALIZATION,RECOVERED_DETERMINISTIC_UUID5,question-authoring-recovery-v1.0.0
01679225-16ee-5897-8b7f-f68c84113a70,L51-S19,NEAR_FORM_CONFUSION,RECOVERED_DETERMINISTIC_UUID5,question-authoring-recovery-v1.0.0
612d53c8-01cd-53fa-ba9f-bdcec5788cb8,L51-S19,CONTEXT_ROLE_MISMATCH,RECOVERED_DETERMINISTIC_UUID5,question-authoring-recovery-v1.0.0
cee1059a-4b81-51ad-b52d-4e6bd3af9b40,L51-S20,OVERGENERALIZATION,RECOVERED_DETERMINISTIC_UUID5,question-authoring-recovery-v1.0.0
a45f5a1b-5e7b-58ed-95f6-92840871522f,L51-S20,NEAR_FORM_CONFUSION,RECOVERED_DETERMINISTIC_UUID5,question-authoring-recovery-v1.0.0
4af4d47a-545a-54e8-816b-616ae90548a6,L51-S20,CONTEXT_ROLE_MISMATCH,RECOVERED_DETERMINISTIC_UUID5,question-authoring-recovery-v1.0.0
32008a47-23cf-568d-bdce-0dee2928debc,L52-S01,OVERGENERALIZATION,RECOVERED_DETERMINISTIC_UUID5,question-authoring-recovery-v1.0.0
5be4ed26-bda3-5ec4-b65e-e2027e3e500f,L52-S01,NEAR_FORM_CONFUSION,RECOVERED_DETERMINISTIC_UUID5,question-authoring-recovery-v1.0.0
ba2cb5ab-6543-5783-b4a3-9e3f6380763e,L52-S01,CONTEXT_ROLE_MISMATCH,RECOVERED_DETERMINISTIC_UUID5,question-authoring-recovery-v1.0.0
6f27994e-134d-5f9a-8095-353f6360599d,L52-S02,OVERGENERALIZATION,RECOVERED_DETERMINISTIC_UUID5,question-authoring-recovery-v1.0.0
12153ef8-6afd-5d36-8eb3-ac484d214ba0,L52-S02,NEAR_FORM_CONFUSION,RECOVERED_DETERMINISTIC_UUID5,question-authoring-recovery-v1.0.0
d3f549a1-1e67-5b36-ac47-4f7d453d2bf9,L52-S02,CONTEXT_ROLE_MISMATCH,RECOVERED_DETERMINISTIC_UUID5,question-authoring-recovery-v1.0.0
ea82a1d9-969b-564f-adf3-3c6a110bea7c,L52-S03,OVERGENERALIZATION,RECOVERED_DETERMINISTIC_UUID5,question-authoring-recovery-v1.0.0
253a1e40-54b4-5e53-8d5c-a3e031c4b7b5,L52-S03,NEAR_FORM_CONFUSION,RECOVERED_DETERMINISTIC_UUID5,question-authoring-recovery-v1.0.0
adac3c22-0951-5a57-a5c4-d87a49bf4948,L52-S03,CONTEXT_ROLE_MISMATCH,RECOVERED_DETERMINISTIC_UUID5,question-authoring-recovery-v1.0.0
7aef0b50-9e11-52f3-a7f9-4ccbbacb951d,L52-S04,OVERGENERALIZATION,RECOVERED_DETERMINISTIC_UUID5,question-authoring-recovery-v1.0.0
8b8d4678-6064-5295-9a5b-d626da1b564b,L52-S04,NEAR_FORM_CONFUSION,RECOVERED_DETERMINISTIC_UUID5,question-authoring-recovery-v1.0.0
707d6378-8e84-5461-969b-ae962e5515ca,L52-S04,CONTEXT_ROLE_MISMATCH,RECOVERED_DETERMINISTIC_UUID5,question-authoring-recovery-v1.0.0
a7ce211f-96b7-5990-ab04-85d80d5d77e1,L52-S05,OVERGENERALIZATION,RECOVERED_DETERMINISTIC_UUID5,question-authoring-recovery-v1.0.0
3aea02bb-c255-5a80-8201-15073e659a4b,L52-S05,NEAR_FORM_CONFUSION,RECOVERED_DETERMINISTIC_UUID5,question-authoring-recovery-v1.0.0
3dd17730-b1d4-5025-9b5e-b6a57d350145,L52-S05,CONTEXT_ROLE_MISMATCH,RECOVERED_DETERMINISTIC_UUID5,question-authoring-recovery-v1.0.0
873faf3f-8a19-533c-993c-d0a0d3ab781f,L52-S06,OVERGENERALIZATION,RECOVERED_DETERMINISTIC_UUID5,question-authoring-recovery-v1.0.0
403407ef-bf93-5f74-9b01-7b7543a95b71,L52-S06,NEAR_FORM_CONFUSION,RECOVERED_DETERMINISTIC_UUID5,question-authoring-recovery-v1.0.0
ee54fbea-897f-5819-a80c-ac957db4f9b6,L52-S06,CONTEXT_ROLE_MISMATCH,RECOVERED_DETERMINISTIC_UUID5,question-authoring-recovery-v1.0.0
19126959-311b-5b9b-9df7-0f3041dbcd71,L52-S07,OVERGENERALIZATION,RECOVERED_DETERMINISTIC_UUID5,question-authoring-recovery-v1.0.0
03890fbd-3c21-5396-8dc7-b55799ebd2cb,L52-S07,NEAR_FORM_CONFUSION,RECOVERED_DETERMINISTIC_UUID5,question-authoring-recovery-v1.0.0
3c389192-811c-513c-b6e8-ed3865d6d00f,L52-S07,CONTEXT_ROLE_MISMATCH,RECOVERED_DETERMINISTIC_UUID5,question-authoring-recovery-v1.0.0
0f9fa4a3-c9d8-55cc-b7e7-b95ac47d4d56,L52-S08,OVERGENERALIZATION,RECOVERED_DETERMINISTIC_UUID5,question-authoring-recovery-v1.0.0
dc09cf69-9db0-52c2-afea-6fa8baba8f91,L52-S08,NEAR_FORM_CONFUSION,RECOVERED_DETERMINISTIC_UUID5,question-authoring-recovery-v1.0.0
3c16a370-a183-5b89-8580-a23d32157b08,L52-S08,CONTEXT_ROLE_MISMATCH,RECOVERED_DETERMINISTIC_UUID5,question-authoring-recovery-v1.0.0
c555582a-e1d7-5a81-a122-6566bb374b05,L52-S09,OVERGENERALIZATION,RECOVERED_DETERMINISTIC_UUID5,question-authoring-recovery-v1.0.0
be256c04-3ace-5718-a0a9-b17859eb92f1,L52-S09,NEAR_FORM_CONFUSION,RECOVERED_DETERMINISTIC_UUID5,question-authoring-recovery-v1.0.0
48423aea-2bc5-5504-a60e-12f0356a99bd,L52-S09,CONTEXT_ROLE_MISMATCH,RECOVERED_DETERMINISTIC_UUID5,question-authoring-recovery-v1.0.0
c7d52b3f-71ac-5550-9eb8-18e8a25b42d3,L52-S09,EXCEPTION_NEGLECT,RECOVERED_DETERMINISTIC_UUID5,question-authoring-recovery-v1.0.0
e50dbfa2-0348-5f8d-870a-f402abed1c2c,L52-S10,OVERGENERALIZATION,RECOVERED_DETERMINISTIC_UUID5,question-authoring-recovery-v1.0.0
e14cdda1-749e-5ce3-b5a8-c5d16fe8771c,L52-S10,NEAR_FORM_CONFUSION,RECOVERED_DETERMINISTIC_UUID5,question-authoring-recovery-v1.0.0
fe4a06e3-e30d-5321-b27c-d0ab876c4d83,L52-S10,CONTEXT_ROLE_MISMATCH,RECOVERED_DETERMINISTIC_UUID5,question-authoring-recovery-v1.0.0
9beb2fa8-5bfd-5834-a881-ffb6b4e29517,L52-S11,OVERGENERALIZATION,RECOVERED_DETERMINISTIC_UUID5,question-authoring-recovery-v1.0.0
835abb9e-3e9e-51ec-a819-90b0023f5aa8,L52-S11,NEAR_FORM_CONFUSION,RECOVERED_DETERMINISTIC_UUID5,question-authoring-recovery-v1.0.0
9e64089b-9c30-5fa9-87ac-226a923faa2d,L52-S11,CONTEXT_ROLE_MISMATCH,RECOVERED_DETERMINISTIC_UUID5,question-authoring-recovery-v1.0.0
9d4d6a3d-f308-5a55-8b7d-574aa6a78c77,L52-S12,OVERGENERALIZATION,RECOVERED_DETERMINISTIC_UUID5,question-authoring-recovery-v1.0.0
9bf5b2a4-d205-50ce-bd82-0277ba15db54,L52-S12,NEAR_FORM_CONFUSION,RECOVERED_DETERMINISTIC_UUID5,question-authoring-recovery-v1.0.0
7e8c052a-f9ba-5fe1-b82c-19707ed20c4d,L52-S12,CONTEXT_ROLE_MISMATCH,RECOVERED_DETERMINISTIC_UUID5,question-authoring-recovery-v1.0.0
0245abfb-f425-5387-8027-f792577716e3,L52-S13,OVERGENERALIZATION,RECOVERED_DETERMINISTIC_UUID5,question-authoring-recovery-v1.0.0
65dd2f6a-b8c2-557b-b874-ad7501d83d96,L52-S13,NEAR_FORM_CONFUSION,RECOVERED_DETERMINISTIC_UUID5,question-authoring-recovery-v1.0.0
9b081460-5040-5879-b6a7-1cf3b1f4a47a,L52-S13,CONTEXT_ROLE_MISMATCH,RECOVERED_DETERMINISTIC_UUID5,question-authoring-recovery-v1.0.0
bd77b94f-99c6-558b-ade4-d6dfe2664d56,L52-S14,OVERGENERALIZATION,RECOVERED_DETERMINISTIC_UUID5,question-authoring-recovery-v1.0.0
6ead0015-eddc-5717-9d9c-2e1580a4be46,L52-S14,NEAR_FORM_CONFUSION,RECOVERED_DETERMINISTIC_UUID5,question-authoring-recovery-v1.0.0
4ac1f8fb-0287-55c3-a8be-4150c4dc37b9,L52-S14,CONTEXT_ROLE_MISMATCH,RECOVERED_DETERMINISTIC_UUID5,question-authoring-recovery-v1.0.0
202ddbc3-cb71-56a1-9438-c03dbfc81471,L52-S15,OVERGENERALIZATION,RECOVERED_DETERMINISTIC_UUID5,question-authoring-recovery-v1.0.0
a1481b2b-b52a-5fd8-9727-d66e3936bef3,L52-S15,NEAR_FORM_CONFUSION,RECOVERED_DETERMINISTIC_UUID5,question-authoring-recovery-v1.0.0
0ef388f9-62e0-5e55-b3fc-602d126f4ae4,L52-S15,CONTEXT_ROLE_MISMATCH,RECOVERED_DETERMINISTIC_UUID5,question-authoring-recovery-v1.0.0
72bbcaa8-3f1a-54aa-af3a-ec171749270b,L52-S16,OVERGENERALIZATION,RECOVERED_DETERMINISTIC_UUID5,question-authoring-recovery-v1.0.0
09a52ec0-e1fa-5786-8b2b-124f581e159d,L52-S16,NEAR_FORM_CONFUSION,RECOVERED_DETERMINISTIC_UUID5,question-authoring-recovery-v1.0.0
34d9a8ef-efcb-5933-a6f3-50cd73acee17,L52-S16,CONTEXT_ROLE_MISMATCH,RECOVERED_DETERMINISTIC_UUID5,question-authoring-recovery-v1.0.0
